topic_a,topic_b,cutoff_year,prediction_window_start,prediction_window_end,adamic_adar_score,common_neighbour_count,degree_a,degree_b,jaccard_coefficient,preferential_attachment,weighted_degree_a,weighted_degree_b,true_label,predicted_label,prediction_score,error_type,rank
https://openalex.org/T10804,https://openalex.org/T11880,2015,2016,2020,0.31465798044412485,1,17,4,0.05,68,34.0,4.0,0,1,0.9988018969118112,false_positive,5
https://openalex.org/T10261,https://openalex.org/T10857,2015,2016,2020,0.2790553132756236,1,17,4,0.05,68,32.0,4.0,0,1,0.9988018969118112,false_positive,1
https://openalex.org/T10261,https://openalex.org/T11407,2015,2016,2020,0.31066746727980593,1,17,4,0.05,68,32.0,4.0,0,1,0.9988018969118112,false_positive,2
https://openalex.org/T10261,https://openalex.org/T11578,2015,2016,2020,0.2790553132756236,1,17,4,0.05,68,32.0,4.0,0,1,0.9988018969118112,false_positive,3
https://openalex.org/T10320,https://openalex.org/T11407,2015,2016,2020,0.31066746727980593,1,17,4,0.05,68,31.0,4.0,0,1,0.9988018969118112,false_positive,4
https://openalex.org/T10066,https://openalex.org/T10857,2015,2016,2020,0.2790553132756236,1,12,4,0.06666666666666667,48,26.0,4.0,0,1,0.9987551194904831,false_positive,6
https://openalex.org/T10066,https://openalex.org/T11407,2015,2016,2020,0.31066746727980593,1,12,4,0.06666666666666667,48,26.0,4.0,0,1,0.9987551194904831,false_positive,7
https://openalex.org/T10066,https://openalex.org/T11578,2015,2016,2020,0.2790553132756236,1,12,4,0.06666666666666667,48,26.0,4.0,0,1,0.9987551194904831,false_positive,8
https://openalex.org/T10243,https://openalex.org/T13141,2015,2016,2020,1.24142137780652,3,12,6,0.2,72,18.0,7.0,0,1,0.9981726630025493,false_positive,9
https://openalex.org/T10887,https://openalex.org/T11772,2015,2016,2020,0.35295612386476116,1,23,2,0.041666666666666664,46,50.0,2.0,0,1,0.9980827529088923,false_positive,11
https://openalex.org/T10887,https://openalex.org/T11629,2015,2016,2020,0.35295612386476116,1,23,2,0.041666666666666664,46,50.0,2.0,0,1,0.9980827529088923,false_positive,10
https://openalex.org/T10120,https://openalex.org/T10261,2015,2016,2020,0.2790553132756236,1,6,17,0.045454545454545456,102,10.0,32.0,0,1,0.997819217664508,false_positive,12
https://openalex.org/T10887,https://openalex.org/T11213,2015,2016,2020,3.056029027736634,8,23,12,0.2962962962962963,276,50.0,18.0,0,1,0.9971576329765809,false_positive,13
https://openalex.org/T10521,https://openalex.org/T11213,2015,2016,2020,2.3340267900307596,6,18,12,0.25,216,50.0,18.0,0,1,0.9971576329765809,false_positive,14
https://openalex.org/T10206,https://openalex.org/T10853,2015,2016,2020,0.35295612386476116,1,24,2,0.04,48,78.0,2.0,0,1,0.9967041602444282,false_positive,17
https://openalex.org/T10206,https://openalex.org/T10537,2015,2016,2020,0.35295612386476116,1,24,2,0.04,48,78.0,2.0,0,1,0.9967041602444282,false_positive,16
https://openalex.org/T10206,https://openalex.org/T11590,2015,2016,2020,0.36067376022224085,1,24,2,0.04,48,78.0,2.0,1,1,0.9967041602444282,true_positive,18
https://openalex.org/T10206,https://openalex.org/T10496,2015,2016,2020,0.35295612386476116,1,24,2,0.04,48,78.0,2.0,0,1,0.9967041602444282,false_positive,15
https://openalex.org/T10206,https://openalex.org/T11944,2015,2016,2020,0.36067376022224085,1,24,2,0.04,48,78.0,2.0,0,1,0.9967041602444282,false_positive,19
https://openalex.org/T10015,https://openalex.org/T10269,2015,2016,2020,1.9918801154769432,5,36,9,0.125,324,158.0,10.0,0,1,0.9963420676466685,false_positive,20
https://openalex.org/T10015,https://openalex.org/T11468,2015,2016,2020,1.802014575854459,5,36,10,0.12195121951219512,360,158.0,18.0,1,1,0.9961306590845078,true_positive,21
https://openalex.org/T10885,https://openalex.org/T13664,2015,2016,2020,1.7488197672043075,5,25,9,0.1724137931034483,225,62.0,18.0,0,1,0.9961306590845078,false_positive,22
https://openalex.org/T11162,https://openalex.org/T11948,2015,2016,2020,2.733820028593919,6,13,17,0.25,221,28.0,24.0,0,1,0.9956566468719686,false_positive,23
https://openalex.org/T10472,https://openalex.org/T11948,2015,2016,2020,0.8415721071852287,2,4,17,0.10526315789473684,68,4.0,24.0,0,1,0.9952312721808253,false_positive,24
https://openalex.org/T10261,https://openalex.org/T11287,2015,2016,2020,1.7281137652653216,5,17,13,0.2,221,32.0,20.0,1,1,0.9951083804611266,true_positive,25
https://openalex.org/T10261,https://openalex.org/T11482,2015,2016,2020,1.7808037741968956,5,17,11,0.21739130434782608,187,32.0,26.0,0,1,0.9951083804611266,false_positive,26
https://openalex.org/T10320,https://openalex.org/T10500,2015,2016,2020,1.783781792672743,4,17,11,0.16666666666666666,187,31.0,20.0,0,1,0.9951083804611266,false_positive,27
https://openalex.org/T11744,https://openalex.org/T13283,2015,2016,2020,0.31465798044412485,1,6,17,0.045454545454545456,102,20.0,19.0,0,1,0.9928428824589914,false_positive,28
https://openalex.org/T10062,https://openalex.org/T10587,2015,2016,2020,0.5138983423697507,1,5,6,0.1,30,6.0,6.0,0,1,0.9916955451462351,false_positive,29
https://openalex.org/T10885,https://openalex.org/T11206,2015,2016,2020,0.35295612386476116,1,25,2,0.038461538461538464,50,62.0,2.0,0,1,0.9905784624426759,false_positive,30
https://openalex.org/T10885,https://openalex.org/T11629,2015,2016,2020,0.35295612386476116,1,25,2,0.038461538461538464,50,62.0,2.0,0,1,0.9905784624426759,false_positive,31
https://openalex.org/T10885,https://openalex.org/T13126,2015,2016,2020,0.35295612386476116,1,25,2,0.038461538461538464,50,62.0,2.0,0,1,0.9905784624426759,false_positive,33
https://openalex.org/T10885,https://openalex.org/T12292,2015,2016,2020,0.35295612386476116,1,25,2,0.038461538461538464,50,62.0,2.0,0,1,0.9905784624426759,false_positive,32
https://openalex.org/T10071,https://openalex.org/T13984,2015,2016,2020,0.7213475204444817,1,4,6,0.1111111111111111,24,4.0,6.0,0,1,0.9905088901282593,false_positive,34
https://openalex.org/T10272,https://openalex.org/T10560,2015,2016,2020,0.7213475204444817,1,4,6,0.1111111111111111,24,4.0,6.0,0,1,0.9905088901282593,false_positive,35
https://openalex.org/T10446,https://openalex.org/T10646,2015,2016,2020,0.7213475204444817,1,4,6,0.1111111111111111,24,4.0,6.0,0,1,0.9905088901282593,false_positive,36
https://openalex.org/T10604,https://openalex.org/T11642,2015,2016,2020,1.3527314282408693,4,8,11,0.26666666666666666,88,20.0,26.0,0,1,0.989656119534024,false_positive,37
https://openalex.org/T11287,https://openalex.org/T11482,2015,2016,2020,0.9086517694592305,3,13,11,0.14285714285714285,143,20.0,26.0,0,1,0.9892979811219368,false_positive,38
https://openalex.org/T11289,https://openalex.org/T11642,2015,2016,2020,1.2985230147105107,4,6,11,0.3076923076923077,66,8.0,26.0,0,1,0.9868448532998608,false_positive,39
https://openalex.org/T11177,https://openalex.org/T11948,2015,2016,2020,2.164042561333445,4,9,17,0.18181818181818182,153,14.0,24.0,0,1,0.9865236224943246,false_positive,40
https://openalex.org/T10521,https://openalex.org/T11578,2015,2016,2020,0.2790553132756236,1,18,4,0.047619047619047616,72,50.0,4.0,0,1,0.9855410470697528,false_positive,41
https://openalex.org/T10521,https://openalex.org/T11791,2015,2016,2020,2.235923387510314,6,18,12,0.25,216,50.0,32.0,0,1,0.98302089679883,false_positive,42
https://openalex.org/T10120,https://openalex.org/T11948,2015,2016,2020,0.36067376022224085,1,6,17,0.045454545454545456,102,10.0,24.0,0,1,0.9825420732773464,false_positive,43
https://openalex.org/T10044,https://openalex.org/T10878,2015,2016,2020,0.9040868828124409,2,16,9,0.08695652173913043,144,38.0,14.0,0,1,0.9817994266021054,false_positive,44
https://openalex.org/T10044,https://openalex.org/T10715,2015,2016,2020,0.6213349345596119,1,16,2,0.058823529411764705,32,38.0,2.0,0,1,0.9800023043759887,false_positive,45
https://openalex.org/T10044,https://openalex.org/T11760,2015,2016,2020,0.6213349345596119,1,16,2,0.058823529411764705,32,38.0,2.0,0,1,0.9800023043759887,false_positive,46
https://openalex.org/T10932,https://openalex.org/T11948,2015,2016,2020,0.36067376022224085,1,6,17,0.045454545454545456,102,8.0,24.0,0,1,0.9788341579908372,false_positive,47
https://openalex.org/T10887,https://openalex.org/T11162,2015,2016,2020,1.6640405430510523,4,23,13,0.125,299,50.0,28.0,0,1,0.9770039797964427,false_positive,50
https://openalex.org/T10261,https://openalex.org/T10521,2015,2016,2020,1.7427165523077233,5,17,18,0.16666666666666666,306,32.0,50.0,0,1,0.9770039797964427,false_positive,49
https://openalex.org/T10015,https://openalex.org/T10044,2015,2016,2020,2.47340368917458,5,36,16,0.10638297872340426,576,158.0,38.0,1,1,0.9770039797964427,true_positive,48
https://openalex.org/T10621,https://openalex.org/T13283,2015,2016,2020,0.40242960438184466,1,6,17,0.045454545454545456,102,6.0,19.0,0,1,0.9757637291126963,false_positive,51
https://openalex.org/T10640,https://openalex.org/T13283,2015,2016,2020,0.4170323914242463,1,6,17,0.045454545454545456,102,6.0,19.0,0,1,0.9757637291126963,false_positive,52
https://openalex.org/T10211,https://openalex.org/T13937,2015,2016,2020,0.8770396154550482,2,8,8,0.14285714285714285,64,14.0,12.0,0,1,0.9723621958067007,false_positive,53
https://openalex.org/T10604,https://openalex.org/T10887,2015,2016,2020,2.2248834329785345,6,8,23,0.24,184,20.0,50.0,0,1,0.9723238984594342,false_positive,54
https://openalex.org/T10066,https://openalex.org/T10261,2015,2016,2020,1.6029530204200955,4,12,17,0.16,204,26.0,32.0,0,1,0.9723238984594342,false_positive,55
https://openalex.org/T10609,https://openalex.org/T13083,2015,2016,2020,0.48089834696298783,1,5,2,0.16666666666666666,10,6.0,2.0,0,1,0.9713403147159695,false_positive,57
https://openalex.org/T12761,https://openalex.org/T13429,2015,2016,2020,0.48089834696298783,1,5,2,0.16666666666666666,10,6.0,2.0,0,1,0.9713403147159695,false_positive,60
https://openalex.org/T10609,https://openalex.org/T14484,2015,2016,2020,0.48089834696298783,1,5,2,0.16666666666666666,10,6.0,2.0,0,1,0.9713403147159695,false_positive,58
https://openalex.org/T10351,https://openalex.org/T11171,2015,2016,2020,0.48089834696298783,1,5,2,0.16666666666666666,10,6.0,2.0,0,1,0.9713403147159695,false_positive,56
https://openalex.org/T11639,https://openalex.org/T11824,2015,2016,2020,0.48089834696298783,1,5,2,0.16666666666666666,10,6.0,2.0,0,1,0.9713403147159695,false_positive,59
https://openalex.org/T10629,https://openalex.org/T11880,2015,2016,2020,0.31465798044412485,1,16,4,0.05263157894736842,64,28.0,4.0,0,1,0.9709236133557941,false_positive,61
https://openalex.org/T11213,https://openalex.org/T11578,2015,2016,2020,0.2790553132756236,1,12,4,0.06666666666666667,48,18.0,4.0,0,1,0.9702441807861486,false_positive,64
https://openalex.org/T11213,https://openalex.org/T11407,2015,2016,2020,0.31066746727980593,1,12,4,0.06666666666666667,48,18.0,4.0,0,1,0.9702441807861486,false_positive,63
https://openalex.org/T10243,https://openalex.org/T12574,2015,2016,2020,0.31465798044412485,1,12,4,0.06666666666666667,48,18.0,4.0,0,1,0.9702441807861486,false_positive,62
https://openalex.org/T11710,https://openalex.org/T11948,2015,2016,2020,0.48089834696298783,1,6,17,0.045454545454545456,102,8.0,24.0,0,1,0.9685705191355501,false_positive,65
https://openalex.org/T11396,https://openalex.org/T13429,2015,2016,2020,0.5581106265512472,1,3,2,0.25,6,3.0,2.0,0,1,0.9673770940118016,false_positive,66
https://openalex.org/T11468,https://openalex.org/T11642,2015,2016,2020,2.1063297048746943,5,10,11,0.3125,110,18.0,26.0,0,1,0.9670159934402159,false_positive,67
https://openalex.org/T10320,https://openalex.org/T10519,2015,2016,2020,0.31066746727980593,1,17,4,0.05,68,31.0,8.0,0,1,0.9652679912030826,false_positive,68
https://openalex.org/T11642,https://openalex.org/T11970,2015,2016,2020,1.254628025720424,4,11,9,0.25,99,26.0,20.0,0,1,0.9577580973678695,false_positive,69
https://openalex.org/T12196,https://openalex.org/T12880,2015,2016,2020,1.2966917204986474,3,4,18,0.15789473684210525,72,6.0,26.0,0,1,0.9543241004165727,false_positive,70
https://openalex.org/T10086,https://openalex.org/T10804,2015,2016,2020,0.6213349345596119,1,6,17,0.045454545454545456,102,8.0,34.0,0,1,0.9433612006329525,false_positive,71
https://openalex.org/T10136,https://openalex.org/T10522,2015,2016,2020,1.2856213552307498,3,11,8,0.1875,88,14.0,8.0,0,1,0.9426282370798555,false_positive,72
https://openalex.org/T10434,https://openalex.org/T10887,2015,2016,2020,2.3312483571229747,6,9,23,0.23076923076923078,207,14.0,50.0,0,1,0.9386063799102597,false_positive,73
https://openalex.org/T10269,https://openalex.org/T10885,2015,2016,2020,1.9918801154769432,5,9,25,0.1724137931034483,225,10.0,62.0,0,1,0.9386063799102597,false_positive,74
https://openalex.org/T12168,https://openalex.org/T14374,2015,2016,2020,0.48089834696298783,1,3,5,0.14285714285714285,15,4.0,6.0,0,1,0.9308152023604337,false_positive,75
https://openalex.org/T10887,https://openalex.org/T11470,2015,2016,2020,0.2790553132756236,1,23,2,0.041666666666666664,46,50.0,2.0,0,1,0.9303749865769264,false_positive,76
https://openalex.org/T10939,https://openalex.org/T11162,2015,2016,2020,0.9102392266268373,2,3,13,0.14285714285714285,39,4.0,28.0,0,1,0.9260971840951461,false_positive,77
https://openalex.org/T10939,https://openalex.org/T11948,2015,2016,2020,0.9102392266268373,2,3,17,0.1111111111111111,51,4.0,24.0,0,1,0.9236088503246639,false_positive,78
https://openalex.org/T10044,https://openalex.org/T12202,2015,2016,2020,0.36067376022224085,1,16,2,0.058823529411764705,32,38.0,2.0,0,1,0.9134159061842728,false_positive,80
https://openalex.org/T10044,https://openalex.org/T11825,2015,2016,2020,0.35295612386476116,1,16,2,0.058823529411764705,32,38.0,2.0,0,1,0.9134159061842728,false_positive,79
https://openalex.org/T10044,https://openalex.org/T13104,2015,2016,2020,0.36067376022224085,1,16,2,0.058823529411764705,32,38.0,2.0,0,1,0.9134159061842728,false_positive,81
https://openalex.org/T10066,https://openalex.org/T11213,2015,2016,2020,1.0448423938688483,3,12,12,0.14285714285714285,144,26.0,18.0,0,1,0.9105850112089268,false_positive,82
https://openalex.org/T10467,https://openalex.org/T10629,2015,2016,2020,0.9102392266268373,2,9,16,0.08695652173913043,144,13.0,28.0,0,1,0.9049699088511756,false_positive,83
https://openalex.org/T10064,https://openalex.org/T11289,2015,2016,2020,0.8770396154550482,2,12,6,0.125,72,16.0,8.0,0,1,0.9035801933738347,false_positive,84
https://openalex.org/T10179,https://openalex.org/T10663,2015,2016,2020,1.6573654807208882,3,7,3,0.42857142857142855,21,16.0,8.0,0,1,0.902895916806715,false_positive,85
https://openalex.org/T10222,https://openalex.org/T11791,2015,2016,2020,1.3256841608834768,4,11,12,0.21052631578947367,132,16.0,32.0,0,1,0.9013611858328385,false_positive,86
https://openalex.org/T10057,https://openalex.org/T10775,2015,2016,2020,1.2681489527310008,3,8,4,0.3333333333333333,32,20.0,6.0,0,1,0.8980364121327603,false_positive,87
https://openalex.org/T11871,https://openalex.org/T14374,2015,2016,2020,1.800780495670471,3,15,5,0.17647058823529413,75,17.0,6.0,0,1,0.897900068995586,false_positive,88
https://openalex.org/T10887,https://openalex.org/T12610,2015,2016,2020,0.3459762562611936,1,23,2,0.041666666666666664,46,50.0,2.0,0,1,0.8957910833050117,false_positive,89
https://openalex.org/T11213,https://openalex.org/T11791,2015,2016,2020,1.0448423938688483,3,12,12,0.14285714285714285,144,18.0,32.0,0,1,0.8943114653808601,false_positive,90
https://openalex.org/T11307,https://openalex.org/T11447,2015,2016,2020,1.2508868622519953,3,10,10,0.17647058823529413,100,14.0,13.0,0,1,0.8891722570410239,false_positive,91
https://openalex.org/T10629,https://openalex.org/T14153,2015,2016,2020,0.8268746032241814,2,16,4,0.1111111111111111,64,28.0,6.0,0,1,0.8851142280083132,false_positive,92
https://openalex.org/T11970,https://openalex.org/T13664,2015,2016,2020,1.3463901628224628,4,9,9,0.2857142857142857,81,20.0,18.0,0,1,0.8799227894593487,false_positive,93
https://openalex.org/T10064,https://openalex.org/T11519,2015,2016,2020,0.35295612386476116,1,12,2,0.07692307692307693,24,16.0,2.0,0,1,0.8669560804123203,false_positive,96
https://openalex.org/T10064,https://openalex.org/T10537,2015,2016,2020,0.35295612386476116,1,12,2,0.07692307692307693,24,16.0,2.0,0,1,0.8669560804123203,false_positive,94
https://openalex.org/T10243,https://openalex.org/T11519,2015,2016,2020,0.35295612386476116,1,12,2,0.07692307692307693,24,18.0,2.0,0,1,0.8669560804123203,false_positive,99
https://openalex.org/T10243,https://openalex.org/T10537,2015,2016,2020,0.35295612386476116,1,12,2,0.07692307692307693,24,18.0,2.0,0,1,0.8669560804123203,false_positive,97
https://openalex.org/T10243,https://openalex.org/T10853,2015,2016,2020,0.35295612386476116,1,12,2,0.07692307692307693,24,18.0,2.0,0,1,0.8669560804123203,false_positive,98
https://openalex.org/T10064,https://openalex.org/T10853,2015,2016,2020,0.35295612386476116,1,12,2,0.07692307692307693,24,16.0,2.0,0,1,0.8669560804123203,false_positive,95
https://openalex.org/T10136,https://openalex.org/T11307,2015,2016,2020,1.2878019836385142,3,11,10,0.16666666666666666,110,14.0,14.0,0,1,0.8579459365519327,false_positive,100
https://openalex.org/T11482,https://openalex.org/T11578,2015,2016,2020,0.2790553132756236,1,11,4,0.07142857142857142,44,26.0,4.0,0,1,0.856157713459039,false_positive,101
https://openalex.org/T10243,https://openalex.org/T12679,2015,2016,2020,0.31465798044412485,1,12,4,0.06666666666666667,48,18.0,6.0,0,1,0.8542028828274645,false_positive,102
https://openalex.org/T10012,https://openalex.org/T10857,2015,2016,2020,0.2790553132756236,1,11,4,0.07142857142857142,44,32.0,4.0,0,1,0.8515157945492453,false_positive,103
https://openalex.org/T10012,https://openalex.org/T11578,2015,2016,2020,0.2790553132756236,1,11,4,0.07142857142857142,44,32.0,4.0,0,1,0.8515157945492453,false_positive,104
https://openalex.org/T10243,https://openalex.org/T10640,2015,2016,2020,1.3860503471074157,3,12,6,0.2,72,18.0,6.0,0,1,0.8464885812969369,false_positive,105
https://openalex.org/T10015,https://openalex.org/T12610,2015,2016,2020,0.8268746032241814,2,36,2,0.05555555555555555,72,158.0,2.0,0,1,0.8408783602106357,false_positive,106
https://openalex.org/T10222,https://openalex.org/T11287,2015,2016,2020,1.7281137652653216,5,11,13,0.2631578947368421,143,16.0,20.0,0,1,0.838323879689064,false_positive,107
https://openalex.org/T11447,https://openalex.org/T12535,2015,2016,2020,1.2889740841411677,3,10,13,0.15,130,13.0,17.0,0,1,0.8373034169133567,false_positive,108
https://openalex.org/T10885,https://openalex.org/T11470,2015,2016,2020,0.2790553132756236,1,25,2,0.038461538461538464,50,62.0,2.0,0,1,0.8348734054605422,false_positive,109
https://openalex.org/T10078,https://openalex.org/T10660,2015,2016,2020,1.7978020683175122,3,9,4,0.3,36,16.0,6.0,0,1,0.8284985372095369,false_positive,110
https://openalex.org/T10222,https://openalex.org/T11970,2015,2016,2020,2.1525587641076585,6,11,9,0.42857142857142855,99,16.0,20.0,0,1,0.8260144692013704,false_positive,111
https://openalex.org/T10211,https://openalex.org/T10521,2015,2016,2020,1.069473994377322,3,8,18,0.13043478260869565,144,14.0,50.0,0,1,0.8256418614517442,false_positive,112
https://openalex.org/T10062,https://openalex.org/T10294,2015,2016,2020,0.5138983423697507,1,5,2,0.16666666666666666,10,6.0,2.0,0,1,0.8249890314782304,false_positive,113
https://openalex.org/T10064,https://openalex.org/T10243,2015,2016,2020,1.0743036443092429,2,12,12,0.09090909090909091,144,16.0,18.0,0,1,0.8248667850387732,false_positive,114
https://openalex.org/T10044,https://openalex.org/T10798,2015,2016,2020,1.8248486497827638,4,16,9,0.19047619047619047,144,38.0,24.0,0,1,0.8214763184735886,false_positive,115
https://openalex.org/T10044,https://openalex.org/T12613,2015,2016,2020,1.8248486497827638,4,16,9,0.19047619047619047,144,38.0,20.0,0,1,0.8214763184735886,false_positive,116
https://openalex.org/T10538,https://openalex.org/T11871,2015,2016,2020,0.3898712452512801,1,7,15,0.047619047619047616,105,7.0,17.0,0,1,0.8209276995138762,false_positive,117
https://openalex.org/T11235,https://openalex.org/T13398,2015,2016,2020,1.0863569578948247,3,10,11,0.16666666666666666,110,14.0,13.0,0,1,0.7996997559234559,false_positive,118
https://openalex.org/T11791,https://openalex.org/T12859,2015,2016,2020,0.5979843021794247,2,12,6,0.125,72,32.0,8.0,0,1,0.7985238128852228,false_positive,119
https://openalex.org/T10015,https://openalex.org/T11629,2015,2016,2020,0.35295612386476116,1,36,2,0.02702702702702703,72,158.0,2.0,0,1,0.7915159385750505,false_positive,120
https://openalex.org/T11162,https://openalex.org/T12748,2015,2016,2020,0.8415721071852287,2,13,4,0.13333333333333333,52,28.0,4.0,0,1,0.790293827060225,false_positive,121
https://openalex.org/T10531,https://openalex.org/T12859,2015,2016,2020,0.5581106265512472,1,4,6,0.1111111111111111,24,4.0,8.0,0,1,0.7765473328464575,false_positive,122
https://openalex.org/T10185,https://openalex.org/T11871,2015,2016,2020,0.8513268733274981,2,2,15,0.13333333333333333,30,2.0,17.0,0,1,0.7751950070631229,false_positive,123
https://openalex.org/T10521,https://openalex.org/T10591,2015,2016,2020,0.36067376022224085,1,18,4,0.047619047619047616,72,50.0,4.0,0,1,0.7715789178496189,false_positive,124
https://openalex.org/T10064,https://openalex.org/T10519,2015,2016,2020,0.318928988903801,1,12,4,0.06666666666666667,48,16.0,8.0,0,1,0.7664477209013121,false_positive,125
https://openalex.org/T10560,https://openalex.org/T13283,2015,2016,2020,0.7213475204444817,1,6,17,0.045454545454545456,102,6.0,19.0,0,1,0.7663763123987303,false_positive,126
https://openalex.org/T10604,https://openalex.org/T11162,2015,2016,2020,0.6250315695368172,2,8,13,0.10526315789473684,104,20.0,28.0,0,1,0.7655145510626913,false_positive,127
https://openalex.org/T11881,https://openalex.org/T11948,2015,2016,2020,1.270912986849078,3,4,17,0.16666666666666666,68,6.0,24.0,0,1,0.7619861099222337,false_positive,128
https://openalex.org/T10206,https://openalex.org/T10845,2015,2016,2020,0.8367240862850964,2,24,3,0.08,72,78.0,4.0,0,1,0.7616693667763109,false_positive,129
https://openalex.org/T11307,https://openalex.org/T11512,2015,2016,2020,1.9450732365235108,4,10,8,0.2857142857142857,80,14.0,10.0,0,1,0.7583862540749694,false_positive,130
https://openalex.org/T11970,https://openalex.org/T12254,2015,2016,2020,1.254628025720424,4,9,4,0.4444444444444444,36,20.0,16.0,0,1,0.7571935496123816,false_positive,131
https://openalex.org/T11162,https://openalex.org/T12202,2015,2016,2020,0.36067376022224085,1,13,2,0.07142857142857142,26,28.0,2.0,0,1,0.7570918730048221,false_positive,133
https://openalex.org/T11162,https://openalex.org/T13104,2015,2016,2020,0.36067376022224085,1,13,2,0.07142857142857142,26,28.0,2.0,0,1,0.7570918730048221,false_positive,135
https://openalex.org/T11162,https://openalex.org/T11809,2015,2016,2020,0.36067376022224085,1,13,2,0.07142857142857142,26,28.0,2.0,0,1,0.7570918730048221,false_positive,132
https://openalex.org/T11162,https://openalex.org/T12557,2015,2016,2020,0.36067376022224085,1,13,2,0.07142857142857142,26,28.0,2.0,0,1,0.7570918730048221,false_positive,134
https://openalex.org/T10320,https://openalex.org/T12002,2015,2016,2020,0.6213349345596119,1,17,4,0.05,68,31.0,4.0,0,1,0.7562081159314524,false_positive,136
https://openalex.org/T10320,https://openalex.org/T12056,2015,2016,2020,0.6213349345596119,1,17,4,0.05,68,31.0,4.0,0,1,0.7562081159314524,false_positive,137
https://openalex.org/T10154,https://openalex.org/T14484,2015,2016,2020,0.48089834696298783,1,5,2,0.16666666666666666,10,8.0,2.0,0,1,0.7551478748598863,false_positive,139
https://openalex.org/T10154,https://openalex.org/T12659,2015,2016,2020,0.48089834696298783,1,5,2,0.16666666666666666,10,8.0,2.0,0,1,0.7551478748598863,false_positive,138
https://openalex.org/T11011,https://openalex.org/T12783,2015,2016,2020,0.48089834696298783,1,5,2,0.16666666666666666,10,8.0,2.0,0,1,0.7551478748598863,false_positive,140
https://openalex.org/T10002,https://openalex.org/T10096,2015,2016,2020,0.8668544662345119,2,16,4,0.1111111111111111,64,28.0,4.0,0,1,0.7547931050313362,false_positive,141
https://openalex.org/T11948,https://openalex.org/T12044,2015,2016,2020,0.36067376022224085,1,17,4,0.05,68,24.0,4.0,0,1,0.7461143369849729,false_positive,142
https://openalex.org/T11093,https://openalex.org/T11171,2015,2016,2020,0.5581106265512472,1,4,2,0.2,8,4.0,2.0,0,1,0.7460061034298238,false_positive,150
https://openalex.org/T10209,https://openalex.org/T10296,2015,2016,2020,0.5581106265512472,1,4,2,0.2,8,4.0,2.0,0,1,0.7460061034298238,false_positive,145
https://openalex.org/T11141,https://openalex.org/T12996,2015,2016,2020,0.5581106265512472,1,4,2,0.2,8,4.0,2.0,0,1,0.7460061034298238,false_positive,153
https://openalex.org/T11141,https://openalex.org/T13779,2015,2016,2020,0.5581106265512472,1,4,2,0.2,8,4.0,2.0,0,1,0.7460061034298238,false_positive,154
https://openalex.org/T11093,https://openalex.org/T11623,2015,2016,2020,0.5581106265512472,1,4,2,0.2,8,4.0,2.0,0,1,0.7460061034298238,false_positive,151
https://openalex.org/T10209,https://openalex.org/T11155,2015,2016,2020,0.5581106265512472,1,4,2,0.2,8,4.0,2.0,0,1,0.7460061034298238,false_positive,147
https://openalex.org/T11141,https://openalex.org/T11600,2015,2016,2020,0.5581106265512472,1,4,2,0.2,8,4.0,2.0,0,1,0.7460061034298238,false_positive,152
https://openalex.org/T11266,https://openalex.org/T11532,2015,2016,2020,0.5581106265512472,1,4,2,0.2,8,4.0,2.0,0,1,0.7460061034298238,false_positive,157
https://openalex.org/T11266,https://openalex.org/T12626,2015,2016,2020,0.5581106265512472,1,4,2,0.2,8,4.0,2.0,0,1,0.7460061034298238,false_positive,158
https://openalex.org/T11597,https://openalex.org/T12626,2015,2016,2020,0.5581106265512472,1,4,2,0.2,8,4.0,2.0,0,1,0.7460061034298238,false_positive,161
https://openalex.org/T11297,https://openalex.org/T11848,2015,2016,2020,0.5581106265512472,1,4,2,0.2,8,4.0,2.0,0,1,0.7460061034298238,false_positive,160
https://openalex.org/T10006,https://openalex.org/T11182,2015,2016,2020,0.5581106265512472,1,4,2,0.2,8,4.0,2.0,0,1,0.7460061034298238,false_positive,143
https://openalex.org/T11266,https://openalex.org/T14144,2015,2016,2020,0.5581106265512472,1,4,2,0.2,8,4.0,2.0,0,1,0.7460061034298238,false_positive,159
https://openalex.org/T12820,https://openalex.org/T12996,2015,2016,2020,0.5581106265512472,1,4,2,0.2,8,4.0,2.0,0,1,0.7460061034298238,false_positive,164
https://openalex.org/T10209,https://openalex.org/T10410,2015,2016,2020,0.5581106265512472,1,4,2,0.2,8,4.0,2.0,0,1,0.7460061034298238,false_positive,146
https://openalex.org/T11266,https://openalex.org/T11355,2015,2016,2020,0.5581106265512472,1,4,2,0.2,8,4.0,2.0,0,1,0.7460061034298238,false_positive,156
https://openalex.org/T11266,https://openalex.org/T11305,2015,2016,2020,0.5581106265512472,1,4,2,0.2,8,4.0,2.0,0,1,0.7460061034298238,false_positive,155
https://openalex.org/T12056,https://openalex.org/T12917,2015,2016,2020,0.5581106265512472,1,4,2,0.2,8,4.0,2.0,0,1,0.7460061034298238,false_positive,162
https://openalex.org/T12137,https://openalex.org/T12892,2015,2016,2020,0.5581106265512472,1,4,2,0.2,8,4.0,2.0,0,1,0.7460061034298238,false_positive,163
https://openalex.org/T10857,https://openalex.org/T10913,2015,2016,2020,0.5581106265512472,1,4,2,0.2,8,4.0,2.0,0,1,0.7460061034298238,false_positive,149
https://openalex.org/T10039,https://openalex.org/T12261,2015,2016,2020,0.5581106265512472,1,4,2,0.2,8,4.0,2.0,0,1,0.7460061034298238,false_positive,144
https://openalex.org/T10857,https://openalex.org/T10859,2015,2016,2020,0.5581106265512472,1,4,2,0.2,8,4.0,2.0,0,1,0.7460061034298238,false_positive,148
https://openalex.org/T12816,https://openalex.org/T13984,2015,2016,2020,0.7213475204444817,1,5,6,0.1,30,5.0,6.0,0,1,0.7446762971203862,false_positive,165
https://openalex.org/T10010,https://openalex.org/T10629,2015,2016,2020,0.45511961331341866,1,7,16,0.045454545454545456,112,8.0,28.0,0,1,0.7425873674407578,false_positive,166
https://openalex.org/T10434,https://openalex.org/T11577,2015,2016,2020,0.4170323914242463,1,9,6,0.07142857142857142,54,14.0,6.0,0,1,0.7240464097870671,false_positive,167
https://openalex.org/T11287,https://openalex.org/T13937,2015,2016,2020,1.0150166936036709,3,13,8,0.16666666666666666,104,20.0,12.0,0,1,0.7230101491377361,false_positive,168
https://openalex.org/T10604,https://openalex.org/T11791,2015,2016,2020,1.4618747852930944,4,8,12,0.25,96,20.0,32.0,0,1,0.7184387718054487,false_positive,169
https://openalex.org/T10500,https://openalex.org/T11235,2015,2016,2020,0.8979307383872341,2,11,10,0.10526315789473684,110,20.0,14.0,0,1,0.7172373756258383,false_positive,170
https://openalex.org/T10845,https://openalex.org/T11871,2015,2016,2020,1.2537564777093428,3,3,15,0.2,45,4.0,17.0,0,1,0.7122501967503947,false_positive,171
https://openalex.org/T11162,https://openalex.org/T11482,2015,2016,2020,0.6250315695368172,2,13,11,0.09090909090909091,143,28.0,26.0,0,1,0.7023399594226934,false_positive,172
https://openalex.org/T11162,https://openalex.org/T11642,2015,2016,2020,0.6250315695368172,2,13,11,0.09090909090909091,143,28.0,26.0,0,1,0.7023399594226934,false_positive,173
https://openalex.org/T11744,https://openalex.org/T12880,2015,2016,2020,0.36067376022224085,1,6,18,0.043478260869565216,108,20.0,26.0,0,1,0.7007590323401719,false_positive,174
https://openalex.org/T11162,https://openalex.org/T11177,2015,2016,2020,0.7213475204444817,2,13,9,0.1,117,28.0,14.0,0,1,0.6794412791141402,false_positive,175
https://openalex.org/T11468,https://openalex.org/T11482,2015,2016,2020,0.6295964561836069,2,10,11,0.10526315789473684,110,18.0,26.0,0,1,0.6733014077819764,false_positive,176
https://openalex.org/T10002,https://openalex.org/T11881,2015,2016,2020,1.6607842321003583,4,16,4,0.25,64,28.0,6.0,0,1,0.6580101505322961,false_positive,177
https://openalex.org/T10015,https://openalex.org/T10515,2015,2016,2020,0.8979307383872341,2,36,4,0.05263157894736842,144,158.0,6.0,1,1,0.6401985536074534,true_positive,178
https://openalex.org/T10107,https://openalex.org/T12442,2015,2016,2020,0.5581106265512472,1,2,2,0.3333333333333333,4,2.0,2.0,0,1,0.6391085208018994,false_positive,186
https://openalex.org/T10950,https://openalex.org/T13779,2015,2016,2020,0.5581106265512472,1,2,2,0.3333333333333333,4,2.0,2.0,0,1,0.6391085208018994,false_positive,207
https://openalex.org/T10107,https://openalex.org/T10440,2015,2016,2020,0.5581106265512472,1,2,2,0.3333333333333333,4,2.0,2.0,0,1,0.6391085208018994,false_positive,185
https://openalex.org/T10170,https://openalex.org/T10294,2015,2016,2020,0.5581106265512472,1,2,2,0.3333333333333333,4,2.0,2.0,0,1,0.6391085208018994,false_positive,187
https://openalex.org/T10170,https://openalex.org/T10915,2015,2016,2020,0.5581106265512472,1,2,2,0.3333333333333333,4,2.0,2.0,0,1,0.6391085208018994,false_positive,188
https://openalex.org/T10862,https://openalex.org/T13429,2015,2016,2020,0.5581106265512472,1,2,2,0.3333333333333333,4,2.0,2.0,0,1,0.6391085208018994,false_positive,203
https://openalex.org/T10091,https://openalex.org/T12296,2015,2016,2020,0.5581106265512472,1,2,2,0.3333333333333333,4,2.0,2.0,0,1,0.6391085208018994,false_positive,184
https://openalex.org/T10950,https://openalex.org/T11600,2015,2016,2020,0.5581106265512472,1,2,2,0.3333333333333333,4,2.0,2.0,0,1,0.6391085208018994,false_positive,205
https://openalex.org/T10950,https://openalex.org/T12996,2015,2016,2020,0.5581106265512472,1,2,2,0.3333333333333333,4,2.0,2.0,0,1,0.6391085208018994,false_positive,206
https://openalex.org/T10091,https://openalex.org/T11155,2015,2016,2020,0.5581106265512472,1,2,2,0.3333333333333333,4,2.0,2.0,0,1,0.6391085208018994,false_positive,183
https://openalex.org/T10915,https://openalex.org/T11848,2015,2016,2020,0.5581106265512472,1,2,2,0.3333333333333333,4,2.0,2.0,0,1,0.6391085208018994,false_positive,204
https://openalex.org/T12996,https://openalex.org/T13779,2015,2016,2020,0.5581106265512472,1,2,2,0.3333333333333333,4,2.0,2.0,0,1,0.6391085208018994,false_positive,218
https://openalex.org/T10091,https://openalex.org/T10296,2015,2016,2020,0.5581106265512472,1,2,2,0.3333333333333333,4,2.0,2.0,0,1,0.6391085208018994,false_positive,182
https://openalex.org/T10249,https://openalex.org/T10742,2015,2016,2020,0.5581106265512472,1,2,2,0.3333333333333333,4,2.0,2.0,0,1,0.6391085208018994,false_positive,190
https://openalex.org/T10413,https://openalex.org/T12442,2015,2016,2020,0.5581106265512472,1,2,2,0.3333333333333333,4,2.0,2.0,0,1,0.6391085208018994,false_positive,199
https://openalex.org/T10294,https://openalex.org/T10915,2015,2016,2020,0.5581106265512472,1,2,2,0.3333333333333333,4,2.0,2.0,0,1,0.6391085208018994,false_positive,191
https://openalex.org/T10023,https://openalex.org/T11171,2015,2016,2020,0.5581106265512472,1,2,2,0.3333333333333333,4,2.0,2.0,0,1,0.6391085208018994,false_positive,180
https://openalex.org/T10023,https://openalex.org/T10401,2015,2016,2020,0.5581106265512472,1,2,2,0.3333333333333333,4,2.0,2.0,0,1,0.6391085208018994,false_positive,179
https://openalex.org/T11472,https://openalex.org/T12496,2015,2016,2020,0.5581106265512472,1,2,2,0.3333333333333333,4,2.0,2.0,0,1,0.6391085208018994,false_positive,213
https://openalex.org/T10410,https://openalex.org/T11155,2015,2016,2020,0.5581106265512472,1,2,2,0.3333333333333333,4,2.0,2.0,0,1,0.6391085208018994,false_positive,196
https://openalex.org/T10410,https://openalex.org/T12296,2015,2016,2020,0.5581106265512472,1,2,2,0.3333333333333333,4,2.0,2.0,0,1,0.6391085208018994,false_positive,197
https://openalex.org/T12023,https://openalex.org/T14144,2015,2016,2020,0.5581106265512472,1,2,2,0.3333333333333333,4,2.0,2.0,0,1,0.6391085208018994,false_positive,216
https://openalex.org/T11355,https://openalex.org/T12626,2015,2016,2020,0.5581106265512472,1,2,2,0.3333333333333333,4,2.0,2.0,0,1,0.6391085208018994,false_positive,212
https://openalex.org/T10401,https://openalex.org/T11171,2015,2016,2020,0.5581106265512472,1,2,2,0.3333333333333333,4,2.0,2.0,0,1,0.6391085208018994,false_positive,195
https://openalex.org/T10294,https://openalex.org/T11848,2015,2016,2020,0.5581106265512472,1,2,2,0.3333333333333333,4,2.0,2.0,0,1,0.6391085208018994,false_positive,192
https://openalex.org/T10296,https://openalex.org/T10410,2015,2016,2020,0.5581106265512472,1,2,2,0.3333333333333333,4,2.0,2.0,0,1,0.6391085208018994,false_positive,193
https://openalex.org/T10296,https://openalex.org/T12296,2015,2016,2020,0.5581106265512472,1,2,2,0.3333333333333333,4,2.0,2.0,0,1,0.6391085208018994,false_positive,194
https://openalex.org/T10540,https://openalex.org/T10913,2015,2016,2020,0.5581106265512472,1,2,2,0.3333333333333333,4,2.0,2.0,0,1,0.6391085208018994,false_positive,201
https://openalex.org/T11305,https://openalex.org/T12023,2015,2016,2020,0.5581106265512472,1,2,2,0.3333333333333333,4,2.0,2.0,0,1,0.6391085208018994,false_positive,211
https://openalex.org/T10413,https://openalex.org/T10440,2015,2016,2020,0.5581106265512472,1,2,2,0.3333333333333333,4,2.0,2.0,0,1,0.6391085208018994,false_positive,198
https://openalex.org/T10023,https://openalex.org/T11623,2015,2016,2020,0.5581106265512472,1,2,2,0.3333333333333333,4,2.0,2.0,0,1,0.6391085208018994,false_positive,181
https://openalex.org/T11182,https://openalex.org/T12892,2015,2016,2020,0.5581106265512472,1,2,2,0.3333333333333333,4,2.0,2.0,0,1,0.6391085208018994,false_positive,210
https://openalex.org/T11600,https://openalex.org/T13779,2015,2016,2020,0.5581106265512472,1,2,2,0.3333333333333333,4,2.0,2.0,0,1,0.6391085208018994,false_positive,215
https://openalex.org/T11171,https://openalex.org/T11623,2015,2016,2020,0.5581106265512472,1,2,2,0.3333333333333333,4,2.0,2.0,0,1,0.6391085208018994,false_positive,209
https://openalex.org/T10742,https://openalex.org/T11347,2015,2016,2020,0.5581106265512472,1,2,2,0.3333333333333333,4,2.0,2.0,0,1,0.6391085208018994,false_positive,202
https://openalex.org/T10540,https://openalex.org/T10859,2015,2016,2020,0.5581106265512472,1,2,2,0.3333333333333333,4,2.0,2.0,0,1,0.6391085208018994,false_positive,200
https://openalex.org/T12261,https://openalex.org/T12917,2015,2016,2020,0.5581106265512472,1,2,2,0.3333333333333333,4,2.0,2.0,0,1,0.6391085208018994,false_positive,217
https://openalex.org/T10212,https://openalex.org/T12496,2015,2016,2020,0.5581106265512472,1,2,2,0.3333333333333333,4,2.0,2.0,0,1,0.6391085208018994,false_positive,189
https://openalex.org/T11155,https://openalex.org/T12296,2015,2016,2020,0.5581106265512472,1,2,2,0.3333333333333333,4,2.0,2.0,0,1,0.6391085208018994,false_positive,208
https://openalex.org/T11532,https://openalex.org/T12626,2015,2016,2020,0.5581106265512472,1,2,2,0.3333333333333333,4,2.0,2.0,0,1,0.6391085208018994,false_positive,214
https://openalex.org/T10434,https://openalex.org/T11287,2015,2016,2020,0.2790553132756236,1,9,13,0.047619047619047616,117,14.0,20.0,0,1,0.6371963806843624,false_positive,219
https://openalex.org/T10804,https://openalex.org/T12196,2015,2016,2020,0.36067376022224085,1,17,4,0.05,68,34.0,6.0,0,1,0.6345362942522379,false_positive,220
https://openalex.org/T10629,https://openalex.org/T11376,2015,2016,2020,0.6213349345596119,1,16,4,0.05263157894736842,64,28.0,4.0,0,1,0.632381688152515,false_positive,221
https://openalex.org/T10394,https://openalex.org/T11171,2015,2016,2020,0.48089834696298783,1,2,2,0.3333333333333333,4,2.0,2.0,0,1,0.6315537592380747,false_positive,224
https://openalex.org/T10394,https://openalex.org/T11207,2015,2016,2020,0.48089834696298783,1,2,2,0.3333333333333333,4,2.0,2.0,0,1,0.6315537592380747,false_positive,225
https://openalex.org/T10400,https://openalex.org/T13429,2015,2016,2020,0.48089834696298783,1,2,2,0.3333333333333333,4,2.0,2.0,0,1,0.6315537592380747,false_positive,227
https://openalex.org/T11305,https://openalex.org/T12783,2015,2016,2020,0.48089834696298783,1,2,2,0.3333333333333333,4,2.0,2.0,0,1,0.6315537592380747,false_positive,233
https://openalex.org/T10145,https://openalex.org/T12659,2015,2016,2020,0.48089834696298783,1,2,2,0.3333333333333333,4,2.0,2.0,0,1,0.6315537592380747,false_positive,222
https://openalex.org/T10145,https://openalex.org/T14484,2015,2016,2020,0.48089834696298783,1,2,2,0.3333333333333333,4,2.0,2.0,0,1,0.6315537592380747,false_positive,223
https://openalex.org/T12783,https://openalex.org/T14144,2015,2016,2020,0.48089834696298783,1,2,2,0.3333333333333333,4,2.0,2.0,0,1,0.6315537592380747,false_positive,236
https://openalex.org/T10394,https://openalex.org/T12539,2015,2016,2020,0.48089834696298783,1,2,2,0.3333333333333333,4,2.0,2.0,0,1,0.6315537592380747,false_positive,226
https://openalex.org/T10844,https://openalex.org/T11885,2015,2016,2020,0.48089834696298783,1,2,2,0.3333333333333333,4,2.0,2.0,0,1,0.6315537592380747,false_positive,228
https://openalex.org/T13083,https://openalex.org/T14484,2015,2016,2020,0.48089834696298783,1,2,2,0.3333333333333333,4,2.0,2.0,0,1,0.6315537592380747,false_positive,237
https://openalex.org/T11171,https://openalex.org/T12539,2015,2016,2020,0.48089834696298783,1,2,2,0.3333333333333333,4,2.0,2.0,0,1,0.6315537592380747,false_positive,231
https://openalex.org/T11083,https://openalex.org/T11824,2015,2016,2020,0.48089834696298783,1,2,2,0.3333333333333333,4,2.0,2.0,0,1,0.6315537592380747,false_positive,229
https://openalex.org/T12659,https://openalex.org/T14484,2015,2016,2020,0.48089834696298783,1,2,2,0.3333333333333333,4,2.0,2.0,0,1,0.6315537592380747,false_positive,235
https://openalex.org/T12659,https://openalex.org/T13083,2015,2016,2020,0.48089834696298783,1,2,2,0.3333333333333333,4,2.0,2.0,0,1,0.6315537592380747,false_positive,234
https://openalex.org/T11207,https://openalex.org/T12539,2015,2016,2020,0.48089834696298783,1,2,2,0.3333333333333333,4,2.0,2.0,0,1,0.6315537592380747,false_positive,232
https://openalex.org/T11171,https://openalex.org/T11207,2015,2016,2020,0.48089834696298783,1,2,2,0.3333333333333333,4,2.0,2.0,0,1,0.6315537592380747,false_positive,230
https://openalex.org/T10621,https://openalex.org/T10836,2015,2016,2020,0.31066746727980593,1,6,7,0.08333333333333333,42,6.0,12.0,0,1,0.6190623161134529,false_positive,238
https://openalex.org/T10521,https://openalex.org/T10932,2015,2016,2020,2.217307401483999,6,18,6,0.3333333333333333,108,50.0,8.0,0,1,0.5975140271592756,false_positive,239
https://openalex.org/T10531,https://openalex.org/T11307,2015,2016,2020,1.013230239864666,2,4,10,0.16666666666666666,40,4.0,14.0,0,1,0.5911598199038266,false_positive,240
https://openalex.org/T10044,https://openalex.org/T12044,2015,2016,2020,0.36067376022224085,1,16,4,0.05263157894736842,64,38.0,4.0,0,1,0.58791226939369,false_positive,243
https://openalex.org/T10044,https://openalex.org/T10096,2015,2016,2020,0.35295612386476116,1,16,4,0.05263157894736842,64,38.0,4.0,0,1,0.58791226939369,false_positive,241
https://openalex.org/T10044,https://openalex.org/T10472,2015,2016,2020,0.36067376022224085,1,16,4,0.05263157894736842,64,38.0,4.0,0,1,0.58791226939369,false_positive,242
https://openalex.org/T11162,https://openalex.org/T11269,2015,2016,2020,0.6250315695368172,2,13,9,0.1,117,28.0,16.0,0,1,0.5802969840453308,false_positive,244
https://openalex.org/T11162,https://openalex.org/T13664,2015,2016,2020,0.6250315695368172,2,13,9,0.1,117,28.0,18.0,0,1,0.5802969840453308,false_positive,245
https://openalex.org/T10521,https://openalex.org/T11289,2015,2016,2020,1.9218820093238964,5,18,6,0.2631578947368421,108,50.0,8.0,0,1,0.5779668688628373,false_positive,246
https://openalex.org/T10521,https://openalex.org/T11809,2015,2016,2020,0.36067376022224085,1,18,2,0.05263157894736842,36,50.0,2.0,0,1,0.5675203135524944,false_positive,247
https://openalex.org/T10222,https://openalex.org/T13664,2015,2016,2020,1.8015097761358816,5,11,9,0.3333333333333333,99,16.0,18.0,0,1,0.5585494859282503,false_positive,248
https://openalex.org/T10222,https://openalex.org/T10769,2015,2016,2020,0.4170323914242463,1,11,2,0.08333333333333333,22,16.0,2.0,0,1,0.5438952257401298,false_positive,249
https://openalex.org/T10191,https://openalex.org/T12535,2015,2016,2020,0.9360179602764065,2,4,13,0.13333333333333333,52,4.0,17.0,0,1,0.5385881743341073,false_positive,250
https://openalex.org/T11482,https://openalex.org/T13664,2015,2016,2020,1.8015097761358816,5,11,9,0.3333333333333333,99,26.0,18.0,0,1,0.5384150019567568,false_positive,251
https://openalex.org/T11468,https://openalex.org/T11764,2015,2016,2020,1.3272716180510837,2,10,3,0.18181818181818182,30,18.0,8.0,0,1,0.5348863144659942,false_positive,252
https://openalex.org/T10052,https://openalex.org/T10581,2015,2016,2020,1.279458146995729,2,6,6,0.2,36,6.0,16.0,0,1,0.5336523696140839,false_positive,253
https://openalex.org/T10515,https://openalex.org/T10521,2015,2016,2020,0.8979307383872341,2,4,18,0.1,72,6.0,50.0,0,1,0.5047267386354155,false_positive,254
https://openalex.org/T10015,https://openalex.org/T11229,2015,2016,2020,1.3272716180510837,2,36,3,0.05405405405405406,108,158.0,4.0,0,1,0.5010719612009796,false_positive,255
https://openalex.org/T11213,https://openalex.org/T11289,2015,2016,2020,0.9795940258067096,3,12,6,0.2,72,18.0,8.0,0,0,0.499284749790302,true_negative,256
https://openalex.org/T10629,https://openalex.org/T11930,2015,2016,2020,0.35295612386476116,1,16,4,0.05263157894736842,64,28.0,4.0,0,0,0.4962709858095934,true_negative,257
https://openalex.org/T11948,https://openalex.org/T12646,2015,2016,2020,1.270912986849078,3,17,4,0.16666666666666666,68,24.0,6.0,0,0,0.49174684180963163,true_negative,258
https://openalex.org/T13141,https://openalex.org/T13283,2015,2016,2020,1.0383673259838582,2,6,17,0.09523809523809523,102,7.0,19.0,0,0,0.4908830758962859,true_negative,259
https://openalex.org/T10158,https://openalex.org/T11287,2015,2016,2020,0.5138983423697507,1,9,13,0.047619047619047616,117,12.0,20.0,1,0,0.4845313677033301,false_negative,260
https://openalex.org/T10505,https://openalex.org/T10521,2015,2016,2020,0.45511961331341866,1,6,18,0.043478260869565216,108,8.0,50.0,0,0,0.46098823679799544,true_negative,261
https://openalex.org/T10683,https://openalex.org/T10885,2015,2016,2020,1.2352458628142324,2,5,25,0.07142857142857142,125,10.0,62.0,0,0,0.4494307326143912,true_negative,262
https://openalex.org/T10434,https://openalex.org/T10604,2015,2016,2020,1.4590963523853098,4,9,8,0.3076923076923077,72,14.0,20.0,0,0,0.4468390828327239,true_negative,263
https://openalex.org/T10202,https://openalex.org/T14078,2015,2016,2020,0.45511961331341866,1,3,4,0.16666666666666666,12,3.0,10.0,0,0,0.43186372211572044,true_negative,264
https://openalex.org/T10604,https://openalex.org/T11287,2015,2016,2020,0.5897227805554295,2,8,13,0.10526315789473684,104,20.0,20.0,0,0,0.4302184765368821,true_negative,265
https://openalex.org/T11287,https://openalex.org/T12114,2015,2016,2020,0.31066746727980593,1,13,9,0.047619047619047616,117,20.0,10.0,0,0,0.4296383874109896,true_negative,266
https://openalex.org/T10222,https://openalex.org/T11162,2015,2016,2020,0.6250315695368172,2,11,13,0.09090909090909091,143,16.0,28.0,0,0,0.4178093984208387,true_negative,267
https://openalex.org/T10206,https://openalex.org/T13447,2015,2016,2020,0.35295612386476116,1,24,3,0.038461538461538464,72,78.0,4.0,0,0,0.41521666536525587,true_negative,268
https://openalex.org/T11162,https://openalex.org/T11578,2015,2016,2020,0.2790553132756236,1,13,4,0.0625,52,28.0,4.0,0,0,0.4139882579019907,true_negative,269
https://openalex.org/T10627,https://openalex.org/T12859,2015,2016,2020,1.5971196000654824,3,9,6,0.25,54,12.0,8.0,0,0,0.41369095693543867,true_negative,270
https://openalex.org/T10325,https://openalex.org/T12917,2015,2016,2020,0.7213475204444817,1,2,2,0.3333333333333333,4,2.0,2.0,0,0,0.400329539322254,true_negative,288
https://openalex.org/T13104,https://openalex.org/T14311,2015,2016,2020,0.7213475204444817,1,2,2,0.3333333333333333,4,2.0,2.0,0,0,0.400329539322254,true_negative,317
https://openalex.org/T10208,https://openalex.org/T12851,2015,2016,2020,0.7213475204444817,1,2,2,0.3333333333333333,4,2.0,2.0,0,0,0.400329539322254,true_negative,284
https://openalex.org/T11959,https://openalex.org/T12892,2015,2016,2020,0.7213475204444817,1,2,2,0.3333333333333333,4,2.0,2.0,0,0,0.400329539322254,true_negative,312
https://openalex.org/T11526,https://openalex.org/T13780,2015,2016,2020,0.7213475204444817,1,2,2,0.3333333333333333,4,2.0,2.0,0,0,0.400329539322254,true_negative,308
https://openalex.org/T10682,https://openalex.org/T11520,2015,2016,2020,0.7213475204444817,1,2,2,0.3333333333333333,4,2.0,2.0,0,0,0.400329539322254,true_negative,293
https://openalex.org/T11526,https://openalex.org/T12133,2015,2016,2020,0.7213475204444817,1,2,2,0.3333333333333333,4,2.0,2.0,0,0,0.400329539322254,true_negative,307
https://openalex.org/T10245,https://openalex.org/T10299,2015,2016,2020,0.7213475204444817,1,2,2,0.3333333333333333,4,2.0,2.0,0,0,0.400329539322254,true_negative,285
https://openalex.org/T10512,https://openalex.org/T12554,2015,2016,2020,0.7213475204444817,1,2,2,0.3333333333333333,4,2.0,2.0,0,0,0.400329539322254,true_negative,290
https://openalex.org/T10190,https://openalex.org/T10753,2015,2016,2020,0.7213475204444817,1,2,2,0.3333333333333333,4,2.0,2.0,0,0,0.400329539322254,true_negative,282
https://openalex.org/T10583,https://openalex.org/T12763,2015,2016,2020,0.7213475204444817,1,2,2,0.3333333333333333,4,2.0,2.0,0,0,0.400329539322254,true_negative,292
https://openalex.org/T11283,https://openalex.org/T13780,2015,2016,2020,0.7213475204444817,1,2,2,0.3333333333333333,4,2.0,2.0,0,0,0.400329539322254,true_negative,303
https://openalex.org/T10087,https://openalex.org/T11333,2015,2016,2020,0.7213475204444817,1,2,2,0.3333333333333333,4,2.0,2.0,0,0,0.400329539322254,true_negative,277
https://openalex.org/T10251,https://openalex.org/T12917,2015,2016,2020,0.7213475204444817,1,2,2,0.3333333333333333,4,2.0,2.0,0,0,0.400329539322254,true_negative,286
https://openalex.org/T10190,https://openalex.org/T11108,2015,2016,2020,0.7213475204444817,1,2,2,0.3333333333333333,4,2.0,2.0,0,0,0.400329539322254,true_negative,283
https://openalex.org/T10950,https://openalex.org/T12241,2015,2016,2020,0.7213475204444817,1,2,2,0.3333333333333333,4,2.0,2.0,0,0,0.400329539322254,true_negative,296
https://openalex.org/T11476,https://openalex.org/T12292,2015,2016,2020,0.7213475204444817,1,2,2,0.3333333333333333,4,2.0,2.0,0,0,0.400329539322254,true_negative,306
https://openalex.org/T10894,https://openalex.org/T11186,2015,2016,2020,0.7213475204444817,1,2,2,0.3333333333333333,4,2.0,2.0,0,0,0.400329539322254,true_negative,295
https://openalex.org/T10076,https://openalex.org/T11470,2015,2016,2020,0.7213475204444817,1,2,2,0.3333333333333333,4,2.0,2.0,0,0,0.400329539322254,true_negative,274
https://openalex.org/T11470,https://openalex.org/T12475,2015,2016,2020,0.7213475204444817,1,2,2,0.3333333333333333,4,2.0,2.0,0,0,0.400329539322254,true_negative,305
https://openalex.org/T11457,https://openalex.org/T12955,2015,2016,2020,0.7213475204444817,1,2,2,0.3333333333333333,4,2.0,2.0,0,0,0.400329539322254,true_negative,304
https://openalex.org/T10583,https://openalex.org/T11339,2015,2016,2020,0.7213475204444817,1,2,2,0.3333333333333333,4,2.0,2.0,0,0,0.400329539322254,true_negative,291
https://openalex.org/T10682,https://openalex.org/T13297,2015,2016,2020,0.7213475204444817,1,2,2,0.3333333333333333,4,2.0,2.0,0,0,0.400329539322254,true_negative,294
https://openalex.org/T10079,https://openalex.org/T11108,2015,2016,2020,0.7213475204444817,1,2,2,0.3333333333333333,4,2.0,2.0,0,0,0.400329539322254,true_negative,276
https://openalex.org/T11283,https://openalex.org/T12133,2015,2016,2020,0.7213475204444817,1,2,2,0.3333333333333333,4,2.0,2.0,0,0,0.400329539322254,true_negative,302
https://openalex.org/T10079,https://openalex.org/T10753,2015,2016,2020,0.7213475204444817,1,2,2,0.3333333333333333,4,2.0,2.0,0,0,0.400329539322254,true_negative,275
https://openalex.org/T11186,https://openalex.org/T11311,2015,2016,2020,0.7213475204444817,1,2,2,0.3333333333333333,4,2.0,2.0,0,0,0.400329539322254,true_negative,298
https://openalex.org/T10131,https://openalex.org/T10490,2015,2016,2020,0.7213475204444817,1,2,2,0.3333333333333333,4,2.0,2.0,0,0,0.400329539322254,true_negative,281
https://openalex.org/T10131,https://openalex.org/T10245,2015,2016,2020,0.7213475204444817,1,2,2,0.3333333333333333,4,2.0,2.0,0,0,0.400329539322254,true_negative,280
https://openalex.org/T12338,https://openalex.org/T14023,2015,2016,2020,0.7213475204444817,1,2,2,0.3333333333333333,4,2.0,2.0,0,0,0.400329539322254,true_negative,314
https://openalex.org/T13530,https://openalex.org/T13916,2015,2016,2020,0.7213475204444817,1,2,2,0.3333333333333333,4,2.0,2.0,0,0,0.400329539322254,true_negative,318
https://openalex.org/T10128,https://openalex.org/T10208,2015,2016,2020,0.7213475204444817,1,2,2,0.3333333333333333,4,2.0,2.0,0,0,0.400329539322254,true_negative,279
https://openalex.org/T10020,https://openalex.org/T13297,2015,2016,2020,0.7213475204444817,1,2,2,0.3333333333333333,4,2.0,2.0,0,0,0.400329539322254,true_negative,272
https://openalex.org/T11655,https://openalex.org/T12554,2015,2016,2020,0.7213475204444817,1,2,2,0.3333333333333333,4,2.0,2.0,0,0,0.400329539322254,true_negative,309
https://openalex.org/T10020,https://openalex.org/T11520,2015,2016,2020,0.7213475204444817,1,2,2,0.3333333333333333,4,2.0,2.0,0,0,0.400329539322254,true_negative,271
https://openalex.org/T11824,https://openalex.org/T13591,2015,2016,2020,0.7213475204444817,1,2,2,0.3333333333333333,4,2.0,2.0,0,0,0.400329539322254,true_negative,311
https://openalex.org/T12414,https://openalex.org/T13530,2015,2016,2020,0.7213475204444817,1,2,2,0.3333333333333333,4,2.0,2.0,0,0,0.400329539322254,true_negative,315
https://openalex.org/T12414,https://openalex.org/T13916,2015,2016,2020,0.7213475204444817,1,2,2,0.3333333333333333,4,2.0,2.0,0,0,0.400329539322254,true_negative,316
https://openalex.org/T11214,https://openalex.org/T11824,2015,2016,2020,0.7213475204444817,1,2,2,0.3333333333333333,4,2.0,2.0,0,0,0.400329539322254,true_negative,299
https://openalex.org/T11084,https://openalex.org/T12892,2015,2016,2020,0.7213475204444817,1,2,2,0.3333333333333333,4,2.0,2.0,0,0,0.400329539322254,true_negative,297
https://openalex.org/T10059,https://openalex.org/T12554,2015,2016,2020,0.7213475204444817,1,2,2,0.3333333333333333,4,2.0,2.0,0,0,0.400329539322254,true_negative,273
https://openalex.org/T12013,https://openalex.org/T13377,2015,2016,2020,0.7213475204444817,1,2,2,0.3333333333333333,4,2.0,2.0,0,0,0.400329539322254,true_negative,313
https://openalex.org/T11746,https://openalex.org/T13104,2015,2016,2020,0.7213475204444817,1,2,2,0.3333333333333333,4,2.0,2.0,0,0,0.400329539322254,true_negative,310
https://openalex.org/T10299,https://openalex.org/T10490,2015,2016,2020,0.7213475204444817,1,2,2,0.3333333333333333,4,2.0,2.0,0,0,0.400329539322254,true_negative,287
https://openalex.org/T11239,https://openalex.org/T12028,2015,2016,2020,0.7213475204444817,1,2,2,0.3333333333333333,4,2.0,2.0,0,0,0.400329539322254,true_negative,300
https://openalex.org/T11247,https://openalex.org/T11760,2015,2016,2020,0.7213475204444817,1,2,2,0.3333333333333333,4,2.0,2.0,0,0,0.400329539322254,true_negative,301
https://openalex.org/T10119,https://openalex.org/T13377,2015,2016,2020,0.7213475204444817,1,2,2,0.3333333333333333,4,2.0,2.0,0,0,0.400329539322254,true_negative,278
https://openalex.org/T10421,https://openalex.org/T11333,2015,2016,2020,0.7213475204444817,1,2,2,0.3333333333333333,4,2.0,2.0,0,0,0.400329539322254,true_negative,289
https://openalex.org/T10351,https://openalex.org/T10560,2015,2016,2020,0.48089834696298783,1,5,6,0.1,30,6.0,6.0,0,0,0.3984092806518065,true_negative,319
https://openalex.org/T11986,https://openalex.org/T13114,2015,2016,2020,0.48089834696298783,1,5,6,0.1,30,6.0,6.0,0,0,0.3984092806518065,true_negative,320
https://openalex.org/T10044,https://openalex.org/T10836,2015,2016,2020,0.6213349345596119,1,16,7,0.045454545454545456,112,38.0,12.0,0,0,0.35877162069587687,true_negative,321
https://openalex.org/T10467,https://openalex.org/T11577,2015,2016,2020,1.7770936928613492,3,9,6,0.25,54,13.0,6.0,0,0,0.35664075895846364,true_negative,322
https://openalex.org/T11642,https://openalex.org/T11791,2015,2016,2020,0.9086517694592305,3,11,12,0.15,132,26.0,32.0,0,0,0.35537619026332345,true_negative,323
https://openalex.org/T10211,https://openalex.org/T11287,2015,2016,2020,0.318928988903801,1,8,13,0.05,104,14.0,20.0,0,0,0.35384626801769453,true_negative,324
https://openalex.org/T11287,https://openalex.org/T11468,2015,2016,2020,1.0320260605654517,3,13,10,0.15,130,20.0,18.0,0,0,0.352034977037088,true_negative,325
https://openalex.org/T10044,https://openalex.org/T10519,2015,2016,2020,0.6213349345596119,1,16,4,0.05263157894736842,64,38.0,8.0,0,0,0.35124161720333674,true_negative,326
https://openalex.org/T11482,https://openalex.org/T11629,2015,2016,2020,0.45511961331341866,1,11,2,0.08333333333333333,22,26.0,2.0,0,0,0.3501289677406004,true_negative,327
https://openalex.org/T10012,https://openalex.org/T11287,2015,2016,2020,0.5979843021794247,2,11,13,0.09090909090909091,143,32.0,20.0,0,0,0.34918405068311203,true_negative,328
https://openalex.org/T10052,https://openalex.org/T13114,2015,2016,2020,1.013230239864666,2,6,6,0.2,36,6.0,6.0,0,0,0.3476290484494967,true_negative,329
https://openalex.org/T11106,https://openalex.org/T11652,2015,2016,2020,0.5138983423697507,1,4,6,0.1111111111111111,24,4.0,6.0,0,0,0.3437336931933279,true_negative,330
https://openalex.org/T11011,https://openalex.org/T12023,2015,2016,2020,0.5581106265512472,1,5,2,0.16666666666666666,10,8.0,2.0,0,0,0.3413345379441271,true_negative,331
https://openalex.org/T10434,https://openalex.org/T12535,2015,2016,2020,0.45511961331341866,1,9,13,0.047619047619047616,117,14.0,17.0,0,0,0.34072115699120353,true_negative,332
https://openalex.org/T13664,https://openalex.org/T13937,2015,2016,2020,0.5979843021794247,2,9,8,0.13333333333333333,72,18.0,12.0,0,0,0.3383049603878191,true_negative,333
https://openalex.org/T10500,https://openalex.org/T12535,2015,2016,2020,1.3322252202904858,3,11,13,0.14285714285714285,143,20.0,17.0,0,0,0.3373058443245917,true_negative,334
https://openalex.org/T10136,https://openalex.org/T10323,2015,2016,2020,0.4170323914242463,1,11,2,0.08333333333333333,22,14.0,2.0,0,0,0.3348967621900431,true_negative,335
https://openalex.org/T10136,https://openalex.org/T11739,2015,2016,2020,0.4170323914242463,1,11,2,0.08333333333333333,22,14.0,2.0,0,0,0.3348967621900431,true_negative,336
https://openalex.org/T10136,https://openalex.org/T11659,2015,2016,2020,0.43429448190325176,1,11,2,0.08333333333333333,22,14.0,2.0,0,0,0.3335030867596346,true_negative,338
https://openalex.org/T10136,https://openalex.org/T12015,2015,2016,2020,0.43429448190325176,1,11,2,0.08333333333333333,22,14.0,2.0,0,0,0.3335030867596346,true_negative,339
https://openalex.org/T10136,https://openalex.org/T11206,2015,2016,2020,0.43429448190325176,1,11,2,0.08333333333333333,22,14.0,2.0,0,0,0.3335030867596346,true_negative,337
https://openalex.org/T10222,https://openalex.org/T11578,2015,2016,2020,0.2790553132756236,1,11,4,0.07142857142857142,44,16.0,4.0,0,0,0.32750991739598495,true_negative,342
https://openalex.org/T10222,https://openalex.org/T11407,2015,2016,2020,0.31066746727980593,1,11,4,0.07142857142857142,44,16.0,4.0,0,0,0.32750991739598495,true_negative,341
https://openalex.org/T10222,https://openalex.org/T10857,2015,2016,2020,0.2790553132756236,1,11,4,0.07142857142857142,44,16.0,4.0,0,0,0.32750991739598495,true_negative,340
https://openalex.org/T13398,https://openalex.org/T13748,2015,2016,2020,1.7354557367982821,4,11,5,0.3333333333333333,55,13.0,6.0,0,0,0.3261583522991434,true_negative,343
https://openalex.org/T10044,https://openalex.org/T12557,2015,2016,2020,0.713629884087002,2,16,2,0.125,32,38.0,2.0,0,0,0.3154786554641322,true_negative,344
https://openalex.org/T11970,https://openalex.org/T13937,2015,2016,2020,0.5979843021794247,2,9,8,0.13333333333333333,72,20.0,12.0,0,0,0.31222427652521084,true_negative,345
https://openalex.org/T10462,https://openalex.org/T11512,2015,2016,2020,0.974291058424373,2,4,8,0.2,32,4.0,10.0,0,0,0.3087690511059029,true_negative,346
https://openalex.org/T10012,https://openalex.org/T10519,2015,2016,2020,0.318928988903801,1,11,4,0.07142857142857142,44,32.0,8.0,0,0,0.3045148424792416,true_negative,347
https://openalex.org/T10521,https://openalex.org/T13937,2015,2016,2020,1.573127320154918,4,18,8,0.18181818181818182,144,50.0,12.0,0,0,0.2971019858568037,true_negative,348
https://openalex.org/T10206,https://openalex.org/T10467,2015,2016,2020,1.2631953504915985,3,24,9,0.1,216,78.0,13.0,1,0,0.2952963604985103,false_negative,349
https://openalex.org/T10261,https://openalex.org/T10604,2015,2016,2020,1.006755171979676,3,17,8,0.13636363636363635,136,32.0,20.0,0,0,0.2883929063214284,true_negative,350
https://openalex.org/T10836,https://openalex.org/T11871,2015,2016,2020,0.8194619958060909,2,7,15,0.1,105,12.0,17.0,0,0,0.2830046417195459,true_negative,351
https://openalex.org/T10057,https://openalex.org/T11287,2015,2016,2020,0.31066746727980593,1,8,13,0.05,104,20.0,20.0,0,0,0.28267593357406295,true_negative,352
https://openalex.org/T11948,https://openalex.org/T12202,2015,2016,2020,0.8745721025919916,2,17,2,0.11764705882352941,34,24.0,2.0,0,0,0.2695608780867617,true_negative,353
https://openalex.org/T10192,https://openalex.org/T10353,2015,2016,2020,0.7213475204444817,1,4,7,0.1,28,4.0,8.0,0,0,0.2674814961443796,true_negative,354
https://openalex.org/T11162,https://openalex.org/T11970,2015,2016,2020,0.6250315695368172,2,13,9,0.1,117,28.0,20.0,0,0,0.2673996936683381,true_negative,355
https://openalex.org/T10836,https://openalex.org/T12114,2015,2016,2020,1.6882400896371441,4,7,9,0.3333333333333333,63,12.0,10.0,0,0,0.26670712014009845,true_negative,356
https://openalex.org/T13117,https://openalex.org/T14484,2015,2016,2020,0.45511961331341866,1,5,2,0.16666666666666666,10,6.0,2.0,0,0,0.2657760437092729,true_negative,357
https://openalex.org/T11642,https://openalex.org/T14393,2015,2016,2020,0.35295612386476116,1,11,4,0.07142857142857142,44,26.0,4.0,0,0,0.2645553186476292,true_negative,358
https://openalex.org/T10057,https://openalex.org/T10627,2015,2016,2020,0.8241657271545318,2,8,9,0.13333333333333333,72,20.0,12.0,0,0,0.2596218247607215,true_negative,359
https://openalex.org/T10012,https://openalex.org/T14393,2015,2016,2020,0.35295612386476116,1,11,4,0.07142857142857142,44,32.0,4.0,0,0,0.25738157699443165,true_negative,360
https://openalex.org/T10136,https://openalex.org/T11447,2015,2016,2020,0.8979307383872341,2,11,10,0.10526315789473684,110,14.0,13.0,0,0,0.25574497377740274,true_negative,361
https://openalex.org/T10826,https://openalex.org/T13117,2015,2016,2020,0.45511961331341866,1,3,5,0.14285714285714285,15,4.0,6.0,0,0,0.2525848674782182,true_negative,362
https://openalex.org/T11213,https://openalex.org/T12303,2015,2016,2020,0.45511961331341866,1,12,2,0.07692307692307693,24,18.0,2.0,0,0,0.25076511704675597,true_negative,364
https://openalex.org/T10243,https://openalex.org/T12496,2015,2016,2020,0.45511961331341866,1,12,2,0.07692307692307693,24,18.0,2.0,0,0,0.25076511704675597,true_negative,363
https://openalex.org/T11269,https://openalex.org/T11482,2015,2016,2020,1.080151182850236,3,9,11,0.17647058823529413,99,16.0,26.0,0,0,0.24830320700930508,true_negative,365
https://openalex.org/T12114,https://openalex.org/T12535,2015,2016,2020,0.36926937306885504,1,9,13,0.047619047619047616,117,10.0,17.0,0,0,0.2471127503021837,true_negative,366
https://openalex.org/T10206,https://openalex.org/T11871,2015,2016,2020,1.2537564777093428,3,24,15,0.08333333333333333,360,78.0,17.0,0,0,0.2430006168824319,true_negative,367
https://openalex.org/T10261,https://openalex.org/T10519,2015,2016,2020,0.6295964561836069,2,17,4,0.10526315789473684,68,32.0,8.0,0,0,0.23818243856105692,true_negative,368
https://openalex.org/T10995,https://openalex.org/T11881,2015,2016,2020,0.8449908585646988,2,3,4,0.4,12,3.0,6.0,0,0,0.23778775039801173,true_negative,369
https://openalex.org/T10002,https://openalex.org/T10657,2015,2016,2020,0.6213349345596119,1,16,4,0.05263157894736842,64,28.0,8.0,0,0,0.23705058934066928,true_negative,370
https://openalex.org/T10434,https://openalex.org/T11213,2015,2016,2020,1.6063269313267072,4,9,12,0.23529411764705882,108,14.0,18.0,0,0,0.2332006961449058,true_negative,371
https://openalex.org/T10853,https://openalex.org/T12592,2015,2016,2020,0.35295612386476116,1,2,6,0.14285714285714285,12,2.0,10.0,0,0,0.23181687279632723,true_negative,373
https://openalex.org/T11519,https://openalex.org/T12592,2015,2016,2020,0.35295612386476116,1,2,6,0.14285714285714285,12,2.0,10.0,0,0,0.23181687279632723,true_negative,374
https://openalex.org/T10537,https://openalex.org/T12592,2015,2016,2020,0.35295612386476116,1,2,6,0.14285714285714285,12,2.0,10.0,0,0,0.23181687279632723,true_negative,372
https://openalex.org/T10120,https://openalex.org/T10887,2015,2016,2020,1.6640405430510523,4,6,23,0.16,138,10.0,50.0,0,0,0.23022148158971953,true_negative,375
https://openalex.org/T10621,https://openalex.org/T10887,2015,2016,2020,1.6171839544740914,4,6,23,0.16,138,6.0,50.0,0,0,0.23022148158971953,true_negative,376
https://openalex.org/T11642,https://openalex.org/T13664,2015,2016,2020,1.3463901628224628,4,11,9,0.25,99,26.0,18.0,0,0,0.22561711422037703,true_negative,377
https://openalex.org/T10552,https://openalex.org/T11369,2015,2016,2020,1.2352458628142324,2,6,7,0.18181818181818182,42,22.0,10.0,0,0,0.22472675248057752,true_negative,378
https://openalex.org/T10057,https://openalex.org/T10521,2015,2016,2020,0.31066746727980593,1,8,18,0.04,144,20.0,50.0,0,0,0.22117825345626727,true_negative,379
https://openalex.org/T11482,https://openalex.org/T12254,2015,2016,2020,1.254628025720424,4,11,4,0.36363636363636365,44,26.0,16.0,0,0,0.21926260855725258,true_negative,380
https://openalex.org/T11642,https://openalex.org/T12254,2015,2016,2020,1.254628025720424,4,11,4,0.36363636363636365,44,26.0,16.0,0,0,0.21926260855725258,true_negative,381
https://openalex.org/T10521,https://openalex.org/T11287,2015,2016,2020,1.3256841608834768,4,18,13,0.14814814814814814,234,50.0,20.0,0,0,0.21665277099275213,true_negative,382
https://openalex.org/T10012,https://openalex.org/T11629,2015,2016,2020,0.35295612386476116,1,11,2,0.08333333333333333,22,32.0,2.0,0,0,0.21343073118679934,true_negative,383
https://openalex.org/T10012,https://openalex.org/T11772,2015,2016,2020,0.35295612386476116,1,11,2,0.08333333333333333,22,32.0,2.0,0,0,0.21343073118679934,true_negative,384
https://openalex.org/T10434,https://openalex.org/T10725,2015,2016,2020,0.6213349345596119,1,9,7,0.06666666666666667,63,14.0,10.0,0,0,0.21277773249200188,true_negative,385
https://openalex.org/T10222,https://openalex.org/T12254,2015,2016,2020,1.254628025720424,4,11,4,0.36363636363636365,44,16.0,16.0,0,0,0.21167420541776288,true_negative,386
https://openalex.org/T10751,https://openalex.org/T10887,2015,2016,2020,1.6213153886165055,4,4,23,0.17391304347826086,92,4.0,50.0,0,0,0.2075241340593161,true_negative,387
https://openalex.org/T11287,https://openalex.org/T13664,2015,2016,2020,1.0004139065612692,3,13,9,0.15789473684210525,117,20.0,18.0,0,0,0.20691591805661835,true_negative,388
https://openalex.org/T10066,https://openalex.org/T11289,2015,2016,2020,0.5897227805554295,2,12,6,0.125,72,26.0,8.0,0,0,0.20376681596708554,true_negative,390
https://openalex.org/T10066,https://openalex.org/T10932,2015,2016,2020,0.5897227805554295,2,12,6,0.125,72,26.0,8.0,0,0,0.20376681596708554,true_negative,389
https://openalex.org/T10211,https://openalex.org/T11177,2015,2016,2020,1.0820212806667224,2,8,9,0.13333333333333333,72,14.0,14.0,0,0,0.20262171056682643,true_negative,391
https://openalex.org/T10015,https://openalex.org/T10519,2015,2016,2020,0.6295964561836069,2,36,4,0.05263157894736842,144,158.0,8.0,1,0,0.20238401326990435,false_negative,392
https://openalex.org/T10030,https://openalex.org/T10247,2015,2016,2020,0.45511961331341866,1,2,4,0.2,8,2.0,10.0,0,0,0.19937659873536062,true_negative,393
https://openalex.org/T12576,https://openalex.org/T14078,2015,2016,2020,0.45511961331341866,1,2,4,0.2,8,2.0,10.0,0,0,0.19937659873536062,true_negative,394
https://openalex.org/T12626,https://openalex.org/T14078,2015,2016,2020,0.45511961331341866,1,2,4,0.2,8,2.0,10.0,0,0,0.19937659873536062,true_negative,395
https://openalex.org/T10836,https://openalex.org/T11948,2015,2016,2020,0.6213349345596119,1,7,17,0.043478260869565216,119,12.0,24.0,0,0,0.196657175218916,true_negative,396
https://openalex.org/T11642,https://openalex.org/T12859,2015,2016,2020,1.0788826491424124,3,11,6,0.21428571428571427,66,26.0,8.0,0,0,0.19363335886034025,true_negative,397
https://openalex.org/T10261,https://openalex.org/T11289,2015,2016,2020,0.9086517694592305,3,17,6,0.15,102,32.0,8.0,1,0,0.18971504402862507,false_negative,399
https://openalex.org/T10261,https://openalex.org/T10932,2015,2016,2020,0.9086517694592305,3,17,6,0.15,102,32.0,8.0,0,0,0.18971504402862507,true_negative,398
https://openalex.org/T10887,https://openalex.org/T11229,2015,2016,2020,0.8513268733274981,2,23,3,0.08333333333333333,69,50.0,4.0,0,0,0.18455679171293382,true_negative,400
https://openalex.org/T10640,https://openalex.org/T10683,2015,2016,2020,0.5138983423697507,1,6,5,0.1,30,6.0,10.0,0,0,0.18366837636066474,true_negative,401
https://openalex.org/T10015,https://openalex.org/T11407,2015,2016,2020,0.7657870805932245,2,36,4,0.05263157894736842,144,158.0,4.0,0,0,0.18077451752656312,true_negative,402
https://openalex.org/T12220,https://openalex.org/T12627,2015,2016,2020,0.33380820069533407,1,2,4,0.2,8,2.0,12.0,0,0,0.18030378265109742,true_negative,405
https://openalex.org/T11992,https://openalex.org/T12627,2015,2016,2020,0.33380820069533407,1,2,4,0.2,8,2.0,12.0,0,0,0.18030378265109742,true_negative,404
https://openalex.org/T11341,https://openalex.org/T12627,2015,2016,2020,0.33380820069533407,1,2,4,0.2,8,2.0,12.0,0,0,0.18030378265109742,true_negative,403
https://openalex.org/T11162,https://openalex.org/T12646,2015,2016,2020,1.270912986849078,3,13,4,0.21428571428571427,52,28.0,6.0,0,0,0.18030038835926232,true_negative,406
https://openalex.org/T11369,https://openalex.org/T12576,2015,2016,2020,0.45511961331341866,1,7,2,0.125,14,10.0,2.0,0,0,0.17945287462025514,true_negative,409
https://openalex.org/T11369,https://openalex.org/T12626,2015,2016,2020,0.45511961331341866,1,7,2,0.125,14,10.0,2.0,0,0,0.17945287462025514,true_negative,410
https://openalex.org/T10725,https://openalex.org/T12786,2015,2016,2020,0.45511961331341866,1,7,2,0.125,14,10.0,2.0,0,0,0.17945287462025514,true_negative,408
https://openalex.org/T10725,https://openalex.org/T10981,2015,2016,2020,0.45511961331341866,1,7,2,0.125,14,10.0,2.0,0,0,0.17945287462025514,true_negative,407
https://openalex.org/T10044,https://openalex.org/T12646,2015,2016,2020,0.36067376022224085,1,16,4,0.05263157894736842,64,38.0,6.0,0,0,0.17740179811806472,true_negative,411
https://openalex.org/T10066,https://openalex.org/T10222,2015,2016,2020,1.0448423938688483,3,12,11,0.15,132,26.0,16.0,0,0,0.1724979936945876,true_negative,412
https://openalex.org/T10836,https://openalex.org/T13283,2015,2016,2020,0.8194619958060909,2,7,17,0.09090909090909091,119,12.0,19.0,0,0,0.1711793439651554,true_negative,413
https://openalex.org/T10261,https://openalex.org/T13937,2015,2016,2020,1.0150166936036709,3,17,8,0.13636363636363635,136,32.0,12.0,0,0,0.1695953244649214,true_negative,414
https://openalex.org/T10775,https://openalex.org/T12535,2015,2016,2020,1.2681489527310008,3,4,13,0.21428571428571427,52,6.0,17.0,0,0,0.16824479448173274,true_negative,415
https://openalex.org/T10594,https://openalex.org/T11213,2015,2016,2020,0.7872506057680129,2,3,12,0.15384615384615385,36,4.0,18.0,0,0,0.16463189566478778,true_negative,416
https://openalex.org/T10521,https://openalex.org/T10857,2015,2016,2020,0.6689265585269037,2,18,4,0.1,72,50.0,4.0,0,0,0.16420547175258432,true_negative,417
https://openalex.org/T10044,https://openalex.org/T12748,2015,2016,2020,1.6496478443634084,4,16,4,0.25,64,38.0,4.0,0,0,0.1632050374240226,true_negative,418
https://openalex.org/T10064,https://openalex.org/T10878,2015,2016,2020,0.5581106265512472,1,12,9,0.05,108,16.0,14.0,0,0,0.16045271493739086,true_negative,419
https://openalex.org/T10009,https://openalex.org/T12023,2015,2016,2020,0.5581106265512472,1,8,2,0.1111111111111111,16,10.0,2.0,0,0,0.15474079667065707,true_negative,420
https://openalex.org/T10027,https://openalex.org/T10401,2015,2016,2020,0.5581106265512472,1,8,2,0.1111111111111111,16,10.0,2.0,1,0,0.15474079667065707,false_negative,421
https://openalex.org/T10027,https://openalex.org/T11623,2015,2016,2020,0.5581106265512472,1,8,2,0.1111111111111111,16,10.0,2.0,0,0,0.15474079667065707,true_negative,422
https://openalex.org/T10036,https://openalex.org/T13114,2015,2016,2020,1.4475247217679177,3,8,6,0.2727272727272727,48,10.0,6.0,0,0,0.1523965229136857,true_negative,423
https://openalex.org/T11269,https://openalex.org/T11642,2015,2016,2020,1.0274611739186619,3,9,11,0.17647058823529413,99,16.0,26.0,0,0,0.15198510697566422,true_negative,424
https://openalex.org/T10002,https://openalex.org/T10049,2015,2016,2020,0.35295612386476116,1,16,2,0.058823529411764705,32,28.0,2.0,0,0,0.15154408306121558,true_negative,425
https://openalex.org/T10002,https://openalex.org/T10492,2015,2016,2020,0.36067376022224085,1,16,2,0.058823529411764705,32,28.0,2.0,0,0,0.15154408306121558,true_negative,426
https://openalex.org/T10434,https://openalex.org/T11162,2015,2016,2020,0.6250315695368172,2,9,13,0.1,117,14.0,28.0,0,0,0.15086490381336573,true_negative,427
https://openalex.org/T10066,https://openalex.org/T10621,2015,2016,2020,0.31066746727980593,1,12,6,0.058823529411764705,72,26.0,6.0,0,0,0.14780318279148105,true_negative,428
https://openalex.org/T11048,https://openalex.org/T11213,2015,2016,2020,0.7341749265890423,2,3,12,0.15384615384615385,36,4.0,18.0,0,0,0.14734111995264135,true_negative,429
https://openalex.org/T10269,https://openalex.org/T11287,2015,2016,2020,0.40242960438184466,1,9,13,0.047619047619047616,117,10.0,20.0,0,0,0.14514839985302921,true_negative,430
https://openalex.org/T10995,https://openalex.org/T11825,2015,2016,2020,0.45511961331341866,1,3,2,0.25,6,3.0,2.0,0,0,0.14314266858952807,true_negative,432
https://openalex.org/T10202,https://openalex.org/T12626,2015,2016,2020,0.45511961331341866,1,3,2,0.25,6,3.0,2.0,0,0,0.14314266858952807,true_negative,431
https://openalex.org/T10002,https://openalex.org/T10275,2015,2016,2020,1.0743036443092429,2,16,8,0.09090909090909091,128,28.0,18.0,0,0,0.13756723269434545,true_negative,433
https://openalex.org/T11482,https://openalex.org/T11642,2015,2016,2020,1.6716604171446705,5,11,11,0.29411764705882354,121,26.0,26.0,0,0,0.1364124801829585,true_negative,434
https://openalex.org/T10887,https://openalex.org/T13114,2015,2016,2020,1.039008973514235,2,23,6,0.07407407407407407,138,50.0,6.0,0,0,0.13536645849992987,true_negative,435
https://openalex.org/T11105,https://openalex.org/T12859,2015,2016,2020,0.5581106265512472,1,2,6,0.14285714285714285,12,2.0,8.0,0,0,0.13323016758080264,true_negative,437
https://openalex.org/T10689,https://openalex.org/T12859,2015,2016,2020,0.5581106265512472,1,2,6,0.14285714285714285,12,2.0,8.0,0,0,0.13323016758080264,true_negative,436
https://openalex.org/T11187,https://openalex.org/T11289,2015,2016,2020,0.5581106265512472,1,2,6,0.14285714285714285,12,2.0,8.0,0,0,0.13323016758080264,true_negative,438
https://openalex.org/T10878,https://openalex.org/T11162,2015,2016,2020,0.3459762562611936,1,9,13,0.047619047619047616,117,14.0,28.0,0,0,0.12978676843165304,true_negative,439
https://openalex.org/T10012,https://openalex.org/T11213,2015,2016,2020,1.0663059190436366,3,11,12,0.15,132,32.0,18.0,0,0,0.12847175894619212,true_negative,440
https://openalex.org/T10824,https://openalex.org/T12859,2015,2016,2020,0.48089834696298783,1,5,6,0.1,30,6.0,8.0,0,0,0.12722507816096015,true_negative,441
https://openalex.org/T10804,https://openalex.org/T11542,2015,2016,2020,1.585570967293203,3,17,9,0.13043478260869565,153,34.0,10.0,0,0,0.12493190392521766,true_negative,442
https://openalex.org/T10023,https://openalex.org/T10027,2015,2016,2020,0.5581106265512472,1,2,8,0.1111111111111111,16,2.0,10.0,0,0,0.12481488025760444,true_negative,443
https://openalex.org/T10862,https://openalex.org/T11512,2015,2016,2020,0.5581106265512472,1,2,8,0.1111111111111111,16,2.0,10.0,0,0,0.12481488025760444,true_negative,444
https://openalex.org/T10002,https://openalex.org/T10211,2015,2016,2020,1.8248486497827638,4,16,8,0.2,128,28.0,14.0,0,0,0.1229442453841226,true_negative,445
https://openalex.org/T11289,https://openalex.org/T11482,2015,2016,2020,1.3637713827726492,4,6,11,0.3076923076923077,66,8.0,26.0,0,0,0.12263254258122849,true_negative,446
https://openalex.org/T10269,https://openalex.org/T11642,2015,2016,2020,1.172418119670852,3,9,11,0.17647058823529413,99,10.0,26.0,0,0,0.12162723795706329,true_negative,447
https://openalex.org/T10057,https://openalex.org/T11871,2015,2016,2020,0.8069036366755264,2,8,15,0.09523809523809523,120,20.0,17.0,0,0,0.12049537825848464,true_negative,448
https://openalex.org/T10885,https://openalex.org/T13937,2015,2016,2020,1.573127320154918,4,25,8,0.13793103448275862,200,62.0,12.0,0,0,0.11889550567889044,true_negative,449
https://openalex.org/T10074,https://openalex.org/T10320,2015,2016,2020,0.5138983423697507,1,7,17,0.043478260869565216,119,14.0,31.0,0,0,0.1179471398624057,true_negative,450
https://openalex.org/T11313,https://openalex.org/T11369,2015,2016,2020,0.45511961331341866,1,6,7,0.08333333333333333,42,6.0,10.0,0,0,0.115325395742681,true_negative,453
https://openalex.org/T11020,https://openalex.org/T11369,2015,2016,2020,0.45511961331341866,1,6,7,0.08333333333333333,42,6.0,10.0,0,0,0.115325395742681,true_negative,452
https://openalex.org/T10621,https://openalex.org/T10725,2015,2016,2020,0.45511961331341866,1,6,7,0.08333333333333333,42,6.0,10.0,0,0,0.115325395742681,true_negative,451
https://openalex.org/T10804,https://openalex.org/T11981,2015,2016,2020,0.6753317406663657,2,17,8,0.08695652173913043,136,34.0,14.0,0,0,0.11509627343365901,true_negative,454
https://openalex.org/T10206,https://openalex.org/T10397,2015,2016,2020,0.35295612386476116,1,24,3,0.038461538461538464,72,78.0,6.0,0,0,0.11394763420254515,true_negative,455
https://openalex.org/T10158,https://openalex.org/T10556,2015,2016,2020,1.2352458628142324,2,9,7,0.14285714285714285,63,12.0,24.0,0,0,0.11366610651155176,true_negative,456
https://openalex.org/T10243,https://openalex.org/T10770,2015,2016,2020,0.4170323914242463,1,12,2,0.07692307692307693,24,18.0,2.0,0,0,0.11327245454808332,true_negative,459
https://openalex.org/T10243,https://openalex.org/T10765,2015,2016,2020,0.4170323914242463,1,12,2,0.07692307692307693,24,18.0,2.0,0,0,0.11327245454808332,true_negative,458
https://openalex.org/T10243,https://openalex.org/T10643,2015,2016,2020,0.4170323914242463,1,12,2,0.07692307692307693,24,18.0,2.0,0,0,0.11327245454808332,true_negative,457
https://openalex.org/T10824,https://openalex.org/T12535,2015,2016,2020,0.9360179602764065,2,5,13,0.125,65,6.0,17.0,0,0,0.11272935964756237,true_negative,460
https://openalex.org/T11269,https://openalex.org/T11287,2015,2016,2020,0.6814849176574682,2,9,13,0.1,117,16.0,20.0,0,0,0.11075848456309831,true_negative,461
https://openalex.org/T10629,https://openalex.org/T12574,2015,2016,2020,0.667614104308886,2,16,4,0.1111111111111111,64,28.0,4.0,0,0,0.11073054175419693,true_negative,462
https://openalex.org/T10191,https://openalex.org/T11307,2015,2016,2020,0.9360179602764065,2,4,10,0.16666666666666666,40,4.0,14.0,0,0,0.11027139682541202,true_negative,463
https://openalex.org/T11468,https://openalex.org/T12496,2015,2016,2020,0.45511961331341866,1,10,2,0.09090909090909091,20,18.0,2.0,0,0,0.1101628227060994,true_negative,464
https://openalex.org/T10521,https://openalex.org/T11407,2015,2016,2020,0.7657870805932245,2,18,4,0.1,72,50.0,4.0,0,0,0.10674812053537183,true_negative,465
https://openalex.org/T10162,https://openalex.org/T14023,2015,2016,2020,0.7213475204444817,1,3,2,0.25,6,3.0,2.0,0,0,0.10607505945494992,true_negative,466
https://openalex.org/T10320,https://openalex.org/T12101,2015,2016,2020,0.7213475204444817,1,17,4,0.05,68,31.0,4.0,0,0,0.10572905578902986,true_negative,467
https://openalex.org/T11162,https://openalex.org/T11986,2015,2016,2020,0.6397290734978645,2,13,5,0.125,65,28.0,6.0,0,0,0.10488052913275858,true_negative,468
https://openalex.org/T10202,https://openalex.org/T10522,2015,2016,2020,0.9102392266268373,1,3,8,0.1,24,3.0,8.0,0,0,0.10403292762407099,true_negative,469
https://openalex.org/T10012,https://openalex.org/T11642,2015,2016,2020,1.6722879464886675,4,11,11,0.2222222222222222,121,32.0,26.0,0,0,0.10387520437177956,true_negative,470
https://openalex.org/T10050,https://openalex.org/T13748,2015,2016,2020,1.5487149341797142,3,5,5,0.42857142857142855,25,5.0,6.0,0,0,0.1034327026321126,true_negative,471
https://openalex.org/T10804,https://openalex.org/T11590,2015,2016,2020,0.36067376022224085,1,17,2,0.05555555555555555,34,34.0,2.0,1,0,0.10083790813103706,false_negative,472
https://openalex.org/T10804,https://openalex.org/T11944,2015,2016,2020,0.36067376022224085,1,17,2,0.05555555555555555,34,34.0,2.0,0,0,0.10083790813103706,true_negative,473
https://openalex.org/T10243,https://openalex.org/T11093,2015,2016,2020,0.35295612386476116,1,12,4,0.06666666666666667,48,18.0,4.0,0,0,0.09991407934465737,true_negative,478
https://openalex.org/T10064,https://openalex.org/T10272,2015,2016,2020,0.35295612386476116,1,12,4,0.06666666666666667,48,16.0,4.0,0,0,0.09991407934465737,true_negative,475
https://openalex.org/T10064,https://openalex.org/T10102,2015,2016,2020,0.35295612386476116,1,12,4,0.06666666666666667,48,16.0,4.0,0,0,0.09991407934465737,true_negative,474
https://openalex.org/T11213,https://openalex.org/T14393,2015,2016,2020,0.35295612386476116,1,12,4,0.06666666666666667,48,18.0,4.0,0,0,0.09991407934465737,true_negative,479
https://openalex.org/T10243,https://openalex.org/T10272,2015,2016,2020,0.35295612386476116,1,12,4,0.06666666666666667,48,18.0,4.0,0,0,0.09991407934465737,true_negative,477
https://openalex.org/T10064,https://openalex.org/T11093,2015,2016,2020,0.35295612386476116,1,12,4,0.06666666666666667,48,16.0,4.0,0,0,0.09991407934465737,true_negative,476
https://openalex.org/T12557,https://openalex.org/T12748,2015,2016,2020,0.713629884087002,2,2,4,0.5,8,2.0,4.0,0,0,0.09670186554082498,true_negative,480
https://openalex.org/T10320,https://openalex.org/T12254,2015,2016,2020,0.31066746727980593,1,17,4,0.05,68,31.0,16.0,0,0,0.0961114699328567,true_negative,481
https://openalex.org/T10012,https://openalex.org/T11289,2015,2016,2020,0.5979843021794247,2,11,6,0.13333333333333333,66,32.0,8.0,0,0,0.09499802025180333,true_negative,483
https://openalex.org/T10012,https://openalex.org/T10932,2015,2016,2020,0.5979843021794247,2,11,6,0.13333333333333333,66,32.0,8.0,0,0,0.09499802025180333,true_negative,482
https://openalex.org/T10012,https://openalex.org/T12859,2015,2016,2020,0.5979843021794247,2,11,6,0.13333333333333333,66,32.0,8.0,0,0,0.09499802025180333,true_negative,484
https://openalex.org/T10211,https://openalex.org/T12592,2015,2016,2020,0.318928988903801,1,8,6,0.07692307692307693,48,14.0,10.0,0,0,0.09481533550228105,true_negative,485
https://openalex.org/T10057,https://openalex.org/T11269,2015,2016,2020,0.8241657271545318,2,8,9,0.13333333333333333,72,20.0,16.0,0,0,0.09146559161561332,true_negative,486
https://openalex.org/T10120,https://openalex.org/T10981,2015,2016,2020,0.45511961331341866,1,6,2,0.14285714285714285,12,10.0,2.0,0,0,0.09127192650193185,true_negative,487
https://openalex.org/T10120,https://openalex.org/T12786,2015,2016,2020,0.45511961331341866,1,6,2,0.14285714285714285,12,10.0,2.0,0,0,0.09127192650193185,true_negative,488
https://openalex.org/T10371,https://openalex.org/T11313,2015,2016,2020,0.7213475204444817,1,4,6,0.1111111111111111,24,6.0,6.0,0,0,0.08978508807686052,true_negative,489
https://openalex.org/T10867,https://openalex.org/T11652,2015,2016,2020,0.7213475204444817,1,4,6,0.1111111111111111,24,6.0,6.0,0,0,0.08978508807686052,true_negative,490
https://openalex.org/T11652,https://openalex.org/T12535,2015,2016,2020,1.905035915959576,3,6,13,0.1875,78,6.0,17.0,1,0,0.0893113889575733,false_negative,491
https://openalex.org/T10044,https://openalex.org/T12046,2015,2016,2020,0.35295612386476116,1,16,4,0.05263157894736842,64,38.0,8.0,0,0,0.08912425736006174,true_negative,492
https://openalex.org/T10057,https://openalex.org/T10522,2015,2016,2020,0.4170323914242463,1,8,8,0.06666666666666667,64,20.0,8.0,0,0,0.08787481311336102,true_negative,493
https://openalex.org/T10222,https://openalex.org/T10621,2015,2016,2020,0.6566437235409995,2,11,6,0.13333333333333333,66,16.0,6.0,0,0,0.08667228776257457,true_negative,494
https://openalex.org/T10222,https://openalex.org/T11269,2015,2016,2020,1.4825807872320804,4,11,9,0.25,99,16.0,16.0,0,0,0.08664333646219459,true_negative,495
https://openalex.org/T10012,https://openalex.org/T11482,2015,2016,2020,1.0531039154928432,3,11,11,0.15789473684210525,121,32.0,26.0,0,0,0.08346969812118155,true_negative,496
https://openalex.org/T10751,https://openalex.org/T11229,2015,2016,2020,0.8513268733274981,2,4,3,0.4,12,4.0,4.0,0,0,0.08294719604764092,true_negative,497
https://openalex.org/T10012,https://openalex.org/T13664,2015,2016,2020,1.9633431421196805,4,11,9,0.25,99,32.0,18.0,0,0,0.08188500384407914,true_negative,498
https://openalex.org/T10064,https://openalex.org/T11791,2015,2016,2020,0.318928988903801,1,12,12,0.043478260869565216,144,16.0,32.0,0,0,0.08118534238063377,true_negative,499
https://openalex.org/T10751,https://openalex.org/T10885,2015,2016,2020,1.2042829971922593,3,4,25,0.11538461538461539,100,4.0,62.0,0,0,0.0808276989069804,true_negative,500
https://openalex.org/T10848,https://openalex.org/T12761,2015,2016,2020,0.5581106265512472,1,2,5,0.16666666666666666,10,4.0,6.0,0,0,0.07962053088126625,true_negative,501
https://openalex.org/T10261,https://openalex.org/T12254,2015,2016,2020,0.9086517694592305,3,17,4,0.16666666666666666,68,32.0,16.0,0,0,0.07737078526828034,true_negative,502
https://openalex.org/T10206,https://openalex.org/T12880,2015,2016,2020,1.5629196276297104,3,24,18,0.07692307692307693,432,78.0,26.0,0,0,0.07551553626971473,true_negative,503
https://openalex.org/T10824,https://openalex.org/T13114,2015,2016,2020,0.45511961331341866,1,5,6,0.1,30,6.0,6.0,0,0,0.07481131379973757,true_negative,504
https://openalex.org/T10344,https://openalex.org/T12880,2015,2016,2020,0.9360179602764065,2,4,18,0.1,72,6.0,26.0,0,0,0.0742771212210804,true_negative,505
https://openalex.org/T10010,https://openalex.org/T13283,2015,2016,2020,0.45511961331341866,1,7,17,0.043478260869565216,119,8.0,19.0,0,0,0.07418260562962664,true_negative,506
https://openalex.org/T10222,https://openalex.org/T12859,2015,2016,2020,0.5979843021794247,2,11,6,0.13333333333333333,66,16.0,8.0,0,0,0.07230829391514366,true_negative,508
https://openalex.org/T10222,https://openalex.org/T11710,2015,2016,2020,0.6295964561836069,2,11,6,0.13333333333333333,66,16.0,8.0,0,0,0.07230829391514366,true_negative,507
https://openalex.org/T11901,https://openalex.org/T13283,2015,2016,2020,0.8048592087636893,2,4,17,0.10526315789473684,68,4.0,19.0,0,0,0.07215079712037051,true_negative,509
https://openalex.org/T10434,https://openalex.org/T11642,2015,2016,2020,1.0420639609610636,3,9,11,0.17647058823529413,99,14.0,26.0,0,0,0.0711222629790911,true_negative,510
https://openalex.org/T10472,https://openalex.org/T11272,2015,2016,2020,0.814706547658322,2,4,2,0.5,8,4.0,4.0,0,0,0.07106292521788872,true_negative,511
https://openalex.org/T13141,https://openalex.org/T13309,2015,2016,2020,1.2426698691192237,2,6,9,0.15384615384615385,54,7.0,20.0,0,0,0.06976315898486384,true_negative,512
https://openalex.org/T10715,https://openalex.org/T10887,2015,2016,2020,0.2790553132756236,1,2,23,0.041666666666666664,46,2.0,50.0,0,0,0.06800580942817616,true_negative,514
https://openalex.org/T10602,https://openalex.org/T10887,2015,2016,2020,0.2790553132756236,1,2,23,0.041666666666666664,46,2.0,50.0,0,0,0.06800580942817616,true_negative,513
https://openalex.org/T10002,https://openalex.org/T10939,2015,2016,2020,1.631586747071319,3,16,3,0.1875,48,28.0,4.0,0,0,0.06775564212765484,true_negative,515
https://openalex.org/T10521,https://openalex.org/T10715,2015,2016,2020,0.2790553132756236,1,18,2,0.05263157894736842,36,50.0,2.0,0,0,0.06545798646016497,true_negative,517
https://openalex.org/T10521,https://openalex.org/T11879,2015,2016,2020,0.2790553132756236,1,18,2,0.05263157894736842,36,50.0,2.0,0,0,0.06545798646016497,true_negative,519
https://openalex.org/T10521,https://openalex.org/T11470,2015,2016,2020,0.2790553132756236,1,18,2,0.05263157894736842,36,50.0,2.0,0,0,0.06545798646016497,true_negative,518
https://openalex.org/T10521,https://openalex.org/T10602,2015,2016,2020,0.2790553132756236,1,18,2,0.05263157894736842,36,50.0,2.0,0,0,0.06545798646016497,true_negative,516
https://openalex.org/T10521,https://openalex.org/T12134,2015,2016,2020,0.2790553132756236,1,18,2,0.05263157894736842,36,50.0,2.0,0,0,0.06545798646016497,true_negative,520
https://openalex.org/T10594,https://openalex.org/T11229,2015,2016,2020,0.8513268733274981,2,3,3,0.5,9,4.0,4.0,0,0,0.06370221451828267,true_negative,521
https://openalex.org/T10066,https://openalex.org/T11710,2015,2016,2020,0.31066746727980593,1,12,6,0.058823529411764705,72,26.0,8.0,0,0,0.06365994005036908,true_negative,522
https://openalex.org/T10066,https://openalex.org/T12859,2015,2016,2020,0.2790553132756236,1,12,6,0.058823529411764705,72,26.0,8.0,0,0,0.06365994005036908,true_negative,523
https://openalex.org/T10222,https://openalex.org/T11468,2015,2016,2020,1.3849821844302128,4,11,10,0.23529411764705882,110,16.0,18.0,0,0,0.06343402048783128,true_negative,524
https://openalex.org/T12535,https://openalex.org/T13664,2015,2016,2020,0.45511961331341866,1,13,9,0.047619047619047616,117,17.0,18.0,0,0,0.06183553676357562,true_negative,525
https://openalex.org/T10202,https://openalex.org/T11313,2015,2016,2020,0.45511961331341866,1,3,6,0.125,18,3.0,6.0,0,0,0.06144879583082306,true_negative,527
https://openalex.org/T10202,https://openalex.org/T11020,2015,2016,2020,0.45511961331341866,1,3,6,0.125,18,3.0,6.0,0,0,0.06144879583082306,true_negative,526
https://openalex.org/T10050,https://openalex.org/T13398,2015,2016,2020,0.9273799996201022,2,5,11,0.14285714285714285,55,5.0,13.0,0,0,0.06021767376192071,true_negative,528
https://openalex.org/T10336,https://openalex.org/T10505,2015,2016,2020,1.631586747071319,2,10,6,0.14285714285714285,60,11.0,8.0,0,0,0.05930489966958373,true_negative,529
https://openalex.org/T11542,https://openalex.org/T14484,2015,2016,2020,0.45511961331341866,1,9,2,0.1,18,10.0,2.0,0,0,0.05867675229464044,true_negative,530
https://openalex.org/T10036,https://openalex.org/T13937,2015,2016,2020,0.5581106265512472,1,8,8,0.06666666666666667,64,10.0,12.0,0,0,0.05775626864427712,true_negative,531
https://openalex.org/T10015,https://openalex.org/T10751,2015,2016,2020,1.1870209067132538,3,36,4,0.08108108108108109,144,158.0,4.0,0,0,0.057008758876355224,true_negative,532
https://openalex.org/T10012,https://openalex.org/T11162,2015,2016,2020,0.2790553132756236,1,11,13,0.043478260869565216,143,32.0,28.0,0,0,0.05446276392334334,true_negative,533
https://openalex.org/T10066,https://openalex.org/T10640,2015,2016,2020,0.5138983423697507,1,12,6,0.058823529411764705,72,26.0,6.0,0,0,0.05424510103463433,true_negative,534
https://openalex.org/T11162,https://openalex.org/T12044,2015,2016,2020,0.36067376022224085,1,13,4,0.0625,52,28.0,4.0,0,0,0.054151268798472325,true_negative,535
https://openalex.org/T11287,https://openalex.org/T11407,2015,2016,2020,0.31066746727980593,1,13,4,0.0625,52,20.0,4.0,0,0,0.05320752887157683,true_negative,536
https://openalex.org/T11287,https://openalex.org/T11578,2015,2016,2020,0.2790553132756236,1,13,4,0.0625,52,20.0,4.0,0,0,0.05320752887157683,true_negative,537
https://openalex.org/T10009,https://openalex.org/T10235,2015,2016,2020,0.7213475204444817,1,8,8,0.06666666666666667,64,10.0,8.0,0,0,0.052588694947084264,true_negative,538
https://openalex.org/T10314,https://openalex.org/T11182,2015,2016,2020,0.5581106265512472,1,3,2,0.25,6,4.0,2.0,0,0,0.05235711707303344,true_negative,541
https://openalex.org/T10095,https://openalex.org/T12917,2015,2016,2020,0.5581106265512472,1,3,2,0.25,6,4.0,2.0,0,0,0.05235711707303344,true_negative,540
https://openalex.org/T10314,https://openalex.org/T12892,2015,2016,2020,0.5581106265512472,1,3,2,0.25,6,4.0,2.0,0,0,0.05235711707303344,true_negative,542
https://openalex.org/T11454,https://openalex.org/T12892,2015,2016,2020,0.5581106265512472,1,3,2,0.25,6,4.0,2.0,0,0,0.05235711707303344,true_negative,543
https://openalex.org/T10095,https://openalex.org/T12261,2015,2016,2020,0.5581106265512472,1,3,2,0.25,6,4.0,2.0,0,0,0.05235711707303344,true_negative,539
https://openalex.org/T10066,https://openalex.org/T10243,2015,2016,2020,0.5138983423697507,1,12,12,0.043478260869565216,144,26.0,18.0,0,0,0.05216037354835888,true_negative,544
https://openalex.org/T10002,https://openalex.org/T12046,2015,2016,2020,0.35295612386476116,1,16,4,0.05263157894736842,64,28.0,8.0,0,0,0.052042407939036854,true_negative,545
https://openalex.org/T10157,https://openalex.org/T10629,2015,2016,2020,0.7697775937575435,2,4,16,0.1111111111111111,64,5.0,28.0,0,0,0.05171578373594311,true_negative,546
https://openalex.org/T11639,https://openalex.org/T11744,2015,2016,2020,0.36067376022224085,1,5,6,0.1,30,6.0,20.0,0,0,0.05139194323047325,true_negative,547
https://openalex.org/T10269,https://openalex.org/T10604,2015,2016,2020,0.8340647828484926,2,9,8,0.13333333333333333,72,10.0,20.0,0,0,0.051390254060051536,true_negative,548
https://openalex.org/T12327,https://openalex.org/T12646,2015,2016,2020,0.8157933735356595,2,3,4,0.4,12,4.0,6.0,0,0,0.05136606504850719,true_negative,549
https://openalex.org/T11948,https://openalex.org/T13104,2015,2016,2020,0.36067376022224085,1,17,2,0.05555555555555555,34,24.0,2.0,0,0,0.051357081689949784,true_negative,550
https://openalex.org/T12535,https://openalex.org/T13126,2015,2016,2020,0.35295612386476116,1,13,2,0.07142857142857142,26,17.0,2.0,0,0,0.05049970833743179,true_negative,551
https://openalex.org/T11341,https://openalex.org/T12046,2015,2016,2020,0.814706547658322,2,2,4,0.5,8,2.0,8.0,0,0,0.05019843763014895,true_negative,552
https://openalex.org/T10062,https://openalex.org/T10207,2015,2016,2020,0.5138983423697507,1,5,2,0.16666666666666666,10,6.0,4.0,0,0,0.04984799780455554,true_negative,553
https://openalex.org/T10416,https://openalex.org/T13283,2015,2016,2020,0.31465798044412485,1,5,17,0.047619047619047616,85,6.0,19.0,0,0,0.048799667168464754,true_negative,554
https://openalex.org/T12496,https://openalex.org/T13141,2015,2016,2020,0.45511961331341866,1,2,6,0.14285714285714285,12,2.0,7.0,0,0,0.04842528573292224,true_negative,555
https://openalex.org/T10052,https://openalex.org/T10331,2015,2016,2020,0.48089834696298783,1,6,2,0.14285714285714285,12,6.0,2.0,0,0,0.04807293650320463,true_negative,556
https://openalex.org/T10560,https://openalex.org/T11207,2015,2016,2020,0.48089834696298783,1,6,2,0.14285714285714285,12,6.0,2.0,0,0,0.04807293650320463,true_negative,557
https://openalex.org/T10560,https://openalex.org/T12539,2015,2016,2020,0.48089834696298783,1,6,2,0.14285714285714285,12,6.0,2.0,0,0,0.04807293650320463,true_negative,558
https://openalex.org/T10521,https://openalex.org/T11764,2015,2016,2020,0.2790553132756236,1,18,3,0.05,54,50.0,8.0,0,0,0.047846873695420726,true_negative,559
https://openalex.org/T10044,https://openalex.org/T10353,2015,2016,2020,0.713629884087002,2,16,7,0.09523809523809523,112,38.0,8.0,0,0,0.04779368416457655,true_negative,560
https://openalex.org/T10798,https://openalex.org/T11986,2015,2016,2020,0.35295612386476116,1,9,5,0.07692307692307693,45,24.0,6.0,0,0,0.04737337320124135,true_negative,561
https://openalex.org/T10030,https://openalex.org/T10811,2015,2016,2020,0.45511961331341866,1,2,2,0.3333333333333333,4,2.0,2.0,0,0,0.04663880920513349,true_negative,562
https://openalex.org/T10031,https://openalex.org/T11629,2015,2016,2020,0.45511961331341866,1,2,2,0.3333333333333333,4,2.0,2.0,0,0,0.04663880920513349,true_negative,564
https://openalex.org/T10432,https://openalex.org/T11449,2015,2016,2020,0.45511961331341866,1,2,2,0.3333333333333333,4,2.0,2.0,0,0,0.04663880920513349,true_negative,566
https://openalex.org/T11449,https://openalex.org/T11809,2015,2016,2020,0.45511961331341866,1,2,2,0.3333333333333333,4,2.0,2.0,0,0,0.04663880920513349,true_negative,567
https://openalex.org/T10030,https://openalex.org/T11007,2015,2016,2020,0.45511961331341866,1,2,2,0.3333333333333333,4,2.0,2.0,0,0,0.04663880920513349,true_negative,563
https://openalex.org/T10352,https://openalex.org/T11519,2015,2016,2020,0.45511961331341866,1,2,2,0.3333333333333333,4,2.0,2.0,0,0,0.04663880920513349,true_negative,565
https://openalex.org/T12576,https://openalex.org/T12626,2015,2016,2020,0.45511961331341866,1,2,2,0.3333333333333333,4,2.0,2.0,0,0,0.04663880920513349,true_negative,568
https://openalex.org/T10500,https://openalex.org/T10534,2015,2016,2020,0.7213475204444817,1,11,2,0.08333333333333333,22,20.0,2.0,0,0,0.046525958399001636,true_negative,569
https://openalex.org/T10845,https://openalex.org/T11901,2015,2016,2020,0.8194619958060909,2,3,4,0.4,12,4.0,4.0,0,0,0.04644257831950951,true_negative,570
https://openalex.org/T11871,https://openalex.org/T13283,2015,2016,2020,1.4407969303657029,3,15,17,0.10344827586206896,255,17.0,19.0,0,0,0.046262762229293715,true_negative,571
https://openalex.org/T10182,https://openalex.org/T10261,2015,2016,2020,0.5581106265512472,1,7,17,0.043478260869565216,119,8.0,32.0,0,0,0.04602011595289201,true_negative,572
https://openalex.org/T10857,https://openalex.org/T10932,2015,2016,2020,0.6689265585269037,2,4,6,0.25,24,4.0,8.0,0,0,0.04545442754238265,true_negative,573
https://openalex.org/T11213,https://openalex.org/T11482,2015,2016,2020,1.4618747852930944,4,12,11,0.21052631578947367,132,18.0,26.0,0,0,0.04536986229302469,true_negative,574
https://openalex.org/T10344,https://openalex.org/T10629,2015,2016,2020,0.9360179602764065,2,4,16,0.1111111111111111,64,6.0,28.0,0,0,0.04505862805865642,true_negative,575
https://openalex.org/T11880,https://openalex.org/T13283,2015,2016,2020,0.7316903718683712,2,4,17,0.10526315789473684,68,4.0,19.0,0,0,0.04504726776595089,true_negative,576
https://openalex.org/T10689,https://openalex.org/T13114,2015,2016,2020,0.45511961331341866,1,2,6,0.14285714285714285,12,2.0,6.0,0,0,0.04503095662768295,true_negative,578
https://openalex.org/T10031,https://openalex.org/T13984,2015,2016,2020,0.45511961331341866,1,2,6,0.14285714285714285,12,2.0,6.0,0,0,0.04503095662768295,true_negative,577
https://openalex.org/T10049,https://openalex.org/T10683,2015,2016,2020,0.35295612386476116,1,2,5,0.16666666666666666,10,2.0,10.0,0,0,0.0442472564207478,true_negative,579
https://openalex.org/T10492,https://openalex.org/T10683,2015,2016,2020,0.36067376022224085,1,2,5,0.16666666666666666,10,2.0,10.0,0,0,0.0442472564207478,true_negative,581
https://openalex.org/T10432,https://openalex.org/T10683,2015,2016,2020,0.36067376022224085,1,2,5,0.16666666666666666,10,2.0,10.0,0,0,0.0442472564207478,true_negative,580
https://openalex.org/T12880,https://openalex.org/T13777,2015,2016,2020,0.45511961331341866,1,18,4,0.047619047619047616,72,26.0,4.0,0,0,0.043386335551295487,true_negative,582
https://openalex.org/T10191,https://openalex.org/T12859,2015,2016,2020,0.48089834696298783,1,4,6,0.1111111111111111,24,4.0,8.0,0,0,0.04330528168617717,true_negative,583
https://openalex.org/T10015,https://openalex.org/T10076,2015,2016,2020,0.7213475204444817,1,36,2,0.02702702702702703,72,158.0,2.0,0,0,0.04235503712424577,true_negative,584
https://openalex.org/T10015,https://openalex.org/T12475,2015,2016,2020,0.7213475204444817,1,36,2,0.02702702702702703,72,158.0,2.0,0,0,0.04235503712424577,true_negative,586
https://openalex.org/T10015,https://openalex.org/T10540,2015,2016,2020,0.7213475204444817,1,36,2,0.02702702702702703,72,158.0,2.0,0,0,0.04235503712424577,true_negative,585
https://openalex.org/T10322,https://openalex.org/T11652,2015,2016,2020,0.7213475204444817,1,4,6,0.1111111111111111,24,8.0,6.0,0,0,0.04188940478331769,true_negative,587
https://openalex.org/T10211,https://openalex.org/T10932,2015,2016,2020,1.069473994377322,3,8,6,0.2727272727272727,48,14.0,8.0,0,0,0.041709920326901496,true_negative,588
https://openalex.org/T11482,https://openalex.org/T12859,2015,2016,2020,0.5979843021794247,2,11,6,0.13333333333333333,66,26.0,8.0,0,0,0.04120356381788746,true_negative,590
https://openalex.org/T11482,https://openalex.org/T11710,2015,2016,2020,0.6295964561836069,2,11,6,0.13333333333333333,66,26.0,8.0,0,0,0.04120356381788746,true_negative,589
https://openalex.org/T10261,https://openalex.org/T10836,2015,2016,2020,0.31066746727980593,1,17,7,0.043478260869565216,119,32.0,12.0,0,0,0.04083140559651529,true_negative,591
https://openalex.org/T10320,https://openalex.org/T10836,2015,2016,2020,0.31066746727980593,1,17,7,0.043478260869565216,119,31.0,12.0,0,0,0.04083140559651529,true_negative,592
https://openalex.org/T10878,https://openalex.org/T10932,2015,2016,2020,0.5581106265512472,1,9,6,0.07142857142857142,54,14.0,8.0,0,0,0.04038896061385152,true_negative,593
https://openalex.org/T10878,https://openalex.org/T11289,2015,2016,2020,0.5581106265512472,1,9,6,0.07142857142857142,54,14.0,8.0,0,0,0.04038896061385152,true_negative,594
https://openalex.org/T12443,https://openalex.org/T12880,2015,2016,2020,0.36067376022224085,1,8,18,0.04,144,20.0,26.0,0,0,0.040073597119963,true_negative,595
https://openalex.org/T10136,https://openalex.org/T10320,2015,2016,2020,1.3050640741175197,3,11,17,0.12,187,14.0,31.0,0,0,0.03957888641990678,true_negative,596
https://openalex.org/T12327,https://openalex.org/T12748,2015,2016,2020,0.713629884087002,2,3,4,0.4,12,4.0,4.0,0,0,0.039116306535379515,true_negative,597
https://openalex.org/T10202,https://openalex.org/T11369,2015,2016,2020,0.45511961331341866,1,3,7,0.1111111111111111,21,3.0,10.0,0,0,0.03907825053605038,true_negative,598
https://openalex.org/T10002,https://openalex.org/T11746,2015,2016,2020,0.7213475204444817,1,16,2,0.058823529411764705,32,28.0,2.0,0,0,0.038826947794605986,true_negative,599
https://openalex.org/T10002,https://openalex.org/T14311,2015,2016,2020,0.7213475204444817,1,16,2,0.058823529411764705,32,28.0,2.0,0,0,0.038826947794605986,true_negative,600
https://openalex.org/T12816,https://openalex.org/T14093,2015,2016,2020,0.7213475204444817,1,5,2,0.16666666666666666,10,5.0,2.0,0,0,0.03869266369235119,true_negative,601
https://openalex.org/T11272,https://openalex.org/T12046,2015,2016,2020,0.814706547658322,2,2,4,0.5,8,4.0,8.0,0,0,0.0384048027858831,true_negative,602
https://openalex.org/T12202,https://openalex.org/T13604,2015,2016,2020,0.5138983423697507,1,2,2,0.3333333333333333,4,2.0,2.0,0,0,0.037467709844398095,true_negative,609
https://openalex.org/T10352,https://openalex.org/T12241,2015,2016,2020,0.5138983423697507,1,2,2,0.3333333333333333,4,2.0,2.0,0,0,0.037467709844398095,true_negative,604
https://openalex.org/T10402,https://openalex.org/T12202,2015,2016,2020,0.5138983423697507,1,2,2,0.3333333333333333,4,2.0,2.0,0,0,0.037467709844398095,true_negative,606
https://openalex.org/T10352,https://openalex.org/T13883,2015,2016,2020,0.5138983423697507,1,2,2,0.3333333333333333,4,2.0,2.0,0,0,0.037467709844398095,true_negative,605
https://openalex.org/T12241,https://openalex.org/T13883,2015,2016,2020,0.5138983423697507,1,2,2,0.3333333333333333,4,2.0,2.0,0,0,0.037467709844398095,true_negative,610
https://openalex.org/T11601,https://openalex.org/T11992,2015,2016,2020,0.5138983423697507,1,2,2,0.3333333333333333,4,2.0,2.0,0,0,0.037467709844398095,true_negative,608
https://openalex.org/T10294,https://openalex.org/T10773,2015,2016,2020,0.5138983423697507,1,2,2,0.3333333333333333,4,2.0,2.0,0,0,0.037467709844398095,true_negative,603
https://openalex.org/T11434,https://openalex.org/T11992,2015,2016,2020,0.5138983423697507,1,2,2,0.3333333333333333,4,2.0,2.0,0,0,0.037467709844398095,true_negative,607
https://openalex.org/T10012,https://openalex.org/T11710,2015,2016,2020,0.318928988903801,1,11,6,0.0625,66,32.0,8.0,0,0,0.03676866608533405,true_negative,611
https://openalex.org/T11287,https://openalex.org/T11970,2015,2016,2020,1.4667623960104779,4,13,9,0.2222222222222222,117,20.0,20.0,0,0,0.03660198735056866,true_negative,612
https://openalex.org/T10084,https://openalex.org/T13283,2015,2016,2020,0.31465798044412485,1,2,17,0.05555555555555555,34,2.0,19.0,0,0,0.03607646856456742,true_negative,613
https://openalex.org/T12648,https://openalex.org/T13283,2015,2016,2020,0.31465798044412485,1,2,17,0.05555555555555555,34,2.0,19.0,0,0,0.03607646856456742,true_negative,615
https://openalex.org/T11071,https://openalex.org/T13283,2015,2016,2020,0.31465798044412485,1,2,17,0.05555555555555555,34,2.0,19.0,0,0,0.03607646856456742,true_negative,614
https://openalex.org/T11287,https://openalex.org/T11986,2015,2016,2020,0.2790553132756236,1,13,5,0.058823529411764705,65,20.0,6.0,0,0,0.03578274595940858,true_negative,616
https://openalex.org/T10261,https://openalex.org/T11970,2015,2016,2020,0.9086517694592305,3,17,9,0.13043478260869565,153,32.0,20.0,0,0,0.03557484554919429,true_negative,617
https://openalex.org/T10751,https://openalex.org/T11928,2015,2016,2020,0.7872506057680129,2,4,3,0.4,12,4.0,4.0,0,0,0.03538290234398114,true_negative,618
https://openalex.org/T11491,https://openalex.org/T14078,2015,2016,2020,0.45511961331341866,1,3,4,0.16666666666666666,12,4.0,10.0,0,0,0.03524599047251469,true_negative,619
https://openalex.org/T10066,https://openalex.org/T10602,2015,2016,2020,0.2790553132756236,1,12,2,0.07692307692307693,24,26.0,2.0,0,0,0.034954148451313914,true_negative,620
https://openalex.org/T10066,https://openalex.org/T11470,2015,2016,2020,0.2790553132756236,1,12,2,0.07692307692307693,24,26.0,2.0,0,0,0.034954148451313914,true_negative,622
https://openalex.org/T10066,https://openalex.org/T10715,2015,2016,2020,0.2790553132756236,1,12,2,0.07692307692307693,24,26.0,2.0,0,0,0.034954148451313914,true_negative,621
https://openalex.org/T11269,https://openalex.org/T11652,2015,2016,2020,0.5138983423697507,1,9,6,0.07142857142857142,54,16.0,6.0,0,0,0.03477001426386852,true_negative,623
https://openalex.org/T10521,https://openalex.org/T10751,2015,2016,2020,0.4170323914242463,1,18,4,0.047619047619047616,72,50.0,4.0,0,0,0.034464746376878616,true_negative,624
https://openalex.org/T10417,https://openalex.org/T11885,2015,2016,2020,0.48089834696298783,1,4,2,0.2,8,4.0,2.0,0,0,0.03442465168228372,true_negative,627
https://openalex.org/T11376,https://openalex.org/T11824,2015,2016,2020,0.48089834696298783,1,4,2,0.2,8,4.0,2.0,0,0,0.03442465168228372,true_negative,628
https://openalex.org/T12315,https://openalex.org/T12783,2015,2016,2020,0.48089834696298783,1,4,2,0.2,8,4.0,2.0,0,0,0.03442465168228372,true_negative,630
https://openalex.org/T11376,https://openalex.org/T14144,2015,2016,2020,0.48089834696298783,1,4,2,0.2,8,4.0,2.0,0,0,0.03442465168228372,true_negative,629
https://openalex.org/T12315,https://openalex.org/T14144,2015,2016,2020,0.48089834696298783,1,4,2,0.2,8,4.0,2.0,0,0,0.03442465168228372,true_negative,631
https://openalex.org/T10417,https://openalex.org/T10844,2015,2016,2020,0.48089834696298783,1,4,2,0.2,8,4.0,2.0,0,0,0.03442465168228372,true_negative,626
https://openalex.org/T10272,https://openalex.org/T11824,2015,2016,2020,0.48089834696298783,1,4,2,0.2,8,4.0,2.0,0,0,0.03442465168228372,true_negative,625
https://openalex.org/T11682,https://openalex.org/T12627,2015,2016,2020,0.33380820069533407,1,2,4,0.2,8,4.0,12.0,0,0,0.03401267174335497,true_negative,633
https://openalex.org/T11272,https://openalex.org/T12627,2015,2016,2020,0.33380820069533407,1,2,4,0.2,8,4.0,12.0,0,0,0.03401267174335497,true_negative,632
https://openalex.org/T10526,https://openalex.org/T11710,2015,2016,2020,0.48089834696298783,1,2,6,0.14285714285714285,12,2.0,8.0,0,0,0.03370014687537946,true_negative,636
https://openalex.org/T10331,https://openalex.org/T12859,2015,2016,2020,0.48089834696298783,1,2,6,0.14285714285714285,12,2.0,8.0,0,0,0.03370014687537946,true_negative,635
https://openalex.org/T10112,https://openalex.org/T11710,2015,2016,2020,0.48089834696298783,1,2,6,0.14285714285714285,12,2.0,8.0,0,0,0.03370014687537946,true_negative,634
https://openalex.org/T10521,https://openalex.org/T12640,2015,2016,2020,0.2790553132756236,1,18,2,0.05263157894736842,36,50.0,4.0,0,0,0.03305410967676906,true_negative,637
https://openalex.org/T10211,https://openalex.org/T10261,2015,2016,2020,0.318928988903801,1,8,17,0.041666666666666664,136,14.0,32.0,0,0,0.03291464211679319,true_negative,638
https://openalex.org/T10078,https://openalex.org/T11007,2015,2016,2020,0.45511961331341866,1,9,2,0.1,18,16.0,2.0,0,0,0.032756001480607845,true_negative,640
https://openalex.org/T10078,https://openalex.org/T10811,2015,2016,2020,0.45511961331341866,1,9,2,0.1,18,16.0,2.0,0,0,0.032756001480607845,true_negative,639
https://openalex.org/T10012,https://openalex.org/T10222,2015,2016,2020,1.4060600393576044,4,11,11,0.2222222222222222,121,32.0,16.0,0,0,0.03223689314712943,true_negative,641
https://openalex.org/T11213,https://openalex.org/T13984,2015,2016,2020,0.8080757371781798,2,12,6,0.125,72,18.0,6.0,0,0,0.03197474333234509,true_negative,642
https://openalex.org/T11287,https://openalex.org/T13779,2015,2016,2020,0.7213475204444817,1,13,2,0.07142857142857142,26,20.0,2.0,0,0,0.03166039184753777,true_negative,643
https://openalex.org/T10207,https://openalex.org/T10621,2015,2016,2020,0.45511961331341866,1,2,6,0.14285714285714285,12,4.0,6.0,0,0,0.031645547396843686,true_negative,644
https://openalex.org/T10857,https://openalex.org/T10885,2015,2016,2020,0.2790553132756236,1,4,25,0.03571428571428571,100,4.0,62.0,0,0,0.031318443297882484,true_negative,645
https://openalex.org/T10416,https://openalex.org/T14374,2015,2016,2020,0.48089834696298783,1,5,5,0.1111111111111111,25,6.0,6.0,0,0,0.030904057132683686,true_negative,646
https://openalex.org/T10036,https://openalex.org/T10320,2015,2016,2020,0.8241657271545318,2,8,17,0.08695652173913043,136,10.0,31.0,0,0,0.030859630958022962,true_negative,647
https://openalex.org/T10594,https://openalex.org/T11928,2015,2016,2020,0.7872506057680129,2,3,3,0.5,9,4.0,4.0,0,0,0.030263704009184503,true_negative,648
https://openalex.org/T12648,https://openalex.org/T12679,2015,2016,2020,0.6753317406663657,2,2,4,0.5,8,2.0,6.0,0,0,0.030044961433694187,true_negative,649
https://openalex.org/T10101,https://openalex.org/T11975,2015,2016,2020,0.7213475204444817,1,3,6,0.125,18,4.0,8.0,0,0,0.029878801081883566,true_negative,650
https://openalex.org/T11181,https://openalex.org/T11975,2015,2016,2020,0.7213475204444817,1,3,6,0.125,18,4.0,8.0,0,0,0.029878801081883566,true_negative,651
https://openalex.org/T10261,https://openalex.org/T10277,2015,2016,2020,0.5581106265512472,1,17,4,0.05,68,32.0,4.0,0,0,0.029852963636033975,true_negative,652
https://openalex.org/T11235,https://openalex.org/T12535,2015,2016,2020,0.7863017644931014,2,10,13,0.09523809523809523,130,14.0,17.0,0,0,0.029766479694324333,true_negative,653
https://openalex.org/T10044,https://openalex.org/T12610,2015,2016,2020,0.3459762562611936,1,16,2,0.058823529411764705,32,38.0,2.0,0,0,0.029618933128144165,true_negative,654
https://openalex.org/T10492,https://openalex.org/T11760,2015,2016,2020,0.6213349345596119,1,2,2,0.3333333333333333,4,2.0,2.0,0,0,0.0292453849919393,true_negative,658
https://openalex.org/T12028,https://openalex.org/T12659,2015,2016,2020,0.6213349345596119,1,2,2,0.3333333333333333,4,2.0,2.0,0,0,0.0292453849919393,true_negative,661
https://openalex.org/T11064,https://openalex.org/T13004,2015,2016,2020,0.6213349345596119,1,2,2,0.3333333333333333,4,2.0,2.0,0,0,0.0292453849919393,true_negative,659
https://openalex.org/T11457,https://openalex.org/T12539,2015,2016,2020,0.6213349345596119,1,2,2,0.3333333333333333,4,2.0,2.0,0,0,0.0292453849919393,true_negative,660
https://openalex.org/T10285,https://openalex.org/T11064,2015,2016,2020,0.6213349345596119,1,2,2,0.3333333333333333,4,2.0,2.0,0,0,0.0292453849919393,true_negative,657
https://openalex.org/T10084,https://openalex.org/T12608,2015,2016,2020,0.6213349345596119,1,2,2,0.3333333333333333,4,2.0,2.0,0,0,0.0292453849919393,true_negative,656
https://openalex.org/T10084,https://openalex.org/T11334,2015,2016,2020,0.6213349345596119,1,2,2,0.3333333333333333,4,2.0,2.0,0,0,0.0292453849919393,true_negative,655
https://openalex.org/T10057,https://openalex.org/T10261,2015,2016,2020,0.31066746727980593,1,8,17,0.041666666666666664,136,20.0,32.0,0,0,0.029215449195092048,true_negative,662
https://openalex.org/T10462,https://openalex.org/T10848,2015,2016,2020,0.5581106265512472,1,4,2,0.2,8,4.0,4.0,0,0,0.029070815099514157,true_negative,664
https://openalex.org/T10054,https://openalex.org/T10848,2015,2016,2020,0.5581106265512472,1,4,2,0.2,8,4.0,4.0,0,0,0.029070815099514157,true_negative,663
https://openalex.org/T10074,https://openalex.org/T11992,2015,2016,2020,0.8477065430650847,2,7,2,0.2857142857142857,14,14.0,2.0,0,0,0.02899422735128828,true_negative,665
https://openalex.org/T10206,https://openalex.org/T12608,2015,2016,2020,0.6213349345596119,1,24,2,0.04,48,78.0,2.0,0,0,0.028774567563004474,true_negative,667
https://openalex.org/T10206,https://openalex.org/T11334,2015,2016,2020,0.6213349345596119,1,24,2,0.04,48,78.0,2.0,0,0,0.028774567563004474,true_negative,666
https://openalex.org/T10521,https://openalex.org/T11881,2015,2016,2020,0.750545005473521,2,18,4,0.1,72,50.0,6.0,0,0,0.028485311368620172,true_negative,668
https://openalex.org/T10015,https://openalex.org/T10878,2015,2016,2020,0.9040868828124409,2,36,9,0.046511627906976744,324,158.0,14.0,1,0,0.028406036188582517,false_negative,669
https://openalex.org/T10434,https://openalex.org/T11986,2015,2016,2020,0.2790553132756236,1,9,5,0.07692307692307693,45,14.0,6.0,0,0,0.028267085250803455,true_negative,670
https://openalex.org/T10394,https://openalex.org/T10560,2015,2016,2020,0.48089834696298783,1,2,6,0.14285714285714285,12,2.0,6.0,0,0,0.027680036977296017,true_negative,671
https://openalex.org/T10400,https://openalex.org/T11652,2015,2016,2020,0.48089834696298783,1,2,6,0.14285714285714285,12,2.0,6.0,0,0,0.027680036977296017,true_negative,672
https://openalex.org/T10416,https://openalex.org/T13398,2015,2016,2020,0.31465798044412485,1,5,11,0.06666666666666667,55,6.0,13.0,0,0,0.027656967567526742,true_negative,673
https://openalex.org/T11468,https://openalex.org/T13398,2015,2016,2020,0.45511961331341866,1,10,11,0.05,110,18.0,13.0,0,0,0.02699165681212205,true_negative,674
https://openalex.org/T10222,https://openalex.org/T10932,2015,2016,2020,0.9086517694592305,3,11,6,0.21428571428571427,66,16.0,8.0,0,0,0.02681070394288255,true_negative,675
https://openalex.org/T10222,https://openalex.org/T11289,2015,2016,2020,0.9086517694592305,3,11,6,0.21428571428571427,66,16.0,8.0,0,0,0.02681070394288255,true_negative,676
https://openalex.org/T10052,https://openalex.org/T10887,2015,2016,2020,0.5581106265512472,1,6,23,0.03571428571428571,138,6.0,50.0,0,0,0.026526886244282025,true_negative,677
https://openalex.org/T10064,https://openalex.org/T12254,2015,2016,2020,0.318928988903801,1,12,4,0.06666666666666667,48,16.0,16.0,0,0,0.0264644823231529,true_negative,678
https://openalex.org/T11791,https://openalex.org/T12592,2015,2016,2020,0.318928988903801,1,12,6,0.058823529411764705,72,32.0,10.0,0,0,0.026428789843892277,true_negative,679
https://openalex.org/T10054,https://openalex.org/T10100,2015,2016,2020,0.5581106265512472,1,4,4,0.14285714285714285,16,4.0,6.0,0,0,0.026298444103350756,true_negative,681
https://openalex.org/T10039,https://openalex.org/T11090,2015,2016,2020,0.5581106265512472,1,4,4,0.14285714285714285,16,4.0,6.0,0,0,0.026298444103350756,true_negative,680
https://openalex.org/T10170,https://openalex.org/T10725,2015,2016,2020,0.5581106265512472,1,2,7,0.125,14,2.0,10.0,0,0,0.026214474629388623,true_negative,682
https://openalex.org/T10209,https://openalex.org/T10235,2015,2016,2020,0.6213349345596119,1,4,8,0.09090909090909091,32,4.0,8.0,0,0,0.026150813159620465,true_negative,683
https://openalex.org/T11981,https://openalex.org/T13283,2015,2016,2020,0.31465798044412485,1,8,17,0.041666666666666664,136,14.0,19.0,0,0,0.025809410626432664,true_negative,684
https://openalex.org/T10323,https://openalex.org/T10662,2015,2016,2020,0.8513268733274981,2,2,4,0.5,8,2.0,4.0,0,0,0.025644568191697935,true_negative,685
https://openalex.org/T11652,https://openalex.org/T12761,2015,2016,2020,0.48089834696298783,1,6,5,0.1,30,6.0,6.0,0,0,0.025270239761670317,true_negative,687
https://openalex.org/T10560,https://openalex.org/T12964,2015,2016,2020,0.48089834696298783,1,6,5,0.1,30,6.0,6.0,0,0,0.025270239761670317,true_negative,686
https://openalex.org/T10015,https://openalex.org/T14393,2015,2016,2020,0.35295612386476116,1,36,4,0.02564102564102564,144,158.0,4.0,0,0,0.025086130454452512,true_negative,688
https://openalex.org/T10066,https://openalex.org/T11482,2015,2016,2020,1.447271998250693,4,12,11,0.21052631578947367,132,26.0,26.0,0,0,0.025028690572456276,true_negative,689
https://openalex.org/T10602,https://openalex.org/T10885,2015,2016,2020,0.2790553132756236,1,2,25,0.038461538461538464,50,2.0,62.0,0,0,0.024930607112763466,true_negative,690
https://openalex.org/T10715,https://openalex.org/T10885,2015,2016,2020,0.2790553132756236,1,2,25,0.038461538461538464,50,2.0,62.0,0,0,0.024930607112763466,true_negative,691
https://openalex.org/T10804,https://openalex.org/T10821,2015,2016,2020,0.7213475204444817,1,17,4,0.05,68,34.0,6.0,0,0,0.024489624578359494,true_negative,692
https://openalex.org/T10044,https://openalex.org/T10434,2015,2016,2020,0.3459762562611936,1,16,9,0.041666666666666664,144,38.0,14.0,0,0,0.024307669454549277,true_negative,693
https://openalex.org/T10057,https://openalex.org/T10621,2015,2016,2020,0.31066746727980593,1,8,6,0.07692307692307693,48,20.0,6.0,0,0,0.023974620147630046,true_negative,694
https://openalex.org/T10742,https://openalex.org/T13283,2015,2016,2020,0.9605402309330919,2,2,17,0.11764705882352941,34,2.0,19.0,0,0,0.023378818281074416,true_negative,695
https://openalex.org/T10683,https://openalex.org/T10887,2015,2016,2020,0.7213475204444817,1,5,23,0.037037037037037035,115,10.0,50.0,0,0,0.023374298877781256,true_negative,696
https://openalex.org/T10012,https://openalex.org/T10120,2015,2016,2020,0.2790553132756236,1,11,6,0.0625,66,32.0,10.0,0,0,0.023338369451824888,true_negative,697
https://openalex.org/T10012,https://openalex.org/T12592,2015,2016,2020,0.318928988903801,1,11,6,0.0625,66,32.0,10.0,0,0,0.023338369451824888,true_negative,698
https://openalex.org/T10629,https://openalex.org/T11071,2015,2016,2020,0.667614104308886,2,16,2,0.125,32,28.0,2.0,0,0,0.022937642489790227,true_negative,699
https://openalex.org/T12443,https://openalex.org/T13283,2015,2016,2020,0.31465798044412485,1,8,17,0.041666666666666664,136,20.0,19.0,0,0,0.022889856057390044,true_negative,700
https://openalex.org/T10066,https://openalex.org/T10434,2015,2016,2020,0.2790553132756236,1,12,9,0.05,108,26.0,14.0,0,0,0.02277816661763065,true_negative,701
https://openalex.org/T11341,https://openalex.org/T12529,2015,2016,2020,0.814706547658322,2,2,4,0.5,8,2.0,4.0,0,0,0.022755492599024547,true_negative,703
https://openalex.org/T10432,https://openalex.org/T10591,2015,2016,2020,0.8157933735356595,2,2,4,0.5,8,2.0,4.0,0,0,0.022755492599024547,true_negative,702
https://openalex.org/T10211,https://openalex.org/T12859,2015,2016,2020,0.318928988903801,1,8,6,0.07692307692307693,48,14.0,8.0,0,0,0.022707855897150846,true_negative,705
https://openalex.org/T10211,https://openalex.org/T11289,2015,2016,2020,0.318928988903801,1,8,6,0.07692307692307693,48,14.0,8.0,0,0,0.022707855897150846,true_negative,704
https://openalex.org/T10084,https://openalex.org/T10629,2015,2016,2020,0.31465798044412485,1,2,16,0.058823529411764705,32,2.0,28.0,0,0,0.022282798656354484,true_negative,706
https://openalex.org/T10096,https://openalex.org/T10798,2015,2016,2020,0.8668544662345119,2,4,9,0.18181818181818182,36,4.0,24.0,0,0,0.02214889025072307,true_negative,707
https://openalex.org/T10515,https://openalex.org/T10885,2015,2016,2020,0.8979307383872341,2,4,25,0.07407407407407407,100,6.0,62.0,0,0,0.02200600993675236,true_negative,708
https://openalex.org/T10416,https://openalex.org/T11981,2015,2016,2020,0.31465798044412485,1,5,8,0.08333333333333333,40,6.0,14.0,0,0,0.021954917903232094,true_negative,709
https://openalex.org/T11071,https://openalex.org/T12574,2015,2016,2020,0.667614104308886,2,2,4,0.5,8,2.0,4.0,0,0,0.021875790176874983,true_negative,710
https://openalex.org/T11272,https://openalex.org/T12529,2015,2016,2020,0.814706547658322,2,2,4,0.5,8,4.0,4.0,0,0,0.021653787123647114,true_negative,711
https://openalex.org/T10434,https://openalex.org/T12303,2015,2016,2020,0.45511961331341866,1,9,2,0.1,18,14.0,2.0,0,0,0.021003410571888623,true_negative,712
https://openalex.org/T10044,https://openalex.org/T13664,2015,2016,2020,0.3459762562611936,1,16,9,0.041666666666666664,144,38.0,18.0,0,0,0.020777965896699297,true_negative,714
https://openalex.org/T10044,https://openalex.org/T11269,2015,2016,2020,0.3459762562611936,1,16,9,0.041666666666666664,144,38.0,16.0,0,0,0.020777965896699297,true_negative,713
https://openalex.org/T10086,https://openalex.org/T12783,2015,2016,2020,0.48089834696298783,1,6,2,0.14285714285714285,12,8.0,2.0,0,0,0.020453161011653887,true_negative,715
https://openalex.org/T10066,https://openalex.org/T11468,2015,2016,2020,0.31066746727980593,1,12,10,0.047619047619047616,120,26.0,18.0,0,0,0.020400208583694728,true_negative,716
https://openalex.org/T10015,https://openalex.org/T10769,2015,2016,2020,0.8069036366755264,2,36,2,0.05555555555555555,72,158.0,2.0,0,0,0.020260443860037163,true_negative,717
https://openalex.org/T12880,https://openalex.org/T12947,2015,2016,2020,0.36067376022224085,1,18,3,0.05,54,26.0,4.0,0,0,0.019886132424185486,true_negative,718
https://openalex.org/T10848,https://openalex.org/T12391,2015,2016,2020,0.7213475204444817,1,2,2,0.3333333333333333,4,4.0,2.0,0,0,0.019582562730932136,true_negative,720
https://openalex.org/T10172,https://openalex.org/T10198,2015,2016,2020,0.7213475204444817,1,2,2,0.3333333333333333,4,4.0,2.0,0,0,0.019582562730932136,true_negative,719
https://openalex.org/T10848,https://openalex.org/T13717,2015,2016,2020,0.7213475204444817,1,2,2,0.3333333333333333,4,4.0,2.0,0,0,0.019582562730932136,true_negative,721
https://openalex.org/T10207,https://openalex.org/T10505,2015,2016,2020,0.45511961331341866,1,2,6,0.14285714285714285,12,4.0,8.0,0,0,0.019135290833668196,true_negative,722
https://openalex.org/T11269,https://openalex.org/T11791,2015,2016,2020,0.7341749265890423,2,9,12,0.10526315789473684,108,16.0,32.0,0,0,0.019034090859286437,true_negative,723
https://openalex.org/T10500,https://openalex.org/T11885,2015,2016,2020,0.48089834696298783,1,11,2,0.08333333333333333,22,20.0,2.0,0,0,0.018897230127589325,true_negative,725
https://openalex.org/T10500,https://openalex.org/T10844,2015,2016,2020,0.48089834696298783,1,11,2,0.08333333333333333,22,20.0,2.0,0,0,0.018897230127589325,true_negative,724
https://openalex.org/T10144,https://openalex.org/T11235,2015,2016,2020,0.35295612386476116,1,3,10,0.08333333333333333,30,4.0,14.0,0,0,0.018732111260086563,true_negative,726
https://openalex.org/T10320,https://openalex.org/T11476,2015,2016,2020,0.7213475204444817,1,17,2,0.05555555555555555,34,31.0,2.0,0,0,0.018731762838036976,true_negative,727
https://openalex.org/T10804,https://openalex.org/T11238,2015,2016,2020,0.7213475204444817,1,17,2,0.05555555555555555,34,34.0,2.0,0,0,0.018731762838036976,true_negative,729
https://openalex.org/T10320,https://openalex.org/T11612,2015,2016,2020,0.7213475204444817,1,17,2,0.05555555555555555,34,31.0,2.0,0,0,0.018731762838036976,true_negative,728
https://openalex.org/T10145,https://openalex.org/T10609,2015,2016,2020,0.48089834696298783,1,2,5,0.16666666666666666,10,2.0,6.0,0,0,0.018619496811927306,true_negative,730
https://openalex.org/T11171,https://openalex.org/T12964,2015,2016,2020,0.48089834696298783,1,2,5,0.16666666666666666,10,2.0,6.0,0,0,0.018619496811927306,true_negative,734
https://openalex.org/T10394,https://openalex.org/T12964,2015,2016,2020,0.48089834696298783,1,2,5,0.16666666666666666,10,2.0,6.0,0,0,0.018619496811927306,true_negative,732
https://openalex.org/T11083,https://openalex.org/T11639,2015,2016,2020,0.48089834696298783,1,2,5,0.16666666666666666,10,2.0,6.0,0,0,0.018619496811927306,true_negative,733
https://openalex.org/T10331,https://openalex.org/T10824,2015,2016,2020,0.48089834696298783,1,2,5,0.16666666666666666,10,2.0,6.0,0,0,0.018619496811927306,true_negative,731
https://openalex.org/T11809,https://openalex.org/T13013,2015,2016,2020,0.45511961331341866,1,2,5,0.16666666666666666,10,2.0,6.0,0,0,0.01816259149892262,true_negative,737
https://openalex.org/T10432,https://openalex.org/T13013,2015,2016,2020,0.45511961331341866,1,2,5,0.16666666666666666,10,2.0,6.0,0,0,0.01816259149892262,true_negative,735
https://openalex.org/T10689,https://openalex.org/T10824,2015,2016,2020,0.45511961331341866,1,2,5,0.16666666666666666,10,2.0,6.0,0,0,0.01816259149892262,true_negative,736
https://openalex.org/T12496,https://openalex.org/T13748,2015,2016,2020,0.45511961331341866,1,2,5,0.16666666666666666,10,2.0,6.0,0,0,0.01816259149892262,true_negative,738
https://openalex.org/T10083,https://openalex.org/T10090,2015,2016,2020,0.7213475204444817,1,20,2,0.047619047619047616,40,52.0,2.0,0,0,0.018161237059168236,true_negative,739
https://openalex.org/T10604,https://openalex.org/T11289,2015,2016,2020,1.0448423938688483,3,8,6,0.2727272727272727,48,20.0,8.0,0,0,0.018089436570358473,true_negative,740
https://openalex.org/T10261,https://openalex.org/T13664,2015,2016,2020,1.0004139065612692,3,17,9,0.13043478260869565,153,32.0,18.0,0,0,0.01803060895177147,true_negative,741
https://openalex.org/T10030,https://openalex.org/T11907,2015,2016,2020,0.45511961331341866,1,2,5,0.16666666666666666,10,2.0,8.0,0,0,0.017923071313820142,true_negative,742
https://openalex.org/T11970,https://openalex.org/T11986,2015,2016,2020,0.2790553132756236,1,9,5,0.07692307692307693,45,20.0,6.0,0,0,0.017724354930579368,true_negative,743
https://openalex.org/T10224,https://openalex.org/T11090,2015,2016,2020,1.631586747071319,2,2,4,0.5,8,2.0,6.0,0,0,0.017594509528799936,true_negative,744
https://openalex.org/T10050,https://openalex.org/T12443,2015,2016,2020,1.0764545478730305,2,5,8,0.18181818181818182,40,5.0,20.0,0,0,0.017590687293324598,true_negative,745
https://openalex.org/T10857,https://openalex.org/T10887,2015,2016,2020,0.2790553132756236,1,4,23,0.038461538461538464,92,4.0,50.0,0,0,0.01737722398535104,true_negative,746
https://openalex.org/T11639,https://openalex.org/T12816,2015,2016,2020,0.48089834696298783,1,5,5,0.1111111111111111,25,6.0,5.0,0,0,0.01734523964361187,true_negative,747
https://openalex.org/T12114,https://openalex.org/T13283,2015,2016,2020,1.4407969303657029,3,9,17,0.13043478260869565,153,10.0,19.0,0,0,0.0171555333865211,true_negative,748
https://openalex.org/T10594,https://openalex.org/T10887,2015,2016,2020,1.2042829971922593,3,3,23,0.13043478260869565,69,4.0,50.0,0,0,0.01704422663158295,true_negative,749
https://openalex.org/T11213,https://openalex.org/T12114,2015,2016,2020,0.7449619491830577,2,12,9,0.10526315789473684,108,18.0,10.0,0,0,0.0170135744168233,true_negative,750
https://openalex.org/T10519,https://openalex.org/T10640,2015,2016,2020,0.5138983423697507,1,4,6,0.1111111111111111,24,8.0,6.0,0,0,0.016814385108175945,true_negative,751
https://openalex.org/T10804,https://openalex.org/T12679,2015,2016,2020,0.6753317406663657,2,17,4,0.10526315789473684,68,34.0,6.0,0,0,0.016726136074275956,true_negative,752
https://openalex.org/T10878,https://openalex.org/T13937,2015,2016,2020,0.5581106265512472,1,9,8,0.0625,72,14.0,12.0,0,0,0.01652495809180523,true_negative,753
https://openalex.org/T10995,https://openalex.org/T12646,2015,2016,2020,0.45511961331341866,1,3,4,0.16666666666666666,12,3.0,6.0,0,0,0.016428803162600134,true_negative,754
https://openalex.org/T10351,https://openalex.org/T11457,2015,2016,2020,0.6213349345596119,1,5,2,0.16666666666666666,10,6.0,2.0,0,0,0.01638564994943746,true_negative,755
https://openalex.org/T10012,https://openalex.org/T11791,2015,2016,2020,0.5979843021794247,2,11,12,0.09523809523809523,132,32.0,32.0,0,0,0.016309349612855076,true_negative,756
https://openalex.org/T10640,https://openalex.org/T10765,2015,2016,2020,0.4170323914242463,1,6,2,0.14285714285714285,12,6.0,2.0,0,0,0.01627772665771815,true_negative,758
https://openalex.org/T10640,https://openalex.org/T10643,2015,2016,2020,0.4170323914242463,1,6,2,0.14285714285714285,12,6.0,2.0,0,0,0.01627772665771815,true_negative,757
https://openalex.org/T11468,https://openalex.org/T11791,2015,2016,2020,0.6295964561836069,2,10,12,0.1,120,18.0,32.0,0,0,0.01611346978141971,true_negative,759
https://openalex.org/T10243,https://openalex.org/T11542,2015,2016,2020,0.667614104308886,2,12,9,0.10526315789473684,108,18.0,10.0,0,0,0.015746987521260105,true_negative,760
https://openalex.org/T10207,https://openalex.org/T10587,2015,2016,2020,0.5138983423697507,1,2,6,0.14285714285714285,12,4.0,6.0,0,0,0.015736053088110324,true_negative,761
https://openalex.org/T10012,https://openalex.org/T10537,2015,2016,2020,0.5581106265512472,1,11,2,0.08333333333333333,22,32.0,2.0,0,0,0.015547877387673563,true_negative,762
https://openalex.org/T10932,https://openalex.org/T11642,2015,2016,2020,0.9086517694592305,3,6,11,0.21428571428571427,66,8.0,26.0,0,0,0.015490410234661018,true_negative,764
https://openalex.org/T10932,https://openalex.org/T11482,2015,2016,2020,0.9086517694592305,3,6,11,0.21428571428571427,66,8.0,26.0,0,0,0.015490410234661018,true_negative,763
https://openalex.org/T11590,https://openalex.org/T11744,2015,2016,2020,0.36067376022224085,1,2,6,0.14285714285714285,12,2.0,20.0,0,0,0.015365281669394442,true_negative,766
https://openalex.org/T10496,https://openalex.org/T11744,2015,2016,2020,0.35295612386476116,1,2,6,0.14285714285714285,12,2.0,20.0,0,0,0.015365281669394442,true_negative,765
https://openalex.org/T10604,https://openalex.org/T13937,2015,2016,2020,0.2790553132756236,1,8,8,0.06666666666666667,64,20.0,12.0,0,0,0.01529088352732425,true_negative,767
https://openalex.org/T10054,https://openalex.org/T12761,2015,2016,2020,0.5581106265512472,1,4,5,0.125,20,4.0,6.0,0,0,0.015162075222083893,true_negative,768
https://openalex.org/T10057,https://openalex.org/T10688,2015,2016,2020,1.1870209067132538,3,8,10,0.2,80,20.0,12.0,0,0,0.014953511495883877,true_negative,769
https://openalex.org/T11491,https://openalex.org/T11668,2015,2016,2020,0.5581106265512472,1,3,4,0.16666666666666666,12,4.0,6.0,0,0,0.01481127349176825,true_negative,770
https://openalex.org/T11090,https://openalex.org/T12261,2015,2016,2020,0.5581106265512472,1,4,2,0.2,8,6.0,2.0,0,0,0.014735907809409114,true_negative,774
https://openalex.org/T11090,https://openalex.org/T12917,2015,2016,2020,0.5581106265512472,1,4,2,0.2,8,6.0,2.0,0,0,0.014735907809409114,true_negative,775
https://openalex.org/T10176,https://openalex.org/T10379,2015,2016,2020,0.5581106265512472,1,4,2,0.2,8,6.0,2.0,0,0,0.014735907809409114,true_negative,771
https://openalex.org/T10176,https://openalex.org/T11190,2015,2016,2020,0.5581106265512472,1,4,2,0.2,8,6.0,2.0,0,0,0.014735907809409114,true_negative,772
https://openalex.org/T10218,https://openalex.org/T13429,2015,2016,2020,0.5581106265512472,1,4,2,0.2,8,6.0,2.0,0,0,0.014735907809409114,true_negative,773
https://openalex.org/T10261,https://openalex.org/T11048,2015,2016,2020,0.2790553132756236,1,17,3,0.05263157894736842,51,32.0,4.0,0,0,0.014694475924265636,true_negative,776
https://openalex.org/T10521,https://openalex.org/T11710,2015,2016,2020,0.6295964561836069,2,18,6,0.09090909090909091,108,50.0,8.0,0,0,0.014340478415824842,true_negative,777
https://openalex.org/T10521,https://openalex.org/T12859,2015,2016,2020,0.5979843021794247,2,18,6,0.09090909090909091,108,50.0,8.0,0,0,0.014340478415824842,true_negative,778
https://openalex.org/T10064,https://openalex.org/T11468,2015,2016,2020,0.318928988903801,1,12,10,0.047619047619047616,120,16.0,18.0,0,0,0.01433801036443465,true_negative,779
https://openalex.org/T10015,https://openalex.org/T11772,2015,2016,2020,0.7553857282466059,2,36,2,0.05555555555555555,72,158.0,2.0,0,0,0.014117723494033434,true_negative,780
https://openalex.org/T10824,https://openalex.org/T11307,2015,2016,2020,0.9360179602764065,2,5,10,0.15384615384615385,50,6.0,14.0,0,0,0.013804745719687725,true_negative,781
https://openalex.org/T10064,https://openalex.org/T12292,2015,2016,2020,0.7213475204444817,1,12,2,0.07692307692307693,24,16.0,2.0,0,0,0.01374981716692084,true_negative,782
https://openalex.org/T11269,https://openalex.org/T11986,2015,2016,2020,0.2790553132756236,1,9,5,0.07692307692307693,45,16.0,6.0,0,0,0.013629647749743292,true_negative,783
https://openalex.org/T10640,https://openalex.org/T11871,2015,2016,2020,0.872152004737665,2,6,15,0.10526315789473684,90,6.0,17.0,0,0,0.013589002011241713,true_negative,784
https://openalex.org/T12535,https://openalex.org/T13398,2015,2016,2020,0.36926937306885504,1,13,11,0.043478260869565216,143,17.0,13.0,0,0,0.013505578866067361,true_negative,785
https://openalex.org/T10379,https://openalex.org/T12140,2015,2016,2020,0.5581106265512472,1,2,2,0.3333333333333333,4,2.0,4.0,0,0,0.013426220732755118,true_negative,786
https://openalex.org/T11190,https://openalex.org/T12140,2015,2016,2020,0.5581106265512472,1,2,2,0.3333333333333333,4,2.0,4.0,0,0,0.013426220732755118,true_negative,787
https://openalex.org/T11639,https://openalex.org/T12880,2015,2016,2020,0.36067376022224085,1,5,18,0.045454545454545456,90,6.0,26.0,0,0,0.013221567701984393,true_negative,788
https://openalex.org/T10036,https://openalex.org/T10057,2015,2016,2020,0.8241657271545318,2,8,8,0.14285714285714285,64,10.0,20.0,0,0,0.0129853551532924,true_negative,789
https://openalex.org/T10751,https://openalex.org/T11577,2015,2016,2020,0.7699885152890075,2,4,6,0.25,24,4.0,6.0,0,0,0.012943397257132684,true_negative,790
https://openalex.org/T10057,https://openalex.org/T10932,2015,2016,2020,0.31066746727980593,1,8,6,0.07692307692307693,48,20.0,8.0,0,0,0.012900309226856792,true_negative,791
https://openalex.org/T10604,https://openalex.org/T11710,2015,2016,2020,0.31066746727980593,1,8,6,0.07692307692307693,48,20.0,8.0,0,0,0.012900309226856792,true_negative,794
https://openalex.org/T10057,https://openalex.org/T11710,2015,2016,2020,0.31066746727980593,1,8,6,0.07692307692307693,48,20.0,8.0,0,0,0.012900309226856792,true_negative,793
https://openalex.org/T10604,https://openalex.org/T12859,2015,2016,2020,0.2790553132756236,1,8,6,0.07692307692307693,48,20.0,8.0,0,0,0.012900309226856792,true_negative,795
https://openalex.org/T10057,https://openalex.org/T11289,2015,2016,2020,0.31066746727980593,1,8,6,0.07692307692307693,48,20.0,8.0,0,0,0.012900309226856792,true_negative,792
https://openalex.org/T11289,https://openalex.org/T11791,2015,2016,2020,1.3637713827726492,4,6,12,0.2857142857142857,72,8.0,32.0,0,0,0.012765347342334548,true_negative,796
https://openalex.org/T10382,https://openalex.org/T10663,2015,2016,2020,0.48089834696298783,1,5,3,0.14285714285714285,15,6.0,8.0,0,0,0.012701739160486671,true_negative,797
https://openalex.org/T10382,https://openalex.org/T11948,2015,2016,2020,0.36067376022224085,1,5,17,0.047619047619047616,85,6.0,24.0,0,0,0.012696363726057919,true_negative,799
https://openalex.org/T10303,https://openalex.org/T11948,2015,2016,2020,0.36067376022224085,1,5,17,0.047619047619047616,85,6.0,24.0,0,0,0.012696363726057919,true_negative,798
https://openalex.org/T10066,https://openalex.org/T13664,2015,2016,2020,0.6814849176574682,2,12,9,0.10526315789473684,108,26.0,18.0,0,0,0.012566551118163592,true_negative,800
https://openalex.org/T10887,https://openalex.org/T11269,2015,2016,2020,1.080151182850236,3,23,9,0.10344827586206896,207,50.0,16.0,0,0,0.012506327330597295,true_negative,801
https://openalex.org/T10885,https://openalex.org/T11269,2015,2016,2020,1.0274611739186619,3,25,9,0.0967741935483871,225,62.0,16.0,0,0,0.012505814105356883,true_negative,802
https://openalex.org/T10120,https://openalex.org/T11162,2015,2016,2020,1.5438159563103053,4,6,13,0.26666666666666666,78,10.0,28.0,0,0,0.012495792913884633,true_negative,803
https://openalex.org/T10804,https://openalex.org/T12648,2015,2016,2020,0.6753317406663657,2,17,2,0.11764705882352941,34,34.0,2.0,0,0,0.01225153577690059,true_negative,804
https://openalex.org/T10522,https://openalex.org/T11287,2015,2016,2020,0.7213475204444817,1,8,13,0.05,104,8.0,20.0,0,0,0.012234627800375866,true_negative,805
https://openalex.org/T10066,https://openalex.org/T11970,2015,2016,2020,0.9921523849372742,3,12,9,0.16666666666666666,108,26.0,20.0,0,0,0.011987554848869786,true_negative,806
https://openalex.org/T10049,https://openalex.org/T10211,2015,2016,2020,0.35295612386476116,1,2,8,0.1111111111111111,16,2.0,14.0,0,0,0.01196276541165229,true_negative,807
https://openalex.org/T11944,https://openalex.org/T11981,2015,2016,2020,0.36067376022224085,1,2,8,0.1111111111111111,16,2.0,14.0,0,0,0.01196276541165229,true_negative,809
https://openalex.org/T11590,https://openalex.org/T11981,2015,2016,2020,0.36067376022224085,1,2,8,0.1111111111111111,16,2.0,14.0,0,0,0.01196276541165229,true_negative,808
https://openalex.org/T12496,https://openalex.org/T13398,2015,2016,2020,1.013230239864666,2,2,11,0.18181818181818182,22,2.0,13.0,0,0,0.011363386073507663,true_negative,810
https://openalex.org/T10416,https://openalex.org/T11542,2015,2016,2020,0.31465798044412485,1,5,9,0.07692307692307693,45,6.0,10.0,0,0,0.011214108230447512,true_negative,811
https://openalex.org/T11162,https://openalex.org/T12254,2015,2016,2020,0.6250315695368172,2,13,4,0.13333333333333333,52,28.0,16.0,0,0,0.011144748487063653,true_negative,812
https://openalex.org/T10064,https://openalex.org/T10222,2015,2016,2020,0.318928988903801,1,12,11,0.045454545454545456,132,16.0,16.0,0,0,0.011119438157650346,true_negative,813
https://openalex.org/T10885,https://openalex.org/T11307,2015,2016,2020,0.833854470827749,2,25,10,0.06060606060606061,250,62.0,14.0,0,0,0.011113807457664899,true_negative,815
https://openalex.org/T10206,https://openalex.org/T12010,2015,2016,2020,0.8415721071852287,2,24,9,0.06451612903225806,216,78.0,16.0,0,0,0.011113807457664899,true_negative,814
https://openalex.org/T11369,https://openalex.org/T12103,2015,2016,2020,0.5138983423697507,1,7,2,0.125,14,10.0,2.0,0,0,0.011099702710114906,true_negative,816
https://openalex.org/T10885,https://openalex.org/T11447,2015,2016,2020,0.833854470827749,2,25,10,0.06060606060606061,250,62.0,13.0,0,0,0.01109246429696751,true_negative,817
https://openalex.org/T10066,https://openalex.org/T11642,2015,2016,2020,0.5897227805554295,2,12,11,0.09523809523809523,132,26.0,26.0,0,0,0.010895744457745155,true_negative,818
https://openalex.org/T10798,https://openalex.org/T13104,2015,2016,2020,0.36067376022224085,1,9,2,0.1,18,24.0,2.0,0,0,0.010799791532905015,true_negative,819
https://openalex.org/T12554,https://openalex.org/T13984,2015,2016,2020,0.7213475204444817,1,2,6,0.14285714285714285,12,2.0,6.0,0,0,0.010736415513503612,true_negative,820
https://openalex.org/T10015,https://openalex.org/T12303,2015,2016,2020,0.45511961331341866,1,36,2,0.02702702702702703,72,158.0,2.0,0,0,0.010671488463406962,true_negative,821
https://openalex.org/T10596,https://openalex.org/T11011,2015,2016,2020,0.7213475204444817,1,3,5,0.14285714285714285,15,4.0,8.0,0,0,0.010630906499299127,true_negative,822
https://openalex.org/T11639,https://openalex.org/T11981,2015,2016,2020,0.36067376022224085,1,5,8,0.08333333333333333,40,6.0,14.0,0,0,0.01062038978595375,true_negative,823
https://openalex.org/T10336,https://openalex.org/T11642,2015,2016,2020,0.3898712452512801,1,10,11,0.05,110,11.0,26.0,0,0,0.010581182407656495,true_negative,824
https://openalex.org/T11482,https://openalex.org/T12592,2015,2016,2020,0.318928988903801,1,11,6,0.0625,66,26.0,10.0,0,0,0.010429086340657248,true_negative,825
https://openalex.org/T11642,https://openalex.org/T12592,2015,2016,2020,0.318928988903801,1,11,6,0.0625,66,26.0,10.0,0,0,0.010429086340657248,true_negative,826
https://openalex.org/T10015,https://openalex.org/T10123,2015,2016,2020,0.3898712452512801,1,36,2,0.02702702702702703,72,158.0,2.0,0,0,0.010415583947419843,true_negative,827
https://openalex.org/T10537,https://openalex.org/T13398,2015,2016,2020,0.35295612386476116,1,2,11,0.08333333333333333,22,2.0,13.0,0,0,0.010408773910616658,true_negative,828
https://openalex.org/T11519,https://openalex.org/T13398,2015,2016,2020,0.35295612386476116,1,2,11,0.08333333333333333,22,2.0,13.0,0,0,0.010408773910616658,true_negative,830
https://openalex.org/T10853,https://openalex.org/T13398,2015,2016,2020,0.35295612386476116,1,2,11,0.08333333333333333,22,2.0,13.0,0,0,0.010408773910616658,true_negative,829
https://openalex.org/T10010,https://openalex.org/T11519,2015,2016,2020,0.45511961331341866,1,7,2,0.125,14,8.0,2.0,0,0,0.010357044883899352,true_negative,831
https://openalex.org/T10538,https://openalex.org/T12303,2015,2016,2020,0.45511961331341866,1,7,2,0.125,14,7.0,2.0,0,0,0.010357044883899352,true_negative,833
https://openalex.org/T10182,https://openalex.org/T14484,2015,2016,2020,0.45511961331341866,1,7,2,0.125,14,8.0,2.0,0,0,0.010357044883899352,true_negative,832
https://openalex.org/T11213,https://openalex.org/T11970,2015,2016,2020,0.5897227805554295,2,12,9,0.10526315789473684,108,18.0,20.0,0,0,0.01028913878062582,true_negative,834
https://openalex.org/T10062,https://openalex.org/T10521,2015,2016,2020,0.45511961331341866,1,5,18,0.045454545454545456,90,6.0,50.0,0,0,0.010259263073325715,true_negative,835
https://openalex.org/T10887,https://openalex.org/T11577,2015,2016,2020,0.7699885152890075,2,23,6,0.07407407407407407,138,50.0,6.0,0,0,0.01011335876192828,true_negative,836
https://openalex.org/T10006,https://openalex.org/T12137,2015,2016,2020,0.5581106265512472,1,4,4,0.14285714285714285,16,4.0,4.0,0,0,0.010052861444834268,true_negative,837
https://openalex.org/T10039,https://openalex.org/T12056,2015,2016,2020,0.5581106265512472,1,4,4,0.14285714285714285,16,4.0,4.0,0,0,0.010052861444834268,true_negative,838
https://openalex.org/T10054,https://openalex.org/T10462,2015,2016,2020,0.5581106265512472,1,4,4,0.14285714285714285,16,4.0,4.0,0,0,0.010052861444834268,true_negative,839
https://openalex.org/T10277,https://openalex.org/T14393,2015,2016,2020,0.5581106265512472,1,4,4,0.14285714285714285,16,4.0,4.0,0,0,0.010052861444834268,true_negative,840
https://openalex.org/T11141,https://openalex.org/T12820,2015,2016,2020,0.5581106265512472,1,4,4,0.14285714285714285,16,4.0,4.0,0,0,0.010052861444834268,true_negative,841
https://openalex.org/T10084,https://openalex.org/T10804,2015,2016,2020,0.31465798044412485,1,2,17,0.05555555555555555,34,2.0,34.0,0,0,0.010039379839350547,true_negative,842
https://openalex.org/T11482,https://openalex.org/T11986,2015,2016,2020,0.2790553132756236,1,11,5,0.06666666666666667,55,26.0,6.0,0,0,0.010004850254559014,true_negative,843
https://openalex.org/T10885,https://openalex.org/T11512,2015,2016,2020,0.833854470827749,2,25,8,0.06451612903225806,200,62.0,10.0,0,0,0.01000219110836688,true_negative,844
https://openalex.org/T10640,https://openalex.org/T13141,2015,2016,2020,0.872152004737665,2,6,6,0.2,36,6.0,7.0,0,0,0.009970196533380316,true_negative,845
https://openalex.org/T10066,https://openalex.org/T10120,2015,2016,2020,0.2790553132756236,1,12,6,0.058823529411764705,72,26.0,10.0,0,0,0.00992766079175348,true_negative,846
https://openalex.org/T11162,https://openalex.org/T13937,2015,2016,2020,0.2790553132756236,1,13,8,0.05,104,28.0,12.0,0,0,0.009921193506605499,true_negative,847
https://openalex.org/T10581,https://openalex.org/T11739,2015,2016,2020,0.43429448190325176,1,6,2,0.14285714285714285,12,16.0,2.0,0,0,0.00989294887989799,true_negative,848
https://openalex.org/T10581,https://openalex.org/T12303,2015,2016,2020,0.43429448190325176,1,6,2,0.14285714285714285,12,16.0,2.0,0,0,0.00989294887989799,true_negative,849
https://openalex.org/T10206,https://openalex.org/T12947,2015,2016,2020,1.1687494974004207,3,24,3,0.125,72,78.0,4.0,0,0,0.009785873617871073,true_negative,850
https://openalex.org/T10044,https://openalex.org/T11970,2015,2016,2020,0.3459762562611936,1,16,9,0.041666666666666664,144,38.0,20.0,0,0,0.009716432883607493,true_negative,851
https://openalex.org/T10012,https://openalex.org/T10064,2015,2016,2020,0.318928988903801,1,11,12,0.045454545454545456,132,32.0,16.0,0,0,0.009641560200834072,true_negative,852
https://openalex.org/T10609,https://openalex.org/T10677,2015,2016,2020,0.48089834696298783,1,5,3,0.14285714285714285,15,6.0,4.0,0,0,0.009598213142691582,true_negative,853
https://openalex.org/T10066,https://openalex.org/T11629,2015,2016,2020,0.45511961331341866,1,12,2,0.07692307692307693,24,26.0,2.0,0,0,0.009480033833386218,true_negative,854
https://openalex.org/T10206,https://openalex.org/T10643,2015,2016,2020,0.4170323914242463,1,24,2,0.04,48,78.0,2.0,0,0,0.00935923807525022,true_negative,855
https://openalex.org/T10206,https://openalex.org/T10765,2015,2016,2020,0.4170323914242463,1,24,2,0.04,48,78.0,2.0,0,0,0.00935923807525022,true_negative,856
https://openalex.org/T10066,https://openalex.org/T11879,2015,2016,2020,0.6814849176574682,2,12,2,0.16666666666666666,24,26.0,2.0,0,0,0.009233261139142508,true_negative,857
https://openalex.org/T10066,https://openalex.org/T12134,2015,2016,2020,0.6814849176574682,2,12,2,0.16666666666666666,24,26.0,2.0,0,0,0.009233261139142508,true_negative,858
https://openalex.org/T10157,https://openalex.org/T11542,2015,2016,2020,0.7697775937575435,2,4,9,0.18181818181818182,36,5.0,10.0,0,0,0.009197728678924629,true_negative,859
https://openalex.org/T10261,https://openalex.org/T10434,2015,2016,2020,1.113120096124116,3,17,9,0.13043478260869565,153,32.0,14.0,0,0,0.009083105571357619,true_negative,860
https://openalex.org/T10725,https://openalex.org/T11848,2015,2016,2020,0.5581106265512472,1,7,2,0.125,14,10.0,2.0,0,0,0.009043193087153487,true_negative,862
https://openalex.org/T10725,https://openalex.org/T10915,2015,2016,2020,0.5581106265512472,1,7,2,0.125,14,10.0,2.0,0,0,0.009043193087153487,true_negative,861
https://openalex.org/T10604,https://openalex.org/T13664,2015,2016,2020,0.6250315695368172,2,8,9,0.13333333333333333,72,20.0,18.0,0,0,0.008612045099682109,true_negative,864
https://openalex.org/T10604,https://openalex.org/T11269,2015,2016,2020,0.6250315695368172,2,8,9,0.13333333333333333,72,20.0,16.0,0,0,0.008612045099682109,true_negative,863
https://openalex.org/T10198,https://openalex.org/T10372,2015,2016,2020,0.7213475204444817,1,2,2,0.3333333333333333,4,2.0,4.0,0,0,0.008572162179259315,true_negative,865
https://openalex.org/T11287,https://openalex.org/T11791,2015,2016,2020,0.9086517694592305,3,13,12,0.13636363636363635,156,20.0,32.0,0,0,0.008520525536477275,true_negative,866
https://openalex.org/T10320,https://openalex.org/T12761,2015,2016,2020,1.5921171126587497,3,17,5,0.15789473684210525,85,31.0,6.0,0,0,0.00846910831045292,true_negative,867
https://openalex.org/T12168,https://openalex.org/T12574,2015,2016,2020,0.667614104308886,2,3,4,0.4,12,4.0,4.0,0,0,0.008432864906898025,true_negative,868
https://openalex.org/T10136,https://openalex.org/T13398,2015,2016,2020,0.7716989774506997,2,11,11,0.1,121,14.0,13.0,0,0,0.008337622437450384,true_negative,869
https://openalex.org/T10012,https://openalex.org/T10885,2015,2016,2020,1.3852349079474375,4,11,25,0.125,275,32.0,62.0,0,0,0.008307458860401674,true_negative,870
https://openalex.org/T10066,https://openalex.org/T11269,2015,2016,2020,0.2790553132756236,1,12,9,0.05,108,26.0,16.0,0,0,0.008245150910518447,true_negative,871
https://openalex.org/T10587,https://openalex.org/T10773,2015,2016,2020,0.5138983423697507,1,6,2,0.14285714285714285,12,6.0,2.0,0,0,0.008239504429664148,true_negative,872
https://openalex.org/T10688,https://openalex.org/T12535,2015,2016,2020,0.7699885152890075,2,10,13,0.09523809523809523,130,12.0,17.0,0,0,0.008225733080689319,true_negative,873
https://openalex.org/T10688,https://openalex.org/T11885,2015,2016,2020,0.48089834696298783,1,10,2,0.09090909090909091,20,12.0,2.0,0,0,0.008122411958137704,true_negative,875
https://openalex.org/T10688,https://openalex.org/T10844,2015,2016,2020,0.48089834696298783,1,10,2,0.09090909090909091,20,12.0,2.0,0,0,0.008122411958137704,true_negative,874
https://openalex.org/T10206,https://openalex.org/T11270,2015,2016,2020,0.40242960438184466,1,24,2,0.04,48,78.0,2.0,0,0,0.008024863291973801,true_negative,877
https://openalex.org/T10206,https://openalex.org/T10282,2015,2016,2020,0.40242960438184466,1,24,2,0.04,48,78.0,2.0,0,0,0.008024863291973801,true_negative,876
https://openalex.org/T10887,https://openalex.org/T11476,2015,2016,2020,0.40242960438184466,1,23,2,0.041666666666666664,46,50.0,2.0,0,0,0.007881340548643909,true_negative,879
https://openalex.org/T10887,https://openalex.org/T11187,2015,2016,2020,0.40242960438184466,1,23,2,0.041666666666666664,46,50.0,2.0,0,0,0.007881340548643909,true_negative,878
https://openalex.org/T10887,https://openalex.org/T13976,2015,2016,2020,0.40242960438184466,1,23,2,0.041666666666666664,46,50.0,2.0,0,0,0.007881340548643909,true_negative,880
https://openalex.org/T11020,https://openalex.org/T12626,2015,2016,2020,0.45511961331341866,1,6,2,0.14285714285714285,12,6.0,2.0,0,0,0.007783361134546094,true_negative,885
https://openalex.org/T10621,https://openalex.org/T10981,2015,2016,2020,0.45511961331341866,1,6,2,0.14285714285714285,12,6.0,2.0,0,0,0.007783361134546094,true_negative,881
https://openalex.org/T10621,https://openalex.org/T12786,2015,2016,2020,0.45511961331341866,1,6,2,0.14285714285714285,12,6.0,2.0,0,0,0.007783361134546094,true_negative,882
https://openalex.org/T11313,https://openalex.org/T12576,2015,2016,2020,0.45511961331341866,1,6,2,0.14285714285714285,12,6.0,2.0,0,0,0.007783361134546094,true_negative,886
https://openalex.org/T11020,https://openalex.org/T12576,2015,2016,2020,0.45511961331341866,1,6,2,0.14285714285714285,12,6.0,2.0,0,0,0.007783361134546094,true_negative,884
https://openalex.org/T11020,https://openalex.org/T11629,2015,2016,2020,0.45511961331341866,1,6,2,0.14285714285714285,12,6.0,2.0,0,0,0.007783361134546094,true_negative,883
https://openalex.org/T10206,https://openalex.org/T12592,2015,2016,2020,0.35295612386476116,1,24,6,0.034482758620689655,144,78.0,10.0,0,0,0.007741513635539706,true_negative,887
https://openalex.org/T11287,https://openalex.org/T12254,2015,2016,2020,0.9086517694592305,3,13,4,0.21428571428571427,52,20.0,16.0,0,0,0.007720277796011341,true_negative,888
https://openalex.org/T10505,https://openalex.org/T12786,2015,2016,2020,0.45511961331341866,1,6,2,0.14285714285714285,12,8.0,2.0,0,0,0.0077037501269576186,true_negative,890
https://openalex.org/T10505,https://openalex.org/T10981,2015,2016,2020,0.45511961331341866,1,6,2,0.14285714285714285,12,8.0,2.0,0,0,0.0077037501269576186,true_negative,889
https://openalex.org/T10044,https://openalex.org/T10887,2015,2016,2020,1.3849852297754286,3,16,23,0.08333333333333333,368,38.0,50.0,1,0,0.0077007265635428085,false_negative,891
https://openalex.org/T10775,https://openalex.org/T11652,2015,2016,2020,0.48089834696298783,1,4,6,0.1111111111111111,24,6.0,6.0,0,0,0.007630207989229767,true_negative,892
https://openalex.org/T10015,https://openalex.org/T11232,2015,2016,2020,0.40242960438184466,1,36,2,0.02702702702702703,72,158.0,2.0,0,0,0.007562403029385757,true_negative,895
https://openalex.org/T10015,https://openalex.org/T11337,2015,2016,2020,0.40242960438184466,1,36,2,0.02702702702702703,72,158.0,2.0,0,0,0.007562403029385757,true_negative,896
https://openalex.org/T10015,https://openalex.org/T10257,2015,2016,2020,0.40242960438184466,1,36,2,0.02702702702702703,72,158.0,2.0,0,0,0.007562403029385757,true_negative,893
https://openalex.org/T10015,https://openalex.org/T12489,2015,2016,2020,0.40242960438184466,1,36,2,0.02702702702702703,72,158.0,2.0,0,0,0.007562403029385757,true_negative,897
https://openalex.org/T10015,https://openalex.org/T10593,2015,2016,2020,0.40242960438184466,1,36,2,0.02702702702702703,72,158.0,2.0,0,0,0.007562403029385757,true_negative,894
https://openalex.org/T11791,https://openalex.org/T12114,2015,2016,2020,0.31066746727980593,1,12,9,0.05,108,32.0,10.0,0,0,0.007499843499778679,true_negative,898
https://openalex.org/T11512,https://openalex.org/T11871,2015,2016,2020,0.3898712452512801,1,8,15,0.045454545454545456,120,10.0,17.0,0,0,0.00737299619872993,true_negative,900
https://openalex.org/T10036,https://openalex.org/T11871,2015,2016,2020,0.3898712452512801,1,8,15,0.045454545454545456,120,10.0,17.0,0,0,0.00737299619872993,true_negative,899
https://openalex.org/T10885,https://openalex.org/T12535,2015,2016,2020,0.833854470827749,2,25,13,0.05555555555555555,325,62.0,17.0,0,0,0.00732705464911327,true_negative,901
https://openalex.org/T10434,https://openalex.org/T11970,2015,2016,2020,1.0420639609610636,3,9,9,0.2,81,14.0,20.0,0,0,0.007297164436284775,true_negative,902
https://openalex.org/T10096,https://openalex.org/T13604,2015,2016,2020,0.5138983423697507,1,4,2,0.2,8,4.0,2.0,0,0,0.007274033409605689,true_negative,905
https://openalex.org/T10096,https://openalex.org/T12202,2015,2016,2020,0.5138983423697507,1,4,2,0.2,8,4.0,2.0,0,0,0.007274033409605689,true_negative,904
https://openalex.org/T11141,https://openalex.org/T13883,2015,2016,2020,0.5138983423697507,1,4,2,0.2,8,4.0,2.0,0,0,0.007274033409605689,true_negative,906
https://openalex.org/T10096,https://openalex.org/T10402,2015,2016,2020,0.5138983423697507,1,4,2,0.2,8,4.0,2.0,0,0,0.007274033409605689,true_negative,903
https://openalex.org/T10804,https://openalex.org/T13309,2015,2016,2020,1.1562300876293534,3,17,9,0.13043478260869565,153,34.0,20.0,0,0,0.007191196398748253,true_negative,907
https://openalex.org/T10604,https://openalex.org/T11213,2015,2016,2020,1.006755171979676,3,8,12,0.17647058823529413,96,20.0,18.0,0,0,0.00718222982116834,true_negative,908
https://openalex.org/T10261,https://openalex.org/T11229,2015,2016,2020,0.8513268733274981,2,17,3,0.1111111111111111,51,32.0,4.0,0,0,0.007032275113800136,true_negative,909
https://openalex.org/T10012,https://openalex.org/T11986,2015,2016,2020,0.2790553132756236,1,11,5,0.06666666666666667,55,32.0,6.0,0,0,0.006982897371166815,true_negative,910
https://openalex.org/T10261,https://openalex.org/T11791,2015,2016,2020,0.9086517694592305,3,17,12,0.11538461538461539,204,32.0,32.0,0,0,0.006955342746720058,true_negative,911
https://openalex.org/T10320,https://openalex.org/T10662,2015,2016,2020,0.43429448190325176,1,17,4,0.05,68,31.0,4.0,0,0,0.006902821510999168,true_negative,912
https://openalex.org/T11482,https://openalex.org/T12134,2015,2016,2020,0.6814849176574682,2,11,2,0.18181818181818182,22,26.0,2.0,0,0,0.006892294513134678,true_negative,914
https://openalex.org/T11482,https://openalex.org/T11879,2015,2016,2020,0.6814849176574682,2,11,2,0.18181818181818182,22,26.0,2.0,0,0,0.006892294513134678,true_negative,913
https://openalex.org/T10062,https://openalex.org/T11482,2015,2016,2020,1.1764671337579005,2,5,11,0.14285714285714285,55,6.0,26.0,0,0,0.006805946779843131,true_negative,915
https://openalex.org/T11162,https://openalex.org/T11760,2015,2016,2020,0.6213349345596119,1,13,2,0.07142857142857142,26,28.0,2.0,0,0,0.006680021074757021,true_negative,916
https://openalex.org/T10015,https://openalex.org/T11710,2015,2016,2020,1.1104948031465947,3,36,6,0.07692307692307693,216,158.0,8.0,0,0,0.006472603830149644,true_negative,917
https://openalex.org/T10050,https://openalex.org/T12114,2015,2016,2020,0.9273799996201022,2,5,9,0.16666666666666666,45,5.0,10.0,0,0,0.006468079994472331,true_negative,918
https://openalex.org/T10621,https://openalex.org/T11482,2015,2016,2020,0.6566437235409995,2,6,11,0.13333333333333333,66,6.0,26.0,0,0,0.006448711225959015,true_negative,919
https://openalex.org/T10621,https://openalex.org/T11642,2015,2016,2020,0.6566437235409995,2,6,11,0.13333333333333333,66,6.0,26.0,0,0,0.006448711225959015,true_negative,920
https://openalex.org/T10206,https://openalex.org/T11577,2015,2016,2020,0.35295612386476116,1,24,6,0.034482758620689655,144,78.0,6.0,0,0,0.006446122677838846,true_negative,921
https://openalex.org/T12072,https://openalex.org/T12797,2015,2016,2020,0.7213475204444817,1,5,2,0.16666666666666666,10,6.0,2.0,0,0,0.0064348265832451235,true_negative,929
https://openalex.org/T10062,https://openalex.org/T11247,2015,2016,2020,0.7213475204444817,1,5,2,0.16666666666666666,10,6.0,2.0,0,0,0.0064348265832451235,true_negative,922
https://openalex.org/T10351,https://openalex.org/T11364,2015,2016,2020,0.7213475204444817,1,5,2,0.16666666666666666,10,6.0,2.0,0,0,0.0064348265832451235,true_negative,925
https://openalex.org/T10303,https://openalex.org/T11247,2015,2016,2020,0.7213475204444817,1,5,2,0.16666666666666666,10,6.0,2.0,0,0,0.0064348265832451235,true_negative,923
https://openalex.org/T11639,https://openalex.org/T12783,2015,2016,2020,0.7213475204444817,1,5,2,0.16666666666666666,10,6.0,2.0,0,0,0.0064348265832451235,true_negative,927
https://openalex.org/T12072,https://openalex.org/T12261,2015,2016,2020,0.7213475204444817,1,5,2,0.16666666666666666,10,6.0,2.0,0,0,0.0064348265832451235,true_negative,928
https://openalex.org/T10351,https://openalex.org/T10966,2015,2016,2020,0.7213475204444817,1,5,2,0.16666666666666666,10,6.0,2.0,0,0,0.0064348265832451235,true_negative,924
https://openalex.org/T10824,https://openalex.org/T11612,2015,2016,2020,0.7213475204444817,1,5,2,0.16666666666666666,10,6.0,2.0,0,0,0.0064348265832451235,true_negative,926
https://openalex.org/T11083,https://openalex.org/T12816,2015,2016,2020,0.48089834696298783,1,2,5,0.16666666666666666,10,2.0,5.0,0,0,0.0063958564438212455,true_negative,930
https://openalex.org/T11824,https://openalex.org/T12816,2015,2016,2020,0.48089834696298783,1,2,5,0.16666666666666666,10,2.0,5.0,0,0,0.0063958564438212455,true_negative,931
https://openalex.org/T13283,https://openalex.org/T13309,2015,2016,2020,1.224897207070962,3,17,9,0.13043478260869565,153,19.0,20.0,0,0,0.006329737206369264,true_negative,932
https://openalex.org/T11235,https://openalex.org/T11885,2015,2016,2020,0.48089834696298783,1,10,2,0.09090909090909091,20,14.0,2.0,0,0,0.006263078535485574,true_negative,933
https://openalex.org/T10015,https://openalex.org/T12820,2015,2016,2020,0.3898712452512801,1,36,4,0.02564102564102564,144,158.0,4.0,0,0,0.0061835193077600225,true_negative,936
https://openalex.org/T10015,https://openalex.org/T10417,2015,2016,2020,0.3898712452512801,1,36,4,0.02564102564102564,144,158.0,4.0,0,0,0.0061835193077600225,true_negative,934
https://openalex.org/T10015,https://openalex.org/T11297,2015,2016,2020,0.3898712452512801,1,36,4,0.02564102564102564,144,158.0,4.0,0,0,0.0061835193077600225,true_negative,935
https://openalex.org/T10434,https://openalex.org/T10885,2015,2016,2020,1.4590963523853098,4,9,25,0.13333333333333333,225,14.0,62.0,0,0,0.006183345326958654,true_negative,937
https://openalex.org/T10353,https://openalex.org/T12557,2015,2016,2020,0.713629884087002,2,7,2,0.2857142857142857,14,8.0,2.0,0,0,0.006159432762147133,true_negative,938
https://openalex.org/T10885,https://openalex.org/T12610,2015,2016,2020,0.8268746032241814,2,25,2,0.08,50,62.0,2.0,0,0,0.0061413465377832,true_negative,939
https://openalex.org/T10044,https://openalex.org/T11449,2015,2016,2020,0.45511961331341866,1,16,2,0.058823529411764705,32,38.0,2.0,0,0,0.006136690405503088,true_negative,940
https://openalex.org/T10064,https://openalex.org/T10136,2015,2016,2020,0.7213475204444817,1,12,11,0.045454545454545456,132,16.0,14.0,0,0,0.0061200253228420355,true_negative,941
https://openalex.org/T10885,https://openalex.org/T12489,2015,2016,2020,0.40242960438184466,1,25,2,0.038461538461538464,50,62.0,2.0,0,0,0.006077632775732827,true_negative,944
https://openalex.org/T10885,https://openalex.org/T11337,2015,2016,2020,0.40242960438184466,1,25,2,0.038461538461538464,50,62.0,2.0,0,0,0.006077632775732827,true_negative,943
https://openalex.org/T10885,https://openalex.org/T11232,2015,2016,2020,0.40242960438184466,1,25,2,0.038461538461538464,50,62.0,2.0,0,0,0.006077632775732827,true_negative,942
https://openalex.org/T10522,https://openalex.org/T11871,2015,2016,2020,0.43429448190325176,1,8,15,0.045454545454545456,120,8.0,17.0,0,0,0.006066390694632297,true_negative,945
https://openalex.org/T10320,https://openalex.org/T11269,2015,2016,2020,0.8241657271545318,2,17,9,0.08333333333333333,153,31.0,16.0,0,0,0.0060545568980513555,true_negative,946
https://openalex.org/T10015,https://openalex.org/T10621,2015,2016,2020,1.2147543500922469,3,36,6,0.07692307692307693,216,158.0,6.0,0,0,0.0060399914654221095,true_negative,947
https://openalex.org/T10222,https://openalex.org/T13937,2015,2016,2020,1.0150166936036709,3,11,8,0.1875,88,16.0,12.0,0,0,0.00601963949252589,true_negative,948
https://openalex.org/T12880,https://openalex.org/T13309,2015,2016,2020,0.9820086947818527,2,18,9,0.08,162,26.0,20.0,0,0,0.00593459577664046,true_negative,949
https://openalex.org/T12072,https://openalex.org/T13114,2015,2016,2020,0.43429448190325176,1,5,6,0.1,30,6.0,6.0,0,0,0.005909035290605435,true_negative,950
https://openalex.org/T11048,https://openalex.org/T11287,2015,2016,2020,0.2790553132756236,1,3,13,0.06666666666666667,39,4.0,20.0,0,0,0.005874663598452471,true_negative,951
https://openalex.org/T10064,https://openalex.org/T12859,2015,2016,2020,0.318928988903801,1,12,6,0.058823529411764705,72,16.0,8.0,0,0,0.005849454286795737,true_negative,954
https://openalex.org/T10064,https://openalex.org/T11710,2015,2016,2020,0.318928988903801,1,12,6,0.058823529411764705,72,16.0,8.0,0,0,0.005849454286795737,true_negative,953
https://openalex.org/T11213,https://openalex.org/T11710,2015,2016,2020,0.31066746727980593,1,12,6,0.058823529411764705,72,18.0,8.0,0,0,0.005849454286795737,true_negative,955
https://openalex.org/T10064,https://openalex.org/T10932,2015,2016,2020,0.318928988903801,1,12,6,0.058823529411764705,72,16.0,8.0,0,0,0.005849454286795737,true_negative,952
https://openalex.org/T11213,https://openalex.org/T12859,2015,2016,2020,0.2790553132756236,1,12,6,0.058823529411764705,72,18.0,8.0,0,0,0.005849454286795737,true_negative,956
https://openalex.org/T10052,https://openalex.org/T13937,2015,2016,2020,0.5581106265512472,1,6,8,0.07692307692307693,48,6.0,12.0,0,0,0.005811322569880287,true_negative,957
https://openalex.org/T12168,https://openalex.org/T13398,2015,2016,2020,0.31465798044412485,1,3,11,0.07692307692307693,33,4.0,13.0,0,0,0.005795676705287938,true_negative,958
https://openalex.org/T10064,https://openalex.org/T13664,2015,2016,2020,0.318928988903801,1,12,9,0.05,108,16.0,18.0,0,0,0.005773703519056577,true_negative,959
https://openalex.org/T12574,https://openalex.org/T12664,2015,2016,2020,0.667614104308886,2,4,3,0.4,12,4.0,8.0,0,0,0.005737676931928654,true_negative,960
https://openalex.org/T11454,https://openalex.org/T12137,2015,2016,2020,0.5581106265512472,1,3,4,0.16666666666666666,12,4.0,4.0,0,0,0.005721549272517263,true_negative,963
https://openalex.org/T10095,https://openalex.org/T12056,2015,2016,2020,0.5581106265512472,1,3,4,0.16666666666666666,12,4.0,4.0,0,0,0.005721549272517263,true_negative,961
https://openalex.org/T10314,https://openalex.org/T12137,2015,2016,2020,0.5581106265512472,1,3,4,0.16666666666666666,12,4.0,4.0,0,0,0.005721549272517263,true_negative,962
https://openalex.org/T10272,https://openalex.org/T11639,2015,2016,2020,0.48089834696298783,1,4,5,0.125,20,4.0,6.0,0,0,0.005602311752868378,true_negative,964
https://openalex.org/T11097,https://openalex.org/T11639,2015,2016,2020,0.48089834696298783,1,4,5,0.125,20,4.0,6.0,0,0,0.005602311752868378,true_negative,965
https://openalex.org/T10044,https://openalex.org/T10049,2015,2016,2020,1.0743036443092429,2,16,2,0.125,32,38.0,2.0,0,0,0.005575016142005606,true_negative,966
https://openalex.org/T10064,https://openalex.org/T11482,2015,2016,2020,0.318928988903801,1,12,11,0.045454545454545456,132,16.0,26.0,0,0,0.005473630606487681,true_negative,967
https://openalex.org/T10064,https://openalex.org/T11642,2015,2016,2020,0.318928988903801,1,12,11,0.045454545454545456,132,16.0,26.0,0,0,0.005473630606487681,true_negative,968
https://openalex.org/T10836,https://openalex.org/T13141,2015,2016,2020,0.4170323914242463,1,7,6,0.08333333333333333,42,12.0,7.0,0,0,0.005447921133265367,true_negative,969
https://openalex.org/T10030,https://openalex.org/T12046,2015,2016,2020,0.45511961331341866,1,2,4,0.2,8,2.0,8.0,0,0,0.005349908079040634,true_negative,971
https://openalex.org/T10030,https://openalex.org/T10281,2015,2016,2020,0.45511961331341866,1,2,4,0.2,8,2.0,8.0,0,0,0.005349908079040634,true_negative,970
https://openalex.org/T10775,https://openalex.org/T10885,2015,2016,2020,0.35295612386476116,1,4,25,0.03571428571428571,100,6.0,62.0,0,0,0.005299663576108109,true_negative,972
https://openalex.org/T10066,https://openalex.org/T11048,2015,2016,2020,0.2790553132756236,1,12,3,0.07142857142857142,36,26.0,4.0,0,0,0.005292793813900694,true_negative,973
https://openalex.org/T10627,https://openalex.org/T13937,2015,2016,2020,0.5581106265512472,1,9,8,0.0625,72,12.0,12.0,0,0,0.005278486283204511,true_negative,974
https://openalex.org/T10015,https://openalex.org/T11881,2015,2016,2020,0.3898712452512801,1,36,4,0.02564102564102564,144,158.0,6.0,0,0,0.005254358169980655,true_negative,975
https://openalex.org/T10009,https://openalex.org/T11977,2015,2016,2020,0.7213475204444817,1,8,2,0.1111111111111111,16,10.0,2.0,0,0,0.005225259461763474,true_negative,976
https://openalex.org/T10009,https://openalex.org/T12207,2015,2016,2020,0.7213475204444817,1,8,2,0.1111111111111111,16,10.0,2.0,0,0,0.005225259461763474,true_negative,977
https://openalex.org/T11476,https://openalex.org/T12592,2015,2016,2020,0.40242960438184466,1,2,6,0.14285714285714285,12,2.0,10.0,0,0,0.0051654785927433226,true_negative,979
https://openalex.org/T11187,https://openalex.org/T12592,2015,2016,2020,0.40242960438184466,1,2,6,0.14285714285714285,12,2.0,10.0,0,0,0.0051654785927433226,true_negative,978
https://openalex.org/T10593,https://openalex.org/T10887,2015,2016,2020,0.40242960438184466,1,2,23,0.041666666666666664,46,2.0,50.0,0,0,0.00516454687593134,true_negative,981
https://openalex.org/T10257,https://openalex.org/T10887,2015,2016,2020,0.40242960438184466,1,2,23,0.041666666666666664,46,2.0,50.0,0,0,0.00516454687593134,true_negative,980
https://openalex.org/T10009,https://openalex.org/T10804,2015,2016,2020,0.6213349345596119,1,8,17,0.041666666666666664,136,10.0,34.0,0,0,0.005110464363762777,true_negative,982
https://openalex.org/T10074,https://openalex.org/T10179,2015,2016,2020,1.5360540681028036,3,7,7,0.2727272727272727,49,14.0,16.0,0,0,0.00509662871349464,true_negative,983
https://openalex.org/T12168,https://openalex.org/T12664,2015,2016,2020,0.667614104308886,2,3,3,0.5,9,4.0,8.0,0,0,0.0050536806404334845,true_negative,984
https://openalex.org/T10320,https://openalex.org/T10627,2015,2016,2020,0.8241657271545318,2,17,9,0.08333333333333333,153,31.0,12.0,0,0,0.00502234189786729,true_negative,985
https://openalex.org/T10462,https://openalex.org/T10885,2015,2016,2020,0.35295612386476116,1,4,25,0.03571428571428571,100,4.0,62.0,0,0,0.005006107403433049,true_negative,986
https://openalex.org/T10434,https://openalex.org/T11791,2015,2016,2020,1.1512073180132885,3,9,12,0.16666666666666666,108,14.0,32.0,0,0,0.004987592411345261,true_negative,987
https://openalex.org/T10515,https://openalex.org/T11970,2015,2016,2020,0.8979307383872341,2,4,9,0.18181818181818182,36,6.0,20.0,1,0,0.004986637923533955,false_negative,988
https://openalex.org/T10317,https://openalex.org/T11652,2015,2016,2020,0.5138983423697507,1,2,6,0.14285714285714285,12,2.0,6.0,0,0,0.004969980361174991,true_negative,989
https://openalex.org/T10154,https://openalex.org/T10609,2015,2016,2020,0.48089834696298783,1,5,5,0.1111111111111111,25,8.0,6.0,0,0,0.004899313562325689,true_negative,990
https://openalex.org/T10591,https://openalex.org/T11986,2015,2016,2020,0.713629884087002,2,4,5,0.2857142857142857,20,4.0,6.0,0,0,0.004841283248155215,true_negative,991
https://openalex.org/T10417,https://openalex.org/T10885,2015,2016,2020,0.3898712452512801,1,4,25,0.03571428571428571,100,4.0,62.0,0,0,0.004830250111647919,true_negative,992
https://openalex.org/T10400,https://openalex.org/T11975,2015,2016,2020,0.6213349345596119,1,2,6,0.14285714285714285,12,2.0,8.0,0,0,0.00482223496142637,true_negative,993
https://openalex.org/T10136,https://openalex.org/T10662,2015,2016,2020,0.4170323914242463,1,11,4,0.07142857142857142,44,14.0,4.0,0,0,0.004820041268872963,true_negative,994
https://openalex.org/T10157,https://openalex.org/T10804,2015,2016,2020,0.31465798044412485,1,4,17,0.05,68,5.0,34.0,0,0,0.004809174571396239,true_negative,996
https://openalex.org/T10102,https://openalex.org/T10804,2015,2016,2020,0.31465798044412485,1,4,17,0.05,68,4.0,34.0,0,0,0.004809174571396239,true_negative,995
https://openalex.org/T10591,https://openalex.org/T11449,2015,2016,2020,0.45511961331341866,1,4,2,0.2,8,4.0,2.0,0,0,0.004807633824759889,true_negative,999
https://openalex.org/T10191,https://openalex.org/T10689,2015,2016,2020,0.45511961331341866,1,4,2,0.2,8,4.0,2.0,0,0,0.004807633824759889,true_negative,997
https://openalex.org/T10531,https://openalex.org/T10689,2015,2016,2020,0.45511961331341866,1,4,2,0.2,8,4.0,2.0,0,0,0.004807633824759889,true_negative,998
https://openalex.org/T10662,https://openalex.org/T11739,2015,2016,2020,0.8513268733274981,2,4,2,0.5,8,4.0,2.0,0,0,0.004782058023309223,true_negative,1000
https://openalex.org/T11093,https://openalex.org/T12592,2015,2016,2020,0.35295612386476116,1,4,6,0.1111111111111111,24,4.0,10.0,0,0,0.004759510626017205,true_negative,1003
https://openalex.org/T10272,https://openalex.org/T12592,2015,2016,2020,0.35295612386476116,1,4,6,0.1111111111111111,24,4.0,10.0,0,0,0.004759510626017205,true_negative,1002
https://openalex.org/T10102,https://openalex.org/T12592,2015,2016,2020,0.35295612386476116,1,4,6,0.1111111111111111,24,4.0,10.0,0,0,0.004759510626017205,true_negative,1001
https://openalex.org/T10885,https://openalex.org/T11928,2015,2016,2020,1.1896802101498576,3,25,3,0.12,75,62.0,4.0,0,0,0.004759152822200266,true_negative,1004
https://openalex.org/T11162,https://openalex.org/T12610,2015,2016,2020,0.3459762562611936,1,13,2,0.07142857142857142,26,28.0,2.0,0,0,0.004744383030625649,true_negative,1005
https://openalex.org/T10157,https://openalex.org/T10243,2015,2016,2020,0.31465798044412485,1,4,12,0.06666666666666667,48,5.0,18.0,0,0,0.004735785418388201,true_negative,1006
https://openalex.org/T10857,https://openalex.org/T11213,2015,2016,2020,0.2790553132756236,1,4,12,0.06666666666666667,48,4.0,18.0,0,0,0.004735785418388201,true_negative,1007
https://openalex.org/T10382,https://openalex.org/T10923,2015,2016,2020,0.33380820069533407,1,5,6,0.1,30,6.0,6.0,0,0,0.004705011371268542,true_negative,1008
https://openalex.org/T10382,https://openalex.org/T11277,2015,2016,2020,0.33380820069533407,1,5,6,0.1,30,6.0,6.0,0,0,0.004705011371268542,true_negative,1009
https://openalex.org/T10261,https://openalex.org/T12859,2015,2016,2020,0.5979843021794247,2,17,6,0.09523809523809523,102,32.0,8.0,0,0,0.004675183883414327,true_negative,1011
https://openalex.org/T10261,https://openalex.org/T11710,2015,2016,2020,0.6295964561836069,2,17,6,0.09523809523809523,102,32.0,8.0,0,0,0.004675183883414327,true_negative,1010
https://openalex.org/T10031,https://openalex.org/T10371,2015,2016,2020,0.5581106265512472,1,2,4,0.2,8,2.0,6.0,0,0,0.0046603624925381166,true_negative,1012
https://openalex.org/T10031,https://openalex.org/T11668,2015,2016,2020,0.5581106265512472,1,2,4,0.2,8,2.0,6.0,0,0,0.0046603624925381166,true_negative,1013
https://openalex.org/T10064,https://openalex.org/T10249,2015,2016,2020,0.5581106265512472,1,12,2,0.07692307692307693,24,16.0,2.0,0,0,0.004645230244913447,true_negative,1014
https://openalex.org/T10064,https://openalex.org/T11347,2015,2016,2020,0.5581106265512472,1,12,2,0.07692307692307693,24,16.0,2.0,0,0,0.004645230244913447,true_negative,1015
https://openalex.org/T10002,https://openalex.org/T10995,2015,2016,2020,0.8449908585646988,2,16,3,0.11764705882352941,48,28.0,3.0,0,0,0.004580465315350944,true_negative,1016
https://openalex.org/T11376,https://openalex.org/T14393,2015,2016,2020,0.48089834696298783,1,4,4,0.14285714285714285,16,4.0,4.0,0,0,0.0045748836702607446,true_negative,1024
https://openalex.org/T11097,https://openalex.org/T14393,2015,2016,2020,0.48089834696298783,1,4,4,0.14285714285714285,16,4.0,4.0,0,0,0.0045748836702607446,true_negative,1022
https://openalex.org/T11097,https://openalex.org/T11376,2015,2016,2020,0.48089834696298783,1,4,4,0.14285714285714285,16,4.0,4.0,0,0,0.0045748836702607446,true_negative,1021
https://openalex.org/T11376,https://openalex.org/T12315,2015,2016,2020,0.48089834696298783,1,4,4,0.14285714285714285,16,4.0,4.0,0,0,0.0045748836702607446,true_negative,1023
https://openalex.org/T10272,https://openalex.org/T11097,2015,2016,2020,0.48089834696298783,1,4,4,0.14285714285714285,16,4.0,4.0,0,0,0.0045748836702607446,true_negative,1017
https://openalex.org/T10272,https://openalex.org/T11376,2015,2016,2020,0.48089834696298783,1,4,4,0.14285714285714285,16,4.0,4.0,0,0,0.0045748836702607446,true_negative,1018
https://openalex.org/T10272,https://openalex.org/T14393,2015,2016,2020,0.48089834696298783,1,4,4,0.14285714285714285,16,4.0,4.0,0,0,0.0045748836702607446,true_negative,1019
https://openalex.org/T10417,https://openalex.org/T12386,2015,2016,2020,0.48089834696298783,1,4,4,0.14285714285714285,16,4.0,4.0,0,0,0.0045748836702607446,true_negative,1020
https://openalex.org/T10002,https://openalex.org/T11809,2015,2016,2020,0.8157933735356595,2,16,2,0.125,32,28.0,2.0,0,0,0.004559869498985113,true_negative,1026
https://openalex.org/T10002,https://openalex.org/T10432,2015,2016,2020,0.8157933735356595,2,16,2,0.125,32,28.0,2.0,0,0,0.004559869498985113,true_negative,1025
https://openalex.org/T11213,https://openalex.org/T11470,2015,2016,2020,0.2790553132756236,1,12,2,0.07692307692307693,24,18.0,2.0,0,0,0.004559209887960026,true_negative,1029
https://openalex.org/T11213,https://openalex.org/T11879,2015,2016,2020,0.2790553132756236,1,12,2,0.07692307692307693,24,18.0,2.0,0,0,0.004559209887960026,true_negative,1030
https://openalex.org/T10243,https://openalex.org/T11071,2015,2016,2020,0.31465798044412485,1,12,2,0.07692307692307693,24,18.0,2.0,0,0,0.004559209887960026,true_negative,1027
https://openalex.org/T11213,https://openalex.org/T12134,2015,2016,2020,0.2790553132756236,1,12,2,0.07692307692307693,24,18.0,2.0,0,0,0.004559209887960026,true_negative,1031
https://openalex.org/T10243,https://openalex.org/T12648,2015,2016,2020,0.31465798044412485,1,12,2,0.07692307692307693,24,18.0,2.0,0,0,0.004559209887960026,true_negative,1028
https://openalex.org/T12592,https://openalex.org/T13976,2015,2016,2020,0.40242960438184466,1,6,2,0.14285714285714285,12,10.0,2.0,0,0,0.004510850265802021,true_negative,1032
https://openalex.org/T10522,https://openalex.org/T11739,2015,2016,2020,0.4170323914242463,1,8,2,0.1111111111111111,16,8.0,2.0,0,0,0.004493444652194644,true_negative,1033
https://openalex.org/T10050,https://openalex.org/T13117,2015,2016,2020,0.45511961331341866,1,5,5,0.1111111111111111,25,5.0,6.0,0,0,0.004483307383787713,true_negative,1034
https://openalex.org/T10522,https://openalex.org/T10770,2015,2016,2020,0.43429448190325176,1,8,2,0.1111111111111111,16,8.0,2.0,0,0,0.004465513538131495,true_negative,1035
https://openalex.org/T10522,https://openalex.org/T11206,2015,2016,2020,0.43429448190325176,1,8,2,0.1111111111111111,16,8.0,2.0,0,0,0.004465513538131495,true_negative,1036
https://openalex.org/T10522,https://openalex.org/T12015,2015,2016,2020,0.43429448190325176,1,8,2,0.1111111111111111,16,8.0,2.0,0,0,0.004465513538131495,true_negative,1039
https://openalex.org/T10522,https://openalex.org/T11798,2015,2016,2020,0.43429448190325176,1,8,2,0.1111111111111111,16,8.0,2.0,0,0,0.004465513538131495,true_negative,1038
https://openalex.org/T10522,https://openalex.org/T11659,2015,2016,2020,0.43429448190325176,1,8,2,0.1111111111111111,16,8.0,2.0,0,0,0.004465513538131495,true_negative,1037
https://openalex.org/T11407,https://openalex.org/T11482,2015,2016,2020,0.7657870805932245,2,4,11,0.15384615384615385,44,4.0,26.0,0,0,0.004441122254745011,true_negative,1040
https://openalex.org/T10157,https://openalex.org/T13283,2015,2016,2020,0.31465798044412485,1,4,17,0.05,68,5.0,19.0,0,0,0.004414751032512563,true_negative,1041
https://openalex.org/T12574,https://openalex.org/T13283,2015,2016,2020,0.31465798044412485,1,4,17,0.05,68,4.0,19.0,0,0,0.004414751032512563,true_negative,1042
https://openalex.org/T10083,https://openalex.org/T11690,2015,2016,2020,0.9947966893327386,2,20,9,0.07407407407407407,180,52.0,16.0,0,0,0.004399558975158456,true_negative,1043
https://openalex.org/T10002,https://openalex.org/T10083,2015,2016,2020,1.3426824550040934,2,16,20,0.058823529411764705,320,28.0,52.0,0,0,0.004330025282265591,true_negative,1044
https://openalex.org/T11577,https://openalex.org/T14313,2015,2016,2020,0.5138983423697507,1,6,1,0.16666666666666666,6,6.0,1.0,0,0,0.004313127952077589,true_negative,1045
https://openalex.org/T10066,https://openalex.org/T13398,2015,2016,2020,0.5138983423697507,1,12,11,0.045454545454545456,132,26.0,13.0,0,0,0.004308082835367927,true_negative,1046
https://openalex.org/T10434,https://openalex.org/T11289,2015,2016,2020,0.2790553132756236,1,9,6,0.07142857142857142,54,14.0,8.0,0,0,0.004284061081030256,true_negative,1048
https://openalex.org/T10434,https://openalex.org/T12859,2015,2016,2020,0.2790553132756236,1,9,6,0.07142857142857142,54,14.0,8.0,0,0,0.004284061081030256,true_negative,1049
https://openalex.org/T10434,https://openalex.org/T10932,2015,2016,2020,0.2790553132756236,1,9,6,0.07142857142857142,54,14.0,8.0,0,0,0.004284061081030256,true_negative,1047
https://openalex.org/T11629,https://openalex.org/T11642,2015,2016,2020,0.35295612386476116,1,2,11,0.08333333333333333,22,2.0,26.0,0,0,0.004235421756731887,true_negative,1050
https://openalex.org/T10804,https://openalex.org/T12279,2015,2016,2020,1.531574161186449,2,17,4,0.10526315789473684,68,34.0,4.0,0,0,0.004208487487474465,true_negative,1051
https://openalex.org/T10235,https://openalex.org/T10629,2015,2016,2020,0.6213349345596119,1,8,16,0.043478260869565216,128,8.0,28.0,0,0,0.004203115657357967,true_negative,1052
https://openalex.org/T13117,https://openalex.org/T14374,2015,2016,2020,0.45511961331341866,1,5,5,0.1111111111111111,25,6.0,6.0,0,0,0.004161560740040282,true_negative,1053
https://openalex.org/T10677,https://openalex.org/T14484,2015,2016,2020,0.48089834696298783,1,3,2,0.25,6,4.0,2.0,0,0,0.004110644975073588,true_negative,1055
https://openalex.org/T10677,https://openalex.org/T12659,2015,2016,2020,0.48089834696298783,1,3,2,0.25,6,4.0,2.0,0,0,0.004110644975073588,true_negative,1054
https://openalex.org/T10164,https://openalex.org/T10629,2015,2016,2020,0.3459762562611936,1,1,16,0.0625,16,1.0,28.0,0,0,0.004108375972624532,true_negative,1056
https://openalex.org/T11048,https://openalex.org/T11162,2015,2016,2020,0.2790553132756236,1,3,13,0.06666666666666667,39,4.0,28.0,0,0,0.004101205637209052,true_negative,1057
https://openalex.org/T10629,https://openalex.org/T13051,2015,2016,2020,0.8010958695746122,2,16,2,0.125,32,28.0,2.0,0,0,0.00407185997599064,true_negative,1059
https://openalex.org/T10002,https://openalex.org/T11825,2015,2016,2020,0.8080757371781798,2,16,2,0.125,32,28.0,2.0,0,0,0.00407185997599064,true_negative,1058
https://openalex.org/T10261,https://openalex.org/T10621,2015,2016,2020,0.31066746727980593,1,17,6,0.045454545454545456,102,32.0,6.0,0,0,0.004071769271487562,true_negative,1060
https://openalex.org/T10320,https://openalex.org/T10621,2015,2016,2020,0.31066746727980593,1,17,6,0.045454545454545456,102,31.0,6.0,0,0,0.004071769271487562,true_negative,1061
https://openalex.org/T10932,https://openalex.org/T11791,2015,2016,2020,0.9086517694592305,3,6,12,0.2,72,8.0,32.0,0,0,0.004067075427722857,true_negative,1062
https://openalex.org/T10012,https://openalex.org/T10066,2015,2016,2020,0.2790553132756236,1,11,12,0.045454545454545456,132,32.0,26.0,0,0,0.004025807564201207,true_negative,1063
https://openalex.org/T11078,https://openalex.org/T12964,2015,2016,2020,0.7213475204444817,1,4,5,0.125,20,4.0,6.0,0,0,0.004008807635379777,true_negative,1066
https://openalex.org/T10184,https://openalex.org/T10303,2015,2016,2020,0.7213475204444817,1,4,5,0.125,20,4.0,6.0,0,0,0.004008807635379777,true_negative,1065
https://openalex.org/T10014,https://openalex.org/T10062,2015,2016,2020,0.7213475204444817,1,4,5,0.125,20,4.0,6.0,0,0,0.004008807635379777,true_negative,1064
https://openalex.org/T10078,https://openalex.org/T11341,2015,2016,2020,0.48089834696298783,1,9,2,0.1,18,16.0,2.0,0,0,0.003993360155525988,true_negative,1067
https://openalex.org/T11970,https://openalex.org/T12592,2015,2016,2020,0.318928988903801,1,9,6,0.07142857142857142,54,20.0,10.0,0,0,0.003936088246130581,true_negative,1068
https://openalex.org/T10621,https://openalex.org/T12114,2015,2016,2020,0.31066746727980593,1,6,9,0.07142857142857142,54,6.0,10.0,0,0,0.003909137730136899,true_negative,1069
https://openalex.org/T10478,https://openalex.org/T12627,2015,2016,2020,0.8477065430650847,2,2,4,0.5,8,2.0,12.0,0,0,0.0038800859676461096,true_negative,1071
https://openalex.org/T10338,https://openalex.org/T12627,2015,2016,2020,0.8477065430650847,2,2,4,0.5,8,2.0,12.0,0,0,0.0038800859676461096,true_negative,1070
https://openalex.org/T12679,https://openalex.org/T13283,2015,2016,2020,0.31465798044412485,1,4,17,0.05,68,6.0,19.0,0,0,0.003875248554506009,true_negative,1072
https://openalex.org/T10185,https://openalex.org/T10770,2015,2016,2020,0.4170323914242463,1,2,2,0.3333333333333333,4,2.0,2.0,0,0,0.003844171889746541,true_negative,1073
https://openalex.org/T10323,https://openalex.org/T11210,2015,2016,2020,0.4170323914242463,1,2,2,0.3333333333333333,4,2.0,2.0,0,0,0.003844171889746541,true_negative,1075
https://openalex.org/T10323,https://openalex.org/T11205,2015,2016,2020,0.4170323914242463,1,2,2,0.3333333333333333,4,2.0,2.0,0,0,0.003844171889746541,true_negative,1074
https://openalex.org/T11210,https://openalex.org/T11739,2015,2016,2020,0.4170323914242463,1,2,2,0.3333333333333333,4,2.0,2.0,0,0,0.003844171889746541,true_negative,1077
https://openalex.org/T11205,https://openalex.org/T11739,2015,2016,2020,0.4170323914242463,1,2,2,0.3333333333333333,4,2.0,2.0,0,0,0.003844171889746541,true_negative,1076
https://openalex.org/T10184,https://openalex.org/T10521,2015,2016,2020,0.45511961331341866,1,4,18,0.047619047619047616,72,4.0,50.0,0,0,0.0038240142955522764,true_negative,1078
https://openalex.org/T10042,https://openalex.org/T10429,2015,2016,2020,0.5581106265512472,1,2,3,0.25,6,2.0,6.0,0,0,0.0038101771147196245,true_negative,1079
https://openalex.org/T10261,https://openalex.org/T12592,2015,2016,2020,0.318928988903801,1,17,6,0.045454545454545456,102,32.0,10.0,0,0,0.0037615039888049605,true_negative,1080
https://openalex.org/T10015,https://openalex.org/T10184,2015,2016,2020,0.45511961331341866,1,36,4,0.02564102564102564,144,158.0,4.0,0,0,0.003718000008413314,true_negative,1081
https://openalex.org/T10378,https://openalex.org/T10581,2015,2016,2020,1.279458146995729,2,2,6,0.3333333333333333,12,4.0,16.0,0,0,0.0036903233735972947,true_negative,1082
https://openalex.org/T10015,https://openalex.org/T12745,2015,2016,2020,0.40242960438184466,1,36,2,0.02702702702702703,72,158.0,4.0,0,0,0.003681800646832929,true_negative,1083
https://openalex.org/T11048,https://openalex.org/T11482,2015,2016,2020,0.2790553132756236,1,3,11,0.07692307692307693,33,4.0,26.0,0,0,0.0036770784927987847,true_negative,1084
https://openalex.org/T11048,https://openalex.org/T11642,2015,2016,2020,0.2790553132756236,1,3,11,0.07692307692307693,33,4.0,26.0,0,0,0.0036770784927987847,true_negative,1085
https://openalex.org/T10640,https://openalex.org/T13748,2015,2016,2020,0.45511961331341866,1,6,5,0.1,30,6.0,6.0,0,0,0.003668044218865121,true_negative,1086
https://openalex.org/T10621,https://openalex.org/T11287,2015,2016,2020,0.8687780938310532,2,6,13,0.11764705882352941,78,6.0,20.0,0,0,0.0036268308437600043,true_negative,1087
https://openalex.org/T10303,https://openalex.org/T11177,2015,2016,2020,0.36067376022224085,1,5,9,0.07692307692307693,45,6.0,14.0,0,0,0.0036064431958426836,true_negative,1088
https://openalex.org/T10382,https://openalex.org/T11177,2015,2016,2020,0.36067376022224085,1,5,9,0.07692307692307693,45,6.0,14.0,0,0,0.0036064431958426836,true_negative,1089
https://openalex.org/T10050,https://openalex.org/T10206,2015,2016,2020,0.45511961331341866,1,5,24,0.03571428571428571,120,5.0,78.0,0,0,0.0035791961160359397,true_negative,1090
https://openalex.org/T10775,https://openalex.org/T13429,2015,2016,2020,0.48089834696298783,1,4,2,0.2,8,6.0,2.0,0,0,0.0035609089983465584,true_negative,1092
https://openalex.org/T10867,https://openalex.org/T11305,2015,2016,2020,0.48089834696298783,1,4,2,0.2,8,6.0,2.0,0,0,0.0035609089983465584,true_negative,1093
https://openalex.org/T10867,https://openalex.org/T14144,2015,2016,2020,0.48089834696298783,1,4,2,0.2,8,6.0,2.0,0,0,0.0035609089983465584,true_negative,1095
https://openalex.org/T10867,https://openalex.org/T12783,2015,2016,2020,0.48089834696298783,1,4,2,0.2,8,6.0,2.0,0,0,0.0035609089983465584,true_negative,1094
https://openalex.org/T10515,https://openalex.org/T12610,2015,2016,2020,0.48089834696298783,1,4,2,0.2,8,6.0,2.0,0,0,0.0035609089983465584,true_negative,1091
https://openalex.org/T10206,https://openalex.org/T14374,2015,2016,2020,0.9360179602764065,2,24,5,0.07407407407407407,120,78.0,6.0,0,0,0.0035493417706950778,true_negative,1096
https://openalex.org/T10629,https://openalex.org/T11235,2015,2016,2020,0.667614104308886,2,16,10,0.08333333333333333,160,28.0,14.0,0,0,0.0035125922853220483,true_negative,1098
https://openalex.org/T10261,https://openalex.org/T11269,2015,2016,2020,0.6814849176574682,2,17,9,0.08333333333333333,153,32.0,16.0,0,0,0.0035125922853220483,true_negative,1097
https://openalex.org/T10521,https://openalex.org/T12592,2015,2016,2020,0.318928988903801,1,18,6,0.043478260869565216,108,50.0,10.0,0,0,0.003501727281094986,true_negative,1099
https://openalex.org/T10064,https://openalex.org/T10521,2015,2016,2020,0.8770396154550482,2,12,18,0.07142857142857142,216,16.0,50.0,0,0,0.003454817143743002,true_negative,1100
https://openalex.org/T10030,https://openalex.org/T10660,2015,2016,2020,0.45511961331341866,1,2,4,0.2,8,2.0,6.0,0,0,0.0034124700488294656,true_negative,1101
https://openalex.org/T11825,https://openalex.org/T12646,2015,2016,2020,0.45511961331341866,1,2,4,0.2,8,2.0,6.0,0,0,0.0034124700488294656,true_negative,1103
https://openalex.org/T11825,https://openalex.org/T11881,2015,2016,2020,0.45511961331341866,1,2,4,0.2,8,2.0,6.0,0,0,0.0034124700488294656,true_negative,1102
https://openalex.org/T10123,https://openalex.org/T14078,2015,2016,2020,0.5138983423697507,1,2,4,0.2,8,2.0,10.0,0,0,0.0033621781355412028,true_negative,1104
https://openalex.org/T11791,https://openalex.org/T11986,2015,2016,2020,0.2790553132756236,1,12,5,0.0625,60,32.0,6.0,0,0,0.0033424268930636507,true_negative,1105
https://openalex.org/T10006,https://openalex.org/T10314,2015,2016,2020,0.5581106265512472,1,4,3,0.16666666666666666,12,4.0,4.0,0,0,0.0033075430875794984,true_negative,1106
https://openalex.org/T10462,https://openalex.org/T13650,2015,2016,2020,0.5581106265512472,1,4,3,0.16666666666666666,12,4.0,3.0,0,0,0.0033075430875794984,true_negative,1109
https://openalex.org/T10039,https://openalex.org/T10095,2015,2016,2020,0.5581106265512472,1,4,3,0.16666666666666666,12,4.0,4.0,0,0,0.0033075430875794984,true_negative,1108
https://openalex.org/T10006,https://openalex.org/T11454,2015,2016,2020,0.5581106265512472,1,4,3,0.16666666666666666,12,4.0,4.0,0,0,0.0033075430875794984,true_negative,1107
https://openalex.org/T12535,https://openalex.org/T13114,2015,2016,2020,0.8894140952166705,2,13,6,0.11764705882352941,78,17.0,6.0,0,0,0.003249137158186753,true_negative,1110
https://openalex.org/T10222,https://openalex.org/T14393,2015,2016,2020,0.35295612386476116,1,11,4,0.07142857142857142,44,16.0,4.0,0,0,0.0032393413828894248,true_negative,1111
https://openalex.org/T10885,https://openalex.org/T13398,2015,2016,2020,0.9690179556831694,2,25,11,0.058823529411764705,275,62.0,13.0,0,0,0.0032312755466188045,true_negative,1112
https://openalex.org/T10923,https://openalex.org/T11277,2015,2016,2020,0.8477065430650847,2,6,6,0.2,36,6.0,6.0,0,0,0.003223970865566507,true_negative,1113
https://openalex.org/T10587,https://openalex.org/T11765,2015,2016,2020,0.5138983423697507,1,6,4,0.1111111111111111,24,6.0,6.0,0,0,0.003204390795121283,true_negative,1114
https://openalex.org/T10120,https://openalex.org/T10683,2015,2016,2020,0.36067376022224085,1,6,5,0.1,30,10.0,10.0,0,0,0.0031986553844747883,true_negative,1115
https://openalex.org/T10770,https://openalex.org/T11206,2015,2016,2020,0.43429448190325176,1,2,2,0.3333333333333333,4,2.0,2.0,0,0,0.003164334449865377,true_negative,1126
https://openalex.org/T10770,https://openalex.org/T11659,2015,2016,2020,0.43429448190325176,1,2,2,0.3333333333333333,4,2.0,2.0,0,0,0.003164334449865377,true_negative,1128
https://openalex.org/T11206,https://openalex.org/T11659,2015,2016,2020,0.43429448190325176,1,2,2,0.3333333333333333,4,2.0,2.0,0,0,0.003164334449865377,true_negative,1138
https://openalex.org/T11210,https://openalex.org/T11659,2015,2016,2020,0.43429448190325176,1,2,2,0.3333333333333333,4,2.0,2.0,0,0,0.003164334449865377,true_negative,1140
https://openalex.org/T10266,https://openalex.org/T11186,2015,2016,2020,0.43429448190325176,1,2,2,0.3333333333333333,4,2.0,2.0,0,0,0.003164334449865377,true_negative,1117
https://openalex.org/T10770,https://openalex.org/T11210,2015,2016,2020,0.43429448190325176,1,2,2,0.3333333333333333,4,2.0,2.0,0,0,0.003164334449865377,true_negative,1127
https://openalex.org/T10266,https://openalex.org/T11333,2015,2016,2020,0.43429448190325176,1,2,2,0.3333333333333333,4,2.0,2.0,0,0,0.003164334449865377,true_negative,1118
https://openalex.org/T10770,https://openalex.org/T12015,2015,2016,2020,0.43429448190325176,1,2,2,0.3333333333333333,4,2.0,2.0,0,0,0.003164334449865377,true_negative,1129
https://openalex.org/T11210,https://openalex.org/T12015,2015,2016,2020,0.43429448190325176,1,2,2,0.3333333333333333,4,2.0,2.0,0,0,0.003164334449865377,true_negative,1141
https://openalex.org/T10266,https://openalex.org/T11483,2015,2016,2020,0.43429448190325176,1,2,2,0.3333333333333333,4,2.0,2.0,0,0,0.003164334449865377,true_negative,1119
https://openalex.org/T11205,https://openalex.org/T12015,2015,2016,2020,0.43429448190325176,1,2,2,0.3333333333333333,4,2.0,2.0,0,0,0.003164334449865377,true_negative,1136
https://openalex.org/T11206,https://openalex.org/T12015,2015,2016,2020,0.43429448190325176,1,2,2,0.3333333333333333,4,2.0,2.0,0,0,0.003164334449865377,true_negative,1139
https://openalex.org/T10770,https://openalex.org/T11205,2015,2016,2020,0.43429448190325176,1,2,2,0.3333333333333333,4,2.0,2.0,0,0,0.003164334449865377,true_negative,1125
https://openalex.org/T11206,https://openalex.org/T11210,2015,2016,2020,0.43429448190325176,1,2,2,0.3333333333333333,4,2.0,2.0,0,0,0.003164334449865377,true_negative,1137
https://openalex.org/T10185,https://openalex.org/T11798,2015,2016,2020,0.43429448190325176,1,2,2,0.3333333333333333,4,2.0,2.0,0,0,0.003164334449865377,true_negative,1116
https://openalex.org/T10549,https://openalex.org/T10583,2015,2016,2020,0.43429448190325176,1,2,2,0.3333333333333333,4,2.0,2.0,0,0,0.003164334449865377,true_negative,1121
https://openalex.org/T11483,https://openalex.org/T12091,2015,2016,2020,0.43429448190325176,1,2,2,0.3333333333333333,4,2.0,2.0,0,0,0.003164334449865377,true_negative,1144
https://openalex.org/T10549,https://openalex.org/T10929,2015,2016,2020,0.43429448190325176,1,2,2,0.3333333333333333,4,2.0,2.0,0,0,0.003164334449865377,true_negative,1122
https://openalex.org/T10929,https://openalex.org/T11677,2015,2016,2020,0.43429448190325176,1,2,2,0.3333333333333333,4,2.0,2.0,0,0,0.003164334449865377,true_negative,1130
https://openalex.org/T11739,https://openalex.org/T12303,2015,2016,2020,0.43429448190325176,1,2,2,0.3333333333333333,4,2.0,2.0,0,0,0.003164334449865377,true_negative,1145
https://openalex.org/T11186,https://openalex.org/T11483,2015,2016,2020,0.43429448190325176,1,2,2,0.3333333333333333,4,2.0,2.0,0,0,0.003164334449865377,true_negative,1132
https://openalex.org/T11205,https://openalex.org/T11659,2015,2016,2020,0.43429448190325176,1,2,2,0.3333333333333333,4,2.0,2.0,0,0,0.003164334449865377,true_negative,1135
https://openalex.org/T10323,https://openalex.org/T12303,2015,2016,2020,0.43429448190325176,1,2,2,0.3333333333333333,4,2.0,2.0,0,0,0.003164334449865377,true_negative,1120
https://openalex.org/T11333,https://openalex.org/T11483,2015,2016,2020,0.43429448190325176,1,2,2,0.3333333333333333,4,2.0,2.0,0,0,0.003164334449865377,true_negative,1142
https://openalex.org/T11205,https://openalex.org/T11206,2015,2016,2020,0.43429448190325176,1,2,2,0.3333333333333333,4,2.0,2.0,0,0,0.003164334449865377,true_negative,1134
https://openalex.org/T11186,https://openalex.org/T11333,2015,2016,2020,0.43429448190325176,1,2,2,0.3333333333333333,4,2.0,2.0,0,0,0.003164334449865377,true_negative,1131
https://openalex.org/T10583,https://openalex.org/T10929,2015,2016,2020,0.43429448190325176,1,2,2,0.3333333333333333,4,2.0,2.0,0,0,0.003164334449865377,true_negative,1123
https://openalex.org/T11333,https://openalex.org/T12091,2015,2016,2020,0.43429448190325176,1,2,2,0.3333333333333333,4,2.0,2.0,0,0,0.003164334449865377,true_negative,1143
https://openalex.org/T10583,https://openalex.org/T11677,2015,2016,2020,0.43429448190325176,1,2,2,0.3333333333333333,4,2.0,2.0,0,0,0.003164334449865377,true_negative,1124
https://openalex.org/T11186,https://openalex.org/T12091,2015,2016,2020,0.43429448190325176,1,2,2,0.3333333333333333,4,2.0,2.0,0,0,0.003164334449865377,true_negative,1133
https://openalex.org/T10206,https://openalex.org/T10640,2015,2016,2020,0.4170323914242463,1,24,6,0.034482758620689655,144,78.0,6.0,0,0,0.003158140673599151,true_negative,1146
https://openalex.org/T10206,https://openalex.org/T13141,2015,2016,2020,0.4170323914242463,1,24,6,0.034482758620689655,144,78.0,7.0,0,0,0.003158140673599151,true_negative,1147
https://openalex.org/T10338,https://openalex.org/T12046,2015,2016,2020,0.33380820069533407,1,2,4,0.2,8,2.0,8.0,0,0,0.003112510697076005,true_negative,1149
https://openalex.org/T11992,https://openalex.org/T12046,2015,2016,2020,0.33380820069533407,1,2,4,0.2,8,2.0,8.0,0,0,0.003112510697076005,true_negative,1152
https://openalex.org/T10338,https://openalex.org/T10657,2015,2016,2020,0.33380820069533407,1,2,4,0.2,8,2.0,8.0,0,0,0.003112510697076005,true_negative,1148
https://openalex.org/T10478,https://openalex.org/T10657,2015,2016,2020,0.33380820069533407,1,2,4,0.2,8,2.0,8.0,0,0,0.003112510697076005,true_negative,1150
https://openalex.org/T10478,https://openalex.org/T12046,2015,2016,2020,0.33380820069533407,1,2,4,0.2,8,2.0,8.0,0,0,0.003112510697076005,true_negative,1151
https://openalex.org/T10222,https://openalex.org/T12592,2015,2016,2020,0.318928988903801,1,11,6,0.0625,66,16.0,10.0,0,0,0.003103216345448476,true_negative,1153
https://openalex.org/T10015,https://openalex.org/T10211,2015,2016,2020,0.7088002341550811,2,36,8,0.047619047619047616,288,158.0,14.0,0,0,0.0030898464388925745,true_negative,1154
https://openalex.org/T10320,https://openalex.org/T11975,2015,2016,2020,0.7213475204444817,1,17,6,0.045454545454545456,102,31.0,8.0,0,0,0.0030794115683395805,true_negative,1155
https://openalex.org/T10320,https://openalex.org/T11289,2015,2016,2020,0.31066746727980593,1,17,6,0.045454545454545456,102,31.0,8.0,0,0,0.003063002958769505,true_negative,1157
https://openalex.org/T10320,https://openalex.org/T11710,2015,2016,2020,0.31066746727980593,1,17,6,0.045454545454545456,102,31.0,8.0,0,0,0.003063002958769505,true_negative,1158
https://openalex.org/T10320,https://openalex.org/T10932,2015,2016,2020,0.31066746727980593,1,17,6,0.045454545454545456,102,31.0,8.0,0,0,0.003063002958769505,true_negative,1156
https://openalex.org/T10537,https://openalex.org/T10826,2015,2016,2020,0.5581106265512472,1,2,3,0.25,6,2.0,4.0,0,0,0.0030210150739168164,true_negative,1161
https://openalex.org/T10379,https://openalex.org/T12264,2015,2016,2020,0.5581106265512472,1,2,3,0.25,6,2.0,4.0,0,0,0.0030210150739168164,true_negative,1160
https://openalex.org/T10862,https://openalex.org/T11396,2015,2016,2020,0.5581106265512472,1,2,3,0.25,6,2.0,3.0,0,0,0.0030210150739168164,true_negative,1162
https://openalex.org/T11182,https://openalex.org/T11454,2015,2016,2020,0.5581106265512472,1,2,3,0.25,6,2.0,4.0,0,0,0.0030210150739168164,true_negative,1163
https://openalex.org/T10031,https://openalex.org/T11491,2015,2016,2020,0.5581106265512472,1,2,3,0.25,6,2.0,4.0,0,0,0.0030210150739168164,true_negative,1159
https://openalex.org/T11190,https://openalex.org/T12264,2015,2016,2020,0.5581106265512472,1,2,3,0.25,6,2.0,4.0,0,0,0.0030210150739168164,true_negative,1164
https://openalex.org/T10012,https://openalex.org/T13984,2015,2016,2020,0.35295612386476116,1,11,6,0.0625,66,32.0,6.0,0,0,0.003012182205764139,true_negative,1165
https://openalex.org/T10018,https://openalex.org/T10030,2015,2016,2020,0.45511961331341866,1,8,2,0.1111111111111111,16,20.0,2.0,0,0,0.0029603071268114495,true_negative,1166
https://openalex.org/T10018,https://openalex.org/T10811,2015,2016,2020,0.45511961331341866,1,8,2,0.1111111111111111,16,20.0,2.0,0,0,0.0029603071268114495,true_negative,1167
https://openalex.org/T10018,https://openalex.org/T11007,2015,2016,2020,0.45511961331341866,1,8,2,0.1111111111111111,16,20.0,2.0,0,0,0.0029603071268114495,true_negative,1168
https://openalex.org/T10261,https://openalex.org/T12114,2015,2016,2020,0.7449619491830577,2,17,9,0.08333333333333333,153,32.0,10.0,0,0,0.002938799046885315,true_negative,1169
https://openalex.org/T10066,https://openalex.org/T12114,2015,2016,2020,0.31066746727980593,1,12,9,0.05,108,26.0,10.0,0,0,0.0029137018603955355,true_negative,1170
https://openalex.org/T10765,https://openalex.org/T13141,2015,2016,2020,0.4170323914242463,1,2,6,0.14285714285714285,12,2.0,7.0,0,0,0.002870853678920031,true_negative,1172
https://openalex.org/T10643,https://openalex.org/T13141,2015,2016,2020,0.4170323914242463,1,2,6,0.14285714285714285,12,2.0,7.0,0,0,0.002870853678920031,true_negative,1171
https://openalex.org/T13398,https://openalex.org/T14374,2015,2016,2020,0.5581106265512472,1,11,5,0.06666666666666667,55,13.0,6.0,0,0,0.0028667055808379834,true_negative,1173
https://openalex.org/T12574,https://openalex.org/T13555,2015,2016,2020,0.667614104308886,2,4,2,0.5,8,4.0,4.0,0,0,0.002861221645574202,true_negative,1174
https://openalex.org/T10054,https://openalex.org/T10273,2015,2016,2020,1.8204784532536746,2,4,5,0.2857142857142857,20,4.0,6.0,0,0,0.002828260390763236,true_negative,1175
https://openalex.org/T11289,https://openalex.org/T11986,2015,2016,2020,0.2790553132756236,1,6,5,0.1,30,8.0,6.0,0,0,0.0028150592229994847,true_negative,1176
https://openalex.org/T10515,https://openalex.org/T10887,2015,2016,2020,0.4170323914242463,1,4,23,0.038461538461538464,92,6.0,50.0,0,0,0.002803521650003692,true_negative,1177
https://openalex.org/T10120,https://openalex.org/T10222,2015,2016,2020,0.6250315695368172,2,6,11,0.13333333333333333,66,10.0,16.0,0,0,0.0027669441139029187,true_negative,1178
https://openalex.org/T11313,https://openalex.org/T14078,2015,2016,2020,0.45511961331341866,1,6,4,0.1111111111111111,24,6.0,10.0,0,0,0.002761519341023373,true_negative,1180
https://openalex.org/T11020,https://openalex.org/T14078,2015,2016,2020,0.45511961331341866,1,6,4,0.1111111111111111,24,6.0,10.0,0,0,0.002761519341023373,true_negative,1179
https://openalex.org/T10030,https://openalex.org/T10663,2015,2016,2020,0.45511961331341866,1,2,3,0.25,6,2.0,8.0,0,0,0.0027582048128146574,true_negative,1181
https://openalex.org/T10275,https://openalex.org/T11277,2015,2016,2020,0.33380820069533407,1,8,6,0.07692307692307693,48,18.0,6.0,0,0,0.002726732010614539,true_negative,1183
https://openalex.org/T10275,https://openalex.org/T10923,2015,2016,2020,0.33380820069533407,1,8,6,0.07692307692307693,48,18.0,6.0,0,0,0.002726732010614539,true_negative,1182
https://openalex.org/T10887,https://openalex.org/T13984,2015,2016,2020,0.35295612386476116,1,23,6,0.03571428571428571,138,50.0,6.0,0,0,0.0027105663483971997,true_negative,1184
https://openalex.org/T10521,https://openalex.org/T11468,2015,2016,2020,0.6295964561836069,2,18,10,0.07692307692307693,180,50.0,18.0,0,0,0.002710413762442335,true_negative,1185
https://openalex.org/T11235,https://openalex.org/T11369,2015,2016,2020,0.7213475204444817,1,10,7,0.0625,70,14.0,10.0,0,0,0.0027025996117399456,true_negative,1186
https://openalex.org/T10538,https://openalex.org/T10862,2015,2016,2020,0.5581106265512472,1,7,2,0.125,14,7.0,2.0,0,0,0.002699848088974181,true_negative,1187
https://openalex.org/T10538,https://openalex.org/T13429,2015,2016,2020,0.5581106265512472,1,7,2,0.125,14,7.0,2.0,0,0,0.002699848088974181,true_negative,1188
https://openalex.org/T10243,https://openalex.org/T10688,2015,2016,2020,0.4170323914242463,1,12,10,0.047619047619047616,120,18.0,12.0,0,0,0.00267006882786809,true_negative,1189
https://openalex.org/T10066,https://openalex.org/T11986,2015,2016,2020,0.2790553132756236,1,12,5,0.0625,60,26.0,6.0,0,0,0.002661176733715559,true_negative,1190
https://openalex.org/T10064,https://openalex.org/T11106,2015,2016,2020,1.4426950408889634,2,12,4,0.14285714285714285,48,16.0,4.0,0,0,0.002658289920010195,true_negative,1191
https://openalex.org/T10478,https://openalex.org/T11277,2015,2016,2020,0.8477065430650847,2,2,6,0.3333333333333333,12,2.0,6.0,0,0,0.002656324821403582,true_negative,1193
https://openalex.org/T10478,https://openalex.org/T10923,2015,2016,2020,0.8477065430650847,2,2,6,0.3333333333333333,12,2.0,6.0,0,0,0.002656324821403582,true_negative,1192
https://openalex.org/T10144,https://openalex.org/T10206,2015,2016,2020,0.35295612386476116,1,3,24,0.038461538461538464,72,4.0,78.0,0,0,0.002653453751293607,true_negative,1194
https://openalex.org/T10120,https://openalex.org/T11642,2015,2016,2020,1.105929916499805,3,6,11,0.21428571428571427,66,10.0,26.0,0,0,0.0026528765903139065,true_negative,1195
https://openalex.org/T10417,https://openalex.org/T10887,2015,2016,2020,0.3898712452512801,1,4,23,0.038461538461538464,92,4.0,50.0,0,0,0.0026478623985877205,true_negative,1196
https://openalex.org/T10799,https://openalex.org/T10887,2015,2016,2020,0.40242960438184466,1,4,23,0.038461538461538464,92,4.0,50.0,0,0,0.0026478623985877205,true_negative,1198
https://openalex.org/T10637,https://openalex.org/T10887,2015,2016,2020,0.40242960438184466,1,4,23,0.038461538461538464,92,4.0,50.0,0,0,0.0026478623985877205,true_negative,1197
https://openalex.org/T10416,https://openalex.org/T11235,2015,2016,2020,0.31465798044412485,1,5,10,0.07142857142857142,50,6.0,14.0,0,0,0.002641943716183705,true_negative,1199
https://openalex.org/T10211,https://openalex.org/T10885,2015,2016,2020,0.8770396154550482,2,8,25,0.06451612903225806,200,14.0,62.0,0,0,0.002637365829776037,true_negative,1200
https://openalex.org/T11213,https://openalex.org/T11447,2015,2016,2020,0.45511961331341866,1,12,10,0.047619047619047616,120,18.0,13.0,0,0,0.002592041475847327,true_negative,1201
https://openalex.org/T11449,https://openalex.org/T13013,2015,2016,2020,1.365358839940256,2,2,5,0.4,10,2.0,6.0,0,0,0.002591017848350628,true_negative,1202
https://openalex.org/T11948,https://openalex.org/T13937,2015,2016,2020,0.6213349345596119,1,17,8,0.041666666666666664,136,24.0,12.0,0,0,0.002574295166006883,true_negative,1203
https://openalex.org/T10222,https://openalex.org/T10515,2015,2016,2020,0.8979307383872341,2,11,4,0.15384615384615385,44,16.0,6.0,0,0,0.002561865638192465,true_negative,1204
https://openalex.org/T10580,https://openalex.org/T11313,2015,2016,2020,0.45511961331341866,1,4,6,0.1111111111111111,24,6.0,6.0,0,0,0.0025598368355145814,true_negative,1205
https://openalex.org/T10015,https://openalex.org/T10836,2015,2016,2020,0.7130970716616506,2,36,7,0.04878048780487805,252,158.0,12.0,0,0,0.0025444398051173967,true_negative,1206
https://openalex.org/T10932,https://openalex.org/T11287,2015,2016,2020,0.9086517694592305,3,6,13,0.1875,78,8.0,20.0,0,0,0.0025338601745707847,true_negative,1207
https://openalex.org/T10261,https://openalex.org/T11879,2015,2016,2020,0.2790553132756236,1,17,2,0.05555555555555555,34,32.0,2.0,0,0,0.002533825534979015,true_negative,1211
https://openalex.org/T10261,https://openalex.org/T11470,2015,2016,2020,0.2790553132756236,1,17,2,0.05555555555555555,34,32.0,2.0,0,0,0.002533825534979015,true_negative,1210
https://openalex.org/T10261,https://openalex.org/T12134,2015,2016,2020,0.2790553132756236,1,17,2,0.05555555555555555,34,32.0,2.0,0,0,0.002533825534979015,true_negative,1212
https://openalex.org/T10261,https://openalex.org/T10715,2015,2016,2020,0.2790553132756236,1,17,2,0.05555555555555555,34,32.0,2.0,0,0,0.002533825534979015,true_negative,1209
https://openalex.org/T10261,https://openalex.org/T10602,2015,2016,2020,0.2790553132756236,1,17,2,0.05555555555555555,34,32.0,2.0,0,0,0.002533825534979015,true_negative,1208
https://openalex.org/T10066,https://openalex.org/T10257,2015,2016,2020,0.40242960438184466,1,12,2,0.07692307692307693,24,26.0,2.0,0,0,0.0025249630933103294,true_negative,1213
https://openalex.org/T10066,https://openalex.org/T10593,2015,2016,2020,0.40242960438184466,1,12,2,0.07692307692307693,24,26.0,2.0,0,0,0.0025249630933103294,true_negative,1214
https://openalex.org/T11542,https://openalex.org/T12241,2015,2016,2020,0.5138983423697507,1,9,2,0.1,18,10.0,2.0,0,0,0.002514739141763593,true_negative,1215
https://openalex.org/T11542,https://openalex.org/T13883,2015,2016,2020,0.5138983423697507,1,9,2,0.1,18,10.0,2.0,0,0,0.002514739141763593,true_negative,1216
https://openalex.org/T12292,https://openalex.org/T12535,2015,2016,2020,0.35295612386476116,1,2,13,0.07142857142857142,26,2.0,17.0,0,0,0.0025005541910118503,true_negative,1218
https://openalex.org/T11206,https://openalex.org/T12535,2015,2016,2020,0.35295612386476116,1,2,13,0.07142857142857142,26,2.0,17.0,0,0,0.0025005541910118503,true_negative,1217
https://openalex.org/T10002,https://openalex.org/T10683,2015,2016,2020,1.1035011293382821,3,16,5,0.16666666666666666,80,28.0,10.0,0,0,0.002482096180587159,true_negative,1219
https://openalex.org/T10257,https://openalex.org/T10885,2015,2016,2020,0.40242960438184466,1,2,25,0.038461538461538464,50,2.0,62.0,0,0,0.002481477834887491,true_negative,1220
https://openalex.org/T10593,https://openalex.org/T10885,2015,2016,2020,0.40242960438184466,1,2,25,0.038461538461538464,50,2.0,62.0,0,0,0.002481477834887491,true_negative,1221
https://openalex.org/T10932,https://openalex.org/T11289,2015,2016,2020,0.9086517694592305,3,6,6,0.3333333333333333,36,8.0,8.0,0,0,0.0024616861404618408,true_negative,1222
https://openalex.org/T11235,https://openalex.org/T11287,2015,2016,2020,0.7213475204444817,1,10,13,0.045454545454545456,130,14.0,20.0,0,0,0.002451708916498128,true_negative,1223
https://openalex.org/T10044,https://openalex.org/T10885,2015,2016,2020,0.9040868828124409,2,16,25,0.05128205128205128,400,38.0,62.0,0,0,0.0024429610431761788,true_negative,1224
https://openalex.org/T10397,https://openalex.org/T11235,2015,2016,2020,0.35295612386476116,1,3,10,0.08333333333333333,30,6.0,14.0,0,0,0.0024415891683081782,true_negative,1225
https://openalex.org/T10120,https://openalex.org/T10492,2015,2016,2020,0.36067376022224085,1,6,2,0.14285714285714285,12,10.0,2.0,0,0,0.0024345763575982105,true_negative,1227
https://openalex.org/T10120,https://openalex.org/T10432,2015,2016,2020,0.36067376022224085,1,6,2,0.14285714285714285,12,10.0,2.0,0,0,0.0024345763575982105,true_negative,1226
https://openalex.org/T10120,https://openalex.org/T11809,2015,2016,2020,0.36067376022224085,1,6,2,0.14285714285714285,12,10.0,2.0,0,0,0.0024345763575982105,true_negative,1228
https://openalex.org/T10012,https://openalex.org/T11048,2015,2016,2020,0.2790553132756236,1,11,3,0.07692307692307693,33,32.0,4.0,0,0,0.0024205041685688845,true_negative,1229
https://openalex.org/T10243,https://openalex.org/T10467,2015,2016,2020,0.35295612386476116,1,12,9,0.05,108,18.0,13.0,0,0,0.002378087778602264,true_negative,1231
https://openalex.org/T10064,https://openalex.org/T10467,2015,2016,2020,0.35295612386476116,1,12,9,0.05,108,16.0,13.0,0,0,0.002378087778602264,true_negative,1230
https://openalex.org/T12574,https://openalex.org/T13398,2015,2016,2020,0.31465798044412485,1,4,11,0.07142857142857142,44,4.0,13.0,0,0,0.0023643912935763117,true_negative,1233
https://openalex.org/T10157,https://openalex.org/T13398,2015,2016,2020,0.31465798044412485,1,4,11,0.07142857142857142,44,5.0,13.0,0,0,0.0023643912935763117,true_negative,1232
https://openalex.org/T11235,https://openalex.org/T11880,2015,2016,2020,0.31465798044412485,1,10,4,0.07692307692307693,40,14.0,4.0,0,0,0.0023582263898059234,true_negative,1234
https://openalex.org/T10725,https://openalex.org/T12140,2015,2016,2020,0.45511961331341866,1,7,2,0.125,14,10.0,4.0,0,0,0.002354584454707481,true_negative,1235
https://openalex.org/T11376,https://openalex.org/T12816,2015,2016,2020,0.48089834696298783,1,4,5,0.125,20,4.0,5.0,0,0,0.0023434256880834024,true_negative,1238
https://openalex.org/T11097,https://openalex.org/T12816,2015,2016,2020,0.48089834696298783,1,4,5,0.125,20,4.0,5.0,0,0,0.0023434256880834024,true_negative,1237
https://openalex.org/T10272,https://openalex.org/T12816,2015,2016,2020,0.48089834696298783,1,4,5,0.125,20,4.0,5.0,0,0,0.0023434256880834024,true_negative,1236
https://openalex.org/T10243,https://openalex.org/T13309,2015,2016,2020,0.31465798044412485,1,12,9,0.05,108,18.0,20.0,0,0,0.0023357072143723365,true_negative,1240
https://openalex.org/T10064,https://openalex.org/T11970,2015,2016,2020,0.318928988903801,1,12,9,0.05,108,16.0,20.0,0,0,0.0023357072143723365,true_negative,1239
https://openalex.org/T10207,https://openalex.org/T10981,2015,2016,2020,0.45511961331341866,1,2,2,0.3333333333333333,4,4.0,2.0,0,0,0.0023044800356741622,true_negative,1241
https://openalex.org/T10207,https://openalex.org/T12786,2015,2016,2020,0.45511961331341866,1,2,2,0.3333333333333333,4,4.0,2.0,0,0,0.0023044800356741622,true_negative,1242
https://openalex.org/T12140,https://openalex.org/T12786,2015,2016,2020,0.45511961331341866,1,2,2,0.3333333333333333,4,4.0,2.0,0,0,0.0023044800356741622,true_negative,1243
https://openalex.org/T10277,https://openalex.org/T10512,2015,2016,2020,0.7213475204444817,1,4,2,0.2,8,4.0,2.0,0,0,0.002276970868870313,true_negative,1249
https://openalex.org/T12056,https://openalex.org/T12797,2015,2016,2020,0.7213475204444817,1,4,2,0.2,8,4.0,2.0,0,0,0.002276970868870313,true_negative,1258
https://openalex.org/T10191,https://openalex.org/T11105,2015,2016,2020,0.7213475204444817,1,4,2,0.2,8,4.0,2.0,0,0,0.002276970868870313,true_negative,1247
https://openalex.org/T12137,https://openalex.org/T13158,2015,2016,2020,0.7213475204444817,1,4,2,0.2,8,4.0,2.0,0,0,0.002276970868870313,true_negative,1259
https://openalex.org/T11106,https://openalex.org/T13976,2015,2016,2020,0.7213475204444817,1,4,2,0.2,8,4.0,2.0,0,0,0.002276970868870313,true_negative,1255
https://openalex.org/T10209,https://openalex.org/T14093,2015,2016,2020,0.7213475204444817,1,4,2,0.2,8,4.0,2.0,0,0,0.002276970868870313,true_negative,1248
https://openalex.org/T12002,https://openalex.org/T12261,2015,2016,2020,0.7213475204444817,1,4,2,0.2,8,4.0,2.0,0,0,0.002276970868870313,true_negative,1257
https://openalex.org/T11078,https://openalex.org/T11457,2015,2016,2020,0.7213475204444817,1,4,2,0.2,8,4.0,2.0,0,0,0.002276970868870313,true_negative,1254
https://openalex.org/T10184,https://openalex.org/T11760,2015,2016,2020,0.7213475204444817,1,4,2,0.2,8,4.0,2.0,0,0,0.002276970868870313,true_negative,1246
https://openalex.org/T10446,https://openalex.org/T12851,2015,2016,2020,0.7213475204444817,1,4,2,0.2,8,4.0,2.0,0,0,0.002276970868870313,true_negative,1252
https://openalex.org/T10446,https://openalex.org/T11182,2015,2016,2020,0.7213475204444817,1,4,2,0.2,8,4.0,2.0,0,0,0.002276970868870313,true_negative,1250
https://openalex.org/T11597,https://openalex.org/T12023,2015,2016,2020,0.7213475204444817,1,4,2,0.2,8,4.0,2.0,0,0,0.002276970868870313,true_negative,1256
https://openalex.org/T10446,https://openalex.org/T11743,2015,2016,2020,0.7213475204444817,1,4,2,0.2,8,4.0,2.0,0,0,0.002276970868870313,true_negative,1251
https://openalex.org/T10071,https://openalex.org/T11655,2015,2016,2020,0.7213475204444817,1,4,2,0.2,8,4.0,2.0,0,0,0.002276970868870313,true_negative,1244
https://openalex.org/T10073,https://openalex.org/T10394,2015,2016,2020,0.7213475204444817,1,4,2,0.2,8,4.0,2.0,0,0,0.002276970868870313,true_negative,1245
https://openalex.org/T10446,https://openalex.org/T13158,2015,2016,2020,0.7213475204444817,1,4,2,0.2,8,4.0,2.0,0,0,0.002276970868870313,true_negative,1253
https://openalex.org/T10400,https://openalex.org/T10775,2015,2016,2020,0.48089834696298783,1,2,4,0.2,8,2.0,6.0,0,0,0.0022652423532043137,true_negative,1260
https://openalex.org/T10186,https://openalex.org/T10629,2015,2016,2020,0.3459762562611936,1,2,16,0.058823529411764705,32,2.0,28.0,0,0,0.0022270551872402796,true_negative,1261
https://openalex.org/T10243,https://openalex.org/T11468,2015,2016,2020,0.45511961331341866,1,12,10,0.047619047619047616,120,18.0,18.0,0,0,0.0021987927556672802,true_negative,1262
https://openalex.org/T10591,https://openalex.org/T11809,2015,2016,2020,0.8157933735356595,2,4,2,0.5,8,4.0,2.0,0,0,0.0021954998326667724,true_negative,1264
https://openalex.org/T10472,https://openalex.org/T11341,2015,2016,2020,0.814706547658322,2,4,2,0.5,8,4.0,2.0,0,0,0.0021954998326667724,true_negative,1263
https://openalex.org/T10206,https://openalex.org/T10836,2015,2016,2020,0.8194619958060909,2,24,7,0.06896551724137931,168,78.0,12.0,0,0,0.0021475932474659012,true_negative,1265
https://openalex.org/T10206,https://openalex.org/T13204,2015,2016,2020,0.7213475204444817,1,24,2,0.04,48,78.0,2.0,0,0,0.0021441783253697217,true_negative,1270
https://openalex.org/T10206,https://openalex.org/T10254,2015,2016,2020,0.7213475204444817,1,24,2,0.04,48,78.0,2.0,0,0,0.0021441783253697217,true_negative,1266
https://openalex.org/T10206,https://openalex.org/T11922,2015,2016,2020,0.7213475204444817,1,24,2,0.04,48,78.0,2.0,0,0,0.0021441783253697217,true_negative,1268
https://openalex.org/T10206,https://openalex.org/T11238,2015,2016,2020,0.7213475204444817,1,24,2,0.04,48,78.0,2.0,0,0,0.0021441783253697217,true_negative,1267
https://openalex.org/T10206,https://openalex.org/T12805,2015,2016,2020,0.7213475204444817,1,24,2,0.04,48,78.0,2.0,0,0,0.0021441783253697217,true_negative,1269
https://openalex.org/T10467,https://openalex.org/T12659,2015,2016,2020,0.48089834696298783,1,9,2,0.1,18,13.0,2.0,0,0,0.0021422771617761417,true_negative,1271
https://openalex.org/T10467,https://openalex.org/T13083,2015,2016,2020,0.48089834696298783,1,9,2,0.1,18,13.0,2.0,0,0,0.0021422771617761417,true_negative,1272
https://openalex.org/T10243,https://openalex.org/T12535,2015,2016,2020,0.7863017644931014,2,12,13,0.08695652173913043,156,18.0,17.0,0,0,0.002134056320694351,true_negative,1273
https://openalex.org/T10002,https://openalex.org/T10018,2015,2016,2020,0.6213349345596119,1,16,8,0.043478260869565216,128,28.0,20.0,0,0,0.002124429240096538,true_negative,1274
https://openalex.org/T10064,https://openalex.org/T10885,2015,2016,2020,0.8770396154550482,2,12,25,0.05714285714285714,300,16.0,62.0,0,0,0.0021070986197762468,true_negative,1275
https://openalex.org/T10269,https://openalex.org/T11655,2015,2016,2020,0.5581106265512472,1,9,2,0.1,18,10.0,2.0,0,0,0.0021058111335681804,true_negative,1276
https://openalex.org/T10018,https://openalex.org/T10502,2015,2016,2020,0.8477065430650847,2,8,7,0.15384615384615385,56,20.0,8.0,0,0,0.0021033104280897873,true_negative,1277
https://openalex.org/T11269,https://openalex.org/T11289,2015,2016,2020,0.2790553132756236,1,9,6,0.07142857142857142,54,16.0,8.0,0,0,0.0021008868153385178,true_negative,1278
https://openalex.org/T11269,https://openalex.org/T12859,2015,2016,2020,0.2790553132756236,1,9,6,0.07142857142857142,54,16.0,8.0,0,0,0.0021008868153385178,true_negative,1279
https://openalex.org/T10844,https://openalex.org/T12422,2015,2016,2020,0.48089834696298783,1,2,3,0.25,6,2.0,3.0,0,0,0.002097541377061439,true_negative,1280
https://openalex.org/T10044,https://openalex.org/T12254,2015,2016,2020,0.3459762562611936,1,16,4,0.05263157894736842,64,38.0,16.0,0,0,0.0020885996251407235,true_negative,1281
https://openalex.org/T10015,https://openalex.org/T13114,2015,2016,2020,1.039008973514235,2,36,6,0.05,216,158.0,6.0,0,0,0.0020773182011999676,true_negative,1282
https://openalex.org/T12880,https://openalex.org/T13447,2015,2016,2020,0.6213349345596119,1,18,3,0.05,54,26.0,4.0,0,0,0.002076912095435201,true_negative,1283
https://openalex.org/T10052,https://openalex.org/T10824,2015,2016,2020,0.9360179602764065,2,6,5,0.2222222222222222,30,6.0,6.0,0,0,0.0020549986884684105,true_negative,1284
https://openalex.org/T10269,https://openalex.org/T10521,2015,2016,2020,0.8340647828484926,2,9,18,0.08,162,10.0,50.0,0,0,0.002048358526016033,true_negative,1285
https://openalex.org/T10068,https://openalex.org/T13283,2015,2016,2020,0.45511961331341866,1,8,17,0.041666666666666664,136,11.0,19.0,0,0,0.002034671941672147,true_negative,1286
https://openalex.org/T10502,https://openalex.org/T10923,2015,2016,2020,0.8477065430650847,2,7,6,0.18181818181818182,42,8.0,6.0,0,0,0.0020298211077812937,true_negative,1287
https://openalex.org/T10502,https://openalex.org/T11277,2015,2016,2020,0.8477065430650847,2,7,6,0.18181818181818182,42,8.0,6.0,0,0,0.0020298211077812937,true_negative,1288
https://openalex.org/T10018,https://openalex.org/T10657,2015,2016,2020,0.955143135254946,2,8,4,0.2,32,20.0,8.0,0,0,0.002026222405740066,true_negative,1289
https://openalex.org/T10243,https://openalex.org/T13555,2015,2016,2020,0.31465798044412485,1,12,2,0.07692307692307693,24,18.0,4.0,0,0,0.0020255985262202496,true_negative,1290
https://openalex.org/T11213,https://openalex.org/T12640,2015,2016,2020,0.2790553132756236,1,12,2,0.07692307692307693,24,18.0,4.0,0,0,0.0020255985262202496,true_negative,1291
https://openalex.org/T10218,https://openalex.org/T10538,2015,2016,2020,0.5581106265512472,1,4,7,0.1,28,6.0,7.0,0,0,0.002021909565907697,true_negative,1292
https://openalex.org/T10057,https://openalex.org/T12761,2015,2016,2020,0.870769592214268,2,8,5,0.18181818181818182,40,20.0,6.0,0,0,0.001989821716796723,true_negative,1293
https://openalex.org/T10052,https://openalex.org/T11307,2015,2016,2020,0.9360179602764065,2,6,10,0.14285714285714285,60,6.0,14.0,0,0,0.001989789636739425,true_negative,1294
https://openalex.org/T10222,https://openalex.org/T13984,2015,2016,2020,0.8080757371781798,2,11,6,0.13333333333333333,66,16.0,6.0,0,0,0.0019732103478610178,true_negative,1295
https://openalex.org/T10521,https://openalex.org/T11187,2015,2016,2020,0.5581106265512472,1,18,2,0.05263157894736842,36,50.0,2.0,0,0,0.001962677417843232,true_negative,1296
https://openalex.org/T13412,https://openalex.org/T14153,2015,2016,2020,0.3459762562611936,1,2,4,0.2,8,2.0,6.0,0,0,0.0019444982209890658,true_negative,1302
https://openalex.org/T12950,https://openalex.org/T14153,2015,2016,2020,0.3459762562611936,1,2,4,0.2,8,2.0,6.0,0,0,0.0019444982209890658,true_negative,1300
https://openalex.org/T10186,https://openalex.org/T14153,2015,2016,2020,0.3459762562611936,1,2,4,0.2,8,2.0,6.0,0,0,0.0019444982209890658,true_negative,1298
https://openalex.org/T12790,https://openalex.org/T14153,2015,2016,2020,0.3459762562611936,1,2,4,0.2,8,2.0,6.0,0,0,0.0019444982209890658,true_negative,1299
https://openalex.org/T10186,https://openalex.org/T12679,2015,2016,2020,0.3459762562611936,1,2,4,0.2,8,2.0,6.0,0,0,0.0019444982209890658,true_negative,1297
https://openalex.org/T14023,https://openalex.org/T14153,2015,2016,2020,0.3459762562611936,1,2,4,0.2,8,2.0,6.0,0,0,0.0019444982209890658,true_negative,1303
https://openalex.org/T13051,https://openalex.org/T14153,2015,2016,2020,0.3459762562611936,1,2,4,0.2,8,2.0,6.0,0,0,0.0019444982209890658,true_negative,1301
https://openalex.org/T10036,https://openalex.org/T11161,2015,2016,2020,0.6213349345596119,1,8,2,0.1111111111111111,16,10.0,2.0,0,0,0.0019417218583983853,true_negative,1305
https://openalex.org/T10027,https://openalex.org/T11457,2015,2016,2020,0.6213349345596119,1,8,2,0.1111111111111111,16,10.0,2.0,0,0,0.0019417218583983853,true_negative,1304
https://openalex.org/T10587,https://openalex.org/T10878,2015,2016,2020,0.5138983423697507,1,6,9,0.07142857142857142,54,6.0,14.0,0,0,0.0019369763686441204,true_negative,1306
https://openalex.org/T10887,https://openalex.org/T12114,2015,2016,2020,0.7449619491830577,2,23,9,0.06666666666666667,207,50.0,10.0,0,0,0.001934787179252906,true_negative,1307
https://openalex.org/T10269,https://openalex.org/T10434,2015,2016,2020,0.8340647828484926,2,9,9,0.125,81,10.0,14.0,0,0,0.0019288533795647639,true_negative,1308
https://openalex.org/T11235,https://openalex.org/T12679,2015,2016,2020,0.31465798044412485,1,10,4,0.07692307692307693,40,14.0,6.0,0,0,0.0019232354919520396,true_negative,1309
https://openalex.org/T11655,https://openalex.org/T14393,2015,2016,2020,0.5581106265512472,1,2,4,0.2,8,2.0,4.0,0,0,0.001920967590279115,true_negative,1318
https://openalex.org/T11355,https://openalex.org/T11597,2015,2016,2020,0.5581106265512472,1,2,4,0.2,8,2.0,4.0,0,0,0.001920967590279115,true_negative,1315
https://openalex.org/T10170,https://openalex.org/T11297,2015,2016,2020,0.5581106265512472,1,2,4,0.2,8,2.0,4.0,0,0,0.001920967590279115,true_negative,1311
https://openalex.org/T10091,https://openalex.org/T10209,2015,2016,2020,0.5581106265512472,1,2,4,0.2,8,2.0,4.0,0,0,0.001920967590279115,true_negative,1310
https://openalex.org/T10294,https://openalex.org/T11297,2015,2016,2020,0.5581106265512472,1,2,4,0.2,8,2.0,4.0,0,0,0.001920967590279115,true_negative,1312
https://openalex.org/T11600,https://openalex.org/T12820,2015,2016,2020,0.5581106265512472,1,2,4,0.2,8,2.0,4.0,0,0,0.001920967590279115,true_negative,1317
https://openalex.org/T10401,https://openalex.org/T11093,2015,2016,2020,0.5581106265512472,1,2,4,0.2,8,2.0,4.0,0,0,0.001920967590279115,true_negative,1313
https://openalex.org/T11532,https://openalex.org/T11597,2015,2016,2020,0.5581106265512472,1,2,4,0.2,8,2.0,4.0,0,0,0.001920967590279115,true_negative,1316
https://openalex.org/T10950,https://openalex.org/T12820,2015,2016,2020,0.5581106265512472,1,2,4,0.2,8,2.0,4.0,0,0,0.001920967590279115,true_negative,1314
https://openalex.org/T12955,https://openalex.org/T12964,2015,2016,2020,0.7213475204444817,1,2,5,0.16666666666666666,10,2.0,6.0,0,0,0.0019200388354695572,true_negative,1322
https://openalex.org/T11435,https://openalex.org/T12072,2015,2016,2020,0.7213475204444817,1,2,5,0.16666666666666666,10,2.0,6.0,0,0,0.0019200388354695572,true_negative,1321
https://openalex.org/T10433,https://openalex.org/T13013,2015,2016,2020,0.7213475204444817,1,2,5,0.16666666666666666,10,2.0,6.0,0,0,0.0019200388354695572,true_negative,1320
https://openalex.org/T10060,https://openalex.org/T13013,2015,2016,2020,0.7213475204444817,1,2,5,0.16666666666666666,10,2.0,6.0,0,0,0.0019200388354695572,true_negative,1319
https://openalex.org/T10887,https://openalex.org/T13283,2015,2016,2020,0.9605402309330919,2,23,17,0.05263157894736842,391,50.0,19.0,0,0,0.0019106469899286633,true_negative,1323
https://openalex.org/T10222,https://openalex.org/T11986,2015,2016,2020,0.2790553132756236,1,11,5,0.06666666666666667,55,16.0,6.0,0,0,0.0018613035378207549,true_negative,1324
https://openalex.org/T11871,https://openalex.org/T13309,2015,2016,2020,0.6213349345596119,1,15,9,0.043478260869565216,135,17.0,20.0,0,0,0.0018610719268331737,true_negative,1325
https://openalex.org/T11482,https://openalex.org/T12610,2015,2016,2020,0.8268746032241814,2,11,2,0.18181818181818182,22,26.0,2.0,0,0,0.0018603255586221727,true_negative,1326
https://openalex.org/T10521,https://openalex.org/T11048,2015,2016,2020,0.7341749265890423,2,18,3,0.10526315789473684,54,50.0,4.0,0,0,0.001849311836000222,true_negative,1327
https://openalex.org/T10044,https://openalex.org/T10112,2015,2016,2020,0.48089834696298783,1,16,2,0.058823529411764705,32,38.0,2.0,0,0,0.0018442928882908246,true_negative,1328
https://openalex.org/T10044,https://openalex.org/T10526,2015,2016,2020,0.48089834696298783,1,16,2,0.058823529411764705,32,38.0,2.0,0,0,0.0018442928882908246,true_negative,1329
https://openalex.org/T10136,https://openalex.org/T11205,2015,2016,2020,0.8513268733274981,2,11,2,0.18181818181818182,22,14.0,2.0,0,0,0.0018326010096133094,true_negative,1330
https://openalex.org/T10136,https://openalex.org/T11210,2015,2016,2020,0.8513268733274981,2,11,2,0.18181818181818182,22,14.0,2.0,0,0,0.0018326010096133094,true_negative,1331
https://openalex.org/T10123,https://openalex.org/T10887,2015,2016,2020,0.3898712452512801,1,2,23,0.041666666666666664,46,2.0,50.0,0,0,0.0018238848096000324,true_negative,1332
https://openalex.org/T10030,https://openalex.org/T10461,2015,2016,2020,0.45511961331341866,1,2,2,0.3333333333333333,4,2.0,4.0,0,0,0.001822398737939204,true_negative,1333
https://openalex.org/T10981,https://openalex.org/T12140,2015,2016,2020,0.45511961331341866,1,2,2,0.3333333333333333,4,2.0,4.0,0,0,0.001822398737939204,true_negative,1334
https://openalex.org/T10044,https://openalex.org/T10857,2015,2016,2020,0.3898712452512801,1,16,4,0.05263157894736842,64,38.0,4.0,0,0,0.0018182744039999025,true_negative,1335
https://openalex.org/T10887,https://openalex.org/T12134,2015,2016,2020,0.6814849176574682,2,23,2,0.08695652173913043,46,50.0,2.0,0,0,0.0017938016026255341,true_negative,1337
https://openalex.org/T10887,https://openalex.org/T11879,2015,2016,2020,0.6814849176574682,2,23,2,0.08695652173913043,46,50.0,2.0,0,0,0.0017938016026255341,true_negative,1336
https://openalex.org/T10066,https://openalex.org/T10887,2015,2016,2020,0.9921523849372742,3,12,23,0.09375,276,26.0,50.0,0,0,0.0017924852550986752,true_negative,1338
https://openalex.org/T10522,https://openalex.org/T10804,2015,2016,2020,0.43429448190325176,1,8,17,0.041666666666666664,136,8.0,34.0,0,0,0.001788119972192917,true_negative,1339
https://openalex.org/T10857,https://openalex.org/T11482,2015,2016,2020,0.2790553132756236,1,4,11,0.07142857142857142,44,4.0,26.0,0,0,0.0017721417038314528,true_negative,1340
https://openalex.org/T11407,https://openalex.org/T11642,2015,2016,2020,0.31066746727980593,1,4,11,0.07142857142857142,44,4.0,26.0,0,0,0.0017721417038314528,true_negative,1342
https://openalex.org/T11578,https://openalex.org/T11642,2015,2016,2020,0.2790553132756236,1,4,11,0.07142857142857142,44,4.0,26.0,0,0,0.0017721417038314528,true_negative,1343
https://openalex.org/T10857,https://openalex.org/T11642,2015,2016,2020,0.2790553132756236,1,4,11,0.07142857142857142,44,4.0,26.0,0,0,0.0017721417038314528,true_negative,1341
https://openalex.org/T10878,https://openalex.org/T10885,2015,2016,2020,0.9040868828124409,2,9,25,0.0625,225,14.0,62.0,1,0,0.0017497216864667982,false_negative,1344
https://openalex.org/T10073,https://openalex.org/T11207,2015,2016,2020,0.6213349345596119,1,4,2,0.2,8,4.0,2.0,0,0,0.0017433138000248049,true_negative,1346
https://openalex.org/T11376,https://openalex.org/T11590,2015,2016,2020,0.6213349345596119,1,4,2,0.2,8,4.0,2.0,0,0,0.0017433138000248049,true_negative,1348
https://openalex.org/T10014,https://openalex.org/T10492,2015,2016,2020,0.6213349345596119,1,4,2,0.2,8,4.0,2.0,0,0,0.0017433138000248049,true_negative,1345
https://openalex.org/T10528,https://openalex.org/T12539,2015,2016,2020,0.6213349345596119,1,4,2,0.2,8,4.0,2.0,0,0,0.0017433138000248049,true_negative,1347
https://openalex.org/T11376,https://openalex.org/T11944,2015,2016,2020,0.6213349345596119,1,4,2,0.2,8,4.0,2.0,0,0,0.0017433138000248049,true_negative,1349
https://openalex.org/T10885,https://openalex.org/T12745,2015,2016,2020,0.40242960438184466,1,25,2,0.038461538461538464,50,62.0,4.0,0,0,0.0017328484090172128,true_negative,1350
https://openalex.org/T10211,https://openalex.org/T12601,2015,2016,2020,0.5581106265512472,1,8,2,0.1111111111111111,16,14.0,2.0,0,0,0.0017180172393520751,true_negative,1352
https://openalex.org/T10211,https://openalex.org/T10215,2015,2016,2020,0.5581106265512472,1,8,2,0.1111111111111111,16,14.0,2.0,0,0,0.0017180172393520751,true_negative,1351
https://openalex.org/T10184,https://openalex.org/T10725,2015,2016,2020,0.6213349345596119,1,4,7,0.1,28,4.0,10.0,0,0,0.0017143424961373263,true_negative,1353
https://openalex.org/T10030,https://openalex.org/T10321,2015,2016,2020,0.45511961331341866,1,2,5,0.16666666666666666,10,2.0,12.0,0,0,0.001690828391483639,true_negative,1354
https://openalex.org/T10084,https://openalex.org/T13398,2015,2016,2020,0.31465798044412485,1,2,11,0.08333333333333333,22,2.0,13.0,0,0,0.0016895781535561257,true_negative,1355
https://openalex.org/T11071,https://openalex.org/T13398,2015,2016,2020,0.31465798044412485,1,2,11,0.08333333333333333,22,2.0,13.0,0,0,0.0016895781535561257,true_negative,1356
https://openalex.org/T12648,https://openalex.org/T13398,2015,2016,2020,0.31465798044412485,1,2,11,0.08333333333333333,22,2.0,13.0,0,0,0.0016895781535561257,true_negative,1357
https://openalex.org/T10323,https://openalex.org/T10522,2015,2016,2020,0.4170323914242463,1,2,8,0.1111111111111111,16,2.0,8.0,0,0,0.0016758538805497698,true_negative,1358
https://openalex.org/T10500,https://openalex.org/T12015,2015,2016,2020,0.43429448190325176,1,11,2,0.08333333333333333,22,20.0,2.0,0,0,0.001662263701373579,true_negative,1361
https://openalex.org/T10500,https://openalex.org/T11659,2015,2016,2020,0.43429448190325176,1,11,2,0.08333333333333333,22,20.0,2.0,0,0,0.001662263701373579,true_negative,1360
https://openalex.org/T10500,https://openalex.org/T11206,2015,2016,2020,0.43429448190325176,1,11,2,0.08333333333333333,22,20.0,2.0,0,0,0.001662263701373579,true_negative,1359
https://openalex.org/T10500,https://openalex.org/T12303,2015,2016,2020,0.43429448190325176,1,11,2,0.08333333333333333,22,20.0,2.0,0,0,0.001662263701373579,true_negative,1362
https://openalex.org/T11307,https://openalex.org/T11739,2015,2016,2020,0.4170323914242463,1,10,2,0.09090909090909091,20,14.0,2.0,0,0,0.0016542942894884041,true_negative,1363
https://openalex.org/T10014,https://openalex.org/T10044,2015,2016,2020,0.6213349345596119,1,4,16,0.05263157894736842,64,4.0,38.0,0,0,0.0016526850446202377,true_negative,1364
https://openalex.org/T10185,https://openalex.org/T10522,2015,2016,2020,0.43429448190325176,1,2,8,0.1111111111111111,16,2.0,8.0,0,0,0.0016356300949204145,true_negative,1365
https://openalex.org/T10604,https://openalex.org/T12254,2015,2016,2020,0.9356990368166231,3,8,4,0.3333333333333333,32,20.0,16.0,0,0,0.0016351088659758404,true_negative,1366
https://openalex.org/T10215,https://openalex.org/T10887,2015,2016,2020,0.5581106265512472,1,2,23,0.041666666666666664,46,2.0,50.0,0,0,0.0016349425659550633,true_negative,1367
https://openalex.org/T10249,https://openalex.org/T10887,2015,2016,2020,0.5581106265512472,1,2,23,0.041666666666666664,46,2.0,50.0,0,0,0.0016349425659550633,true_negative,1368
https://openalex.org/T10836,https://openalex.org/T11710,2015,2016,2020,0.31066746727980593,1,7,6,0.08333333333333333,42,12.0,8.0,0,0,0.0016271980844104318,true_negative,1371
https://openalex.org/T10836,https://openalex.org/T11289,2015,2016,2020,0.31066746727980593,1,7,6,0.08333333333333333,42,12.0,8.0,0,0,0.0016271980844104318,true_negative,1370
https://openalex.org/T10836,https://openalex.org/T10932,2015,2016,2020,0.31066746727980593,1,7,6,0.08333333333333333,42,12.0,8.0,0,0,0.0016271980844104318,true_negative,1369
https://openalex.org/T10057,https://openalex.org/T11407,2015,2016,2020,0.31066746727980593,1,8,4,0.09090909090909091,32,20.0,4.0,0,0,0.0016074298706181063,true_negative,1372
https://openalex.org/T10604,https://openalex.org/T11578,2015,2016,2020,0.2790553132756236,1,8,4,0.09090909090909091,32,20.0,4.0,0,0,0.0016074298706181063,true_negative,1374
https://openalex.org/T10604,https://openalex.org/T10857,2015,2016,2020,0.2790553132756236,1,8,4,0.09090909090909091,32,20.0,4.0,0,0,0.0016074298706181063,true_negative,1373
https://openalex.org/T10243,https://openalex.org/T10519,2015,2016,2020,0.5138983423697507,1,12,4,0.06666666666666667,48,18.0,8.0,0,0,0.0016042790661332273,true_negative,1375
https://openalex.org/T10206,https://openalex.org/T10352,2015,2016,2020,0.45511961331341866,1,24,2,0.04,48,78.0,2.0,0,0,0.001601525523601869,true_negative,1376
https://openalex.org/T10688,https://openalex.org/T11739,2015,2016,2020,0.4170323914242463,1,10,2,0.09090909090909091,20,12.0,2.0,0,0,0.0015823986203989992,true_negative,1377
https://openalex.org/T10136,https://openalex.org/T10206,2015,2016,2020,0.8367240862850964,2,11,24,0.06060606060606061,264,14.0,78.0,0,0,0.0015560214090656044,true_negative,1378
https://openalex.org/T10742,https://openalex.org/T10887,2015,2016,2020,0.9605402309330919,2,2,23,0.08695652173913043,46,2.0,50.0,0,0,0.001548871453898471,true_negative,1379
https://openalex.org/T11369,https://openalex.org/T11491,2015,2016,2020,0.45511961331341866,1,7,3,0.1111111111111111,21,10.0,4.0,0,0,0.0015340525148682083,true_negative,1380
https://openalex.org/T11304,https://openalex.org/T12859,2015,2016,2020,0.5581106265512472,1,4,6,0.1111111111111111,24,12.0,8.0,0,0,0.001521103422643003,true_negative,1381
https://openalex.org/T10050,https://openalex.org/T10136,2015,2016,2020,0.36926937306885504,1,5,11,0.06666666666666667,55,5.0,14.0,0,0,0.0015197555105792735,true_negative,1382
https://openalex.org/T10052,https://openalex.org/T12535,2015,2016,2020,0.9360179602764065,2,6,13,0.11764705882352941,78,6.0,17.0,0,0,0.0015150895575035996,true_negative,1383
https://openalex.org/T12010,https://openalex.org/T13117,2015,2016,2020,0.3459762562611936,1,9,5,0.07692307692307693,45,16.0,6.0,0,0,0.0015072104246959955,true_negative,1384
https://openalex.org/T10206,https://openalex.org/T11798,2015,2016,2020,0.43429448190325176,1,24,2,0.04,48,78.0,2.0,0,0,0.001496426344254729,true_negative,1385
https://openalex.org/T11981,https://openalex.org/T12231,2015,2016,2020,0.7213475204444817,1,8,2,0.1111111111111111,16,14.0,2.0,0,0,0.001482319612946368,true_negative,1386
https://openalex.org/T11468,https://openalex.org/T12592,2015,2016,2020,0.318928988903801,1,10,6,0.06666666666666667,60,18.0,10.0,0,0,0.0014665299131892573,true_negative,1387
https://openalex.org/T10164,https://openalex.org/T11981,2015,2016,2020,0.3459762562611936,1,1,8,0.125,8,1.0,14.0,0,0,0.0014617851307761576,true_negative,1388
https://openalex.org/T11519,https://openalex.org/T12947,2015,2016,2020,0.45511961331341866,1,2,3,0.25,6,2.0,4.0,0,0,0.0014523048200595155,true_negative,1391
https://openalex.org/T10432,https://openalex.org/T11129,2015,2016,2020,0.45511961331341866,1,2,3,0.25,6,2.0,4.0,0,0,0.0014523048200595155,true_negative,1390
https://openalex.org/T10352,https://openalex.org/T12947,2015,2016,2020,0.45511961331341866,1,2,3,0.25,6,2.0,4.0,0,0,0.0014523048200595155,true_negative,1389
https://openalex.org/T11948,https://openalex.org/T12529,2015,2016,2020,0.48089834696298783,1,17,4,0.05,68,24.0,4.0,0,0,0.0014388577923893137,true_negative,1392
https://openalex.org/T13309,https://openalex.org/T14484,2015,2016,2020,0.45511961331341866,1,9,2,0.1,18,20.0,2.0,0,0,0.0014369561066788572,true_negative,1393
https://openalex.org/T10591,https://openalex.org/T10683,2015,2016,2020,0.713629884087002,2,4,5,0.2857142857142857,20,4.0,10.0,0,0,0.001435748058090408,true_negative,1394
https://openalex.org/T10885,https://openalex.org/T12452,2015,2016,2020,0.7213475204444817,1,25,2,0.038461538461538464,50,62.0,2.0,0,0,0.001435573163729454,true_negative,1395
https://openalex.org/T10434,https://openalex.org/T10621,2015,2016,2020,0.3459762562611936,1,9,6,0.07142857142857142,54,14.0,6.0,0,0,0.001426332259444838,true_negative,1396
https://openalex.org/T10206,https://openalex.org/T12114,2015,2016,2020,0.8194619958060909,2,24,9,0.06451612903225806,216,78.0,10.0,0,0,0.0014200794381242444,true_negative,1397
https://openalex.org/T10120,https://openalex.org/T10207,2015,2016,2020,0.45511961331341866,1,6,2,0.14285714285714285,12,10.0,4.0,0,0,0.001399936574311839,true_negative,1398
https://openalex.org/T10120,https://openalex.org/T12140,2015,2016,2020,0.45511961331341866,1,6,2,0.14285714285714285,12,10.0,4.0,0,0,0.001399936574311839,true_negative,1399
https://openalex.org/T10222,https://openalex.org/T12610,2015,2016,2020,0.8268746032241814,2,11,2,0.18181818181818182,22,16.0,2.0,0,0,0.001392716341424332,true_negative,1400
https://openalex.org/T10222,https://openalex.org/T11020,2015,2016,2020,0.45511961331341866,1,11,6,0.0625,66,16.0,6.0,0,0,0.0013902735344310437,true_negative,1401
https://openalex.org/T10715,https://openalex.org/T11162,2015,2016,2020,0.2790553132756236,1,2,13,0.07142857142857142,26,2.0,28.0,0,0,0.001380257601011397,true_negative,1403
https://openalex.org/T10602,https://openalex.org/T11162,2015,2016,2020,0.2790553132756236,1,2,13,0.07142857142857142,26,2.0,28.0,0,0,0.001380257601011397,true_negative,1402
https://openalex.org/T10057,https://openalex.org/T12072,2015,2016,2020,1.177121851019293,3,8,5,0.3,40,20.0,6.0,0,0,0.001376921535013638,true_negative,1404
https://openalex.org/T11060,https://openalex.org/T11577,2015,2016,2020,0.5138983423697507,1,1,6,0.16666666666666666,6,1.0,6.0,0,0,0.0013726094025361,true_negative,1405
https://openalex.org/T11195,https://openalex.org/T11652,2015,2016,2020,0.5138983423697507,1,1,6,0.16666666666666666,6,1.0,6.0,0,0,0.0013726094025361,true_negative,1406
https://openalex.org/T10269,https://openalex.org/T11791,2015,2016,2020,0.8194619958060909,2,9,12,0.10526315789473684,108,10.0,32.0,0,0,0.0013713337859281762,true_negative,1407
https://openalex.org/T11791,https://openalex.org/T12254,2015,2016,2020,0.9086517694592305,3,12,4,0.23076923076923078,48,32.0,16.0,0,0,0.001363428990203627,true_negative,1408
https://openalex.org/T11447,https://openalex.org/T11512,2015,2016,2020,0.833854470827749,2,10,8,0.125,80,13.0,10.0,0,0,0.0013563880505523833,true_negative,1409
https://openalex.org/T10044,https://openalex.org/T13937,2015,2016,2020,1.179445561110859,2,16,8,0.09090909090909091,128,38.0,12.0,0,0,0.0013552986499782583,true_negative,1410
https://openalex.org/T10887,https://openalex.org/T11986,2015,2016,2020,0.7599536602386114,2,23,5,0.07692307692307693,115,50.0,6.0,0,0,0.0013429397646900793,true_negative,1411
https://openalex.org/T10461,https://openalex.org/T12046,2015,2016,2020,0.45511961331341866,1,2,4,0.2,8,4.0,8.0,0,0,0.0013421693644577197,true_negative,1412
https://openalex.org/T10560,https://openalex.org/T13430,2015,2016,2020,0.48089834696298783,1,6,4,0.1111111111111111,24,6.0,4.0,0,0,0.0013401315166690344,true_negative,1413
https://openalex.org/T10179,https://openalex.org/T10811,2015,2016,2020,0.45511961331341866,1,7,2,0.125,14,16.0,2.0,0,0,0.0013393055813201024,true_negative,1414
https://openalex.org/T10179,https://openalex.org/T11007,2015,2016,2020,0.45511961331341866,1,7,2,0.125,14,16.0,2.0,0,0,0.0013393055813201024,true_negative,1415
https://openalex.org/T11642,https://openalex.org/T13984,2015,2016,2020,0.35295612386476116,1,11,6,0.0625,66,26.0,6.0,0,0,0.0013307180126161287,true_negative,1416
https://openalex.org/T11791,https://openalex.org/T12489,2015,2016,2020,0.40242960438184466,1,12,2,0.07692307692307693,24,32.0,2.0,0,0,0.001329968664039349,true_negative,1417
https://openalex.org/T10018,https://openalex.org/T10472,2015,2016,2020,0.955143135254946,2,8,4,0.2,32,20.0,4.0,0,0,0.0013285785237130126,true_negative,1418
https://openalex.org/T12820,https://openalex.org/T14078,2015,2016,2020,0.5138983423697507,1,4,4,0.14285714285714285,16,4.0,10.0,0,0,0.0012992006492962603,true_negative,1420
https://openalex.org/T10417,https://openalex.org/T14078,2015,2016,2020,0.5138983423697507,1,4,4,0.14285714285714285,16,4.0,10.0,0,0,0.0012992006492962603,true_negative,1419
https://openalex.org/T10102,https://openalex.org/T11981,2015,2016,2020,0.31465798044412485,1,4,8,0.09090909090909091,32,4.0,14.0,0,0,0.0012934695956568903,true_negative,1421
https://openalex.org/T11880,https://openalex.org/T11981,2015,2016,2020,0.31465798044412485,1,4,8,0.09090909090909091,32,4.0,14.0,0,0,0.0012934695956568903,true_negative,1423
https://openalex.org/T10157,https://openalex.org/T11981,2015,2016,2020,0.31465798044412485,1,4,8,0.09090909090909091,32,5.0,14.0,0,0,0.0012934695956568903,true_negative,1422
https://openalex.org/T10320,https://openalex.org/T10604,2015,2016,2020,0.31066746727980593,1,17,8,0.041666666666666664,136,31.0,20.0,0,0,0.0012865820385946213,true_negative,1424
https://openalex.org/T10078,https://openalex.org/T11948,2015,2016,2020,1.2022458674074694,2,9,17,0.08333333333333333,153,16.0,24.0,0,0,0.0012807820334796956,true_negative,1425
https://openalex.org/T12196,https://openalex.org/T14153,2015,2016,2020,0.48089834696298783,1,4,4,0.14285714285714285,16,6.0,6.0,0,0,0.0012790496502574724,true_negative,1428
https://openalex.org/T10344,https://openalex.org/T12679,2015,2016,2020,0.48089834696298783,1,4,4,0.14285714285714285,16,6.0,6.0,0,0,0.0012790496502574724,true_negative,1426
https://openalex.org/T10344,https://openalex.org/T14153,2015,2016,2020,0.48089834696298783,1,4,4,0.14285714285714285,16,6.0,6.0,0,0,0.0012790496502574724,true_negative,1427
https://openalex.org/T10235,https://openalex.org/T13283,2015,2016,2020,0.7213475204444817,1,8,17,0.041666666666666664,136,8.0,19.0,0,0,0.0012756092466391874,true_negative,1429
https://openalex.org/T10688,https://openalex.org/T12072,2015,2016,2020,0.35295612386476116,1,10,5,0.07142857142857142,50,12.0,6.0,0,0,0.0012714560422930584,true_negative,1430
https://openalex.org/T10002,https://openalex.org/T10857,2015,2016,2020,0.3898712452512801,1,16,4,0.05263157894736842,64,28.0,4.0,0,0,0.0012563276856904454,true_negative,1431
https://openalex.org/T10432,https://openalex.org/T11162,2015,2016,2020,0.36067376022224085,1,2,13,0.07142857142857142,26,2.0,28.0,0,0,0.0012481649010777306,true_negative,1432
https://openalex.org/T10029,https://openalex.org/T11312,2015,2016,2020,0.7213475204444817,1,10,2,0.09090909090909091,20,12.0,2.0,0,0,0.0012395080245632887,true_negative,1438
https://openalex.org/T10029,https://openalex.org/T10087,2015,2016,2020,0.7213475204444817,1,10,2,0.09090909090909091,20,12.0,2.0,0,0,0.0012395080245632887,true_negative,1433
https://openalex.org/T10029,https://openalex.org/T10421,2015,2016,2020,0.7213475204444817,1,10,2,0.09090909090909091,20,12.0,2.0,0,0,0.0012395080245632887,true_negative,1434
https://openalex.org/T10029,https://openalex.org/T10801,2015,2016,2020,0.7213475204444817,1,10,2,0.09090909090909091,20,12.0,2.0,0,0,0.0012395080245632887,true_negative,1435
https://openalex.org/T10029,https://openalex.org/T10894,2015,2016,2020,0.7213475204444817,1,10,2,0.09090909090909091,20,12.0,2.0,0,0,0.0012395080245632887,true_negative,1436
https://openalex.org/T10029,https://openalex.org/T11311,2015,2016,2020,0.7213475204444817,1,10,2,0.09090909090909091,20,12.0,2.0,0,0,0.0012395080245632887,true_negative,1437
https://openalex.org/T10136,https://openalex.org/T11798,2015,2016,2020,0.8035638549721068,2,11,2,0.18181818181818182,22,14.0,2.0,0,0,0.0012335314699296177,true_negative,1439
https://openalex.org/T10207,https://openalex.org/T10294,2015,2016,2020,0.5138983423697507,1,2,2,0.3333333333333333,4,4.0,2.0,0,0,0.0012253950873916592,true_negative,1440
https://openalex.org/T10207,https://openalex.org/T10773,2015,2016,2020,0.5138983423697507,1,2,2,0.3333333333333333,4,4.0,2.0,0,0,0.0012253950873916592,true_negative,1441
https://openalex.org/T11048,https://openalex.org/T11791,2015,2016,2020,0.7341749265890423,2,3,12,0.15384615384615385,36,4.0,32.0,0,0,0.0012114083566751727,true_negative,1442
https://openalex.org/T10083,https://openalex.org/T11948,2015,2016,2020,1.2022458674074694,2,20,17,0.05714285714285714,340,52.0,24.0,0,0,0.0012028302926621352,true_negative,1443
https://openalex.org/T10012,https://openalex.org/T10521,2015,2016,2020,1.0531039154928432,3,11,18,0.11538461538461539,198,32.0,50.0,0,0,0.0011993745909334695,true_negative,1444
https://openalex.org/T12945,https://openalex.org/T13141,2015,2016,2020,0.6213349345596119,1,1,6,0.16666666666666666,6,1.0,7.0,0,0,0.0011981761022875066,true_negative,1445
https://openalex.org/T10199,https://openalex.org/T10487,2015,2016,2020,1.531574161186449,2,2,4,0.5,8,4.0,6.0,0,0,0.0011967996877867053,true_negative,1446
https://openalex.org/T10084,https://openalex.org/T10243,2015,2016,2020,0.31465798044412485,1,2,12,0.07692307692307693,24,2.0,18.0,0,0,0.001196625513243887,true_negative,1447
https://openalex.org/T10715,https://openalex.org/T11213,2015,2016,2020,0.2790553132756236,1,2,12,0.07692307692307693,24,2.0,18.0,0,0,0.001196625513243887,true_negative,1449
https://openalex.org/T10602,https://openalex.org/T11213,2015,2016,2020,0.2790553132756236,1,2,12,0.07692307692307693,24,2.0,18.0,0,0,0.001196625513243887,true_negative,1448
https://openalex.org/T10336,https://openalex.org/T11213,2015,2016,2020,0.3898712452512801,1,10,12,0.047619047619047616,120,11.0,18.0,0,0,0.0011733000520380576,true_negative,1450
https://openalex.org/T10629,https://openalex.org/T13283,2015,2016,2020,0.7697775937575435,2,16,17,0.06451612903225806,272,28.0,19.0,0,0,0.0011709957809820902,true_negative,1451
https://openalex.org/T10496,https://openalex.org/T11930,2015,2016,2020,1.2631953504915985,2,2,4,0.5,8,2.0,4.0,0,0,0.001169022307730017,true_negative,1452
https://openalex.org/T13051,https://openalex.org/T13777,2015,2016,2020,0.45511961331341866,1,2,4,0.2,8,2.0,4.0,0,0,0.0011603899402277697,true_negative,1456
https://openalex.org/T10432,https://openalex.org/T12748,2015,2016,2020,0.45511961331341866,1,2,4,0.2,8,2.0,4.0,0,0,0.0011603899402277697,true_negative,1453
https://openalex.org/T11449,https://openalex.org/T12748,2015,2016,2020,0.45511961331341866,1,2,4,0.2,8,2.0,4.0,0,0,0.0011603899402277697,true_negative,1454
https://openalex.org/T11809,https://openalex.org/T12748,2015,2016,2020,0.45511961331341866,1,2,4,0.2,8,2.0,4.0,0,0,0.0011603899402277697,true_negative,1455
https://openalex.org/T11970,https://openalex.org/T12859,2015,2016,2020,0.5979843021794247,2,9,6,0.15384615384615385,54,20.0,8.0,0,0,0.0011519389727501666,true_negative,1457
https://openalex.org/T10521,https://openalex.org/T10995,2015,2016,2020,0.3898712452512801,1,18,3,0.05,54,50.0,3.0,0,0,0.00115141709252297,true_negative,1458
https://openalex.org/T11024,https://openalex.org/T12196,2015,2016,2020,0.45511961331341866,1,3,4,0.16666666666666666,12,4.0,6.0,0,0,0.0011502795594237577,true_negative,1459
https://openalex.org/T10235,https://openalex.org/T10261,2015,2016,2020,0.7213475204444817,1,8,17,0.041666666666666664,136,8.0,32.0,0,0,0.001148646987756037,true_negative,1460
https://openalex.org/T10211,https://openalex.org/T10683,2015,2016,2020,1.1035011293382821,3,8,5,0.3,40,14.0,10.0,0,0,0.0011449584562388626,true_negative,1461
https://openalex.org/T10505,https://openalex.org/T10725,2015,2016,2020,0.45511961331341866,1,6,7,0.08333333333333333,42,8.0,10.0,0,0,0.0011427135239189246,true_negative,1462
https://openalex.org/T10185,https://openalex.org/T10206,2015,2016,2020,0.43429448190325176,1,2,24,0.04,48,2.0,78.0,0,0,0.0011410092180739908,true_negative,1463
https://openalex.org/T13117,https://openalex.org/T13283,2015,2016,2020,1.365358839940256,2,5,17,0.1,85,6.0,19.0,0,0,0.0011376376961157997,true_negative,1464
https://openalex.org/T10769,https://openalex.org/T10885,2015,2016,2020,0.8069036366755264,2,2,25,0.08,50,2.0,62.0,0,0,0.0011234158672556334,true_negative,1465
https://openalex.org/T10478,https://openalex.org/T10502,2015,2016,2020,0.8477065430650847,2,2,7,0.2857142857142857,14,2.0,8.0,0,0,0.0011215204103482992,true_negative,1466
https://openalex.org/T10769,https://openalex.org/T10887,2015,2016,2020,0.8069036366755264,2,2,23,0.08695652173913043,46,2.0,50.0,0,0,0.0011105236535979683,true_negative,1467
https://openalex.org/T10261,https://openalex.org/T12640,2015,2016,2020,0.2790553132756236,1,17,2,0.05555555555555555,34,32.0,4.0,0,0,0.0011055775273063413,true_negative,1468
https://openalex.org/T10531,https://openalex.org/T13937,2015,2016,2020,0.5581106265512472,1,4,8,0.09090909090909091,32,4.0,12.0,0,0,0.0011047297720045432,true_negative,1469
https://openalex.org/T11642,https://openalex.org/T11710,2015,2016,2020,1.1104948031465947,3,11,6,0.21428571428571427,66,26.0,8.0,0,0,0.0010966722822753543,true_negative,1470
https://openalex.org/T10715,https://openalex.org/T11287,2015,2016,2020,0.2790553132756236,1,2,13,0.07142857142857142,26,2.0,20.0,0,0,0.0010960668870462474,true_negative,1472
https://openalex.org/T10602,https://openalex.org/T11287,2015,2016,2020,0.2790553132756236,1,2,13,0.07142857142857142,26,2.0,20.0,0,0,0.0010960668870462474,true_negative,1471
https://openalex.org/T10120,https://openalex.org/T10725,2015,2016,2020,0.45511961331341866,1,6,7,0.08333333333333333,42,10.0,10.0,0,0,0.0010948774941031785,true_negative,1473
https://openalex.org/T10594,https://openalex.org/T11577,2015,2016,2020,0.7699885152890075,2,3,6,0.2857142857142857,18,4.0,6.0,0,0,0.0010885518016490673,true_negative,1474
https://openalex.org/T10467,https://openalex.org/T12592,2015,2016,2020,0.35295612386476116,1,9,6,0.07142857142857142,54,13.0,10.0,0,0,0.0010879274043550005,true_negative,1475
https://openalex.org/T10836,https://openalex.org/T11472,2015,2016,2020,0.5581106265512472,1,7,2,0.125,14,12.0,2.0,0,0,0.0010817196429090605,true_negative,1476
https://openalex.org/T10836,https://openalex.org/T12496,2015,2016,2020,0.5581106265512472,1,7,2,0.125,14,12.0,2.0,0,0,0.0010817196429090605,true_negative,1477
https://openalex.org/T10024,https://openalex.org/T12046,2015,2016,2020,0.45511961331341866,1,3,4,0.16666666666666666,12,4.0,8.0,0,0,0.0010808366621126795,true_negative,1478
https://openalex.org/T10885,https://openalex.org/T12496,2015,2016,2020,0.45511961331341866,1,25,2,0.038461538461538464,50,62.0,2.0,0,0,0.001072776326336815,true_negative,1479
https://openalex.org/T10102,https://openalex.org/T10629,2015,2016,2020,0.31465798044412485,1,4,16,0.05263157894736842,64,4.0,28.0,0,0,0.0010710580377737552,true_negative,1480
https://openalex.org/T10096,https://openalex.org/T10211,2015,2016,2020,0.35295612386476116,1,4,8,0.09090909090909091,32,4.0,14.0,0,0,0.001060360159500775,true_negative,1481
https://openalex.org/T10066,https://openalex.org/T11655,2015,2016,2020,0.5581106265512472,1,12,2,0.07692307692307693,24,26.0,2.0,0,0,0.0010546096529881121,true_negative,1482
https://openalex.org/T11901,https://openalex.org/T13398,2015,2016,2020,0.40242960438184466,1,4,11,0.07142857142857142,44,4.0,13.0,0,0,0.0010468107340107793,true_negative,1483
https://openalex.org/T10018,https://openalex.org/T10660,2015,2016,2020,0.9690179556831694,2,8,4,0.2,32,20.0,6.0,0,0,0.0010443059473161014,true_negative,1484
https://openalex.org/T11269,https://openalex.org/T11871,2015,2016,2020,0.3898712452512801,1,9,15,0.043478260869565216,135,16.0,17.0,0,0,0.0010439422072517424,true_negative,1485
https://openalex.org/T10185,https://openalex.org/T10243,2015,2016,2020,0.8513268733274981,2,2,12,0.16666666666666666,24,2.0,18.0,0,0,0.0010414960358566152,true_negative,1486
https://openalex.org/T10083,https://openalex.org/T10859,2015,2016,2020,0.5581106265512472,1,20,2,0.047619047619047616,40,52.0,2.0,0,0,0.001040396139952332,true_negative,1491
https://openalex.org/T10083,https://openalex.org/T10440,2015,2016,2020,0.5581106265512472,1,20,2,0.047619047619047616,40,52.0,2.0,0,0,0.001040396139952332,true_negative,1489
https://openalex.org/T10083,https://openalex.org/T10413,2015,2016,2020,0.5581106265512472,1,20,2,0.047619047619047616,40,52.0,2.0,0,0,0.001040396139952332,true_negative,1488
https://openalex.org/T10083,https://openalex.org/T10913,2015,2016,2020,0.5581106265512472,1,20,2,0.047619047619047616,40,52.0,2.0,0,0,0.001040396139952332,true_negative,1492
https://openalex.org/T10083,https://openalex.org/T10107,2015,2016,2020,0.5581106265512472,1,20,2,0.047619047619047616,40,52.0,2.0,0,0,0.001040396139952332,true_negative,1487
https://openalex.org/T10083,https://openalex.org/T12442,2015,2016,2020,0.5581106265512472,1,20,2,0.047619047619047616,40,52.0,2.0,0,0,0.001040396139952332,true_negative,1493
https://openalex.org/T10083,https://openalex.org/T10540,2015,2016,2020,0.5581106265512472,1,20,2,0.047619047619047616,40,52.0,2.0,0,0,0.001040396139952332,true_negative,1490
https://openalex.org/T10521,https://openalex.org/T10836,2015,2016,2020,0.31066746727980593,1,18,7,0.041666666666666664,126,50.0,12.0,0,0,0.0010386666802753742,true_negative,1494
https://openalex.org/T10275,https://openalex.org/T10461,2015,2016,2020,0.45511961331341866,1,8,2,0.1111111111111111,16,18.0,4.0,0,0,0.0010189526336583663,true_negative,1495
https://openalex.org/T10798,https://openalex.org/T10932,2015,2016,2020,0.3898712452512801,1,9,6,0.07142857142857142,54,24.0,8.0,0,0,0.0010155014133943082,true_negative,1496
https://openalex.org/T10235,https://openalex.org/T11214,2015,2016,2020,0.7213475204444817,1,8,2,0.1111111111111111,16,8.0,2.0,0,0,0.001014691308190034,true_negative,1497
https://openalex.org/T10235,https://openalex.org/T13591,2015,2016,2020,0.7213475204444817,1,8,2,0.1111111111111111,16,8.0,2.0,0,0,0.001014691308190034,true_negative,1499
https://openalex.org/T10235,https://openalex.org/T12783,2015,2016,2020,0.7213475204444817,1,8,2,0.1111111111111111,16,8.0,2.0,0,0,0.001014691308190034,true_negative,1498
https://openalex.org/T11235,https://openalex.org/T13283,2015,2016,2020,0.7170875848259695,2,10,17,0.08,170,14.0,19.0,1,0,0.0010081679720042951,false_negative,1500
https://openalex.org/T10621,https://openalex.org/T12592,2015,2016,2020,0.40242960438184466,1,6,6,0.09090909090909091,36,6.0,10.0,0,0,0.0010069166804540278,true_negative,1501
https://openalex.org/T10621,https://openalex.org/T11213,2015,2016,2020,0.31066746727980593,1,6,12,0.058823529411764705,72,6.0,18.0,0,0,0.001006338723017184,true_negative,1502
https://openalex.org/T12679,https://openalex.org/T13398,2015,2016,2020,0.31465798044412485,1,4,11,0.07142857142857142,44,6.0,13.0,0,0,0.0009810426692104636,true_negative,1503
https://openalex.org/T11981,https://openalex.org/T12443,2015,2016,2020,0.6753317406663657,2,8,8,0.14285714285714285,64,14.0,20.0,0,0,0.0009806019174690471,true_negative,1504
https://openalex.org/T10026,https://openalex.org/T10048,2015,2016,2020,1.631586747071319,2,6,4,0.25,24,6.0,6.0,0,0,0.0009775101122064713,true_negative,1505
https://openalex.org/T10064,https://openalex.org/T11542,2015,2016,2020,0.35295612386476116,1,12,9,0.05,108,16.0,10.0,0,0,0.0009759470005364662,true_negative,1506
https://openalex.org/T11064,https://openalex.org/T11763,2015,2016,2020,1.531574161186449,2,2,4,0.5,8,2.0,6.0,0,0,0.0009733848377612317,true_negative,1507
https://openalex.org/T10005,https://openalex.org/T10206,2015,2016,2020,0.7213475204444817,1,5,24,0.03571428571428571,120,10.0,78.0,0,0,0.0009684277000834252,true_negative,1508
https://openalex.org/T10064,https://openalex.org/T13398,2015,2016,2020,0.35295612386476116,1,12,11,0.045454545454545456,132,16.0,13.0,0,0,0.0009661157655501987,true_negative,1509
https://openalex.org/T11700,https://openalex.org/T13398,2015,2016,2020,0.31465798044412485,1,3,11,0.07692307692307693,33,6.0,13.0,0,0,0.0009517120636666183,true_negative,1510
https://openalex.org/T10619,https://openalex.org/T11369,2015,2016,2020,0.5138983423697507,1,2,7,0.125,14,2.0,10.0,0,0,0.000950238461614108,true_negative,1511
https://openalex.org/T11162,https://openalex.org/T12134,2015,2016,2020,0.2790553132756236,1,13,2,0.07142857142857142,26,28.0,2.0,0,0,0.0009397187572811149,true_negative,1514
https://openalex.org/T11162,https://openalex.org/T11879,2015,2016,2020,0.2790553132756236,1,13,2,0.07142857142857142,26,28.0,2.0,0,0,0.0009397187572811149,true_negative,1513
https://openalex.org/T11162,https://openalex.org/T11470,2015,2016,2020,0.2790553132756236,1,13,2,0.07142857142857142,26,28.0,2.0,0,0,0.0009397187572811149,true_negative,1512
https://openalex.org/T12220,https://openalex.org/T12529,2015,2016,2020,0.33380820069533407,1,2,4,0.2,8,2.0,4.0,0,0,0.0009396440122080679,true_negative,1519
https://openalex.org/T10338,https://openalex.org/T12529,2015,2016,2020,0.33380820069533407,1,2,4,0.2,8,2.0,4.0,0,0,0.0009396440122080679,true_negative,1516
https://openalex.org/T10478,https://openalex.org/T12529,2015,2016,2020,0.33380820069533407,1,2,4,0.2,8,2.0,4.0,0,0,0.0009396440122080679,true_negative,1517
https://openalex.org/T10338,https://openalex.org/T10472,2015,2016,2020,0.33380820069533407,1,2,4,0.2,8,2.0,4.0,0,0,0.0009396440122080679,true_negative,1515
https://openalex.org/T11992,https://openalex.org/T12529,2015,2016,2020,0.33380820069533407,1,2,4,0.2,8,2.0,4.0,0,0,0.0009396440122080679,true_negative,1518
https://openalex.org/T10068,https://openalex.org/T12028,2015,2016,2020,0.6213349345596119,1,8,2,0.1111111111111111,16,11.0,2.0,0,0,0.0009379397083942631,true_negative,1520
https://openalex.org/T11307,https://openalex.org/T11975,2015,2016,2020,0.7213475204444817,1,10,6,0.06666666666666667,60,14.0,8.0,0,0,0.00092503642782884,true_negative,1521
https://openalex.org/T10580,https://openalex.org/T14078,2015,2016,2020,0.45511961331341866,1,4,4,0.14285714285714285,16,6.0,10.0,0,0,0.0009198504831850159,true_negative,1522
https://openalex.org/T11307,https://openalex.org/T12859,2015,2016,2020,1.039008973514235,2,10,6,0.14285714285714285,60,14.0,8.0,0,0,0.0009188087174614769,true_negative,1523
https://openalex.org/T12168,https://openalex.org/T13283,2015,2016,2020,0.31465798044412485,1,3,17,0.05263157894736842,51,4.0,19.0,0,0,0.0009113650338455575,true_negative,1524
https://openalex.org/T10885,https://openalex.org/T11048,2015,2016,2020,0.2790553132756236,1,25,3,0.037037037037037035,75,62.0,4.0,0,0,0.0009098611273295935,true_negative,1525
https://openalex.org/T10320,https://openalex.org/T10538,2015,2016,2020,0.3898712452512801,1,17,7,0.043478260869565216,119,31.0,7.0,0,0,0.0009064632555786331,true_negative,1526
https://openalex.org/T10066,https://openalex.org/T11020,2015,2016,2020,0.45511961331341866,1,12,6,0.058823529411764705,72,26.0,6.0,0,0,0.0009053916846046328,true_negative,1527
https://openalex.org/T10123,https://openalex.org/T10885,2015,2016,2020,0.3898712452512801,1,2,25,0.038461538461538464,50,2.0,62.0,0,0,0.0009034445718443686,true_negative,1528
https://openalex.org/T10222,https://openalex.org/T11629,2015,2016,2020,0.8080757371781798,2,11,2,0.18181818181818182,22,16.0,2.0,0,0,0.0009031320686919588,true_negative,1529
https://openalex.org/T11269,https://openalex.org/T11739,2015,2016,2020,0.43429448190325176,1,9,2,0.1,18,16.0,2.0,0,0,0.0009003468177838628,true_negative,1530
https://openalex.org/T11642,https://openalex.org/T12610,2015,2016,2020,0.3459762562611936,1,11,2,0.08333333333333333,22,26.0,2.0,0,0,0.0008898048446549135,true_negative,1531
https://openalex.org/T10281,https://openalex.org/T10338,2015,2016,2020,0.5138983423697507,1,4,2,0.2,8,8.0,2.0,0,0,0.0008861654755446093,true_negative,1532
https://openalex.org/T10038,https://openalex.org/T12816,2015,2016,2020,0.7213475204444817,1,2,5,0.16666666666666666,10,2.0,5.0,0,0,0.00087611310287832,true_negative,1533
https://openalex.org/T12296,https://openalex.org/T12816,2015,2016,2020,0.7213475204444817,1,2,5,0.16666666666666666,10,2.0,5.0,0,0,0.00087611310287832,true_negative,1534
https://openalex.org/T11744,https://openalex.org/T13398,2015,2016,2020,0.31465798044412485,1,6,11,0.0625,66,20.0,13.0,0,0,0.0008648772434272698,true_negative,1535
https://openalex.org/T11986,https://openalex.org/T13664,2015,2016,2020,0.2790553132756236,1,5,9,0.07692307692307693,45,6.0,18.0,0,0,0.0008469400009878166,true_negative,1536
https://openalex.org/T10192,https://openalex.org/T11948,2015,2016,2020,0.7213475204444817,1,4,17,0.05,68,4.0,24.0,0,0,0.0008409602364782327,true_negative,1537
https://openalex.org/T10146,https://openalex.org/T11369,2015,2016,2020,0.5138983423697507,1,2,7,0.125,14,4.0,10.0,0,0,0.0008407957679877966,true_negative,1538
https://openalex.org/T10751,https://openalex.org/T10769,2015,2016,2020,0.4170323914242463,1,4,2,0.2,8,4.0,2.0,0,0,0.0008358123678274208,true_negative,1541
https://openalex.org/T10662,https://openalex.org/T11210,2015,2016,2020,0.4170323914242463,1,4,2,0.2,8,4.0,2.0,0,0,0.0008358123678274208,true_negative,1540
https://openalex.org/T10662,https://openalex.org/T11205,2015,2016,2020,0.4170323914242463,1,4,2,0.2,8,4.0,2.0,0,0,0.0008358123678274208,true_negative,1539
https://openalex.org/T10853,https://openalex.org/T11577,2015,2016,2020,0.8668544662345119,2,2,6,0.3333333333333333,12,2.0,6.0,0,0,0.0008341893988447422,true_negative,1542
https://openalex.org/T10885,https://openalex.org/T12134,2015,2016,2020,0.6814849176574682,2,25,2,0.08,50,62.0,2.0,0,0,0.0008320905689295321,true_negative,1544
https://openalex.org/T10885,https://openalex.org/T11879,2015,2016,2020,0.6814849176574682,2,25,2,0.08,50,62.0,2.0,0,0,0.0008320905689295321,true_negative,1543
https://openalex.org/T11629,https://openalex.org/T13984,2015,2016,2020,0.8080757371781798,2,2,6,0.3333333333333333,12,2.0,6.0,0,0,0.0008234389373460907,true_negative,1545
https://openalex.org/T10526,https://openalex.org/T10887,2015,2016,2020,0.48089834696298783,1,2,23,0.041666666666666664,46,2.0,50.0,0,0,0.0008061884394204251,true_negative,1547
https://openalex.org/T10112,https://openalex.org/T10887,2015,2016,2020,0.48089834696298783,1,2,23,0.041666666666666664,46,2.0,50.0,0,0,0.0008061884394204251,true_negative,1546
https://openalex.org/T10073,https://openalex.org/T12964,2015,2016,2020,0.6213349345596119,1,4,5,0.125,20,4.0,6.0,0,0,0.000804702045639231,true_negative,1548
https://openalex.org/T11981,https://openalex.org/T12574,2015,2016,2020,0.31465798044412485,1,8,4,0.09090909090909091,32,14.0,4.0,0,0,0.0008030953592930099,true_negative,1549
https://openalex.org/T11642,https://openalex.org/T12820,2015,2016,2020,0.3898712452512801,1,11,4,0.07142857142857142,44,26.0,4.0,0,0,0.0008012740699593675,true_negative,1550
https://openalex.org/T12761,https://openalex.org/T13650,2015,2016,2020,0.5581106265512472,1,5,3,0.14285714285714285,15,6.0,3.0,0,0,0.0008010439881695402,true_negative,1551
https://openalex.org/T10049,https://openalex.org/T10275,2015,2016,2020,0.35295612386476116,1,2,8,0.1111111111111111,16,2.0,18.0,0,0,0.0007955613844525611,true_negative,1552
https://openalex.org/T10243,https://openalex.org/T13487,2015,2016,2020,0.36926937306885504,1,12,2,0.07692307692307693,24,18.0,2.0,0,0,0.0007855260740536104,true_negative,1556
https://openalex.org/T10243,https://openalex.org/T11918,2015,2016,2020,0.36926937306885504,1,12,2,0.07692307692307693,24,18.0,2.0,0,0,0.0007855260740536104,true_negative,1553
https://openalex.org/T10243,https://openalex.org/T12135,2015,2016,2020,0.36926937306885504,1,12,2,0.07692307692307693,24,18.0,2.0,0,0,0.0007855260740536104,true_negative,1554
https://openalex.org/T10243,https://openalex.org/T12368,2015,2016,2020,0.36926937306885504,1,12,2,0.07692307692307693,24,18.0,2.0,0,0,0.0007855260740536104,true_negative,1555
https://openalex.org/T10215,https://openalex.org/T10885,2015,2016,2020,0.5581106265512472,1,2,25,0.038461538461538464,50,2.0,62.0,0,0,0.0007841170895878514,true_negative,1557
https://openalex.org/T10522,https://openalex.org/T11210,2015,2016,2020,0.8513268733274981,2,8,2,0.25,16,8.0,2.0,0,0,0.00077864112883837,true_negative,1559
https://openalex.org/T10522,https://openalex.org/T11205,2015,2016,2020,0.8513268733274981,2,8,2,0.25,16,8.0,2.0,0,0,0.00077864112883837,true_negative,1558
https://openalex.org/T10066,https://openalex.org/T11287,2015,2016,2020,0.5897227805554295,2,12,13,0.08695652173913043,156,26.0,20.0,0,0,0.0007786061133512848,true_negative,1560
https://openalex.org/T10275,https://openalex.org/T10382,2015,2016,2020,1.0551557211398157,2,8,5,0.18181818181818182,40,18.0,6.0,0,0,0.000775336846664563,true_negative,1561
https://openalex.org/T10158,https://openalex.org/T11532,2015,2016,2020,0.5581106265512472,1,9,2,0.1,18,12.0,2.0,0,0,0.0007705096723110474,true_negative,1563
https://openalex.org/T10158,https://openalex.org/T11355,2015,2016,2020,0.5581106265512472,1,9,2,0.1,18,12.0,2.0,0,0,0.0007705096723110474,true_negative,1562
https://openalex.org/T12539,https://openalex.org/T13430,2015,2016,2020,0.48089834696298783,1,2,4,0.2,8,2.0,4.0,0,0,0.0007696973056060468,true_negative,1574
https://openalex.org/T10112,https://openalex.org/T12748,2015,2016,2020,0.48089834696298783,1,2,4,0.2,8,2.0,4.0,0,0,0.0007696973056060468,true_negative,1564
https://openalex.org/T11824,https://openalex.org/T14393,2015,2016,2020,0.48089834696298783,1,2,4,0.2,8,2.0,4.0,0,0,0.0007696973056060468,true_negative,1572
https://openalex.org/T11885,https://openalex.org/T12386,2015,2016,2020,0.48089834696298783,1,2,4,0.2,8,2.0,4.0,0,0,0.0007696973056060468,true_negative,1573
https://openalex.org/T10526,https://openalex.org/T12748,2015,2016,2020,0.48089834696298783,1,2,4,0.2,8,2.0,4.0,0,0,0.0007696973056060468,true_negative,1565
https://openalex.org/T11171,https://openalex.org/T13430,2015,2016,2020,0.48089834696298783,1,2,4,0.2,8,2.0,4.0,0,0,0.0007696973056060468,true_negative,1569
https://openalex.org/T11083,https://openalex.org/T11376,2015,2016,2020,0.48089834696298783,1,2,4,0.2,8,2.0,4.0,0,0,0.0007696973056060468,true_negative,1567
https://openalex.org/T11305,https://openalex.org/T11376,2015,2016,2020,0.48089834696298783,1,2,4,0.2,8,2.0,4.0,0,0,0.0007696973056060468,true_negative,1570
https://openalex.org/T11083,https://openalex.org/T14393,2015,2016,2020,0.48089834696298783,1,2,4,0.2,8,2.0,4.0,0,0,0.0007696973056060468,true_negative,1568
https://openalex.org/T11305,https://openalex.org/T12315,2015,2016,2020,0.48089834696298783,1,2,4,0.2,8,2.0,4.0,0,0,0.0007696973056060468,true_negative,1571
https://openalex.org/T11083,https://openalex.org/T11097,2015,2016,2020,0.48089834696298783,1,2,4,0.2,8,2.0,4.0,0,0,0.0007696973056060468,true_negative,1566
https://openalex.org/T10282,https://openalex.org/T10836,2015,2016,2020,0.40242960438184466,1,2,7,0.125,14,2.0,12.0,0,0,0.0007564127218373665,true_negative,1575
https://openalex.org/T10715,https://openalex.org/T11482,2015,2016,2020,0.2790553132756236,1,2,11,0.08333333333333333,22,2.0,26.0,0,0,0.0007453146990830188,true_negative,1578
https://openalex.org/T10715,https://openalex.org/T11642,2015,2016,2020,0.2790553132756236,1,2,11,0.08333333333333333,22,2.0,26.0,0,0,0.0007453146990830188,true_negative,1579
https://openalex.org/T10602,https://openalex.org/T11482,2015,2016,2020,0.2790553132756236,1,2,11,0.08333333333333333,22,2.0,26.0,0,0,0.0007453146990830188,true_negative,1576
https://openalex.org/T11470,https://openalex.org/T11482,2015,2016,2020,0.2790553132756236,1,2,11,0.08333333333333333,22,2.0,26.0,0,0,0.0007453146990830188,true_negative,1580
https://openalex.org/T10602,https://openalex.org/T11642,2015,2016,2020,0.2790553132756236,1,2,11,0.08333333333333333,22,2.0,26.0,0,0,0.0007453146990830188,true_negative,1577
https://openalex.org/T11470,https://openalex.org/T11642,2015,2016,2020,0.2790553132756236,1,2,11,0.08333333333333333,22,2.0,26.0,0,0,0.0007453146990830188,true_negative,1581
https://openalex.org/T11468,https://openalex.org/T11629,2015,2016,2020,0.35295612386476116,1,10,2,0.09090909090909091,20,18.0,2.0,0,0,0.0007383113322034382,true_negative,1582
https://openalex.org/T11229,https://openalex.org/T11577,2015,2016,2020,0.4170323914242463,1,3,6,0.125,18,4.0,6.0,0,0,0.0007357559347573925,true_negative,1583
https://openalex.org/T10095,https://openalex.org/T10527,2015,2016,2020,1.4426950408889634,2,3,3,0.5,9,4.0,4.0,0,0,0.000734315973060363,true_negative,1584
https://openalex.org/T10066,https://openalex.org/T11764,2015,2016,2020,0.2790553132756236,1,12,3,0.07142857142857142,36,26.0,8.0,0,0,0.0007278035777117497,true_negative,1585
https://openalex.org/T10445,https://openalex.org/T11177,2015,2016,2020,0.6213349345596119,1,4,9,0.08333333333333333,36,4.0,14.0,0,0,0.000727369969939859,true_negative,1586
https://openalex.org/T10627,https://openalex.org/T11871,2015,2016,2020,0.3898712452512801,1,9,15,0.043478260869565216,135,12.0,17.0,0,0,0.0007262551535543072,true_negative,1587
https://openalex.org/T11213,https://openalex.org/T11629,2015,2016,2020,0.8080757371781798,2,12,2,0.16666666666666666,24,18.0,2.0,0,0,0.000720317284769493,true_negative,1589
https://openalex.org/T10243,https://openalex.org/T11798,2015,2016,2020,0.8035638549721068,2,12,2,0.16666666666666666,24,18.0,2.0,0,0,0.000720317284769493,true_negative,1588
https://openalex.org/T10015,https://openalex.org/T11928,2015,2016,2020,0.7553857282466059,2,36,3,0.05405405405405406,108,158.0,4.0,0,0,0.0007178140863829206,true_negative,1591
https://openalex.org/T10015,https://openalex.org/T10594,2015,2016,2020,0.7699885152890075,2,36,3,0.05405405405405406,108,158.0,4.0,0,0,0.0007178140863829206,true_negative,1590
https://openalex.org/T10885,https://openalex.org/T11162,2015,2016,2020,1.1831421960880644,3,25,13,0.08571428571428572,325,62.0,28.0,0,0,0.000717233757515236,true_negative,1592
https://openalex.org/T10146,https://openalex.org/T14078,2015,2016,2020,1.072008968920998,2,2,4,0.5,8,4.0,10.0,0,0,0.0007135122308715981,true_negative,1593
https://openalex.org/T10939,https://openalex.org/T11825,2015,2016,2020,0.45511961331341866,1,3,2,0.25,6,4.0,2.0,0,0,0.0007084518522973313,true_negative,1596
https://openalex.org/T11129,https://openalex.org/T11809,2015,2016,2020,0.45511961331341866,1,3,2,0.25,6,4.0,2.0,0,0,0.0007084518522973313,true_negative,1598
https://openalex.org/T13447,https://openalex.org/T14484,2015,2016,2020,0.45511961331341866,1,3,2,0.25,6,4.0,2.0,0,0,0.0007084518522973313,true_negative,1600
https://openalex.org/T10826,https://openalex.org/T14484,2015,2016,2020,0.45511961331341866,1,3,2,0.25,6,4.0,2.0,0,0,0.0007084518522973313,true_negative,1595
https://openalex.org/T10024,https://openalex.org/T10030,2015,2016,2020,0.45511961331341866,1,3,2,0.25,6,4.0,2.0,0,0,0.0007084518522973313,true_negative,1594
https://openalex.org/T11491,https://openalex.org/T12626,2015,2016,2020,0.45511961331341866,1,3,2,0.25,6,4.0,2.0,0,0,0.0007084518522973313,true_negative,1599
https://openalex.org/T11024,https://openalex.org/T13051,2015,2016,2020,0.45511961331341866,1,3,2,0.25,6,4.0,2.0,0,0,0.0007084518522973313,true_negative,1597
https://openalex.org/T10179,https://openalex.org/T10247,2015,2016,2020,0.7213475204444817,1,7,4,0.1,28,16.0,10.0,0,0,0.0007074914239105206,true_negative,1601
https://openalex.org/T10857,https://openalex.org/T13937,2015,2016,2020,0.2790553132756236,1,4,8,0.09090909090909091,32,4.0,12.0,0,0,0.0007018680947269667,true_negative,1602
https://openalex.org/T11578,https://openalex.org/T13937,2015,2016,2020,0.2790553132756236,1,4,8,0.09090909090909091,32,4.0,12.0,0,0,0.0007018680947269667,true_negative,1603
https://openalex.org/T10939,https://openalex.org/T11881,2015,2016,2020,0.9102392266268373,2,3,4,0.4,12,4.0,6.0,0,0,0.0007004778897297846,true_negative,1604
https://openalex.org/T10243,https://openalex.org/T12168,2015,2016,2020,0.31465798044412485,1,12,3,0.07142857142857142,36,18.0,4.0,0,0,0.0006997304029849742,true_negative,1605
https://openalex.org/T11639,https://openalex.org/T14393,2015,2016,2020,0.48089834696298783,1,5,4,0.125,20,6.0,4.0,0,0,0.0006980640617243589,true_negative,1606
https://openalex.org/T11468,https://openalex.org/T13141,2015,2016,2020,0.45511961331341866,1,10,6,0.06666666666666667,60,18.0,7.0,0,0,0.000696102392852969,true_negative,1607
https://openalex.org/T10434,https://openalex.org/T11247,2015,2016,2020,0.7213475204444817,1,9,2,0.1,18,14.0,2.0,0,0,0.0006893703028804377,true_negative,1608
https://openalex.org/T10027,https://openalex.org/T10073,2015,2016,2020,1.3426824550040934,2,8,4,0.2,32,10.0,4.0,0,0,0.000688579096852524,true_negative,1609
https://openalex.org/T11710,https://openalex.org/T11986,2015,2016,2020,0.48089834696298783,1,6,5,0.1,30,8.0,6.0,0,0,0.0006734984406560199,true_negative,1610
https://openalex.org/T11542,https://openalex.org/T12443,2015,2016,2020,1.1304513539797845,3,9,8,0.21428571428571427,72,10.0,20.0,0,0,0.000669956470456488,true_negative,1611
https://openalex.org/T13530,https://openalex.org/T14296,2015,2016,2020,1.4426950408889634,2,2,4,0.5,8,2.0,4.0,0,0,0.0006631685170743044,true_negative,1612
https://openalex.org/T11791,https://openalex.org/T13984,2015,2016,2020,0.40242960438184466,1,12,6,0.058823529411764705,72,32.0,6.0,0,0,0.0006594954479152552,true_negative,1613
https://openalex.org/T12386,https://openalex.org/T12422,2015,2016,2020,0.48089834696298783,1,4,3,0.16666666666666666,12,4.0,3.0,0,0,0.0006553527017332497,true_negative,1615
https://openalex.org/T10417,https://openalex.org/T12422,2015,2016,2020,0.48089834696298783,1,4,3,0.16666666666666666,12,4.0,3.0,0,0,0.0006553527017332497,true_negative,1614
https://openalex.org/T10434,https://openalex.org/T10538,2015,2016,2020,0.45511961331341866,1,9,7,0.06666666666666667,63,14.0,7.0,0,0,0.0006531447613324418,true_negative,1616
https://openalex.org/T10062,https://openalex.org/T10222,2015,2016,2020,0.45511961331341866,1,5,11,0.06666666666666667,55,6.0,16.0,0,0,0.0006506458187654164,true_negative,1617
https://openalex.org/T10062,https://openalex.org/T10878,2015,2016,2020,0.5138983423697507,1,5,9,0.07692307692307693,45,6.0,14.0,0,0,0.0006474713068487468,true_negative,1618
https://openalex.org/T10243,https://openalex.org/T10500,2015,2016,2020,0.4170323914242463,1,12,11,0.045454545454545456,132,18.0,20.0,0,0,0.0006466173537537633,true_negative,1619
https://openalex.org/T10619,https://openalex.org/T14078,2015,2016,2020,1.072008968920998,2,2,4,0.5,8,2.0,10.0,0,0,0.0006410423869776893,true_negative,1620
https://openalex.org/T12103,https://openalex.org/T14078,2015,2016,2020,1.072008968920998,2,2,4,0.5,8,2.0,10.0,0,0,0.0006410423869776893,true_negative,1621
https://openalex.org/T10629,https://openalex.org/T12926,2015,2016,2020,0.3459762562611936,1,16,1,0.0625,16,28.0,1.0,0,0,0.00063993088487756,true_negative,1622
https://openalex.org/T10867,https://openalex.org/T11376,2015,2016,2020,0.48089834696298783,1,4,4,0.14285714285714285,16,6.0,4.0,0,0,0.0006388617250524359,true_negative,1623
https://openalex.org/T10057,https://openalex.org/T10400,2015,2016,2020,0.48089834696298783,1,8,2,0.1111111111111111,16,20.0,2.0,0,0,0.0006379226893583033,true_negative,1624
https://openalex.org/T10057,https://openalex.org/T13429,2015,2016,2020,0.48089834696298783,1,8,2,0.1111111111111111,16,20.0,2.0,0,0,0.0006379226893583033,true_negative,1625
https://openalex.org/T10500,https://openalex.org/T10770,2015,2016,2020,0.8513268733274981,2,11,2,0.18181818181818182,22,20.0,2.0,0,0,0.0006316656206783957,true_negative,1626
https://openalex.org/T11287,https://openalex.org/T14078,2015,2016,2020,0.5138983423697507,1,13,4,0.0625,52,20.0,10.0,0,0,0.0006315429737512157,true_negative,1627
https://openalex.org/T10086,https://openalex.org/T10867,2015,2016,2020,0.48089834696298783,1,6,4,0.1111111111111111,24,8.0,6.0,0,0,0.0006309438283878007,true_negative,1628
https://openalex.org/T11162,https://openalex.org/T13200,2015,2016,2020,0.9102392266268373,1,13,1,0.07692307692307693,13,28.0,1.0,0,0,0.000627943885231454,true_negative,1629
https://openalex.org/T10775,https://openalex.org/T12761,2015,2016,2020,0.48089834696298783,1,4,5,0.125,20,6.0,6.0,0,0,0.0006275970044270983,true_negative,1630
https://openalex.org/T10519,https://openalex.org/T11948,2015,2016,2020,0.6213349345596119,1,4,17,0.05,68,8.0,24.0,0,0,0.0006208916565085079,true_negative,1631
https://openalex.org/T11577,https://openalex.org/T13398,2015,2016,2020,0.35295612386476116,1,6,11,0.0625,66,6.0,13.0,0,0,0.0006096516617607666,true_negative,1632
https://openalex.org/T10241,https://openalex.org/T11447,2015,2016,2020,1.4683498531780845,2,6,10,0.14285714285714285,60,18.0,13.0,0,0,0.0006061019509645997,true_negative,1633
https://openalex.org/T10434,https://openalex.org/T10515,2015,2016,2020,1.0383673259838582,2,9,4,0.18181818181818182,36,14.0,6.0,0,0,0.0006051625011784578,true_negative,1634
https://openalex.org/T10804,https://openalex.org/T13283,2015,2016,2020,0.31465798044412485,1,17,17,0.030303030303030304,289,34.0,19.0,0,0,0.0005955267248600209,true_negative,1635
https://openalex.org/T10211,https://openalex.org/T10591,2015,2016,2020,0.713629884087002,2,8,4,0.2,32,14.0,4.0,0,0,0.0005950000787982685,true_negative,1636
https://openalex.org/T10269,https://openalex.org/T10887,2015,2016,2020,1.1870209067132538,3,9,23,0.10344827586206896,207,10.0,50.0,0,0,0.0005868064713568976,true_negative,1637
https://openalex.org/T10222,https://openalex.org/T11048,2015,2016,2020,0.2790553132756236,1,11,3,0.07692307692307693,33,16.0,4.0,0,0,0.0005845728113817912,true_negative,1638
https://openalex.org/T10211,https://openalex.org/T10222,2015,2016,2020,0.318928988903801,1,8,11,0.05555555555555555,88,14.0,16.0,0,0,0.0005832495480125199,true_negative,1639
https://openalex.org/T10281,https://openalex.org/T10811,2015,2016,2020,0.45511961331341866,1,4,2,0.2,8,8.0,2.0,0,0,0.000582086371850828,true_negative,1640
https://openalex.org/T10281,https://openalex.org/T11007,2015,2016,2020,0.45511961331341866,1,4,2,0.2,8,8.0,2.0,0,0,0.000582086371850828,true_negative,1641
https://openalex.org/T11682,https://openalex.org/T12046,2015,2016,2020,0.33380820069533407,1,2,4,0.2,8,4.0,8.0,0,0,0.0005815647873955055,true_negative,1642
https://openalex.org/T10519,https://openalex.org/T10521,2015,2016,2020,0.6295964561836069,2,4,18,0.1,72,8.0,50.0,0,0,0.0005778877394534236,true_negative,1643
https://openalex.org/T10878,https://openalex.org/T11187,2015,2016,2020,0.5581106265512472,1,9,2,0.1,18,14.0,2.0,0,0,0.0005744740870587858,true_negative,1644
https://openalex.org/T10878,https://openalex.org/T11190,2015,2016,2020,0.5581106265512472,1,9,2,0.1,18,14.0,2.0,0,0,0.0005744740870587858,true_negative,1645
https://openalex.org/T10688,https://openalex.org/T13126,2015,2016,2020,0.35295612386476116,1,10,2,0.09090909090909091,20,12.0,2.0,0,0,0.0005717735937010654,true_negative,1647
https://openalex.org/T10688,https://openalex.org/T12292,2015,2016,2020,0.35295612386476116,1,10,2,0.09090909090909091,20,12.0,2.0,0,0,0.0005717735937010654,true_negative,1646
https://openalex.org/T10057,https://openalex.org/T10519,2015,2016,2020,0.31066746727980593,1,8,4,0.09090909090909091,32,20.0,8.0,0,0,0.0005717537768712908,true_negative,1648
https://openalex.org/T11700,https://openalex.org/T12574,2015,2016,2020,0.667614104308886,2,3,4,0.4,12,6.0,4.0,0,0,0.0005683346189311934,true_negative,1649
https://openalex.org/T10688,https://openalex.org/T11235,2015,2016,2020,0.8979307383872341,2,10,10,0.1111111111111111,100,12.0,14.0,0,0,0.0005662592763051153,true_negative,1650
https://openalex.org/T10857,https://openalex.org/T11791,2015,2016,2020,0.2790553132756236,1,4,12,0.06666666666666667,48,4.0,32.0,0,0,0.0005601881028141772,true_negative,1651
https://openalex.org/T11578,https://openalex.org/T11791,2015,2016,2020,0.2790553132756236,1,4,12,0.06666666666666667,48,4.0,32.0,0,0,0.0005601881028141772,true_negative,1652
https://openalex.org/T10012,https://openalex.org/T12254,2015,2016,2020,0.5979843021794247,2,11,4,0.15384615384615385,44,32.0,16.0,0,0,0.0005540165793665089,true_negative,1653
https://openalex.org/T10640,https://openalex.org/T10885,2015,2016,2020,0.9690179556831694,2,6,25,0.06896551724137931,150,6.0,62.0,0,0,0.0005521163712041085,true_negative,1654
https://openalex.org/T11468,https://openalex.org/T12859,2015,2016,2020,0.318928988903801,1,10,6,0.06666666666666667,60,18.0,8.0,0,0,0.0005498393294041953,true_negative,1655
https://openalex.org/T10621,https://openalex.org/T11468,2015,2016,2020,0.31066746727980593,1,6,10,0.06666666666666667,60,6.0,18.0,0,0,0.0005493457593334609,true_negative,1656
https://openalex.org/T11871,https://openalex.org/T12945,2015,2016,2020,0.6213349345596119,1,15,1,0.06666666666666667,15,17.0,1.0,0,0,0.0005469781159614836,true_negative,1657
https://openalex.org/T10164,https://openalex.org/T12679,2015,2016,2020,0.3459762562611936,1,1,4,0.25,4,1.0,6.0,0,0,0.000543629873357288,true_negative,1658
https://openalex.org/T10164,https://openalex.org/T14153,2015,2016,2020,0.3459762562611936,1,1,4,0.25,4,1.0,6.0,0,0,0.000543629873357288,true_negative,1659
https://openalex.org/T12926,https://openalex.org/T14153,2015,2016,2020,0.3459762562611936,1,1,4,0.25,4,1.0,6.0,0,0,0.000543629873357288,true_negative,1660
https://openalex.org/T10024,https://openalex.org/T10247,2015,2016,2020,1.0764545478730305,2,3,4,0.4,12,4.0,10.0,0,0,0.0005420947982807092,true_negative,1661
https://openalex.org/T10241,https://openalex.org/T10627,2015,2016,2020,0.5581106265512472,1,6,9,0.07142857142857142,54,18.0,12.0,0,0,0.0005416411951906952,true_negative,1662
https://openalex.org/T10068,https://openalex.org/T13777,2015,2016,2020,1.531574161186449,2,8,4,0.2,32,11.0,4.0,0,0,0.000539085201306599,true_negative,1663
https://openalex.org/T10887,https://openalex.org/T11928,2015,2016,2020,0.7872506057680129,2,23,3,0.08333333333333333,69,50.0,4.0,0,0,0.0005374533938271426,true_negative,1664
https://openalex.org/T10660,https://openalex.org/T10811,2015,2016,2020,0.45511961331341866,1,4,2,0.2,8,6.0,2.0,0,0,0.0005361515461858203,true_negative,1667
https://openalex.org/T10660,https://openalex.org/T11007,2015,2016,2020,0.45511961331341866,1,4,2,0.2,8,6.0,2.0,0,0,0.0005361515461858203,true_negative,1668
https://openalex.org/T10344,https://openalex.org/T13051,2015,2016,2020,0.45511961331341866,1,4,2,0.2,8,6.0,2.0,0,0,0.0005361515461858203,true_negative,1665
https://openalex.org/T10580,https://openalex.org/T12626,2015,2016,2020,0.45511961331341866,1,4,2,0.2,8,6.0,2.0,0,0,0.0005361515461858203,true_negative,1666
https://openalex.org/T12196,https://openalex.org/T13051,2015,2016,2020,0.45511961331341866,1,4,2,0.2,8,6.0,2.0,0,0,0.0005361515461858203,true_negative,1669
https://openalex.org/T10083,https://openalex.org/T11601,2015,2016,2020,0.5138983423697507,1,20,2,0.047619047619047616,40,52.0,2.0,0,0,0.0005239547452604216,true_negative,1671
https://openalex.org/T10083,https://openalex.org/T11434,2015,2016,2020,0.5138983423697507,1,20,2,0.047619047619047616,40,52.0,2.0,0,0,0.0005239547452604216,true_negative,1670
https://openalex.org/T10018,https://openalex.org/T10275,2015,2016,2020,0.33380820069533407,1,8,8,0.06666666666666667,64,20.0,18.0,0,0,0.0005232786356641394,true_negative,1672
https://openalex.org/T11468,https://openalex.org/T11710,2015,2016,2020,0.6295964561836069,2,10,6,0.14285714285714285,60,18.0,8.0,0,0,0.0005229567035980686,true_negative,1673
https://openalex.org/T10050,https://openalex.org/T11235,2015,2016,2020,0.36926937306885504,1,5,10,0.07142857142857142,50,5.0,14.0,0,0,0.000516768125896599,true_negative,1674
https://openalex.org/T10629,https://openalex.org/T12790,2015,2016,2020,0.3459762562611936,1,16,2,0.058823529411764705,32,28.0,2.0,0,0,0.000516513845097087,true_negative,1676
https://openalex.org/T10629,https://openalex.org/T14023,2015,2016,2020,0.3459762562611936,1,16,2,0.058823529411764705,32,28.0,2.0,0,0,0.000516513845097087,true_negative,1680
https://openalex.org/T10629,https://openalex.org/T13765,2015,2016,2020,0.3459762562611936,1,16,2,0.058823529411764705,32,28.0,2.0,0,0,0.000516513845097087,true_negative,1679
https://openalex.org/T10629,https://openalex.org/T12950,2015,2016,2020,0.3459762562611936,1,16,2,0.058823529411764705,32,28.0,2.0,0,0,0.000516513845097087,true_negative,1677
https://openalex.org/T10629,https://openalex.org/T12694,2015,2016,2020,0.3459762562611936,1,16,2,0.058823529411764705,32,28.0,2.0,0,0,0.000516513845097087,true_negative,1675
https://openalex.org/T10629,https://openalex.org/T13412,2015,2016,2020,0.3459762562611936,1,16,2,0.058823529411764705,32,28.0,2.0,0,0,0.000516513845097087,true_negative,1678
https://openalex.org/T10211,https://openalex.org/T12613,2015,2016,2020,0.7428273691160412,2,8,9,0.13333333333333333,72,14.0,20.0,1,0,0.0005128345161529256,false_negative,1681
https://openalex.org/T10015,https://openalex.org/T10064,2015,2016,2020,0.318928988903801,1,36,12,0.02127659574468085,432,158.0,16.0,0,0,0.0005105933007493939,true_negative,1682
https://openalex.org/T10751,https://openalex.org/T11213,2015,2016,2020,1.2042829971922593,3,4,12,0.23076923076923078,48,4.0,18.0,0,0,0.000509717198557195,true_negative,1683
https://openalex.org/T10320,https://openalex.org/T11468,2015,2016,2020,0.31066746727980593,1,17,10,0.038461538461538464,170,31.0,18.0,0,0,0.0005060548098946907,true_negative,1685
https://openalex.org/T10320,https://openalex.org/T11213,2015,2016,2020,0.31066746727980593,1,17,12,0.03571428571428571,204,31.0,18.0,0,0,0.0005060548098946907,true_negative,1684
https://openalex.org/T10434,https://openalex.org/T13937,2015,2016,2020,0.2790553132756236,1,9,8,0.0625,72,14.0,12.0,0,0,0.000505134911446135,true_negative,1686
https://openalex.org/T10417,https://openalex.org/T11798,2015,2016,2020,0.43429448190325176,1,4,2,0.2,8,4.0,2.0,0,0,0.0005009253321057042,true_negative,1694
https://openalex.org/T10017,https://openalex.org/T11483,2015,2016,2020,0.43429448190325176,1,4,2,0.2,8,4.0,2.0,0,0,0.0005009253321057042,true_negative,1689
https://openalex.org/T11297,https://openalex.org/T11677,2015,2016,2020,0.43429448190325176,1,4,2,0.2,8,4.0,2.0,0,0,0.0005009253321057042,true_negative,1702
https://openalex.org/T10017,https://openalex.org/T12091,2015,2016,2020,0.43429448190325176,1,4,2,0.2,8,4.0,2.0,0,0,0.0005009253321057042,true_negative,1690
https://openalex.org/T10644,https://openalex.org/T12091,2015,2016,2020,0.43429448190325176,1,4,2,0.2,8,4.0,2.0,0,0,0.0005009253321057042,true_negative,1700
https://openalex.org/T10017,https://openalex.org/T10266,2015,2016,2020,0.43429448190325176,1,4,2,0.2,8,4.0,2.0,0,0,0.0005009253321057042,true_negative,1687
https://openalex.org/T10644,https://openalex.org/T11186,2015,2016,2020,0.43429448190325176,1,4,2,0.2,8,4.0,2.0,0,0,0.0005009253321057042,true_negative,1697
https://openalex.org/T10644,https://openalex.org/T11333,2015,2016,2020,0.43429448190325176,1,4,2,0.2,8,4.0,2.0,0,0,0.0005009253321057042,true_negative,1698
https://openalex.org/T10644,https://openalex.org/T11483,2015,2016,2020,0.43429448190325176,1,4,2,0.2,8,4.0,2.0,0,0,0.0005009253321057042,true_negative,1699
https://openalex.org/T10662,https://openalex.org/T12303,2015,2016,2020,0.43429448190325176,1,4,2,0.2,8,4.0,2.0,0,0,0.0005009253321057042,true_negative,1701
https://openalex.org/T10017,https://openalex.org/T11186,2015,2016,2020,0.43429448190325176,1,4,2,0.2,8,4.0,2.0,0,0,0.0005009253321057042,true_negative,1688
https://openalex.org/T10330,https://openalex.org/T11333,2015,2016,2020,0.43429448190325176,1,4,2,0.2,8,4.0,2.0,0,0,0.0005009253321057042,true_negative,1691
https://openalex.org/T10631,https://openalex.org/T10929,2015,2016,2020,0.43429448190325176,1,4,2,0.2,8,4.0,2.0,0,0,0.0005009253321057042,true_negative,1695
https://openalex.org/T10330,https://openalex.org/T12091,2015,2016,2020,0.43429448190325176,1,4,2,0.2,8,4.0,2.0,0,0,0.0005009253321057042,true_negative,1693
https://openalex.org/T10631,https://openalex.org/T11677,2015,2016,2020,0.43429448190325176,1,4,2,0.2,8,4.0,2.0,0,0,0.0005009253321057042,true_negative,1696
https://openalex.org/T10330,https://openalex.org/T11483,2015,2016,2020,0.43429448190325176,1,4,2,0.2,8,4.0,2.0,0,0,0.0005009253321057042,true_negative,1692
https://openalex.org/T10086,https://openalex.org/T12315,2015,2016,2020,0.48089834696298783,1,6,4,0.1111111111111111,24,8.0,4.0,0,0,0.000499630653250422,true_negative,1704
https://openalex.org/T10086,https://openalex.org/T11376,2015,2016,2020,0.48089834696298783,1,6,4,0.1111111111111111,24,8.0,4.0,0,0,0.000499630653250422,true_negative,1703
https://openalex.org/T11710,https://openalex.org/T12748,2015,2016,2020,0.48089834696298783,1,6,4,0.1111111111111111,24,8.0,4.0,0,0,0.000499630653250422,true_negative,1705
https://openalex.org/T12010,https://openalex.org/T12231,2015,2016,2020,1.631586747071319,2,9,2,0.2222222222222222,18,16.0,2.0,0,0,0.0004985127669072941,true_negative,1706
https://openalex.org/T10715,https://openalex.org/T11948,2015,2016,2020,0.6213349345596119,1,2,17,0.05555555555555555,34,2.0,24.0,0,0,0.0004958183850694243,true_negative,1707
https://openalex.org/T10120,https://openalex.org/T10885,2015,2016,2020,1.1831421960880644,3,6,25,0.10714285714285714,150,10.0,62.0,0,0,0.0004922350781989252,true_negative,1708
https://openalex.org/T10885,https://openalex.org/T11986,2015,2016,2020,0.2790553132756236,1,25,5,0.034482758620689655,125,62.0,6.0,0,0,0.0004912729971970487,true_negative,1709
https://openalex.org/T10320,https://openalex.org/T11482,2015,2016,2020,0.31066746727980593,1,17,11,0.037037037037037035,187,31.0,26.0,0,0,0.0004855123963849923,true_negative,1710
https://openalex.org/T10320,https://openalex.org/T11642,2015,2016,2020,0.31066746727980593,1,17,11,0.037037037037037035,187,31.0,26.0,0,0,0.0004855123963849923,true_negative,1711
https://openalex.org/T12010,https://openalex.org/T12679,2015,2016,2020,1.1875483634464223,3,9,4,0.3,36,16.0,6.0,0,0,0.0004854104069178545,true_negative,1712
https://openalex.org/T10015,https://openalex.org/T12592,2015,2016,2020,0.318928988903801,1,36,6,0.024390243902439025,216,158.0,10.0,0,0,0.0004820746215407551,true_negative,1714
https://openalex.org/T10015,https://openalex.org/T12114,2015,2016,2020,0.31066746727980593,1,36,9,0.022727272727272728,324,158.0,10.0,0,0,0.0004820746215407551,true_negative,1713
https://openalex.org/T10521,https://openalex.org/T12114,2015,2016,2020,0.31066746727980593,1,18,9,0.038461538461538464,162,50.0,10.0,0,0,0.0004820746215407551,true_negative,1715
https://openalex.org/T10211,https://openalex.org/T10798,2015,2016,2020,0.7428273691160412,2,8,9,0.13333333333333333,72,14.0,24.0,1,0,0.00047917124850994713,false_negative,1716
https://openalex.org/T10320,https://openalex.org/T12114,2015,2016,2020,0.31066746727980593,1,17,9,0.04,153,31.0,10.0,0,0,0.00047778950238492945,true_negative,1717
https://openalex.org/T10057,https://openalex.org/T10604,2015,2016,2020,0.31066746727980593,1,8,8,0.06666666666666667,64,20.0,20.0,0,0,0.000476586498909833,true_negative,1718
https://openalex.org/T11512,https://openalex.org/T13126,2015,2016,2020,0.35295612386476116,1,8,2,0.1111111111111111,16,10.0,2.0,0,0,0.0004733881881101278,true_negative,1720
https://openalex.org/T11512,https://openalex.org/T12292,2015,2016,2020,0.35295612386476116,1,8,2,0.1111111111111111,16,10.0,2.0,0,0,0.0004733881881101278,true_negative,1719
https://openalex.org/T11177,https://openalex.org/T11986,2015,2016,2020,0.36067376022224085,1,9,5,0.07692307692307693,45,14.0,6.0,0,0,0.00047233112289714476,true_negative,1721
https://openalex.org/T10798,https://openalex.org/T13604,2015,2016,2020,0.5138983423697507,1,9,2,0.1,18,24.0,2.0,0,0,0.0004721868965951339,true_negative,1722
https://openalex.org/T10211,https://openalex.org/T10519,2015,2016,2020,0.318928988903801,1,8,4,0.09090909090909091,32,14.0,8.0,0,0,0.0004713813922905162,true_negative,1723
https://openalex.org/T10141,https://openalex.org/T12745,2015,2016,2020,1.312668831008682,2,3,2,0.6666666666666666,6,4.0,4.0,0,0,0.00046817396749917925,true_negative,1724
https://openalex.org/T11642,https://openalex.org/T11764,2015,2016,2020,0.2790553132756236,1,11,3,0.07692307692307693,33,26.0,8.0,0,0,0.0004661655313650836,true_negative,1726
https://openalex.org/T11482,https://openalex.org/T11764,2015,2016,2020,0.2790553132756236,1,11,3,0.07692307692307693,33,26.0,8.0,0,0,0.0004661655313650836,true_negative,1725
https://openalex.org/T10235,https://openalex.org/T11590,2015,2016,2020,0.6213349345596119,1,8,2,0.1111111111111111,16,8.0,2.0,0,0,0.0004609518270316263,true_negative,1727
https://openalex.org/T10235,https://openalex.org/T11944,2015,2016,2020,0.6213349345596119,1,8,2,0.1111111111111111,16,8.0,2.0,0,0,0.0004609518270316263,true_negative,1728
https://openalex.org/T10836,https://openalex.org/T10887,2015,2016,2020,1.0320149877242877,2,7,23,0.07142857142857142,161,12.0,50.0,1,0,0.00046001279499361005,false_negative,1729
https://openalex.org/T10249,https://openalex.org/T13283,2015,2016,2020,0.5581106265512472,1,2,17,0.05555555555555555,34,2.0,19.0,0,0,0.00045804132562489626,true_negative,1730
https://openalex.org/T11347,https://openalex.org/T13283,2015,2016,2020,0.5581106265512472,1,2,17,0.05555555555555555,34,2.0,19.0,0,0,0.00045804132562489626,true_negative,1731
https://openalex.org/T10015,https://openalex.org/T10057,2015,2016,2020,0.31066746727980593,1,36,8,0.023255813953488372,288,158.0,20.0,0,0,0.00045370979710927616,true_negative,1732
https://openalex.org/T10320,https://openalex.org/T11970,2015,2016,2020,0.31066746727980593,1,17,9,0.04,153,31.0,20.0,0,0,0.00044967669696469004,true_negative,1733
https://openalex.org/T10066,https://openalex.org/T10519,2015,2016,2020,0.8245658096495567,2,12,4,0.14285714285714285,48,26.0,8.0,0,0,0.00044853536812666556,true_negative,1734
https://openalex.org/T10467,https://openalex.org/T13748,2015,2016,2020,0.35295612386476116,1,9,5,0.07692307692307693,45,13.0,6.0,0,0,0.0004480162551262439,true_negative,1735
https://openalex.org/T10243,https://openalex.org/T11577,2015,2016,2020,0.35295612386476116,1,12,6,0.058823529411764705,72,18.0,6.0,0,0,0.0004448921261999934,true_negative,1737
https://openalex.org/T11213,https://openalex.org/T11577,2015,2016,2020,0.35295612386476116,1,12,6,0.058823529411764705,72,18.0,6.0,0,0,0.0004448921261999934,true_negative,1738
https://openalex.org/T10064,https://openalex.org/T11577,2015,2016,2020,0.35295612386476116,1,12,6,0.058823529411764705,72,16.0,6.0,0,0,0.0004448921261999934,true_negative,1736
https://openalex.org/T10211,https://openalex.org/T10275,2015,2016,2020,0.35295612386476116,1,8,8,0.06666666666666667,64,14.0,18.0,0,0,0.0004444200437989997,true_negative,1739
https://openalex.org/T11447,https://openalex.org/T12292,2015,2016,2020,0.35295612386476116,1,10,2,0.09090909090909091,20,13.0,2.0,0,0,0.00044291931335519125,true_negative,1742
https://openalex.org/T11307,https://openalex.org/T13126,2015,2016,2020,0.35295612386476116,1,10,2,0.09090909090909091,20,14.0,2.0,0,0,0.00044291931335519125,true_negative,1741
https://openalex.org/T11447,https://openalex.org/T13126,2015,2016,2020,0.35295612386476116,1,10,2,0.09090909090909091,20,13.0,2.0,0,0,0.00044291931335519125,true_negative,1743
https://openalex.org/T11307,https://openalex.org/T12292,2015,2016,2020,0.35295612386476116,1,10,2,0.09090909090909091,20,14.0,2.0,0,0,0.00044291931335519125,true_negative,1740
https://openalex.org/T10629,https://openalex.org/T14374,2015,2016,2020,0.9360179602764065,2,16,5,0.10526315789473684,80,28.0,6.0,0,0,0.00044216751046323997,true_negative,1744
https://openalex.org/T10887,https://openalex.org/T11048,2015,2016,2020,0.7341749265890423,2,23,3,0.08333333333333333,69,50.0,4.0,0,0,0.0004411730531786834,true_negative,1745
https://openalex.org/T11472,https://openalex.org/T12114,2015,2016,2020,0.5581106265512472,1,2,9,0.1,18,2.0,10.0,0,0,0.0004387792749644302,true_negative,1747
https://openalex.org/T10212,https://openalex.org/T12114,2015,2016,2020,0.5581106265512472,1,2,9,0.1,18,2.0,10.0,0,0,0.0004387792749644302,true_negative,1746
https://openalex.org/T11577,https://openalex.org/T13748,2015,2016,2020,0.35295612386476116,1,6,5,0.1,30,6.0,6.0,0,0,0.0004375348306298538,true_negative,1748
https://openalex.org/T10123,https://openalex.org/T10417,2015,2016,2020,0.9037695876210308,2,2,4,0.5,8,2.0,4.0,0,0,0.0004373066523557506,true_negative,1749
https://openalex.org/T10123,https://openalex.org/T12820,2015,2016,2020,0.9037695876210308,2,2,4,0.5,8,2.0,4.0,0,0,0.0004373066523557506,true_negative,1750
https://openalex.org/T10609,https://openalex.org/T11239,2015,2016,2020,1.631586747071319,2,5,2,0.4,10,6.0,2.0,0,0,0.00043704343413708465,true_negative,1751
https://openalex.org/T10243,https://openalex.org/T10885,2015,2016,2020,0.9690179556831694,2,12,25,0.05714285714285714,300,18.0,62.0,0,0,0.000432282035999596,true_negative,1752
https://openalex.org/T10026,https://openalex.org/T12072,2015,2016,2020,0.7213475204444817,1,6,5,0.1,30,6.0,6.0,0,0,0.0004262151235739879,true_negative,1753
https://openalex.org/T10323,https://openalex.org/T10581,2015,2016,2020,0.43429448190325176,1,2,6,0.14285714285714285,12,2.0,16.0,0,0,0.0004234225552253842,true_negative,1754
https://openalex.org/T10804,https://openalex.org/T13398,2015,2016,2020,0.31465798044412485,1,17,11,0.037037037037037035,187,34.0,13.0,0,0,0.0004217710515237371,true_negative,1756
https://openalex.org/T10629,https://openalex.org/T13398,2015,2016,2020,0.31465798044412485,1,16,11,0.038461538461538464,176,28.0,13.0,0,0,0.0004217710515237371,true_negative,1755
https://openalex.org/T10036,https://openalex.org/T11512,2015,2016,2020,0.3898712452512801,1,8,8,0.06666666666666667,64,10.0,10.0,0,0,0.00042040655065976324,true_negative,1757
https://openalex.org/T10162,https://openalex.org/T12880,2015,2016,2020,0.7213475204444817,1,3,18,0.05,54,3.0,26.0,0,0,0.0004175300838052308,true_negative,1758
https://openalex.org/T10521,https://openalex.org/T11354,2015,2016,2020,0.7341749265890423,2,18,3,0.10526315789473684,54,50.0,16.0,0,0,0.00041737727980871355,true_negative,1759
https://openalex.org/T11162,https://openalex.org/T12640,2015,2016,2020,0.2790553132756236,1,13,2,0.07142857142857142,26,28.0,4.0,0,0,0.0004166630876169484,true_negative,1760
https://openalex.org/T10629,https://openalex.org/T13555,2015,2016,2020,0.667614104308886,2,16,2,0.125,32,28.0,4.0,0,0,0.00041640892913657606,true_negative,1761
https://openalex.org/T10218,https://openalex.org/T11512,2015,2016,2020,0.5581106265512472,1,4,8,0.09090909090909091,32,6.0,10.0,0,0,0.000415924536725922,true_negative,1762
https://openalex.org/T11162,https://openalex.org/T11213,2015,2016,2020,0.2790553132756236,1,13,12,0.041666666666666664,156,28.0,18.0,0,0,0.00041028391979101733,true_negative,1763
https://openalex.org/T11206,https://openalex.org/T11512,2015,2016,2020,0.35295612386476116,1,2,8,0.1111111111111111,16,2.0,10.0,0,0,0.00040808879122933506,true_negative,1764
https://openalex.org/T11270,https://openalex.org/T13398,2015,2016,2020,0.40242960438184466,1,2,11,0.08333333333333333,22,2.0,13.0,0,0,0.00040785699207171515,true_negative,1766
https://openalex.org/T10282,https://openalex.org/T13398,2015,2016,2020,0.40242960438184466,1,2,11,0.08333333333333333,22,2.0,13.0,0,0,0.00040785699207171515,true_negative,1765
https://openalex.org/T10353,https://openalex.org/T10939,2015,2016,2020,0.45511961331341866,1,7,3,0.1111111111111111,21,8.0,4.0,0,0,0.00040634429309520734,true_negative,1768
https://openalex.org/T10010,https://openalex.org/T12947,2015,2016,2020,0.45511961331341866,1,7,3,0.1111111111111111,21,8.0,4.0,0,0,0.00040634429309520734,true_negative,1767
https://openalex.org/T10120,https://openalex.org/T11482,2015,2016,2020,0.6250315695368172,2,6,11,0.13333333333333333,66,10.0,26.0,0,0,0.00040590409889081097,true_negative,1769
https://openalex.org/T11048,https://openalex.org/T11354,2015,2016,2020,0.7341749265890423,2,3,3,0.5,9,4.0,16.0,0,0,0.0004054071232213886,true_negative,1770
https://openalex.org/T10057,https://openalex.org/T10222,2015,2016,2020,0.31066746727980593,1,8,11,0.05555555555555555,88,20.0,16.0,0,0,0.0004040835823954131,true_negative,1771
https://openalex.org/T10136,https://openalex.org/T10282,2015,2016,2020,0.40242960438184466,1,11,2,0.08333333333333333,22,14.0,2.0,0,0,0.00040386366066687734,true_negative,1772
https://openalex.org/T10136,https://openalex.org/T11270,2015,2016,2020,0.40242960438184466,1,11,2,0.08333333333333333,22,14.0,2.0,0,0,0.00040386366066687734,true_negative,1773
https://openalex.org/T10862,https://openalex.org/T10867,2015,2016,2020,0.7213475204444817,1,2,4,0.2,8,2.0,6.0,0,0,0.00040377633946756994,true_negative,1774
https://openalex.org/T11162,https://openalex.org/T11764,2015,2016,2020,0.2790553132756236,1,13,3,0.06666666666666667,39,28.0,8.0,0,0,0.0004016940929837517,true_negative,1775
https://openalex.org/T11213,https://openalex.org/T12254,2015,2016,2020,0.5897227805554295,2,12,4,0.14285714285714285,48,18.0,16.0,0,0,0.00039974944072935527,true_negative,1776
https://openalex.org/T11871,https://openalex.org/T12496,2015,2016,2020,0.45511961331341866,1,15,2,0.0625,30,17.0,2.0,0,0,0.0003873634488747474,true_negative,1777
https://openalex.org/T11129,https://openalex.org/T12748,2015,2016,2020,0.45511961331341866,1,3,4,0.16666666666666666,12,4.0,4.0,0,0,0.000386131471138693,true_negative,1779
https://openalex.org/T13349,https://openalex.org/T13777,2015,2016,2020,0.45511961331341866,1,3,4,0.16666666666666666,12,4.0,4.0,0,0,0.000386131471138693,true_negative,1780
https://openalex.org/T11024,https://openalex.org/T13777,2015,2016,2020,0.45511961331341866,1,3,4,0.16666666666666666,12,4.0,4.0,0,0,0.000386131471138693,true_negative,1778
https://openalex.org/T10261,https://openalex.org/T10537,2015,2016,2020,0.5581106265512472,1,17,2,0.05555555555555555,34,32.0,2.0,0,0,0.0003831884438453573,true_negative,1781
https://openalex.org/T10261,https://openalex.org/T11655,2015,2016,2020,0.5581106265512472,1,17,2,0.05555555555555555,34,32.0,2.0,0,0,0.0003831884438453573,true_negative,1782
https://openalex.org/T10243,https://openalex.org/T10417,2015,2016,2020,0.43429448190325176,1,12,4,0.06666666666666667,48,18.0,4.0,0,0,0.0003808906506833912,true_negative,1783
https://openalex.org/T10144,https://openalex.org/T10198,2015,2016,2020,0.7213475204444817,1,3,2,0.25,6,4.0,2.0,1,0,0.0003804456235821175,false_negative,1785
https://openalex.org/T10203,https://openalex.org/T11612,2015,2016,2020,0.7213475204444817,1,3,2,0.25,6,4.0,2.0,0,0,0.0003804456235821175,true_negative,1786
https://openalex.org/T10095,https://openalex.org/T10224,2015,2016,2020,0.7213475204444817,1,3,2,0.25,6,4.0,2.0,0,0,0.0003804456235821175,true_negative,1784
https://openalex.org/T10120,https://openalex.org/T11986,2015,2016,2020,1.1206274204608522,3,6,5,0.375,30,10.0,6.0,0,0,0.0003798090403765245,true_negative,1787
https://openalex.org/T10243,https://openalex.org/T10683,2015,2016,2020,0.5138983423697507,1,12,5,0.0625,60,18.0,10.0,0,0,0.00037980257273136883,true_negative,1788
https://openalex.org/T12748,https://openalex.org/T13013,2015,2016,2020,0.45511961331341866,1,4,5,0.125,20,4.0,6.0,0,0,0.00037798077181196084,true_negative,1793
https://openalex.org/T10157,https://openalex.org/T13117,2015,2016,2020,0.45511961331341866,1,4,5,0.125,20,5.0,6.0,0,0,0.00037798077181196084,true_negative,1789
https://openalex.org/T10591,https://openalex.org/T13013,2015,2016,2020,0.45511961331341866,1,4,5,0.125,20,4.0,6.0,0,0,0.00037798077181196084,true_negative,1792
https://openalex.org/T10157,https://openalex.org/T14374,2015,2016,2020,0.45511961331341866,1,4,5,0.125,20,5.0,6.0,0,0,0.00037798077181196084,true_negative,1790
https://openalex.org/T10531,https://openalex.org/T10824,2015,2016,2020,0.45511961331341866,1,4,5,0.125,20,4.0,6.0,0,0,0.00037798077181196084,true_negative,1791
https://openalex.org/T10621,https://openalex.org/T11970,2015,2016,2020,1.2147543500922469,3,6,9,0.25,54,6.0,20.0,0,0,0.00037778933211251393,true_negative,1794
https://openalex.org/T10211,https://openalex.org/T11482,2015,2016,2020,0.318928988903801,1,8,11,0.05555555555555555,88,14.0,26.0,0,0,0.0003771108135030728,true_negative,1795
https://openalex.org/T10211,https://openalex.org/T11642,2015,2016,2020,0.318928988903801,1,8,11,0.05555555555555555,88,14.0,26.0,0,0,0.0003771108135030728,true_negative,1796
https://openalex.org/T10604,https://openalex.org/T10621,2015,2016,2020,0.6566437235409995,2,8,6,0.16666666666666666,48,20.0,6.0,0,0,0.0003742679278357154,true_negative,1797
https://openalex.org/T10528,https://openalex.org/T11668,2015,2016,2020,0.7213475204444817,1,4,4,0.14285714285714285,16,4.0,6.0,0,0,0.00037232489241176416,true_negative,1798
https://openalex.org/T11266,https://openalex.org/T11668,2015,2016,2020,0.7213475204444817,1,4,4,0.14285714285714285,16,4.0,6.0,0,0,0.00037232489241176416,true_negative,1799
https://openalex.org/T11269,https://openalex.org/T13937,2015,2016,2020,0.2790553132756236,1,9,8,0.0625,72,16.0,12.0,0,0,0.00037232143381131765,true_negative,1800
https://openalex.org/T11141,https://openalex.org/T12279,2015,2016,2020,0.5138983423697507,1,4,4,0.14285714285714285,16,4.0,4.0,0,0,0.00037219013370062186,true_negative,1801
https://openalex.org/T10323,https://openalex.org/T10429,2015,2016,2020,0.43429448190325176,1,2,3,0.25,6,2.0,6.0,0,0,0.00037215292362712703,true_negative,1802
https://openalex.org/T11447,https://openalex.org/T12072,2015,2016,2020,0.35295612386476116,1,10,5,0.07142857142857142,50,13.0,6.0,0,0,0.0003719679986502808,true_negative,1803
https://openalex.org/T11313,https://openalex.org/T11668,2015,2016,2020,0.7213475204444817,1,6,4,0.1111111111111111,24,6.0,6.0,0,0,0.00037094396514848375,true_negative,1804
https://openalex.org/T10281,https://openalex.org/T10382,2015,2016,2020,0.48089834696298783,1,4,5,0.125,20,8.0,6.0,0,0,0.0003655661783243334,true_negative,1805
https://openalex.org/T10303,https://openalex.org/T10932,2015,2016,2020,0.750545005473521,2,5,6,0.2222222222222222,30,6.0,8.0,0,0,0.00036421070396804126,true_negative,1806
https://openalex.org/T11986,https://openalex.org/T12859,2015,2016,2020,0.7599536602386114,2,5,6,0.2222222222222222,30,6.0,8.0,1,0,0.00036421070396804126,false_negative,1807
https://openalex.org/T11809,https://openalex.org/T11948,2015,2016,2020,0.36067376022224085,1,2,17,0.05555555555555555,34,2.0,24.0,0,0,0.0003628014819948461,true_negative,1810
https://openalex.org/T10492,https://openalex.org/T11948,2015,2016,2020,0.36067376022224085,1,2,17,0.05555555555555555,34,2.0,24.0,0,0,0.0003628014819948461,true_negative,1809
https://openalex.org/T10432,https://openalex.org/T11948,2015,2016,2020,0.36067376022224085,1,2,17,0.05555555555555555,34,2.0,24.0,0,0,0.0003628014819948461,true_negative,1808
https://openalex.org/T10243,https://openalex.org/T10804,2015,2016,2020,0.7489524623473767,2,12,17,0.07407407407407407,204,18.0,34.0,0,0,0.0003606870876663498,true_negative,1811
https://openalex.org/T10336,https://openalex.org/T12763,2015,2016,2020,0.7213475204444817,1,10,2,0.09090909090909091,20,11.0,2.0,0,0,0.0003601179352675958,true_negative,1814
https://openalex.org/T10336,https://openalex.org/T10915,2015,2016,2020,0.7213475204444817,1,10,2,0.09090909090909091,20,11.0,2.0,0,0,0.0003601179352675958,true_negative,1812
https://openalex.org/T10336,https://openalex.org/T11339,2015,2016,2020,0.7213475204444817,1,10,2,0.09090909090909091,20,11.0,2.0,0,0,0.0003601179352675958,true_negative,1813
https://openalex.org/T10158,https://openalex.org/T12422,2015,2016,2020,0.9102392266268373,1,9,3,0.09090909090909091,27,12.0,3.0,0,0,0.0003585071307495658,true_negative,1815
https://openalex.org/T10052,https://openalex.org/T10531,2015,2016,2020,0.45511961331341866,1,6,4,0.1111111111111111,24,6.0,4.0,0,0,0.00035473354497563003,true_negative,1816
https://openalex.org/T10826,https://openalex.org/T13283,2015,2016,2020,1.5271285822344165,3,3,17,0.17647058823529413,51,4.0,19.0,0,0,0.00035326393120101727,true_negative,1817
https://openalex.org/T10798,https://openalex.org/T12202,2015,2016,2020,0.8745721025919916,2,9,2,0.2222222222222222,18,24.0,2.0,0,0,0.00035086707047464,true_negative,1818
https://openalex.org/T10044,https://openalex.org/T10275,2015,2016,2020,0.35295612386476116,1,16,8,0.043478260869565216,128,38.0,18.0,0,0,0.0003501187395545555,true_negative,1819
https://openalex.org/T11369,https://openalex.org/T13779,2015,2016,2020,0.7213475204444817,1,7,2,0.125,14,10.0,2.0,0,0,0.0003481046786358455,true_negative,1820
https://openalex.org/T10677,https://openalex.org/T12196,2015,2016,2020,0.7213475204444817,1,3,4,0.16666666666666666,12,4.0,6.0,0,0,0.00034637672539507026,true_negative,1822
https://openalex.org/T10144,https://openalex.org/T10821,2015,2016,2020,0.7213475204444817,1,3,4,0.16666666666666666,12,4.0,6.0,1,0,0.00034637672539507026,false_negative,1821
https://openalex.org/T10002,https://openalex.org/T10591,2015,2016,2020,1.1687494974004207,3,16,4,0.17647058823529413,64,28.0,4.0,0,0,0.0003365799474097359,true_negative,1823
https://openalex.org/T10303,https://openalex.org/T10521,2015,2016,2020,0.750545005473521,2,5,18,0.09523809523809523,90,6.0,50.0,0,0,0.00033540496377000426,true_negative,1824
https://openalex.org/T10845,https://openalex.org/T12535,2015,2016,2020,0.4170323914242463,1,3,13,0.06666666666666667,39,4.0,17.0,0,0,0.0003312657320572276,true_negative,1825
https://openalex.org/T10243,https://openalex.org/T10416,2015,2016,2020,0.31465798044412485,1,12,5,0.0625,60,18.0,6.0,0,0,0.0003262892711034186,true_negative,1826
https://openalex.org/T11213,https://openalex.org/T11986,2015,2016,2020,0.2790553132756236,1,12,5,0.0625,60,18.0,6.0,0,0,0.0003262892711034186,true_negative,1827
https://openalex.org/T10179,https://openalex.org/T10502,2015,2016,2020,0.33380820069533407,1,7,7,0.07692307692307693,49,16.0,8.0,0,0,0.0003260431508453983,true_negative,1828
https://openalex.org/T10643,https://openalex.org/T11880,2015,2016,2020,0.4170323914242463,1,2,4,0.2,8,2.0,4.0,0,0,0.00032445512849749045,true_negative,1830
https://openalex.org/T10770,https://openalex.org/T11901,2015,2016,2020,0.4170323914242463,1,2,4,0.2,8,2.0,4.0,0,0,0.00032445512849749045,true_negative,1832
https://openalex.org/T10765,https://openalex.org/T11880,2015,2016,2020,0.4170323914242463,1,2,4,0.2,8,2.0,4.0,0,0,0.00032445512849749045,true_negative,1831
https://openalex.org/T10185,https://openalex.org/T11901,2015,2016,2020,0.4170323914242463,1,2,4,0.2,8,2.0,4.0,0,0,0.00032445512849749045,true_negative,1829
https://openalex.org/T10202,https://openalex.org/T11885,2015,2016,2020,0.9102392266268373,1,3,2,0.25,6,3.0,2.0,0,0,0.000322182790782172,true_negative,1833
https://openalex.org/T12535,https://openalex.org/T13429,2015,2016,2020,0.48089834696298783,1,13,2,0.07142857142857142,26,17.0,2.0,0,0,0.00031797628327464536,true_negative,1834
https://openalex.org/T10031,https://openalex.org/T10222,2015,2016,2020,0.45511961331341866,1,2,11,0.08333333333333333,22,2.0,16.0,0,0,0.00031586611423200936,true_negative,1835
https://openalex.org/T11700,https://openalex.org/T13283,2015,2016,2020,0.31465798044412485,1,3,17,0.05263157894736842,51,6.0,19.0,0,0,0.0003155245755917384,true_negative,1836
https://openalex.org/T11396,https://openalex.org/T11512,2015,2016,2020,0.9479818718025272,2,3,8,0.2222222222222222,24,3.0,10.0,0,0,0.00031309182080806164,true_negative,1837
https://openalex.org/T10090,https://openalex.org/T10461,2015,2016,2020,0.6213349345596119,1,2,2,0.3333333333333333,4,2.0,4.0,0,0,0.00031147742204438886,true_negative,1838
https://openalex.org/T10174,https://openalex.org/T10199,2015,2016,2020,0.6213349345596119,1,2,2,0.3333333333333333,4,2.0,4.0,0,0,0.00031147742204438886,true_negative,1839
https://openalex.org/T11577,https://openalex.org/T12592,2015,2016,2020,0.35295612386476116,1,6,6,0.09090909090909091,36,6.0,10.0,0,0,0.00031106388963323816,true_negative,1840
https://openalex.org/T11287,https://openalex.org/T11710,2015,2016,2020,0.6295964561836069,2,13,6,0.11764705882352941,78,20.0,8.0,0,0,0.0003102594373160888,true_negative,1841
https://openalex.org/T11287,https://openalex.org/T12859,2015,2016,2020,0.5979843021794247,2,13,6,0.11764705882352941,78,20.0,8.0,0,0,0.0003102594373160888,true_negative,1842
https://openalex.org/T10009,https://openalex.org/T11266,2015,2016,2020,0.5581106265512472,1,8,4,0.09090909090909091,32,10.0,4.0,0,0,0.00030943319036732213,true_negative,1843
https://openalex.org/T10027,https://openalex.org/T11093,2015,2016,2020,0.5581106265512472,1,8,4,0.09090909090909091,32,10.0,4.0,0,0,0.00030943319036732213,true_negative,1844
https://openalex.org/T10008,https://openalex.org/T11981,2015,2016,2020,0.3459762562611936,1,4,8,0.09090909090909091,32,4.0,14.0,0,0,0.00030427141785798,true_negative,1845
https://openalex.org/T10078,https://openalex.org/T10663,2015,2016,2020,0.45511961331341866,1,9,3,0.09090909090909091,27,16.0,8.0,0,0,0.00030340940425070575,true_negative,1846
https://openalex.org/T10184,https://openalex.org/T10515,2015,2016,2020,0.6213349345596119,1,4,4,0.14285714285714285,16,4.0,6.0,0,0,0.0003028302746671157,true_negative,1847
https://openalex.org/T10184,https://openalex.org/T11765,2015,2016,2020,0.6213349345596119,1,4,4,0.14285714285714285,16,4.0,6.0,0,0,0.0003028302746671157,true_negative,1848
https://openalex.org/T10102,https://openalex.org/T13398,2015,2016,2020,0.667614104308886,2,4,11,0.15384615384615385,44,4.0,13.0,0,0,0.00029938460216135434,true_negative,1849
https://openalex.org/T10320,https://openalex.org/T11287,2015,2016,2020,0.31066746727980593,1,17,13,0.034482758620689655,221,31.0,20.0,0,0,0.00029802485503298596,true_negative,1850
https://openalex.org/T10770,https://openalex.org/T10845,2015,2016,2020,0.4170323914242463,1,2,3,0.25,6,2.0,4.0,0,0,0.0002958579236270737,true_negative,1851
https://openalex.org/T10066,https://openalex.org/T10521,2015,2016,2020,0.5897227805554295,2,12,18,0.07142857142857142,216,26.0,50.0,0,0,0.00029565209495535107,true_negative,1852
https://openalex.org/T10272,https://openalex.org/T13398,2015,2016,2020,0.35295612386476116,1,4,11,0.07142857142857142,44,4.0,13.0,0,0,0.0002916980935789536,true_negative,1853
https://openalex.org/T11093,https://openalex.org/T13398,2015,2016,2020,0.35295612386476116,1,4,11,0.07142857142857142,44,4.0,13.0,0,0,0.0002916980935789536,true_negative,1854
https://openalex.org/T10066,https://openalex.org/T14393,2015,2016,2020,0.5581106265512472,1,12,4,0.06666666666666667,48,26.0,4.0,0,0,0.00029156946869224776,true_negative,1856
https://openalex.org/T10066,https://openalex.org/T10277,2015,2016,2020,0.5581106265512472,1,12,4,0.06666666666666667,48,26.0,4.0,0,0,0.00029156946869224776,true_negative,1855
https://openalex.org/T10462,https://openalex.org/T13114,2015,2016,2020,0.43429448190325176,1,4,6,0.1111111111111111,24,4.0,6.0,0,0,0.00028928239478616873,true_negative,1857
https://openalex.org/T11071,https://openalex.org/T12664,2015,2016,2020,0.667614104308886,2,2,3,0.6666666666666666,6,2.0,8.0,0,0,0.00028877628469416167,true_negative,1858
https://openalex.org/T10320,https://openalex.org/T10581,2015,2016,2020,0.43429448190325176,1,17,6,0.045454545454545456,102,31.0,16.0,0,0,0.00028727555425713056,true_negative,1859
https://openalex.org/T11642,https://openalex.org/T11772,2015,2016,2020,0.7553857282466059,2,11,2,0.18181818181818182,22,26.0,2.0,0,0,0.00028701864030668197,true_negative,1860
https://openalex.org/T10378,https://openalex.org/T10429,2015,2016,2020,0.5581106265512472,1,2,3,0.25,6,4.0,6.0,0,0,0.0002852913357445089,true_negative,1861
https://openalex.org/T10057,https://openalex.org/T11482,2015,2016,2020,0.31066746727980593,1,8,11,0.05555555555555555,88,20.0,26.0,0,0,0.0002797931236714633,true_negative,1862
https://openalex.org/T10057,https://openalex.org/T11642,2015,2016,2020,0.31066746727980593,1,8,11,0.05555555555555555,88,20.0,26.0,0,0,0.0002797931236714633,true_negative,1863
https://openalex.org/T10688,https://openalex.org/T10845,2015,2016,2020,0.4170323914242463,1,10,3,0.08333333333333333,30,12.0,4.0,0,0,0.0002771849665033103,true_negative,1864
https://openalex.org/T10052,https://openalex.org/T10378,2015,2016,2020,1.279458146995729,2,6,2,0.3333333333333333,12,6.0,4.0,0,0,0.000276733643481188,true_negative,1865
https://openalex.org/T10321,https://openalex.org/T10461,2015,2016,2020,0.45511961331341866,1,5,2,0.16666666666666666,10,12.0,4.0,0,0,0.00027519367947576165,true_negative,1866
https://openalex.org/T10683,https://openalex.org/T11809,2015,2016,2020,0.36067376022224085,1,5,2,0.16666666666666666,10,10.0,2.0,0,0,0.00027430013666825587,true_negative,1867
https://openalex.org/T10683,https://openalex.org/T11825,2015,2016,2020,0.35295612386476116,1,5,2,0.16666666666666666,10,10.0,2.0,0,0,0.00027430013666825587,true_negative,1868
https://openalex.org/T10683,https://openalex.org/T12557,2015,2016,2020,0.35295612386476116,1,5,2,0.16666666666666666,10,10.0,2.0,0,0,0.00027430013666825587,true_negative,1869
https://openalex.org/T10078,https://openalex.org/T10083,2015,2016,2020,1.2022458674074694,2,9,20,0.07407407407407407,180,16.0,52.0,0,0,0.0002677573846344982,true_negative,1870
https://openalex.org/T10222,https://openalex.org/T11772,2015,2016,2020,0.7553857282466059,2,11,2,0.18181818181818182,22,16.0,2.0,0,0,0.0002676701689035118,true_negative,1871
https://openalex.org/T10164,https://openalex.org/T13117,2015,2016,2020,0.3459762562611936,1,1,5,0.2,5,1.0,6.0,0,0,0.0002641628896089176,true_negative,1872
https://openalex.org/T12926,https://openalex.org/T13117,2015,2016,2020,0.3459762562611936,1,1,5,0.2,5,1.0,6.0,0,0,0.0002641628896089176,true_negative,1873
https://openalex.org/T10596,https://openalex.org/T12241,2015,2016,2020,0.5138983423697507,1,3,2,0.25,6,4.0,2.0,0,0,0.0002626144783898638,true_negative,1874
https://openalex.org/T10826,https://openalex.org/T10853,2015,2016,2020,0.5138983423697507,1,3,2,0.25,6,4.0,2.0,0,0,0.0002626144783898638,true_negative,1875
https://openalex.org/T10466,https://openalex.org/T10644,2015,2016,2020,1.344533708530089,2,3,4,0.4,12,4.0,4.0,0,0,0.0002621195427192182,true_negative,1876
https://openalex.org/T10769,https://openalex.org/T11213,2015,2016,2020,0.8069036366755264,2,2,12,0.16666666666666666,24,2.0,18.0,0,0,0.00026171015015670333,true_negative,1877
https://openalex.org/T10066,https://openalex.org/T12254,2015,2016,2020,0.5897227805554295,2,12,4,0.14285714285714285,48,26.0,16.0,0,0,0.00026108786732237485,true_negative,1878
https://openalex.org/T11162,https://openalex.org/T12327,2015,2016,2020,0.8157933735356595,2,13,3,0.14285714285714285,39,28.0,4.0,0,0,0.00026074486755538976,true_negative,1879
https://openalex.org/T10496,https://openalex.org/T10629,2015,2016,2020,0.35295612386476116,1,2,16,0.058823529411764705,32,2.0,28.0,0,0,0.0002593700761633505,true_negative,1880
https://openalex.org/T11396,https://openalex.org/T11871,2015,2016,2020,0.3898712452512801,1,3,15,0.058823529411764705,45,3.0,17.0,0,0,0.00025597249396313595,true_negative,1881
https://openalex.org/T10646,https://openalex.org/T11742,2015,2016,2020,0.7213475204444817,1,6,4,0.1111111111111111,24,6.0,4.0,0,0,0.00025308460139281136,true_negative,1884
https://openalex.org/T10166,https://openalex.org/T14334,2015,2016,2020,0.7213475204444817,1,6,4,0.1111111111111111,24,6.0,4.0,0,0,0.00025308460139281136,true_negative,1883
https://openalex.org/T10026,https://openalex.org/T12002,2015,2016,2020,0.7213475204444817,1,6,4,0.1111111111111111,24,6.0,4.0,0,0,0.00025308460139281136,true_negative,1882
https://openalex.org/T10434,https://openalex.org/T11765,2015,2016,2020,0.6213349345596119,1,9,4,0.08333333333333333,36,14.0,6.0,0,0,0.0002516404530884963,true_negative,1885
https://openalex.org/T10182,https://openalex.org/T12592,2015,2016,2020,0.35295612386476116,1,7,6,0.08333333333333333,42,8.0,10.0,0,0,0.00025145453797576004,true_negative,1886
https://openalex.org/T10215,https://openalex.org/T13937,2015,2016,2020,0.5581106265512472,1,2,8,0.1111111111111111,16,2.0,12.0,0,0,0.00025113115939085265,true_negative,1887
https://openalex.org/T12601,https://openalex.org/T13937,2015,2016,2020,0.5581106265512472,1,2,8,0.1111111111111111,16,2.0,12.0,0,0,0.00025113115939085265,true_negative,1889
https://openalex.org/T11105,https://openalex.org/T13937,2015,2016,2020,0.5581106265512472,1,2,8,0.1111111111111111,16,2.0,12.0,0,0,0.00025113115939085265,true_negative,1888
https://openalex.org/T10057,https://openalex.org/T10662,2015,2016,2020,0.8513268733274981,2,8,4,0.2,32,20.0,4.0,0,0,0.0002475682276653759,true_negative,1890
https://openalex.org/T10002,https://openalex.org/T10402,2015,2016,2020,0.5138983423697507,1,16,2,0.058823529411764705,32,28.0,2.0,0,0,0.00024745051913139236,true_negative,1891
https://openalex.org/T10002,https://openalex.org/T13604,2015,2016,2020,0.5138983423697507,1,16,2,0.058823529411764705,32,28.0,2.0,0,0,0.00024745051913139236,true_negative,1892
https://openalex.org/T11369,https://openalex.org/T12708,2015,2016,2020,0.5138983423697507,1,7,2,0.125,14,10.0,8.0,0,0,0.00024561692063613394,true_negative,1893
https://openalex.org/T10500,https://openalex.org/T13114,2015,2016,2020,0.43429448190325176,1,11,6,0.0625,66,20.0,6.0,0,0,0.00024391327551970022,true_negative,1894
https://openalex.org/T11186,https://openalex.org/T11588,2015,2016,2020,0.43429448190325176,1,2,3,0.25,6,2.0,4.0,0,0,0.00024338246970493548,true_negative,1899
https://openalex.org/T10266,https://openalex.org/T10466,2015,2016,2020,0.43429448190325176,1,2,3,0.25,6,2.0,4.0,0,0,0.00024338246970493548,true_negative,1895
https://openalex.org/T11677,https://openalex.org/T12264,2015,2016,2020,0.43429448190325176,1,2,3,0.25,6,2.0,4.0,0,0,0.00024338246970493548,true_negative,1901
https://openalex.org/T10266,https://openalex.org/T11588,2015,2016,2020,0.43429448190325176,1,2,3,0.25,6,2.0,4.0,0,0,0.00024338246970493548,true_negative,1896
https://openalex.org/T11333,https://openalex.org/T11588,2015,2016,2020,0.43429448190325176,1,2,3,0.25,6,2.0,4.0,0,0,0.00024338246970493548,true_negative,1900
https://openalex.org/T10549,https://openalex.org/T12264,2015,2016,2020,0.43429448190325176,1,2,3,0.25,6,2.0,4.0,0,0,0.00024338246970493548,true_negative,1897
https://openalex.org/T10583,https://openalex.org/T12264,2015,2016,2020,0.43429448190325176,1,2,3,0.25,6,2.0,4.0,0,0,0.00024338246970493548,true_negative,1898
https://openalex.org/T11162,https://openalex.org/T11287,2015,2016,2020,0.2790553132756236,1,13,13,0.04,169,28.0,20.0,0,0,0.00024161412392542883,true_negative,1902
https://openalex.org/T10015,https://openalex.org/T13984,2015,2016,2020,0.7553857282466059,2,36,6,0.05,216,158.0,6.0,0,0,0.0002412313918635425,true_negative,1904
https://openalex.org/T10015,https://openalex.org/T11577,2015,2016,2020,0.7699885152890075,2,36,6,0.05,216,158.0,6.0,0,0,0.0002412313918635425,true_negative,1903
https://openalex.org/T10646,https://openalex.org/T11118,2015,2016,2020,1.8204784532536746,2,6,2,0.3333333333333333,12,6.0,2.0,0,0,0.00024076518818844547,true_negative,1905
https://openalex.org/T10887,https://openalex.org/T12601,2015,2016,2020,0.5581106265512472,1,23,2,0.041666666666666664,46,50.0,2.0,0,0,0.00024020231407023628,true_negative,1907
https://openalex.org/T10887,https://openalex.org/T11347,2015,2016,2020,0.5581106265512472,1,23,2,0.041666666666666664,46,50.0,2.0,0,0,0.00024020231407023628,true_negative,1906
https://openalex.org/T10416,https://openalex.org/T10804,2015,2016,2020,0.7955563274071127,2,5,17,0.1,85,6.0,34.0,0,0,0.00023957672160182964,true_negative,1908
https://openalex.org/T10166,https://openalex.org/T12816,2015,2016,2020,0.7213475204444817,1,6,5,0.1,30,6.0,5.0,0,0,0.00023755289985391296,true_negative,1909
https://openalex.org/T10174,https://openalex.org/T10895,2015,2016,2020,1.3426824550040934,2,2,3,0.6666666666666666,6,2.0,6.0,0,0,0.0002370474820799363,true_negative,1910
https://openalex.org/T12443,https://openalex.org/T12664,2015,2016,2020,1.2257247308601333,3,8,3,0.375,24,20.0,8.0,0,0,0.00023698180862415975,true_negative,1911
https://openalex.org/T10629,https://openalex.org/T13777,2015,2016,2020,1.1764671337579005,2,16,4,0.1111111111111111,64,28.0,4.0,0,0,0.00023628393083148616,true_negative,1912
https://openalex.org/T12443,https://openalex.org/T13141,2015,2016,2020,0.6213349345596119,1,8,6,0.07692307692307693,48,20.0,7.0,0,0,0.0002353347577420583,true_negative,1913
https://openalex.org/T11981,https://openalex.org/T13398,2015,2016,2020,0.31465798044412485,1,8,11,0.05555555555555555,88,14.0,13.0,0,0,0.00023485515544292864,true_negative,1914
https://openalex.org/T10066,https://openalex.org/T11354,2015,2016,2020,0.2790553132756236,1,12,3,0.07142857142857142,36,26.0,16.0,0,0,0.00023472130049855339,true_negative,1915
https://openalex.org/T11482,https://openalex.org/T13937,2015,2016,2020,0.5979843021794247,2,11,8,0.11764705882352941,88,26.0,12.0,0,0,0.00023404652017501256,true_negative,1916
https://openalex.org/T11753,https://openalex.org/T12467,2015,2016,2020,1.8204784532536746,2,2,2,1.0,4,2.0,2.0,0,0,0.00023294821696736963,true_negative,1917
https://openalex.org/T13389,https://openalex.org/T13901,2015,2016,2020,1.8204784532536746,2,2,2,1.0,4,2.0,2.0,0,0,0.00023294821696736963,true_negative,1918
https://openalex.org/T10174,https://openalex.org/T11880,2015,2016,2020,1.3426824550040934,2,2,4,0.5,8,2.0,4.0,0,0,0.00023256465617112876,true_negative,1919
https://openalex.org/T10688,https://openalex.org/T12422,2015,2016,2020,0.48089834696298783,1,10,3,0.08333333333333333,30,12.0,3.0,0,0,0.00023175184376935483,true_negative,1920
https://openalex.org/T10044,https://openalex.org/T12327,2015,2016,2020,0.713629884087002,2,16,3,0.11764705882352941,48,38.0,4.0,0,0,0.00023107197974992825,true_negative,1921
https://openalex.org/T10521,https://openalex.org/T10981,2015,2016,2020,0.45511961331341866,1,18,2,0.05263157894736842,36,50.0,2.0,0,0,0.000231044499461356,true_negative,1922
https://openalex.org/T10521,https://openalex.org/T12303,2015,2016,2020,0.45511961331341866,1,18,2,0.05263157894736842,36,50.0,2.0,0,0,0.000231044499461356,true_negative,1923
https://openalex.org/T10521,https://openalex.org/T12786,2015,2016,2020,0.45511961331341866,1,18,2,0.05263157894736842,36,50.0,2.0,0,0,0.000231044499461356,true_negative,1924
https://openalex.org/T12945,https://openalex.org/T14374,2015,2016,2020,0.6213349345596119,1,1,5,0.2,5,1.0,6.0,0,0,0.00023004769669801556,true_negative,1925
https://openalex.org/T10867,https://openalex.org/T11011,2015,2016,2020,0.48089834696298783,1,4,5,0.125,20,6.0,8.0,1,0,0.00022998647872385974,false_negative,1926
https://openalex.org/T10129,https://openalex.org/T11369,2015,2016,2020,0.7213475204444817,1,6,7,0.08333333333333333,42,6.0,10.0,0,0,0.00022908415905255433,true_negative,1927
https://openalex.org/T10629,https://openalex.org/T12664,2015,2016,2020,1.2257247308601333,3,16,3,0.1875,48,28.0,8.0,0,0,0.00022768643455643625,true_negative,1928
https://openalex.org/T10434,https://openalex.org/T11578,2015,2016,2020,0.2790553132756236,1,9,4,0.08333333333333333,36,14.0,4.0,0,0,0.00022726851807580159,true_negative,1930
https://openalex.org/T10434,https://openalex.org/T10857,2015,2016,2020,0.2790553132756236,1,9,4,0.08333333333333333,36,14.0,4.0,0,0,0.00022726851807580159,true_negative,1929
https://openalex.org/T10848,https://openalex.org/T13650,2015,2016,2020,0.5581106265512472,1,2,3,0.25,6,4.0,3.0,0,0,0.00022603627822350325,true_negative,1932
https://openalex.org/T10378,https://openalex.org/T10448,2015,2016,2020,0.5581106265512472,1,2,3,0.25,6,4.0,4.0,0,0,0.00022603627822350325,true_negative,1931
https://openalex.org/T12140,https://openalex.org/T12264,2015,2016,2020,0.5581106265512472,1,2,3,0.25,6,4.0,4.0,0,0,0.00022603627822350325,true_negative,1933
https://openalex.org/T10621,https://openalex.org/T11269,2015,2016,2020,0.3459762562611936,1,6,9,0.07142857142857142,54,6.0,16.0,0,0,0.00022346974375249458,true_negative,1934
https://openalex.org/T10621,https://openalex.org/T13664,2015,2016,2020,0.3459762562611936,1,6,9,0.07142857142857142,54,6.0,18.0,0,0,0.00022346974375249458,true_negative,1935
https://openalex.org/T11269,https://openalex.org/T11970,2015,2016,2020,0.6250315695368172,2,9,9,0.125,81,16.0,20.0,0,0,0.0002234248060747987,true_negative,1936
https://openalex.org/T11682,https://openalex.org/T12529,2015,2016,2020,0.33380820069533407,1,2,4,0.2,8,4.0,4.0,0,0,0.00022331036158373968,true_negative,1937
https://openalex.org/T10002,https://openalex.org/T10521,2015,2016,2020,0.750545005473521,2,16,18,0.0625,288,28.0,50.0,0,0,0.00022255778067182915,true_negative,1938
https://openalex.org/T11981,https://openalex.org/T12648,2015,2016,2020,0.6753317406663657,2,8,2,0.25,16,14.0,2.0,0,0,0.00022059424362182067,true_negative,1939
https://openalex.org/T10044,https://openalex.org/T10995,2015,2016,2020,0.3898712452512801,1,16,3,0.05555555555555555,48,38.0,3.0,0,0,0.00022014400583850058,true_negative,1940
https://openalex.org/T11710,https://openalex.org/T12592,2015,2016,2020,0.318928988903801,1,6,6,0.09090909090909091,36,8.0,10.0,0,0,0.00021959554781630995,true_negative,1943
https://openalex.org/T11289,https://openalex.org/T12592,2015,2016,2020,0.318928988903801,1,6,6,0.09090909090909091,36,8.0,10.0,0,0,0.00021959554781630995,true_negative,1942
https://openalex.org/T10932,https://openalex.org/T12592,2015,2016,2020,0.318928988903801,1,6,6,0.09090909090909091,36,8.0,10.0,0,0,0.00021959554781630995,true_negative,1941
https://openalex.org/T10192,https://openalex.org/T12386,2015,2016,2020,1.8204784532536746,2,4,4,0.3333333333333333,16,4.0,4.0,0,0,0.0002184179360930042,true_negative,1944
https://openalex.org/T10064,https://openalex.org/T11287,2015,2016,2020,0.318928988903801,1,12,13,0.041666666666666664,156,16.0,20.0,0,0,0.00021677658893842826,true_negative,1945
https://openalex.org/T10621,https://openalex.org/T12140,2015,2016,2020,0.45511961331341866,1,6,2,0.14285714285714285,12,6.0,4.0,0,0,0.00021612172825798668,true_negative,1946
https://openalex.org/T10186,https://openalex.org/T11981,2015,2016,2020,0.3459762562611936,1,2,8,0.1111111111111111,16,2.0,14.0,0,0,0.00021611860272495253,true_negative,1947
https://openalex.org/T12535,https://openalex.org/T12676,2015,2016,2020,0.35295612386476116,1,13,4,0.0625,52,17.0,4.0,0,0,0.0002156442773378881,true_negative,1948
https://openalex.org/T10895,https://openalex.org/T11880,2015,2016,2020,1.3426824550040934,2,3,4,0.4,12,6.0,4.0,0,0,0.00021172772137527864,true_negative,1949
https://openalex.org/T10836,https://openalex.org/T12254,2015,2016,2020,0.31066746727980593,1,7,4,0.1,28,12.0,16.0,0,0,0.0002094414372814872,true_negative,1950
https://openalex.org/T10621,https://openalex.org/T10932,2015,2016,2020,0.31066746727980593,1,6,6,0.09090909090909091,36,6.0,8.0,0,0,0.00020917093902463139,true_negative,1951
https://openalex.org/T10621,https://openalex.org/T11710,2015,2016,2020,0.31066746727980593,1,6,6,0.09090909090909091,36,6.0,8.0,0,0,0.00020917093902463139,true_negative,1952
https://openalex.org/T10015,https://openalex.org/T10995,2015,2016,2020,0.3898712452512801,1,36,3,0.02631578947368421,108,158.0,3.0,0,0,0.00020739553693129936,true_negative,1953
https://openalex.org/T10416,https://openalex.org/T12168,2015,2016,2020,0.7955563274071127,2,5,3,0.3333333333333333,15,6.0,4.0,0,0,0.00020659961881560563,true_negative,1954
https://openalex.org/T10294,https://openalex.org/T11765,2015,2016,2020,0.5138983423697507,1,2,4,0.2,8,2.0,6.0,0,0,0.000205639665857579,true_negative,1955
https://openalex.org/T10338,https://openalex.org/T10660,2015,2016,2020,0.5138983423697507,1,2,4,0.2,8,2.0,6.0,0,0,0.000205639665857579,true_negative,1956
https://openalex.org/T10184,https://openalex.org/T10222,2015,2016,2020,0.45511961331341866,1,4,11,0.07142857142857142,44,4.0,16.0,0,0,0.0002035518403375813,true_negative,1957
https://openalex.org/T11970,https://openalex.org/T12452,2015,2016,2020,0.7213475204444817,1,9,2,0.1,18,20.0,2.0,0,0,0.00020341834520330122,true_negative,1958
https://openalex.org/T10206,https://openalex.org/T11209,2015,2016,2020,0.7213475204444817,1,24,2,0.04,48,78.0,3.0,0,0,0.00020258730909412202,true_negative,1959
https://openalex.org/T10008,https://openalex.org/T10629,2015,2016,2020,0.3459762562611936,1,4,16,0.05263157894736842,64,4.0,28.0,0,0,0.00020247166242844244,true_negative,1960
https://openalex.org/T10472,https://openalex.org/T12046,2015,2016,2020,0.814706547658322,2,4,4,0.3333333333333333,16,4.0,8.0,0,0,0.00020215402379942087,true_negative,1961
https://openalex.org/T10799,https://openalex.org/T13283,2015,2016,2020,0.40242960438184466,1,4,17,0.05,68,4.0,19.0,0,0,0.00020133880168473676,true_negative,1963
https://openalex.org/T11273,https://openalex.org/T13283,2015,2016,2020,0.40242960438184466,1,4,17,0.05,68,4.0,19.0,0,0,0.00020133880168473676,true_negative,1964
https://openalex.org/T10637,https://openalex.org/T13283,2015,2016,2020,0.40242960438184466,1,4,17,0.05,68,4.0,19.0,0,0,0.00020133880168473676,true_negative,1962
https://openalex.org/T12010,https://openalex.org/T12648,2015,2016,2020,0.36067376022224085,1,9,2,0.1,18,16.0,2.0,0,0,0.0002000934991580593,true_negative,1965
https://openalex.org/T10448,https://openalex.org/T11447,2015,2016,2020,0.5581106265512472,1,3,10,0.08333333333333333,30,4.0,13.0,0,0,0.00019853981742874464,true_negative,1966
https://openalex.org/T10211,https://openalex.org/T11986,2015,2016,2020,0.713629884087002,2,8,5,0.18181818181818182,40,14.0,6.0,0,0,0.0001946828553452897,true_negative,1967
https://openalex.org/T10583,https://openalex.org/T11297,2015,2016,2020,0.43429448190325176,1,2,4,0.2,8,2.0,4.0,0,0,0.00019441501278357566,true_negative,1973
https://openalex.org/T10929,https://openalex.org/T11297,2015,2016,2020,0.43429448190325176,1,2,4,0.2,8,2.0,4.0,0,0,0.00019441501278357566,true_negative,1974
https://openalex.org/T10266,https://openalex.org/T10644,2015,2016,2020,0.43429448190325176,1,2,4,0.2,8,2.0,4.0,0,0,0.00019441501278357566,true_negative,1970
https://openalex.org/T10266,https://openalex.org/T10330,2015,2016,2020,0.43429448190325176,1,2,4,0.2,8,2.0,4.0,0,0,0.00019441501278357566,true_negative,1969
https://openalex.org/T10185,https://openalex.org/T10417,2015,2016,2020,0.43429448190325176,1,2,4,0.2,8,2.0,4.0,0,0,0.00019441501278357566,true_negative,1968
https://openalex.org/T10549,https://openalex.org/T11297,2015,2016,2020,0.43429448190325176,1,2,4,0.2,8,2.0,4.0,0,0,0.00019441501278357566,true_negative,1972
https://openalex.org/T10549,https://openalex.org/T10631,2015,2016,2020,0.43429448190325176,1,2,4,0.2,8,2.0,4.0,0,0,0.00019441501278357566,true_negative,1971
https://openalex.org/T10467,https://openalex.org/T12880,2015,2016,2020,0.6213349345596119,1,9,18,0.038461538461538464,162,13.0,26.0,0,0,0.00019407308255775264,true_negative,1975
https://openalex.org/T10136,https://openalex.org/T11512,2015,2016,2020,0.870769592214268,2,11,8,0.11764705882352941,88,14.0,10.0,0,0,0.0001940729502682711,true_negative,1976
https://openalex.org/T11177,https://openalex.org/T12187,2015,2016,2020,0.6213349345596119,1,9,2,0.1,18,14.0,2.0,0,0,0.0001924175897990933,true_negative,1977
https://openalex.org/T10243,https://openalex.org/T10637,2015,2016,2020,0.7213475204444817,1,12,4,0.06666666666666667,48,18.0,4.0,0,0,0.00019236029966642856,true_negative,1978
https://openalex.org/T10282,https://openalex.org/T11871,2015,2016,2020,0.40242960438184466,1,2,15,0.0625,30,2.0,17.0,0,0,0.0001910806941389858,true_negative,1979
https://openalex.org/T11270,https://openalex.org/T11871,2015,2016,2020,0.40242960438184466,1,2,15,0.0625,30,2.0,17.0,0,0,0.0001910806941389858,true_negative,1980
https://openalex.org/T11700,https://openalex.org/T12168,2015,2016,2020,0.667614104308886,2,3,3,0.5,9,6.0,4.0,0,0,0.0001910307606523318,true_negative,1981
https://openalex.org/T10382,https://openalex.org/T11682,2015,2016,2020,1.0551557211398157,2,5,2,0.4,10,6.0,4.0,0,0,0.00019081218571332534,true_negative,1982
https://openalex.org/T10417,https://openalex.org/T10804,2015,2016,2020,0.43429448190325176,1,4,17,0.05,68,4.0,34.0,0,0,0.00019033990022747154,true_negative,1983
https://openalex.org/T10725,https://openalex.org/T11297,2015,2016,2020,0.5581106265512472,1,7,4,0.1,28,10.0,4.0,0,0,0.00018982071089593443,true_negative,1984
https://openalex.org/T11744,https://openalex.org/T11944,2015,2016,2020,0.36067376022224085,1,6,2,0.14285714285714285,12,20.0,2.0,0,0,0.00018730678874736642,true_negative,1985
https://openalex.org/T10995,https://openalex.org/T11948,2015,2016,2020,0.45511961331341866,1,3,17,0.05263157894736842,51,3.0,24.0,0,0,0.0001862443346047495,true_negative,1986
https://openalex.org/T10604,https://openalex.org/T12114,2015,2016,2020,0.31066746727980593,1,8,9,0.0625,72,20.0,10.0,0,0,0.00018590784431035307,true_negative,1988
https://openalex.org/T10057,https://openalex.org/T12114,2015,2016,2020,0.31066746727980593,1,8,9,0.0625,72,20.0,10.0,0,0,0.00018590784431035307,true_negative,1987
https://openalex.org/T10078,https://openalex.org/T10090,2015,2016,2020,0.6213349345596119,1,9,2,0.1,18,16.0,2.0,0,0,0.00018556908315812428,true_negative,1989
https://openalex.org/T10024,https://openalex.org/T10660,2015,2016,2020,0.6213349345596119,1,3,4,0.16666666666666666,12,4.0,6.0,0,0,0.0001847498056762612,true_negative,1990
https://openalex.org/T11981,https://openalex.org/T13051,2015,2016,2020,0.8010958695746122,2,8,2,0.25,16,14.0,2.0,1,0,0.0001846421247245589,false_negative,1991
https://openalex.org/T10068,https://openalex.org/T10826,2015,2016,2020,0.45511961331341866,1,8,3,0.1,24,11.0,4.0,0,0,0.00018437275427372448,true_negative,1992
https://openalex.org/T10068,https://openalex.org/T13447,2015,2016,2020,0.45511961331341866,1,8,3,0.1,24,11.0,4.0,0,0,0.00018437275427372448,true_negative,1993
https://openalex.org/T11235,https://openalex.org/T12422,2015,2016,2020,0.48089834696298783,1,10,3,0.08333333333333333,30,14.0,3.0,0,0,0.00018436784922967883,true_negative,1994
https://openalex.org/T12296,https://openalex.org/T14334,2015,2016,2020,0.7213475204444817,1,2,4,0.2,8,2.0,4.0,0,0,0.00018409095864922772,true_negative,2010
https://openalex.org/T10331,https://openalex.org/T10531,2015,2016,2020,0.7213475204444817,1,2,4,0.2,8,2.0,4.0,0,0,0.00018409095864922772,true_negative,2003
https://openalex.org/T10966,https://openalex.org/T13430,2015,2016,2020,0.7213475204444817,1,2,4,0.2,8,2.0,4.0,0,0,0.00018409095864922772,true_negative,2004
https://openalex.org/T10208,https://openalex.org/T12137,2015,2016,2020,0.7213475204444817,1,2,4,0.2,8,2.0,4.0,0,0,0.00018409095864922772,true_negative,2000
https://openalex.org/T11364,https://openalex.org/T13430,2015,2016,2020,0.7213475204444817,1,2,4,0.2,8,2.0,4.0,0,0,0.00018409095864922772,true_negative,2007
https://openalex.org/T11743,https://openalex.org/T12137,2015,2016,2020,0.7213475204444817,1,2,4,0.2,8,2.0,4.0,0,0,0.00018409095864922772,true_negative,2009
https://openalex.org/T10208,https://openalex.org/T11742,2015,2016,2020,0.7213475204444817,1,2,4,0.2,8,2.0,4.0,0,0,0.00018409095864922772,true_negative,1999
https://openalex.org/T10128,https://openalex.org/T10446,2015,2016,2020,0.7213475204444817,1,2,4,0.2,8,2.0,4.0,0,0,0.00018409095864922772,true_negative,1998
https://openalex.org/T11182,https://openalex.org/T11742,2015,2016,2020,0.7213475204444817,1,2,4,0.2,8,2.0,4.0,0,0,0.00018409095864922772,true_negative,2006
https://openalex.org/T10059,https://openalex.org/T10277,2015,2016,2020,0.7213475204444817,1,2,4,0.2,8,2.0,4.0,0,0,0.00018409095864922772,true_negative,1997
https://openalex.org/T10038,https://openalex.org/T10209,2015,2016,2020,0.7213475204444817,1,2,4,0.2,8,2.0,4.0,0,0,0.00018409095864922772,true_negative,1996
https://openalex.org/T10317,https://openalex.org/T10637,2015,2016,2020,0.7213475204444817,1,2,4,0.2,8,2.0,4.0,0,0,0.00018409095864922772,true_negative,2001
https://openalex.org/T10317,https://openalex.org/T10799,2015,2016,2020,0.7213475204444817,1,2,4,0.2,8,2.0,4.0,0,0,0.00018409095864922772,true_negative,2002
https://openalex.org/T11083,https://openalex.org/T11093,2015,2016,2020,0.7213475204444817,1,2,4,0.2,8,2.0,4.0,0,0,0.00018409095864922772,true_negative,2005
https://openalex.org/T10023,https://openalex.org/T10272,2015,2016,2020,0.7213475204444817,1,2,4,0.2,8,2.0,4.0,0,0,0.00018409095864922772,true_negative,1995
https://openalex.org/T11435,https://openalex.org/T12056,2015,2016,2020,0.7213475204444817,1,2,4,0.2,8,2.0,4.0,0,0,0.00018409095864922772,true_negative,2008
https://openalex.org/T10014,https://openalex.org/T10434,2015,2016,2020,0.7213475204444817,1,4,9,0.08333333333333333,36,4.0,14.0,0,0,0.00018363467927208534,true_negative,2011
https://openalex.org/T12790,https://openalex.org/T13117,2015,2016,2020,0.3459762562611936,1,2,5,0.16666666666666666,10,2.0,6.0,0,0,0.00018353063454513426,true_negative,2014
https://openalex.org/T12694,https://openalex.org/T13117,2015,2016,2020,0.3459762562611936,1,2,5,0.16666666666666666,10,2.0,6.0,0,0,0.00018353063454513426,true_negative,2013
https://openalex.org/T12950,https://openalex.org/T13117,2015,2016,2020,0.3459762562611936,1,2,5,0.16666666666666666,10,2.0,6.0,0,0,0.00018353063454513426,true_negative,2015
https://openalex.org/T10338,https://openalex.org/T10382,2015,2016,2020,0.33380820069533407,1,2,5,0.16666666666666666,10,2.0,6.0,0,0,0.00018353063454513426,true_negative,2012
https://openalex.org/T13051,https://openalex.org/T13117,2015,2016,2020,0.3459762562611936,1,2,5,0.16666666666666666,10,2.0,6.0,0,0,0.00018353063454513426,true_negative,2016
https://openalex.org/T11161,https://openalex.org/T12101,2015,2016,2020,1.531574161186449,2,2,4,0.5,8,2.0,4.0,0,0,0.00018343207526859244,true_negative,2017
https://openalex.org/T10062,https://openalex.org/T10773,2015,2016,2020,1.2352458628142324,2,5,2,0.4,10,6.0,2.0,1,0,0.00018294910268013695,false_negative,2018
https://openalex.org/T10320,https://openalex.org/T11434,2015,2016,2020,0.5138983423697507,1,17,2,0.05555555555555555,34,31.0,2.0,0,0,0.0001818948840109847,true_negative,2019
https://openalex.org/T10320,https://openalex.org/T11601,2015,2016,2020,0.5138983423697507,1,17,2,0.05555555555555555,34,31.0,2.0,0,0,0.0001818948840109847,true_negative,2020
https://openalex.org/T10320,https://openalex.org/T11992,2015,2016,2020,0.5138983423697507,1,17,2,0.05555555555555555,34,31.0,2.0,0,0,0.0001818948840109847,true_negative,2021
https://openalex.org/T10836,https://openalex.org/T13984,2015,2016,2020,0.40242960438184466,1,7,6,0.08333333333333333,42,12.0,6.0,0,0,0.00017925916529139429,true_negative,2022
https://openalex.org/T10086,https://openalex.org/T11597,2015,2016,2020,0.7213475204444817,1,6,4,0.1111111111111111,24,8.0,4.0,0,0,0.00017892598027520676,true_negative,2023
https://openalex.org/T11011,https://openalex.org/T11376,2015,2016,2020,0.48089834696298783,1,5,4,0.125,20,8.0,4.0,0,0,0.0001777530076156743,true_negative,2024
https://openalex.org/T11011,https://openalex.org/T12315,2015,2016,2020,0.48089834696298783,1,5,4,0.125,20,8.0,4.0,0,0,0.0001777530076156743,true_negative,2025
https://openalex.org/T11269,https://openalex.org/T11578,2015,2016,2020,0.2790553132756236,1,9,4,0.08333333333333333,36,16.0,4.0,0,0,0.00017746459741707068,true_negative,2026
https://openalex.org/T10845,https://openalex.org/T13398,2015,2016,2020,0.40242960438184466,1,3,11,0.07692307692307693,33,4.0,13.0,0,0,0.00017615229027603897,true_negative,2027
https://openalex.org/T11307,https://openalex.org/T12814,2015,2016,2020,1.0743036443092429,2,10,3,0.18181818181818182,30,14.0,4.0,0,0,0.00017587052679094998,true_negative,2028
https://openalex.org/T10770,https://openalex.org/T11871,2015,2016,2020,0.4170323914242463,1,2,15,0.0625,30,2.0,17.0,0,0,0.00017550380264001733,true_negative,2031
https://openalex.org/T10765,https://openalex.org/T11871,2015,2016,2020,0.4170323914242463,1,2,15,0.0625,30,2.0,17.0,0,0,0.00017550380264001733,true_negative,2030
https://openalex.org/T10643,https://openalex.org/T11871,2015,2016,2020,0.4170323914242463,1,2,15,0.0625,30,2.0,17.0,0,0,0.00017550380264001733,true_negative,2029
https://openalex.org/T11181,https://openalex.org/T11704,2015,2016,2020,0.6213349345596119,1,3,2,0.25,6,4.0,2.0,0,0,0.00017521126617103442,true_negative,2038
https://openalex.org/T11129,https://openalex.org/T12187,2015,2016,2020,0.6213349345596119,1,3,2,0.25,6,4.0,2.0,0,0,0.00017521126617103442,true_negative,2037
https://openalex.org/T10024,https://openalex.org/T11878,2015,2016,2020,0.6213349345596119,1,3,2,0.25,6,4.0,2.0,0,0,0.00017521126617103442,true_negative,2033
https://openalex.org/T10101,https://openalex.org/T11704,2015,2016,2020,0.6213349345596119,1,3,2,0.25,6,4.0,2.0,0,0,0.00017521126617103442,true_negative,2035
https://openalex.org/T10024,https://openalex.org/T10090,2015,2016,2020,0.6213349345596119,1,3,2,0.25,6,4.0,2.0,0,0,0.00017521126617103442,true_negative,2032
https://openalex.org/T10101,https://openalex.org/T10986,2015,2016,2020,0.6213349345596119,1,3,2,0.25,6,4.0,2.0,0,0,0.00017521126617103442,true_negative,2034
https://openalex.org/T10557,https://openalex.org/T12659,2015,2016,2020,0.6213349345596119,1,3,2,0.25,6,4.0,2.0,0,0,0.00017521126617103442,true_negative,2036
https://openalex.org/T10683,https://openalex.org/T13398,2015,2016,2020,0.5138983423697507,1,5,11,0.06666666666666667,55,10.0,13.0,0,0,0.00017451746251061827,true_negative,2039
https://openalex.org/T11362,https://openalex.org/T12039,2015,2016,2020,0.7213475204444817,1,2,3,0.25,6,2.0,4.0,0,0,0.00017255708617902683,true_negative,2048
https://openalex.org/T10844,https://openalex.org/T12039,2015,2016,2020,0.7213475204444817,1,2,3,0.25,6,2.0,4.0,0,0,0.00017255708617902683,true_negative,2045
https://openalex.org/T10060,https://openalex.org/T11884,2015,2016,2020,0.7213475204444817,1,2,3,0.25,6,2.0,4.0,0,0,0.00017255708617902683,true_negative,2040
https://openalex.org/T10119,https://openalex.org/T12788,2015,2016,2020,0.7213475204444817,1,2,3,0.25,6,2.0,3.0,0,0,0.00017255708617902683,true_negative,2041
https://openalex.org/T11362,https://openalex.org/T11733,2015,2016,2020,0.7213475204444817,1,2,3,0.25,6,2.0,4.0,0,0,0.00017255708617902683,true_negative,2047
https://openalex.org/T11312,https://openalex.org/T11588,2015,2016,2020,0.7213475204444817,1,2,3,0.25,6,2.0,4.0,0,0,0.00017255708617902683,true_negative,2046
https://openalex.org/T10801,https://openalex.org/T11588,2015,2016,2020,0.7213475204444817,1,2,3,0.25,6,2.0,4.0,0,0,0.00017255708617902683,true_negative,2043
https://openalex.org/T10433,https://openalex.org/T11884,2015,2016,2020,0.7213475204444817,1,2,3,0.25,6,2.0,4.0,0,0,0.00017255708617902683,true_negative,2042
https://openalex.org/T10844,https://openalex.org/T11733,2015,2016,2020,0.7213475204444817,1,2,3,0.25,6,2.0,4.0,0,0,0.00017255708617902683,true_negative,2044
https://openalex.org/T12013,https://openalex.org/T12788,2015,2016,2020,0.7213475204444817,1,2,3,0.25,6,2.0,3.0,0,0,0.00017255708617902683,true_negative,2049
https://openalex.org/T10519,https://openalex.org/T11213,2015,2016,2020,0.31066746727980593,1,4,12,0.06666666666666667,48,8.0,18.0,0,0,0.00017151776763964794,true_negative,2050
https://openalex.org/T10243,https://openalex.org/T11700,2015,2016,2020,0.31465798044412485,1,12,3,0.07142857142857142,36,18.0,6.0,0,0,0.00017108611739549733,true_negative,2051
https://openalex.org/T10604,https://openalex.org/T11986,2015,2016,2020,0.2790553132756236,1,8,5,0.08333333333333333,40,20.0,6.0,0,0,0.0001700829653892074,true_negative,2052
https://openalex.org/T10580,https://openalex.org/T11020,2015,2016,2020,1.365358839940256,2,4,6,0.25,24,6.0,6.0,0,0,0.00016933362497360341,true_negative,2053
https://openalex.org/T10417,https://openalex.org/T11213,2015,2016,2020,0.3898712452512801,1,4,12,0.06666666666666667,48,4.0,18.0,0,0,0.00016920688785343517,true_negative,2054
https://openalex.org/T11213,https://openalex.org/T11297,2015,2016,2020,0.3898712452512801,1,12,4,0.06666666666666667,48,18.0,4.0,0,0,0.00016829430504197758,true_negative,2055
https://openalex.org/T11213,https://openalex.org/T12820,2015,2016,2020,0.3898712452512801,1,12,4,0.06666666666666667,48,18.0,4.0,0,0,0.00016829430504197758,true_negative,2056
https://openalex.org/T11639,https://openalex.org/T12010,2015,2016,2020,0.36067376022224085,1,5,9,0.07692307692307693,45,6.0,16.0,0,0,0.00016719148836385822,true_negative,2057
https://openalex.org/T12327,https://openalex.org/T12557,2015,2016,2020,0.713629884087002,2,3,2,0.6666666666666666,6,4.0,2.0,0,0,0.00016686847251341812,true_negative,2058
https://openalex.org/T10212,https://openalex.org/T13398,2015,2016,2020,0.5581106265512472,1,2,11,0.08333333333333333,22,2.0,13.0,0,0,0.0001664438581719453,true_negative,2059
https://openalex.org/T11472,https://openalex.org/T13398,2015,2016,2020,0.5581106265512472,1,2,11,0.08333333333333333,22,2.0,13.0,0,0,0.0001664438581719453,true_negative,2060
https://openalex.org/T10015,https://openalex.org/T11948,2015,2016,2020,0.6213349345596119,1,36,17,0.019230769230769232,612,158.0,24.0,0,0,0.00016603997610616024,true_negative,2061
https://openalex.org/T11106,https://openalex.org/T11195,2015,2016,2020,0.5138983423697507,1,4,1,0.25,4,4.0,1.0,0,0,0.00016548207790634178,true_negative,2062
https://openalex.org/T10500,https://openalex.org/T11901,2015,2016,2020,0.4170323914242463,1,11,4,0.07142857142857142,44,20.0,4.0,0,0,0.000163301099850334,true_negative,2063
https://openalex.org/T11407,https://openalex.org/T11791,2015,2016,2020,0.7657870805932245,2,4,12,0.14285714285714285,48,4.0,32.0,0,0,0.00016327418084005241,true_negative,2064
https://openalex.org/T12443,https://openalex.org/T13398,2015,2016,2020,0.31465798044412485,1,8,11,0.05555555555555555,88,20.0,13.0,0,0,0.00016269357010486893,true_negative,2065
https://openalex.org/T10036,https://openalex.org/T12072,2015,2016,2020,0.8241657271545318,2,8,5,0.18181818181818182,40,10.0,6.0,0,0,0.00016249629102599314,true_negative,2066
https://openalex.org/T11880,https://openalex.org/T13141,2015,2016,2020,0.4170323914242463,1,4,6,0.1111111111111111,24,4.0,7.0,0,0,0.00016127313667133053,true_negative,2067
https://openalex.org/T10144,https://openalex.org/T10629,2015,2016,2020,0.35295612386476116,1,3,16,0.05555555555555555,48,4.0,28.0,0,0,0.00015935437723722158,true_negative,2068
https://openalex.org/T10141,https://openalex.org/T10885,2015,2016,2020,0.40242960438184466,1,3,25,0.037037037037037035,75,4.0,62.0,0,0,0.00015802040337836514,true_negative,2069
https://openalex.org/T10102,https://openalex.org/T11542,2015,2016,2020,0.667614104308886,2,4,9,0.18181818181818182,36,4.0,10.0,0,0,0.00015636401520592008,true_negative,2070
https://openalex.org/T10015,https://openalex.org/T10923,2015,2016,2020,0.7213475204444817,1,36,6,0.024390243902439025,216,158.0,6.0,0,0,0.0001562850377685804,true_negative,2071
https://openalex.org/T13283,https://openalex.org/T14374,2015,2016,2020,0.6213349345596119,1,17,5,0.047619047619047616,85,19.0,6.0,0,0,0.00015611678232775733,true_negative,2072
https://openalex.org/T11443,https://openalex.org/T12535,2015,2016,2020,0.36926937306885504,1,3,13,0.06666666666666667,39,4.0,17.0,0,0,0.00015574361343376645,true_negative,2073
https://openalex.org/T13309,https://openalex.org/T13398,2015,2016,2020,0.31465798044412485,1,9,11,0.05263157894736842,99,20.0,13.0,0,0,0.00015401782697150026,true_negative,2074
https://openalex.org/T12708,https://openalex.org/T14078,2015,2016,2020,1.072008968920998,2,2,4,0.5,8,8.0,10.0,0,0,0.00015383996327657376,true_negative,2075
https://openalex.org/T10467,https://openalex.org/T12947,2015,2016,2020,0.45511961331341866,1,9,3,0.09090909090909091,27,13.0,4.0,0,0,0.0001536627827642055,true_negative,2076
https://openalex.org/T12592,https://openalex.org/T13937,2015,2016,2020,0.318928988903801,1,6,8,0.07692307692307693,48,10.0,12.0,0,0,0.0001535968488970153,true_negative,2077
https://openalex.org/T10051,https://openalex.org/T10867,2015,2016,2020,0.7213475204444817,1,2,4,0.2,8,4.0,6.0,0,0,0.00015308222581519868,true_negative,2079
https://openalex.org/T10051,https://openalex.org/T10218,2015,2016,2020,0.7213475204444817,1,2,4,0.2,8,4.0,6.0,0,0,0.00015308222581519868,true_negative,2078
https://openalex.org/T10143,https://openalex.org/T10218,2015,2016,2020,0.7213475204444817,1,2,4,0.2,8,4.0,6.0,0,0,0.00015308222581519868,true_negative,2080
https://openalex.org/T10143,https://openalex.org/T10867,2015,2016,2020,0.7213475204444817,1,2,4,0.2,8,4.0,6.0,0,0,0.00015308222581519868,true_negative,2081
https://openalex.org/T10176,https://openalex.org/T12140,2015,2016,2020,0.5581106265512472,1,4,2,0.2,8,6.0,4.0,0,0,0.00015244338492923534,true_negative,2082
https://openalex.org/T10715,https://openalex.org/T11791,2015,2016,2020,0.2790553132756236,1,2,12,0.07692307692307693,24,2.0,32.0,0,0,0.00015210882643775867,true_negative,2084
https://openalex.org/T10602,https://openalex.org/T11791,2015,2016,2020,0.2790553132756236,1,2,12,0.07692307692307693,24,2.0,32.0,0,0,0.00015210882643775867,true_negative,2083
https://openalex.org/T11470,https://openalex.org/T11791,2015,2016,2020,0.2790553132756236,1,2,12,0.07692307692307693,24,2.0,32.0,0,0,0.00015210882643775867,true_negative,2085
https://openalex.org/T10885,https://openalex.org/T11764,2015,2016,2020,0.2790553132756236,1,25,3,0.037037037037037035,75,62.0,8.0,0,0,0.00015174613213781674,true_negative,2086
https://openalex.org/T10593,https://openalex.org/T11482,2015,2016,2020,0.40242960438184466,1,2,11,0.08333333333333333,22,2.0,26.0,0,0,0.00015143726826321308,true_negative,2088
https://openalex.org/T10257,https://openalex.org/T11482,2015,2016,2020,0.40242960438184466,1,2,11,0.08333333333333333,22,2.0,26.0,0,0,0.00015143726826321308,true_negative,2087
https://openalex.org/T11011,https://openalex.org/T11744,2015,2016,2020,0.35295612386476116,1,5,6,0.1,30,8.0,20.0,0,0,0.00015062167285369944,true_negative,2089
https://openalex.org/T11948,https://openalex.org/T13604,2015,2016,2020,0.5138983423697507,1,17,2,0.05555555555555555,34,24.0,2.0,0,0,0.0001494711570138265,true_negative,2090
https://openalex.org/T10643,https://openalex.org/T10836,2015,2016,2020,0.4170323914242463,1,2,7,0.125,14,2.0,12.0,0,0,0.00014901375640386994,true_negative,2091
https://openalex.org/T10765,https://openalex.org/T10836,2015,2016,2020,0.4170323914242463,1,2,7,0.125,14,2.0,12.0,0,0,0.00014901375640386994,true_negative,2092
https://openalex.org/T12613,https://openalex.org/T13104,2015,2016,2020,0.36067376022224085,1,9,2,0.1,18,20.0,2.0,0,0,0.00014871285690587355,true_negative,2093
https://openalex.org/T10416,https://openalex.org/T10629,2015,2016,2020,0.7955563274071127,2,5,16,0.10526315789473684,80,6.0,28.0,0,0,0.00014743201486553282,true_negative,2094
https://openalex.org/T10434,https://openalex.org/T12254,2015,2016,2020,0.6250315695368172,2,9,4,0.18181818181818182,36,14.0,16.0,0,0,0.00014620370856771969,true_negative,2095
https://openalex.org/T10627,https://openalex.org/T11161,2015,2016,2020,0.6213349345596119,1,9,2,0.1,18,12.0,2.0,0,0,0.00014413072294116084,true_negative,2096
https://openalex.org/T10629,https://openalex.org/T11700,2015,2016,2020,1.2257247308601333,3,16,3,0.1875,48,28.0,6.0,0,0,0.00014390643998960715,true_negative,2097
https://openalex.org/T10207,https://openalex.org/T11765,2015,2016,2020,0.5138983423697507,1,2,4,0.2,8,4.0,6.0,0,0,0.00014363915242585434,true_negative,2098
https://openalex.org/T10467,https://openalex.org/T10537,2015,2016,2020,0.35295612386476116,1,9,2,0.1,18,13.0,2.0,0,0,0.00014359927030882614,true_negative,2099
https://openalex.org/T11177,https://openalex.org/T12202,2015,2016,2020,0.36067376022224085,1,9,2,0.1,18,14.0,2.0,0,0,0.00014359927030882614,true_negative,2100
https://openalex.org/T11177,https://openalex.org/T12557,2015,2016,2020,0.36067376022224085,1,9,2,0.1,18,14.0,2.0,0,0,0.00014359927030882614,true_negative,2101
https://openalex.org/T11177,https://openalex.org/T13104,2015,2016,2020,0.36067376022224085,1,9,2,0.1,18,14.0,2.0,0,0,0.00014359927030882614,true_negative,2102
https://openalex.org/T11482,https://openalex.org/T13984,2015,2016,2020,0.45511961331341866,1,11,6,0.0625,66,26.0,6.0,0,0,0.0001430756081580827,true_negative,2103
https://openalex.org/T10885,https://openalex.org/T12814,2015,2016,2020,0.35295612386476116,1,25,3,0.037037037037037035,75,62.0,4.0,0,0,0.00014287699093090616,true_negative,2104
https://openalex.org/T10826,https://openalex.org/T13447,2015,2016,2020,0.45511961331341866,1,3,3,0.2,9,4.0,4.0,0,0,0.0001423915236905043,true_negative,2105
https://openalex.org/T10939,https://openalex.org/T12327,2015,2016,2020,0.45511961331341866,1,3,3,0.2,9,4.0,4.0,0,0,0.0001423915236905043,true_negative,2107
https://openalex.org/T11024,https://openalex.org/T13349,2015,2016,2020,0.45511961331341866,1,3,3,0.2,9,4.0,4.0,0,0,0.0001423915236905043,true_negative,2108
https://openalex.org/T10939,https://openalex.org/T10995,2015,2016,2020,0.45511961331341866,1,3,3,0.2,9,4.0,3.0,0,0,0.0001423915236905043,true_negative,2106
https://openalex.org/T10136,https://openalex.org/T10417,2015,2016,2020,0.43429448190325176,1,11,4,0.07142857142857142,44,14.0,4.0,0,0,0.00014236238225980466,true_negative,2109
https://openalex.org/T11744,https://openalex.org/T12168,2015,2016,2020,1.1485124512718738,3,6,3,0.5,18,20.0,4.0,0,0,0.00014193175634683042,true_negative,2110
https://openalex.org/T10538,https://openalex.org/T10637,2015,2016,2020,0.7213475204444817,1,7,4,0.1,28,7.0,4.0,0,0,0.00014192893377974853,true_negative,2112
https://openalex.org/T10538,https://openalex.org/T10799,2015,2016,2020,0.7213475204444817,1,7,4,0.1,28,7.0,4.0,0,0,0.00014192893377974853,true_negative,2113
https://openalex.org/T10502,https://openalex.org/T12101,2015,2016,2020,0.7213475204444817,1,7,4,0.1,28,8.0,4.0,0,0,0.00014192893377974853,true_negative,2111
https://openalex.org/T10596,https://openalex.org/T11141,2015,2016,2020,0.5138983423697507,1,3,4,0.16666666666666666,12,4.0,4.0,0,0,0.00014085639752060153,true_negative,2114
https://openalex.org/T10878,https://openalex.org/T11765,2015,2016,2020,0.5138983423697507,1,9,4,0.08333333333333333,36,14.0,6.0,0,0,0.00014052914975918533,true_negative,2115
https://openalex.org/T10462,https://openalex.org/T12535,2015,2016,2020,1.4085855403276248,3,4,13,0.21428571428571427,52,4.0,17.0,0,0,0.00014025191588432436,true_negative,2116
https://openalex.org/T10591,https://openalex.org/T12748,2015,2016,2020,0.8080757371781798,2,4,4,0.3333333333333333,16,4.0,4.0,0,0,0.00013949828885674448,true_negative,2118
https://openalex.org/T10472,https://openalex.org/T12529,2015,2016,2020,0.814706547658322,2,4,4,0.3333333333333333,16,4.0,4.0,0,0,0.00013949828885674448,true_negative,2117
https://openalex.org/T11289,https://openalex.org/T13937,2015,2016,2020,0.5979843021794247,2,6,8,0.16666666666666666,48,8.0,12.0,0,0,0.00013916431228365236,true_negative,2119
https://openalex.org/T11354,https://openalex.org/T11642,2015,2016,2020,0.2790553132756236,1,3,11,0.07692307692307693,33,16.0,26.0,0,0,0.000137713531052665,true_negative,2121
https://openalex.org/T11354,https://openalex.org/T11482,2015,2016,2020,0.2790553132756236,1,3,11,0.07692307692307693,33,16.0,26.0,0,0,0.000137713531052665,true_negative,2120
https://openalex.org/T10222,https://openalex.org/T10594,2015,2016,2020,0.35295612386476116,1,11,3,0.07692307692307693,33,16.0,4.0,0,0,0.00013736665759877506,true_negative,2122
https://openalex.org/T13398,https://openalex.org/T13447,2015,2016,2020,0.35295612386476116,1,11,3,0.07692307692307693,33,13.0,4.0,0,0,0.00013736665759877506,true_negative,2123
https://openalex.org/T13051,https://openalex.org/T13349,2015,2016,2020,0.8010958695746122,2,2,3,0.6666666666666666,6,2.0,4.0,0,0,0.00013682986965608238,true_negative,2124
https://openalex.org/T11944,https://openalex.org/T12880,2015,2016,2020,0.36067376022224085,1,2,18,0.05263157894736842,36,2.0,26.0,0,0,0.00013678338175791006,true_negative,2126
https://openalex.org/T11590,https://openalex.org/T12880,2015,2016,2020,0.36067376022224085,1,2,18,0.05263157894736842,36,2.0,26.0,0,0,0.00013678338175791006,true_negative,2125
https://openalex.org/T12648,https://openalex.org/T12880,2015,2016,2020,0.36067376022224085,1,2,18,0.05263157894736842,36,2.0,26.0,0,0,0.00013678338175791006,true_negative,2127
https://openalex.org/T11407,https://openalex.org/T12114,2015,2016,2020,0.31066746727980593,1,4,9,0.08333333333333333,36,4.0,10.0,0,0,0.00013652973219456884,true_negative,2128
https://openalex.org/T10492,https://openalex.org/T11177,2015,2016,2020,0.36067376022224085,1,2,9,0.1,18,2.0,14.0,0,0,0.00013650162211327753,true_negative,2129
https://openalex.org/T11071,https://openalex.org/T11700,2015,2016,2020,0.667614104308886,2,2,3,0.6666666666666666,6,2.0,6.0,0,0,0.00013634369385164365,true_negative,2130
https://openalex.org/T11024,https://openalex.org/T12880,2015,2016,2020,0.45511961331341866,1,3,18,0.05,54,4.0,26.0,0,0,0.0001351749601732416,true_negative,2131
https://openalex.org/T10044,https://openalex.org/T10604,2015,2016,2020,0.3459762562611936,1,16,8,0.043478260869565216,128,38.0,20.0,0,0,0.00013494531534282662,true_negative,2132
https://openalex.org/T10412,https://openalex.org/T10885,2015,2016,2020,0.7213475204444817,1,2,25,0.038461538461538464,50,2.0,62.0,0,0,0.000134536651331706,true_negative,2133
https://openalex.org/T10887,https://openalex.org/T11764,2015,2016,2020,0.6960877046998699,2,23,3,0.08333333333333333,69,50.0,8.0,0,0,0.00013448259878637883,true_negative,2134
https://openalex.org/T10261,https://openalex.org/T10320,2015,2016,2020,0.31066746727980593,1,17,17,0.030303030303030304,289,32.0,31.0,0,0,0.00013435166856841,true_negative,2136
https://openalex.org/T10320,https://openalex.org/T10521,2015,2016,2020,0.31066746727980593,1,17,18,0.029411764705882353,306,31.0,50.0,0,0,0.00013435166856841,true_negative,2137
https://openalex.org/T10015,https://openalex.org/T10320,2015,2016,2020,0.31066746727980593,1,36,17,0.019230769230769232,612,158.0,31.0,0,0,0.00013435166856841,true_negative,2135
https://openalex.org/T10320,https://openalex.org/T10887,2015,2016,2020,0.31066746727980593,1,17,23,0.02564102564102564,391,31.0,50.0,0,0,0.00013435166856841,true_negative,2138
https://openalex.org/T11742,https://openalex.org/T11911,2015,2016,2020,0.7213475204444817,1,4,4,0.14285714285714285,16,4.0,4.0,0,0,0.0001338409891005021,true_negative,2140
https://openalex.org/T11911,https://openalex.org/T12137,2015,2016,2020,0.7213475204444817,1,4,4,0.14285714285714285,16,4.0,4.0,0,0,0.0001338409891005021,true_negative,2141
https://openalex.org/T11106,https://openalex.org/T11901,2015,2016,2020,0.7213475204444817,1,4,4,0.14285714285714285,16,4.0,4.0,0,0,0.0001338409891005021,true_negative,2139
https://openalex.org/T10317,https://openalex.org/T11396,2015,2016,2020,0.5138983423697507,1,2,3,0.25,6,2.0,3.0,0,0,0.00013309351365468384,true_negative,2142
https://openalex.org/T10352,https://openalex.org/T10596,2015,2016,2020,0.5138983423697507,1,2,3,0.25,6,2.0,4.0,0,0,0.00013309351365468384,true_negative,2143
https://openalex.org/T11020,https://openalex.org/T13984,2015,2016,2020,0.45511961331341866,1,6,6,0.09090909090909091,36,6.0,6.0,0,0,0.00013270053707343122,true_negative,2145
https://openalex.org/T11020,https://openalex.org/T11313,2015,2016,2020,0.45511961331341866,1,6,6,0.09090909090909091,36,6.0,6.0,0,0,0.00013270053707343122,true_negative,2144
https://openalex.org/T10887,https://openalex.org/T11354,2015,2016,2020,1.1512073180132885,3,23,3,0.13043478260869565,69,50.0,16.0,0,0,0.00013267929217820984,true_negative,2146
https://openalex.org/T10207,https://openalex.org/T12140,2015,2016,2020,0.45511961331341866,1,2,2,0.3333333333333333,4,4.0,4.0,0,0,0.0001321792527523991,true_negative,2147
https://openalex.org/T10074,https://openalex.org/T12676,2015,2016,2020,0.5138983423697507,1,7,4,0.1,28,14.0,4.0,0,0,0.0001318710635103935,true_negative,2148
https://openalex.org/T10462,https://openalex.org/T12072,2015,2016,2020,0.7872506057680129,2,4,5,0.2857142857142857,20,4.0,6.0,0,0,0.00013097595322232925,true_negative,2149
https://openalex.org/T10885,https://openalex.org/T12859,2015,2016,2020,0.5979843021794247,2,25,6,0.06896551724137931,150,62.0,8.0,0,0,0.00013060970914392472,true_negative,2150
https://openalex.org/T11690,https://openalex.org/T12627,2015,2016,2020,0.9947966893327386,2,9,4,0.18181818181818182,36,16.0,12.0,0,0,0.00012991863845674168,true_negative,2151
https://openalex.org/T10136,https://openalex.org/T10637,2015,2016,2020,0.7213475204444817,1,11,4,0.07142857142857142,44,14.0,4.0,0,0,0.00012989058430126356,true_negative,2152
https://openalex.org/T10261,https://openalex.org/T11020,2015,2016,2020,0.45511961331341866,1,17,6,0.045454545454545456,102,32.0,6.0,0,0,0.0001287543949636469,true_negative,2153
https://openalex.org/T10320,https://openalex.org/T11652,2015,2016,2020,0.48089834696298783,1,17,6,0.045454545454545456,102,31.0,6.0,0,0,0.0001287543949636469,true_negative,2154
https://openalex.org/T10320,https://openalex.org/T13114,2015,2016,2020,0.43429448190325176,1,17,6,0.045454545454545456,102,31.0,6.0,0,0,0.0001287543949636469,true_negative,2155
https://openalex.org/T10015,https://openalex.org/T10141,2015,2016,2020,0.40242960438184466,1,36,3,0.02631578947368421,108,158.0,4.0,0,0,0.00012848511454127015,true_negative,2156
https://openalex.org/T11297,https://openalex.org/T11642,2015,2016,2020,0.3898712452512801,1,4,11,0.07142857142857142,44,4.0,26.0,0,0,0.0001276228298474542,true_negative,2158
https://openalex.org/T10417,https://openalex.org/T11642,2015,2016,2020,0.3898712452512801,1,4,11,0.07142857142857142,44,4.0,26.0,0,0,0.0001276228298474542,true_negative,2157
https://openalex.org/T10203,https://openalex.org/T12676,2015,2016,2020,0.7213475204444817,1,3,4,0.16666666666666666,12,4.0,4.0,0,0,0.0001267554723060626,true_negative,2159
https://openalex.org/T10836,https://openalex.org/T11407,2015,2016,2020,0.31066746727980593,1,7,4,0.1,28,12.0,4.0,0,0,0.00012622389706769475,true_negative,2160
https://openalex.org/T10206,https://openalex.org/T11519,2015,2016,2020,0.8080757371781798,2,24,2,0.08333333333333333,48,78.0,2.0,0,0,0.0001248135903159174,true_negative,2161
https://openalex.org/T11772,https://openalex.org/T11928,2015,2016,2020,0.7553857282466059,2,2,3,0.6666666666666666,6,2.0,4.0,0,0,0.00012460285323913242,true_negative,2162
https://openalex.org/T11542,https://openalex.org/T12574,2015,2016,2020,0.31465798044412485,1,9,4,0.08333333333333333,36,10.0,4.0,0,0,0.00012300179588514216,true_negative,2164
https://openalex.org/T11542,https://openalex.org/T11880,2015,2016,2020,0.31465798044412485,1,9,4,0.08333333333333333,36,10.0,4.0,0,0,0.00012300179588514216,true_negative,2163
https://openalex.org/T11106,https://openalex.org/T11396,2015,2016,2020,0.5138983423697507,1,4,3,0.16666666666666666,12,4.0,3.0,0,0,0.00012165790536532236,true_negative,2165
https://openalex.org/T10096,https://openalex.org/T10275,2015,2016,2020,0.35295612386476116,1,4,8,0.09090909090909091,32,4.0,18.0,0,0,0.00012108737462855097,true_negative,2166
https://openalex.org/T10144,https://openalex.org/T12443,2015,2016,2020,0.35295612386476116,1,3,8,0.1,24,4.0,20.0,0,0,0.00012103401882910174,true_negative,2167
https://openalex.org/T11071,https://openalex.org/T12168,2015,2016,2020,0.667614104308886,2,2,3,0.6666666666666666,6,2.0,4.0,0,0,0.00012089977393055474,true_negative,2168
https://openalex.org/T10845,https://openalex.org/T13283,2015,2016,2020,0.40242960438184466,1,3,17,0.05263157894736842,51,4.0,19.0,0,0,0.00012004736592953633,true_negative,2169
https://openalex.org/T10102,https://openalex.org/T10243,2015,2016,2020,0.667614104308886,2,4,12,0.14285714285714285,48,4.0,18.0,0,0,0.00011949681955325512,true_negative,2170
https://openalex.org/T10066,https://openalex.org/T12640,2015,2016,2020,0.6814849176574682,2,12,2,0.16666666666666666,24,26.0,4.0,0,0,0.00011884091404344707,true_negative,2171
https://openalex.org/T11141,https://openalex.org/T11542,2015,2016,2020,0.5138983423697507,1,4,9,0.08333333333333333,36,4.0,10.0,0,0,0.00011875302968114756,true_negative,2172
https://openalex.org/T10015,https://openalex.org/T10036,2015,2016,2020,0.5581106265512472,1,36,8,0.023255813953488372,288,158.0,10.0,0,0,0.00011857594771634847,true_negative,2173
https://openalex.org/T11162,https://openalex.org/T11354,2015,2016,2020,0.2790553132756236,1,13,3,0.06666666666666667,39,28.0,16.0,0,0,0.00011831179155141981,true_negative,2174
https://openalex.org/T10261,https://openalex.org/T13283,2015,2016,2020,0.5581106265512472,1,17,17,0.030303030303030304,289,32.0,19.0,0,0,0.0001176375820584635,true_negative,2175
https://openalex.org/T12056,https://openalex.org/T12535,2015,2016,2020,0.6213349345596119,1,4,13,0.0625,52,4.0,17.0,0,0,0.00011651004894752514,true_negative,2177
https://openalex.org/T12002,https://openalex.org/T12535,2015,2016,2020,0.6213349345596119,1,4,13,0.0625,52,4.0,17.0,0,0,0.00011651004894752514,true_negative,2176
https://openalex.org/T10462,https://openalex.org/T10775,2015,2016,2020,0.7872506057680129,2,4,4,0.3333333333333333,16,4.0,6.0,0,0,0.00011627867681934437,true_negative,2178
https://openalex.org/T11468,https://openalex.org/T13748,2015,2016,2020,0.45511961331341866,1,10,5,0.07142857142857142,50,18.0,6.0,0,0,0.00011614583706553716,true_negative,2179
https://openalex.org/T10185,https://openalex.org/T10845,2015,2016,2020,0.8513268733274981,2,2,3,0.6666666666666666,6,2.0,4.0,0,0,0.00011518075958954727,true_negative,2180
https://openalex.org/T10074,https://openalex.org/T12442,2015,2016,2020,0.5581106265512472,1,7,2,0.125,14,14.0,2.0,0,0,0.00011490056638960587,true_negative,2187
https://openalex.org/T10074,https://openalex.org/T10540,2015,2016,2020,0.5581106265512472,1,7,2,0.125,14,14.0,2.0,0,0,0.00011490056638960587,true_negative,2184
https://openalex.org/T10074,https://openalex.org/T10913,2015,2016,2020,0.5581106265512472,1,7,2,0.125,14,14.0,2.0,0,0,0.00011490056638960587,true_negative,2186
https://openalex.org/T10074,https://openalex.org/T10107,2015,2016,2020,0.5581106265512472,1,7,2,0.125,14,14.0,2.0,0,0,0.00011490056638960587,true_negative,2181
https://openalex.org/T10074,https://openalex.org/T10413,2015,2016,2020,0.5581106265512472,1,7,2,0.125,14,14.0,2.0,0,0,0.00011490056638960587,true_negative,2182
https://openalex.org/T10074,https://openalex.org/T10440,2015,2016,2020,0.5581106265512472,1,7,2,0.125,14,14.0,2.0,0,0,0.00011490056638960587,true_negative,2183
https://openalex.org/T10074,https://openalex.org/T10859,2015,2016,2020,0.5581106265512472,1,7,2,0.125,14,14.0,2.0,0,0,0.00011490056638960587,true_negative,2185
https://openalex.org/T10353,https://openalex.org/T12327,2015,2016,2020,1.1687494974004207,3,7,3,0.42857142857142855,21,8.0,4.0,0,0,0.00011443181635357728,true_negative,2188
https://openalex.org/T11542,https://openalex.org/T11944,2015,2016,2020,0.36067376022224085,1,9,2,0.1,18,10.0,2.0,0,0,0.00011413251758765505,true_negative,2190
https://openalex.org/T11542,https://openalex.org/T11590,2015,2016,2020,0.36067376022224085,1,9,2,0.1,18,10.0,2.0,0,0,0.00011413251758765505,true_negative,2189
https://openalex.org/T10496,https://openalex.org/T11235,2015,2016,2020,0.35295612386476116,1,2,10,0.09090909090909091,20,2.0,14.0,0,0,0.00011138311130288435,true_negative,2191
https://openalex.org/T11206,https://openalex.org/T11307,2015,2016,2020,0.35295612386476116,1,2,10,0.09090909090909091,20,2.0,14.0,0,0,0.00011138311130288435,true_negative,2192
https://openalex.org/T10209,https://openalex.org/T12781,2015,2016,2020,0.6213349345596119,1,4,1,0.25,4,4.0,1.0,0,0,0.00010944187161480878,true_negative,2193
https://openalex.org/T10015,https://openalex.org/T12267,2015,2016,2020,0.40242960438184466,1,36,3,0.02631578947368421,108,158.0,6.0,0,0,0.00010907854771664957,true_negative,2194
https://openalex.org/T10066,https://openalex.org/T10320,2015,2016,2020,0.31066746727980593,1,12,17,0.03571428571428571,204,26.0,31.0,0,0,0.00010891794499680368,true_negative,2195
https://openalex.org/T14334,https://openalex.org/T14393,2015,2016,2020,0.6213349345596119,1,4,4,0.14285714285714285,16,4.0,4.0,0,0,0.00010885465774378957,true_negative,2197
https://openalex.org/T10209,https://openalex.org/T14393,2015,2016,2020,0.6213349345596119,1,4,4,0.14285714285714285,16,4.0,4.0,0,0,0.00010885465774378957,true_negative,2196
https://openalex.org/T12443,https://openalex.org/T12608,2015,2016,2020,0.6213349345596119,1,8,2,0.1111111111111111,16,20.0,2.0,0,0,0.0001085956727073727,true_negative,2198
https://openalex.org/T10222,https://openalex.org/T11354,2015,2016,2020,0.2790553132756236,1,11,3,0.07692307692307693,33,16.0,16.0,0,0,0.00010833416609689116,true_negative,2199
https://openalex.org/T10521,https://openalex.org/T10769,2015,2016,2020,0.4170323914242463,1,18,2,0.05263157894736842,36,50.0,2.0,0,0,0.00010765849671735405,true_negative,2200
https://openalex.org/T10521,https://openalex.org/T11948,2015,2016,2020,0.36067376022224085,1,18,17,0.029411764705882353,306,50.0,24.0,0,0,0.00010754104737586414,true_negative,2201
https://openalex.org/T10804,https://openalex.org/T12880,2015,2016,2020,0.36067376022224085,1,17,18,0.029411764705882353,306,34.0,26.0,0,0,0.00010754104737586414,true_negative,2202
https://openalex.org/T12267,https://openalex.org/T12489,2015,2016,2020,1.312668831008682,2,3,2,0.6666666666666666,6,6.0,2.0,0,0,0.00010640755892491652,true_negative,2203
https://openalex.org/T11354,https://openalex.org/T11764,2015,2016,2020,0.6960877046998699,2,3,3,0.5,9,16.0,8.0,0,0,0.00010570001384518788,true_negative,2204
https://openalex.org/T11162,https://openalex.org/T11825,2015,2016,2020,0.45511961331341866,1,13,2,0.07142857142857142,26,28.0,2.0,0,0,0.00010462365185486485,true_negative,2205
https://openalex.org/T10100,https://openalex.org/T12761,2015,2016,2020,0.5581106265512472,1,4,5,0.125,20,6.0,6.0,0,0,0.00010406363273846223,true_negative,2206
https://openalex.org/T10222,https://openalex.org/T11764,2015,2016,2020,0.2790553132756236,1,11,3,0.07692307692307693,33,16.0,8.0,0,0,0.00010287402615250222,true_negative,2207
https://openalex.org/T10515,https://openalex.org/T10725,2015,2016,2020,1.3426824550040934,2,4,7,0.2222222222222222,28,6.0,10.0,0,0,0.00010244851272181,true_negative,2208
https://openalex.org/T10353,https://openalex.org/T11162,2015,2016,2020,0.8157933735356595,2,7,13,0.1111111111111111,91,8.0,28.0,0,0,0.00010207838646509679,true_negative,2209
https://openalex.org/T10320,https://openalex.org/T11791,2015,2016,2020,0.31066746727980593,1,17,12,0.03571428571428571,204,31.0,32.0,0,0,0.00010143623303920261,true_negative,2210
https://openalex.org/T10120,https://openalex.org/T10303,2015,2016,2020,0.36067376022224085,1,6,5,0.1,30,10.0,6.0,0,0,0.00010140119446840347,true_negative,2211
https://openalex.org/T12592,https://openalex.org/T13748,2015,2016,2020,0.35295612386476116,1,6,5,0.1,30,10.0,6.0,0,0,0.00010140119446840347,true_negative,2212
https://openalex.org/T11879,https://openalex.org/T12254,2015,2016,2020,0.2790553132756236,1,2,4,0.2,8,2.0,16.0,0,0,0.00010136807603455876,true_negative,2216
https://openalex.org/T10715,https://openalex.org/T12254,2015,2016,2020,0.2790553132756236,1,2,4,0.2,8,2.0,16.0,0,0,0.00010136807603455876,true_negative,2214
https://openalex.org/T11470,https://openalex.org/T12254,2015,2016,2020,0.2790553132756236,1,2,4,0.2,8,2.0,16.0,0,0,0.00010136807603455876,true_negative,2215
https://openalex.org/T10602,https://openalex.org/T12254,2015,2016,2020,0.2790553132756236,1,2,4,0.2,8,2.0,16.0,0,0,0.00010136807603455876,true_negative,2213
https://openalex.org/T12134,https://openalex.org/T12254,2015,2016,2020,0.2790553132756236,1,2,4,0.2,8,2.0,16.0,0,0,0.00010136807603455876,true_negative,2217
https://openalex.org/T10353,https://openalex.org/T11881,2015,2016,2020,0.45511961331341866,1,7,4,0.1,28,8.0,6.0,0,0,9.964808686463096e-05,true_negative,2218
https://openalex.org/T10798,https://openalex.org/T12044,2015,2016,2020,0.36067376022224085,1,9,4,0.08333333333333333,36,24.0,4.0,0,0,9.942606852620498e-05,true_negative,2219
https://openalex.org/T10057,https://openalex.org/T11206,2015,2016,2020,0.35295612386476116,1,8,2,0.1111111111111111,16,20.0,2.0,0,0,9.912329137411237e-05,true_negative,2220
https://openalex.org/T10057,https://openalex.org/T13126,2015,2016,2020,0.35295612386476116,1,8,2,0.1111111111111111,16,20.0,2.0,0,0,9.912329137411237e-05,true_negative,2222
https://openalex.org/T10057,https://openalex.org/T12292,2015,2016,2020,0.35295612386476116,1,8,2,0.1111111111111111,16,20.0,2.0,0,0,9.912329137411237e-05,true_negative,2221
https://openalex.org/T10012,https://openalex.org/T11928,2015,2016,2020,0.7872506057680129,2,11,3,0.16666666666666666,33,32.0,4.0,0,0,9.846527145510578e-05,true_negative,2223
https://openalex.org/T10064,https://openalex.org/T10261,2015,2016,2020,0.318928988903801,1,12,17,0.03571428571428571,204,16.0,32.0,0,0,9.77200258784827e-05,true_negative,2224
https://openalex.org/T10243,https://openalex.org/T10629,2015,2016,2020,0.31465798044412485,1,12,16,0.037037037037037035,192,18.0,28.0,0,0,9.77200258784827e-05,true_negative,2225
https://openalex.org/T11981,https://openalex.org/T13309,2015,2016,2020,0.6753317406663657,2,8,9,0.13333333333333333,72,14.0,20.0,0,0,9.755544165738271e-05,true_negative,2226
https://openalex.org/T10057,https://openalex.org/T10887,2015,2016,2020,0.31066746727980593,1,8,23,0.03333333333333333,184,20.0,50.0,0,0,9.735022291329634e-05,true_negative,2227
https://openalex.org/T10179,https://openalex.org/T10923,2015,2016,2020,0.33380820069533407,1,7,6,0.08333333333333333,42,16.0,6.0,0,0,9.732387779446962e-05,true_negative,2228
https://openalex.org/T10179,https://openalex.org/T11277,2015,2016,2020,0.33380820069533407,1,7,6,0.08333333333333333,42,16.0,6.0,0,0,9.732387779446962e-05,true_negative,2229
https://openalex.org/T10222,https://openalex.org/T10320,2015,2016,2020,0.31066746727980593,1,11,17,0.037037037037037035,187,16.0,31.0,0,0,9.724557262452727e-05,true_negative,2230
https://openalex.org/T10018,https://openalex.org/T11277,2015,2016,2020,0.8477065430650847,2,8,6,0.16666666666666666,48,20.0,6.0,0,0,9.614406262562258e-05,true_negative,2232
https://openalex.org/T10018,https://openalex.org/T10923,2015,2016,2020,0.8477065430650847,2,8,6,0.16666666666666666,48,20.0,6.0,0,0,9.614406262562258e-05,true_negative,2231
https://openalex.org/T12010,https://openalex.org/T14153,2015,2016,2020,0.8268746032241814,2,9,4,0.18181818181818182,36,16.0,6.0,0,0,9.589427043740758e-05,true_negative,2233
https://openalex.org/T10243,https://openalex.org/T12664,2015,2016,2020,0.31465798044412485,1,12,3,0.07142857142857142,36,18.0,8.0,0,0,9.58371271564684e-05,true_negative,2234
https://openalex.org/T11213,https://openalex.org/T11764,2015,2016,2020,0.2790553132756236,1,12,3,0.07142857142857142,36,18.0,8.0,0,0,9.58371271564684e-05,true_negative,2235
https://openalex.org/T11791,https://openalex.org/T12745,2015,2016,2020,0.40242960438184466,1,12,2,0.07692307692307693,24,32.0,4.0,0,0,9.579138665399363e-05,true_negative,2236
https://openalex.org/T10621,https://openalex.org/T11791,2015,2016,2020,0.31066746727980593,1,6,12,0.058823529411764705,72,6.0,32.0,0,0,9.56964578203908e-05,true_negative,2237
https://openalex.org/T10211,https://openalex.org/T11809,2015,2016,2020,0.36067376022224085,1,8,2,0.1111111111111111,16,14.0,2.0,0,0,9.569528837461444e-05,true_negative,2240
https://openalex.org/T10211,https://openalex.org/T12557,2015,2016,2020,0.35295612386476116,1,8,2,0.1111111111111111,16,14.0,2.0,0,0,9.569528837461444e-05,true_negative,2242
https://openalex.org/T10211,https://openalex.org/T11825,2015,2016,2020,0.35295612386476116,1,8,2,0.1111111111111111,16,14.0,2.0,0,0,9.569528837461444e-05,true_negative,2241
https://openalex.org/T10211,https://openalex.org/T10432,2015,2016,2020,0.36067376022224085,1,8,2,0.1111111111111111,16,14.0,2.0,0,0,9.569528837461444e-05,true_negative,2238
https://openalex.org/T10211,https://openalex.org/T10492,2015,2016,2020,0.36067376022224085,1,8,2,0.1111111111111111,16,14.0,2.0,0,0,9.569528837461444e-05,true_negative,2239
https://openalex.org/T10078,https://openalex.org/T11272,2015,2016,2020,0.48089834696298783,1,9,2,0.1,18,16.0,4.0,0,0,9.515794882423017e-05,true_negative,2243
https://openalex.org/T10521,https://openalex.org/T11177,2015,2016,2020,0.36067376022224085,1,18,9,0.038461538461538464,162,50.0,14.0,0,0,9.489972336831578e-05,true_negative,2244
https://openalex.org/T10521,https://openalex.org/T11447,2015,2016,2020,0.45511961331341866,1,18,10,0.037037037037037035,180,50.0,13.0,0,0,9.457374628519833e-05,true_negative,2246
https://openalex.org/T10015,https://openalex.org/T11447,2015,2016,2020,0.45511961331341866,1,36,10,0.022222222222222223,360,158.0,13.0,0,0,9.457374628519833e-05,true_negative,2245
https://openalex.org/T10243,https://openalex.org/T12592,2015,2016,2020,0.35295612386476116,1,12,6,0.058823529411764705,72,18.0,10.0,0,0,9.39373168982214e-05,true_negative,2247
https://openalex.org/T10012,https://openalex.org/T13283,2015,2016,2020,0.5581106265512472,1,11,17,0.037037037037037035,187,32.0,19.0,0,0,9.389495110879291e-05,true_negative,2248
https://openalex.org/T10402,https://openalex.org/T11948,2015,2016,2020,0.5138983423697507,1,2,17,0.05555555555555555,34,2.0,24.0,0,0,9.383692676142447e-05,true_negative,2249
https://openalex.org/T10885,https://openalex.org/T12601,2015,2016,2020,0.5581106265512472,1,25,2,0.038461538461538464,50,62.0,2.0,0,0,9.342151143120983e-05,true_negative,2251
https://openalex.org/T10885,https://openalex.org/T11187,2015,2016,2020,0.5581106265512472,1,25,2,0.038461538461538464,50,62.0,2.0,0,0,9.342151143120983e-05,true_negative,2250
https://openalex.org/T10275,https://openalex.org/T12557,2015,2016,2020,0.35295612386476116,1,8,2,0.1111111111111111,16,18.0,2.0,0,0,9.307229590513863e-05,true_negative,2253
https://openalex.org/T10275,https://openalex.org/T11825,2015,2016,2020,0.35295612386476116,1,8,2,0.1111111111111111,16,18.0,2.0,0,0,9.307229590513863e-05,true_negative,2252
https://openalex.org/T10120,https://openalex.org/T12610,2015,2016,2020,0.3459762562611936,1,6,2,0.14285714285714285,12,10.0,2.0,0,0,9.227604935347817e-05,true_negative,2254
https://openalex.org/T10247,https://openalex.org/T12046,2015,2016,2020,0.45511961331341866,1,4,4,0.14285714285714285,16,10.0,8.0,0,0,9.210505030980961e-05,true_negative,2255
https://openalex.org/T11482,https://openalex.org/T12640,2015,2016,2020,0.6814849176574682,2,11,2,0.18181818181818182,22,26.0,4.0,0,0,9.197303276211699e-05,true_negative,2256
https://openalex.org/T10120,https://openalex.org/T10211,2015,2016,2020,0.36067376022224085,1,6,8,0.07692307692307693,48,10.0,14.0,0,0,9.147782115004009e-05,true_negative,2257
https://openalex.org/T10352,https://openalex.org/T13283,2015,2016,2020,0.45511961331341866,1,2,17,0.05555555555555555,34,2.0,19.0,0,0,9.129650119609407e-05,true_negative,2258
https://openalex.org/T10804,https://openalex.org/T11871,2015,2016,2020,0.43429448190325176,1,17,15,0.03225806451612903,255,34.0,17.0,0,0,9.126157871076161e-05,true_negative,2260
https://openalex.org/T10320,https://openalex.org/T11871,2015,2016,2020,0.3898712452512801,1,17,15,0.03225806451612903,255,31.0,17.0,0,0,9.126157871076161e-05,true_negative,2259
https://openalex.org/T10885,https://openalex.org/T11871,2015,2016,2020,0.45511961331341866,1,25,15,0.02564102564102564,375,62.0,17.0,0,0,9.126157871076161e-05,true_negative,2261
https://openalex.org/T10102,https://openalex.org/T11235,2015,2016,2020,0.31465798044412485,1,4,10,0.07692307692307693,40,4.0,14.0,0,0,9.081412067611156e-05,true_negative,2262
https://openalex.org/T10157,https://openalex.org/T11235,2015,2016,2020,0.31465798044412485,1,4,10,0.07692307692307693,40,5.0,14.0,0,0,9.081412067611156e-05,true_negative,2263
https://openalex.org/T11468,https://openalex.org/T12254,2015,2016,2020,0.6295964561836069,2,10,4,0.16666666666666666,40,18.0,16.0,0,0,9.07485554547322e-05,true_negative,2264
https://openalex.org/T10853,https://openalex.org/T14313,2015,2016,2020,0.5138983423697507,1,2,1,0.5,2,2.0,1.0,0,0,9.06992242470672e-05,true_negative,2267
https://openalex.org/T10853,https://openalex.org/T11060,2015,2016,2020,0.5138983423697507,1,2,1,0.5,2,2.0,1.0,0,0,9.06992242470672e-05,true_negative,2266
https://openalex.org/T10317,https://openalex.org/T11195,2015,2016,2020,0.5138983423697507,1,2,1,0.5,2,2.0,1.0,0,0,9.06992242470672e-05,true_negative,2265
https://openalex.org/T10144,https://openalex.org/T11744,2015,2016,2020,0.35295612386476116,1,3,6,0.125,18,4.0,20.0,0,0,9.051924269173249e-05,true_negative,2268
https://openalex.org/T10074,https://openalex.org/T10382,2015,2016,2020,0.814706547658322,2,7,5,0.2,35,14.0,6.0,0,0,9.032109020310225e-05,true_negative,2269
https://openalex.org/T10074,https://openalex.org/T11601,2015,2016,2020,0.5138983423697507,1,7,2,0.125,14,14.0,2.0,0,0,8.974022331799454e-05,true_negative,2271
https://openalex.org/T10074,https://openalex.org/T11434,2015,2016,2020,0.5138983423697507,1,7,2,0.125,14,14.0,2.0,0,0,8.974022331799454e-05,true_negative,2270
https://openalex.org/T10594,https://openalex.org/T11642,2015,2016,2020,0.35295612386476116,1,3,11,0.07692307692307693,33,4.0,26.0,0,0,8.909632895926197e-05,true_negative,2272
https://openalex.org/T10887,https://openalex.org/T11948,2015,2016,2020,0.48089834696298783,1,23,17,0.02564102564102564,391,50.0,24.0,0,0,8.755549890257536e-05,true_negative,2273
https://openalex.org/T11269,https://openalex.org/T12254,2015,2016,2020,0.6250315695368172,2,9,4,0.18181818181818182,36,16.0,16.0,1,0,8.747933615430876e-05,false_negative,2274
https://openalex.org/T10845,https://openalex.org/T11798,2015,2016,2020,0.43429448190325176,1,3,2,0.25,6,4.0,2.0,0,0,8.718387297627012e-05,true_negative,2278
https://openalex.org/T10466,https://openalex.org/T12091,2015,2016,2020,0.43429448190325176,1,3,2,0.25,6,4.0,2.0,0,0,8.718387297627012e-05,true_negative,2277
https://openalex.org/T10466,https://openalex.org/T11333,2015,2016,2020,0.43429448190325176,1,3,2,0.25,6,4.0,2.0,0,0,8.718387297627012e-05,true_negative,2276
https://openalex.org/T10466,https://openalex.org/T11186,2015,2016,2020,0.43429448190325176,1,3,2,0.25,6,4.0,2.0,0,0,8.718387297627012e-05,true_negative,2275
https://openalex.org/T11588,https://openalex.org/T12091,2015,2016,2020,0.43429448190325176,1,3,2,0.25,6,4.0,2.0,0,0,8.718387297627012e-05,true_negative,2279
https://openalex.org/T13349,https://openalex.org/T14153,2015,2016,2020,0.3459762562611936,1,3,4,0.16666666666666666,12,4.0,6.0,0,0,8.711443132937427e-05,true_negative,2280
https://openalex.org/T11642,https://openalex.org/T11879,2015,2016,2020,0.2790553132756236,1,11,2,0.08333333333333333,22,26.0,2.0,0,0,8.705711239357118e-05,true_negative,2281
https://openalex.org/T11642,https://openalex.org/T12134,2015,2016,2020,0.2790553132756236,1,11,2,0.08333333333333333,22,26.0,2.0,0,0,8.705711239357118e-05,true_negative,2282
https://openalex.org/T10581,https://openalex.org/T10662,2015,2016,2020,0.43429448190325176,1,6,4,0.1111111111111111,24,16.0,4.0,0,0,8.684032765962823e-05,true_negative,2283
https://openalex.org/T10500,https://openalex.org/T12072,2015,2016,2020,0.43429448190325176,1,11,5,0.06666666666666667,55,20.0,6.0,0,0,8.654462016911633e-05,true_negative,2284
https://openalex.org/T10591,https://openalex.org/T11129,2015,2016,2020,0.45511961331341866,1,4,3,0.16666666666666666,12,4.0,4.0,0,0,8.603124231043047e-05,true_negative,2285
https://openalex.org/T11090,https://openalex.org/T12056,2015,2016,2020,0.5581106265512472,1,4,4,0.14285714285714285,16,6.0,4.0,0,0,8.582108905387501e-05,true_negative,2287
https://openalex.org/T10100,https://openalex.org/T10462,2015,2016,2020,0.5581106265512472,1,4,4,0.14285714285714285,16,6.0,4.0,0,0,8.582108905387501e-05,true_negative,2286
https://openalex.org/T10120,https://openalex.org/T11213,2015,2016,2020,0.2790553132756236,1,6,12,0.058823529411764705,72,10.0,18.0,0,0,8.557401635352889e-05,true_negative,2288
https://openalex.org/T10044,https://openalex.org/T10222,2015,2016,2020,0.3459762562611936,1,16,11,0.038461538461538464,176,38.0,16.0,0,0,8.538966738458404e-05,true_negative,2289
https://openalex.org/T10031,https://openalex.org/T11482,2015,2016,2020,0.45511961331341866,1,2,11,0.08333333333333333,22,2.0,26.0,0,0,8.53854256429277e-05,true_negative,2290
https://openalex.org/T10804,https://openalex.org/T12010,2015,2016,2020,0.36067376022224085,1,17,9,0.04,153,34.0,16.0,0,0,8.463034753929234e-05,true_negative,2291
https://openalex.org/T12241,https://openalex.org/T12279,2015,2016,2020,0.5138983423697507,1,2,4,0.2,8,2.0,4.0,0,0,8.454076948314762e-05,true_negative,2297
https://openalex.org/T11434,https://openalex.org/T12676,2015,2016,2020,0.5138983423697507,1,2,4,0.2,8,2.0,4.0,0,0,8.454076948314762e-05,true_negative,2294
https://openalex.org/T10352,https://openalex.org/T12279,2015,2016,2020,0.5138983423697507,1,2,4,0.2,8,2.0,4.0,0,0,8.454076948314762e-05,true_negative,2293
https://openalex.org/T11992,https://openalex.org/T12676,2015,2016,2020,0.5138983423697507,1,2,4,0.2,8,2.0,4.0,0,0,8.454076948314762e-05,true_negative,2296
https://openalex.org/T11601,https://openalex.org/T12676,2015,2016,2020,0.5138983423697507,1,2,4,0.2,8,2.0,4.0,0,0,8.454076948314762e-05,true_negative,2295
https://openalex.org/T10352,https://openalex.org/T11141,2015,2016,2020,0.5138983423697507,1,2,4,0.2,8,2.0,4.0,0,0,8.454076948314762e-05,true_negative,2292
https://openalex.org/T10164,https://openalex.org/T12010,2015,2016,2020,0.3459762562611936,1,1,9,0.1111111111111111,9,1.0,16.0,0,0,8.444774886009602e-05,true_negative,2298
https://openalex.org/T10836,https://openalex.org/T11287,2015,2016,2020,0.31066746727980593,1,7,13,0.05263157894736842,91,12.0,20.0,0,0,8.418876617041514e-05,true_negative,2299
https://openalex.org/T11871,https://openalex.org/T11901,2015,2016,2020,0.8194619958060909,2,15,4,0.11764705882352941,60,17.0,4.0,0,0,8.368768967279393e-05,true_negative,2300
https://openalex.org/T10798,https://openalex.org/T12557,2015,2016,2020,0.713629884087002,2,9,2,0.2222222222222222,18,24.0,2.0,0,0,8.351064810068453e-05,true_negative,2301
https://openalex.org/T10836,https://openalex.org/T11642,2015,2016,2020,0.31066746727980593,1,7,11,0.058823529411764705,77,12.0,26.0,0,0,8.331301420435984e-05,true_negative,2303
https://openalex.org/T10836,https://openalex.org/T11482,2015,2016,2020,0.31066746727980593,1,7,11,0.058823529411764705,77,12.0,26.0,0,0,8.331301420435984e-05,true_negative,2302
https://openalex.org/T11542,https://openalex.org/T11981,2015,2016,2020,0.6753317406663657,2,9,8,0.13333333333333333,72,10.0,14.0,0,0,8.312634404296052e-05,true_negative,2304
https://openalex.org/T11162,https://openalex.org/T11791,2015,2016,2020,0.2790553132756236,1,13,12,0.041666666666666664,156,28.0,32.0,0,0,8.223312234874458e-05,true_negative,2305
https://openalex.org/T10472,https://openalex.org/T11177,2015,2016,2020,0.36067376022224085,1,4,9,0.08333333333333333,36,4.0,14.0,0,0,8.194292129816708e-05,true_negative,2306
https://openalex.org/T11590,https://openalex.org/T12443,2015,2016,2020,0.36067376022224085,1,2,8,0.1111111111111111,16,2.0,20.0,0,0,8.19298707712809e-05,true_negative,2308
https://openalex.org/T11944,https://openalex.org/T12443,2015,2016,2020,0.36067376022224085,1,2,8,0.1111111111111111,16,2.0,20.0,0,0,8.19298707712809e-05,true_negative,2309
https://openalex.org/T10496,https://openalex.org/T12443,2015,2016,2020,0.35295612386476116,1,2,8,0.1111111111111111,16,2.0,20.0,0,0,8.19298707712809e-05,true_negative,2307
https://openalex.org/T10044,https://openalex.org/T11642,2015,2016,2020,0.3459762562611936,1,16,11,0.038461538461538464,176,38.0,26.0,0,0,8.19220229549845e-05,true_negative,2311
https://openalex.org/T10044,https://openalex.org/T11482,2015,2016,2020,0.3459762562611936,1,16,11,0.038461538461538464,176,38.0,26.0,0,0,8.19220229549845e-05,true_negative,2310
https://openalex.org/T10467,https://openalex.org/T14374,2015,2016,2020,0.45511961331341866,1,9,5,0.07692307692307693,45,13.0,6.0,0,0,8.174235666697478e-05,true_negative,2312
https://openalex.org/T10500,https://openalex.org/T11871,2015,2016,2020,0.4170323914242463,1,11,15,0.04,165,20.0,17.0,0,0,8.122124977813847e-05,true_negative,2313
https://openalex.org/T12135,https://openalex.org/T13398,2015,2016,2020,0.36926937306885504,1,2,11,0.08333333333333333,22,2.0,13.0,0,0,8.111603622523226e-05,true_negative,2316
https://openalex.org/T11798,https://openalex.org/T13398,2015,2016,2020,0.36926937306885504,1,2,11,0.08333333333333333,22,2.0,13.0,0,0,8.111603622523226e-05,true_negative,2314
https://openalex.org/T12368,https://openalex.org/T13398,2015,2016,2020,0.36926937306885504,1,2,11,0.08333333333333333,22,2.0,13.0,0,0,8.111603622523226e-05,true_negative,2317
https://openalex.org/T11918,https://openalex.org/T13398,2015,2016,2020,0.36926937306885504,1,2,11,0.08333333333333333,22,2.0,13.0,0,0,8.111603622523226e-05,true_negative,2315
https://openalex.org/T10282,https://openalex.org/T13283,2015,2016,2020,0.40242960438184466,1,2,17,0.05555555555555555,34,2.0,19.0,0,0,8.110938962098223e-05,true_negative,2318
https://openalex.org/T11270,https://openalex.org/T13283,2015,2016,2020,0.40242960438184466,1,2,17,0.05555555555555555,34,2.0,19.0,0,0,8.110938962098223e-05,true_negative,2320
https://openalex.org/T11476,https://openalex.org/T13283,2015,2016,2020,0.40242960438184466,1,2,17,0.05555555555555555,34,2.0,19.0,0,0,8.110938962098223e-05,true_negative,2321
https://openalex.org/T11187,https://openalex.org/T13283,2015,2016,2020,0.40242960438184466,1,2,17,0.05555555555555555,34,2.0,19.0,0,0,8.110938962098223e-05,true_negative,2319
https://openalex.org/T10683,https://openalex.org/T11986,2015,2016,2020,0.713629884087002,2,5,5,0.25,25,10.0,6.0,0,0,8.045821985225007e-05,true_negative,2322
https://openalex.org/T10012,https://openalex.org/T12134,2015,2016,2020,0.2790553132756236,1,11,2,0.08333333333333333,22,32.0,2.0,0,0,8.042724151938974e-05,true_negative,2327
https://openalex.org/T10012,https://openalex.org/T11879,2015,2016,2020,0.2790553132756236,1,11,2,0.08333333333333333,22,32.0,2.0,0,0,8.042724151938974e-05,true_negative,2326
https://openalex.org/T10012,https://openalex.org/T10602,2015,2016,2020,0.2790553132756236,1,11,2,0.08333333333333333,22,32.0,2.0,0,0,8.042724151938974e-05,true_negative,2323
https://openalex.org/T10012,https://openalex.org/T10715,2015,2016,2020,0.2790553132756236,1,11,2,0.08333333333333333,22,32.0,2.0,0,0,8.042724151938974e-05,true_negative,2324
https://openalex.org/T10012,https://openalex.org/T11470,2015,2016,2020,0.2790553132756236,1,11,2,0.08333333333333333,22,32.0,2.0,0,0,8.042724151938974e-05,true_negative,2325
https://openalex.org/T11542,https://openalex.org/T12880,2015,2016,2020,0.36067376022224085,1,9,18,0.038461538461538464,162,10.0,26.0,0,0,8.011184673886116e-05,true_negative,2328
https://openalex.org/T10023,https://openalex.org/T13283,2015,2016,2020,0.7213475204444817,1,2,17,0.05555555555555555,34,2.0,19.0,0,0,7.960200915414514e-05,true_negative,2329
https://openalex.org/T13204,https://openalex.org/T13283,2015,2016,2020,0.7213475204444817,1,2,17,0.05555555555555555,34,2.0,19.0,0,0,7.960200915414514e-05,true_negative,2332
https://openalex.org/T11083,https://openalex.org/T13283,2015,2016,2020,0.7213475204444817,1,2,17,0.05555555555555555,34,2.0,19.0,0,0,7.960200915414514e-05,true_negative,2330
https://openalex.org/T12805,https://openalex.org/T13283,2015,2016,2020,0.7213475204444817,1,2,17,0.05555555555555555,34,2.0,19.0,0,0,7.960200915414514e-05,true_negative,2331
https://openalex.org/T10243,https://openalex.org/T13447,2015,2016,2020,0.35295612386476116,1,12,3,0.07142857142857142,36,18.0,4.0,0,0,7.945628508039856e-05,true_negative,2334
https://openalex.org/T10064,https://openalex.org/T13447,2015,2016,2020,0.35295612386476116,1,12,3,0.07142857142857142,36,16.0,4.0,0,0,7.945628508039856e-05,true_negative,2333
https://openalex.org/T11642,https://openalex.org/T13114,2015,2016,2020,0.48089834696298783,1,11,6,0.0625,66,26.0,6.0,0,0,7.933167220024648e-05,true_negative,2335
https://openalex.org/T10222,https://openalex.org/T10519,2015,2016,2020,0.6295964561836069,2,11,4,0.15384615384615385,44,16.0,8.0,0,0,7.897501239567873e-05,true_negative,2336
https://openalex.org/T10887,https://openalex.org/T12640,2015,2016,2020,0.6814849176574682,2,23,2,0.08695652173913043,46,50.0,4.0,0,0,7.753058539491346e-05,true_negative,2337
https://openalex.org/T11907,https://openalex.org/T12046,2015,2016,2020,0.45511961331341866,1,5,4,0.125,20,8.0,8.0,0,0,7.636204218735452e-05,true_negative,2338
https://openalex.org/T10604,https://openalex.org/T11765,2015,2016,2020,0.7213475204444817,1,8,4,0.09090909090909091,32,20.0,6.0,0,0,7.579312631672528e-05,true_negative,2339
https://openalex.org/T10182,https://openalex.org/T11542,2015,2016,2020,0.8080757371781798,2,7,9,0.14285714285714285,63,8.0,10.0,0,0,7.486073100284709e-05,true_negative,2340
https://openalex.org/T10765,https://openalex.org/T13283,2015,2016,2020,0.4170323914242463,1,2,17,0.05555555555555555,34,2.0,19.0,0,0,7.449668703788469e-05,true_negative,2342
https://openalex.org/T10643,https://openalex.org/T13283,2015,2016,2020,0.4170323914242463,1,2,17,0.05555555555555555,34,2.0,19.0,0,0,7.449668703788469e-05,true_negative,2341
https://openalex.org/T11362,https://openalex.org/T11948,2015,2016,2020,0.7213475204444817,1,2,17,0.05555555555555555,34,2.0,24.0,0,0,7.414725062654764e-05,true_negative,2343
https://openalex.org/T12338,https://openalex.org/T12880,2015,2016,2020,0.7213475204444817,1,2,18,0.05263157894736842,36,2.0,26.0,0,0,7.391163103467784e-05,true_negative,2344
https://openalex.org/T11235,https://openalex.org/T13748,2015,2016,2020,0.36926937306885504,1,10,5,0.07142857142857142,50,14.0,6.0,0,0,7.334964146458184e-05,true_negative,2345
https://openalex.org/T10932,https://openalex.org/T11809,2015,2016,2020,0.36067376022224085,1,6,2,0.14285714285714285,12,8.0,2.0,0,0,7.313767451093993e-05,true_negative,2346
https://openalex.org/T10191,https://openalex.org/T10824,2015,2016,2020,0.9360179602764065,2,4,5,0.2857142857142857,20,4.0,6.0,0,0,7.298619421778416e-05,true_negative,2347
https://openalex.org/T10594,https://openalex.org/T11764,2015,2016,2020,0.4170323914242463,1,3,3,0.2,9,4.0,8.0,0,0,7.212235103132383e-05,true_negative,2348
https://openalex.org/T10136,https://openalex.org/T13283,2015,2016,2020,0.40242960438184466,1,11,17,0.037037037037037035,187,14.0,19.0,0,0,7.209162319702031e-05,true_negative,2349
https://openalex.org/T10663,https://openalex.org/T11007,2015,2016,2020,0.45511961331341866,1,3,2,0.25,6,8.0,2.0,0,0,7.164738121140183e-05,true_negative,2351
https://openalex.org/T10663,https://openalex.org/T10811,2015,2016,2020,0.45511961331341866,1,3,2,0.25,6,8.0,2.0,0,0,7.164738121140183e-05,true_negative,2350
https://openalex.org/T10018,https://openalex.org/T12529,2015,2016,2020,0.33380820069533407,1,8,4,0.09090909090909091,32,20.0,4.0,0,0,7.131597434152325e-05,true_negative,2352
https://openalex.org/T10688,https://openalex.org/T11901,2015,2016,2020,0.4170323914242463,1,10,4,0.07692307692307693,40,12.0,4.0,0,0,7.113717075190215e-05,true_negative,2353
https://openalex.org/T10836,https://openalex.org/T11468,2015,2016,2020,0.31066746727980593,1,7,10,0.0625,70,12.0,18.0,0,0,7.006543557553524e-05,true_negative,2354
https://openalex.org/T10212,https://openalex.org/T10836,2015,2016,2020,0.5581106265512472,1,2,7,0.125,14,2.0,12.0,0,0,6.961845644196884e-05,true_negative,2355
https://openalex.org/T10344,https://openalex.org/T13777,2015,2016,2020,0.45511961331341866,1,4,4,0.14285714285714285,16,6.0,4.0,0,0,6.877674880053897e-05,true_negative,2356
https://openalex.org/T10629,https://openalex.org/T11519,2015,2016,2020,0.45511961331341866,1,16,2,0.058823529411764705,32,28.0,2.0,0,0,6.850759481456625e-05,true_negative,2358
https://openalex.org/T10002,https://openalex.org/T11449,2015,2016,2020,0.45511961331341866,1,16,2,0.058823529411764705,32,28.0,2.0,0,0,6.850759481456625e-05,true_negative,2357
https://openalex.org/T11213,https://openalex.org/T11354,2015,2016,2020,0.7341749265890423,2,12,3,0.15384615384615385,36,18.0,16.0,0,0,6.809863715744273e-05,true_negative,2359
https://openalex.org/T13283,https://openalex.org/T13555,2015,2016,2020,0.31465798044412485,1,17,2,0.05555555555555555,34,19.0,4.0,0,0,6.766628108125316e-05,true_negative,2360
https://openalex.org/T10024,https://openalex.org/T12529,2015,2016,2020,0.6213349345596119,1,3,4,0.16666666666666666,12,4.0,4.0,0,0,6.76016795926026e-05,true_negative,2361
https://openalex.org/T10261,https://openalex.org/T11162,2015,2016,2020,0.2790553132756236,1,17,13,0.034482758620689655,221,32.0,28.0,0,0,6.721933182832391e-05,true_negative,2362
https://openalex.org/T10538,https://openalex.org/T11512,2015,2016,2020,0.9479818718025272,2,7,8,0.15384615384615385,56,7.0,10.0,0,0,6.701910220390978e-05,true_negative,2363
https://openalex.org/T10015,https://openalex.org/T10798,2015,2016,2020,0.3898712452512801,1,36,9,0.022727272727272728,324,158.0,24.0,0,0,6.669722503749426e-05,true_negative,2364
https://openalex.org/T10521,https://openalex.org/T10798,2015,2016,2020,0.3898712452512801,1,18,9,0.038461538461538464,162,50.0,24.0,0,0,6.669722503749426e-05,true_negative,2365
https://openalex.org/T10211,https://openalex.org/T11881,2015,2016,2020,0.750545005473521,2,8,4,0.2,32,14.0,6.0,0,0,6.65595632085374e-05,true_negative,2366
https://openalex.org/T12254,https://openalex.org/T12859,2015,2016,2020,0.5979843021794247,2,4,6,0.25,24,16.0,8.0,0,0,6.647185120836053e-05,true_negative,2367
https://openalex.org/T10382,https://openalex.org/T13104,2015,2016,2020,0.36067376022224085,1,5,2,0.16666666666666666,10,6.0,2.0,0,0,6.641838990302782e-05,true_negative,2372
https://openalex.org/T10303,https://openalex.org/T11809,2015,2016,2020,0.36067376022224085,1,5,2,0.16666666666666666,10,6.0,2.0,0,0,6.641838990302782e-05,true_negative,2369
https://openalex.org/T10382,https://openalex.org/T12202,2015,2016,2020,0.36067376022224085,1,5,2,0.16666666666666666,10,6.0,2.0,0,0,6.641838990302782e-05,true_negative,2370
https://openalex.org/T10303,https://openalex.org/T10432,2015,2016,2020,0.36067376022224085,1,5,2,0.16666666666666666,10,6.0,2.0,0,0,6.641838990302782e-05,true_negative,2368
https://openalex.org/T11639,https://openalex.org/T12648,2015,2016,2020,0.36067376022224085,1,5,2,0.16666666666666666,10,6.0,2.0,0,0,6.641838990302782e-05,true_negative,2373
https://openalex.org/T11986,https://openalex.org/T12557,2015,2016,2020,0.35295612386476116,1,5,2,0.16666666666666666,10,6.0,2.0,0,0,6.641838990302782e-05,true_negative,2374
https://openalex.org/T12072,https://openalex.org/T13126,2015,2016,2020,0.35295612386476116,1,5,2,0.16666666666666666,10,6.0,2.0,0,0,6.641838990302782e-05,true_negative,2376
https://openalex.org/T12072,https://openalex.org/T12292,2015,2016,2020,0.35295612386476116,1,5,2,0.16666666666666666,10,6.0,2.0,0,0,6.641838990302782e-05,true_negative,2375
https://openalex.org/T10382,https://openalex.org/T12557,2015,2016,2020,0.36067376022224085,1,5,2,0.16666666666666666,10,6.0,2.0,0,0,6.641838990302782e-05,true_negative,2371
https://openalex.org/T10036,https://openalex.org/T10689,2015,2016,2020,1.013230239864666,2,8,2,0.25,16,10.0,2.0,0,0,6.618499254259246e-05,true_negative,2377
https://openalex.org/T10050,https://openalex.org/T11542,2015,2016,2020,0.45511961331341866,1,5,9,0.07692307692307693,45,5.0,10.0,0,0,6.582651330250552e-05,true_negative,2378
https://openalex.org/T10015,https://openalex.org/T10683,2015,2016,2020,0.3898712452512801,1,36,5,0.025,180,158.0,10.0,0,0,6.563585564113732e-05,true_negative,2379
https://openalex.org/T10885,https://openalex.org/T11369,2015,2016,2020,0.3898712452512801,1,25,7,0.03225806451612903,175,62.0,10.0,0,0,6.563585564113732e-05,true_negative,2381
https://openalex.org/T10015,https://openalex.org/T11369,2015,2016,2020,0.3898712452512801,1,36,7,0.023809523809523808,252,158.0,10.0,0,0,6.563585564113732e-05,true_negative,2380
https://openalex.org/T10887,https://openalex.org/T11369,2015,2016,2020,0.3898712452512801,1,23,7,0.034482758620689655,161,50.0,10.0,0,0,6.563585564113732e-05,true_negative,2382
https://openalex.org/T10372,https://openalex.org/T11930,2015,2016,2020,0.7213475204444817,1,2,4,0.2,8,4.0,4.0,0,0,6.498081169145888e-05,true_negative,2384
https://openalex.org/T10172,https://openalex.org/T11930,2015,2016,2020,0.7213475204444817,1,2,4,0.2,8,4.0,4.0,0,0,6.498081169145888e-05,true_negative,2383
https://openalex.org/T11289,https://openalex.org/T11369,2015,2016,2020,0.3898712452512801,1,6,7,0.08333333333333333,42,8.0,10.0,0,0,6.492990006960927e-05,true_negative,2385
https://openalex.org/T13447,https://openalex.org/T13748,2015,2016,2020,0.35295612386476116,1,3,5,0.14285714285714285,15,4.0,6.0,0,0,6.492988308015841e-05,true_negative,2386
https://openalex.org/T12168,https://openalex.org/T13555,2015,2016,2020,0.667614104308886,2,3,2,0.6666666666666666,6,4.0,4.0,0,0,6.46808483786459e-05,true_negative,2387
https://openalex.org/T10241,https://openalex.org/T12859,2015,2016,2020,0.5581106265512472,1,6,6,0.09090909090909091,36,18.0,8.0,0,0,6.443776146622062e-05,true_negative,2388
https://openalex.org/T10158,https://openalex.org/T12820,2015,2016,2020,0.5138983423697507,1,9,4,0.08333333333333333,36,12.0,4.0,0,0,6.427959267225968e-05,true_negative,2390
https://openalex.org/T10158,https://openalex.org/T10417,2015,2016,2020,0.5138983423697507,1,9,4,0.08333333333333333,36,12.0,4.0,0,0,6.427959267225968e-05,true_negative,2389
https://openalex.org/T10556,https://openalex.org/T12820,2015,2016,2020,0.5138983423697507,1,7,4,0.1,28,24.0,4.0,0,0,6.412296121584763e-05,true_negative,2391
https://openalex.org/T10769,https://openalex.org/T13937,2015,2016,2020,0.4170323914242463,1,2,8,0.1111111111111111,16,2.0,12.0,0,0,6.357502193269442e-05,true_negative,2392
https://openalex.org/T10397,https://openalex.org/T10629,2015,2016,2020,0.35295612386476116,1,3,16,0.05555555555555555,48,6.0,28.0,0,0,6.315443346430306e-05,true_negative,2393
https://openalex.org/T10885,https://openalex.org/T12592,2015,2016,2020,0.318928988903801,1,25,6,0.03333333333333333,150,62.0,10.0,0,0,6.284576861506736e-05,true_negative,2394
https://openalex.org/T10211,https://openalex.org/T12254,2015,2016,2020,0.318928988903801,1,8,4,0.09090909090909091,32,14.0,16.0,0,0,6.283577183393747e-05,true_negative,2395
https://openalex.org/T10018,https://openalex.org/T10478,2015,2016,2020,0.8477065430650847,2,8,2,0.25,16,20.0,2.0,0,0,6.22983484342209e-05,true_negative,2397
https://openalex.org/T10057,https://openalex.org/T10323,2015,2016,2020,0.8513268733274981,2,8,2,0.25,16,20.0,2.0,0,0,6.22983484342209e-05,true_negative,2398
https://openalex.org/T10057,https://openalex.org/T11739,2015,2016,2020,0.8513268733274981,2,8,2,0.25,16,20.0,2.0,0,0,6.22983484342209e-05,true_negative,2399
https://openalex.org/T10018,https://openalex.org/T10338,2015,2016,2020,0.8477065430650847,2,8,2,0.25,16,20.0,2.0,0,0,6.22983484342209e-05,true_negative,2396
https://openalex.org/T11871,https://openalex.org/T11880,2015,2016,2020,0.4170323914242463,1,15,4,0.05555555555555555,60,17.0,4.0,0,0,6.21626632201117e-05,true_negative,2400
https://openalex.org/T10157,https://openalex.org/T12443,2015,2016,2020,0.7697775937575435,2,4,8,0.2,32,5.0,20.0,0,0,6.190612584267168e-05,true_negative,2401
https://openalex.org/T11880,https://openalex.org/T12443,2015,2016,2020,0.31465798044412485,1,4,8,0.09090909090909091,32,4.0,20.0,0,0,6.185911211494845e-05,true_negative,2403
https://openalex.org/T10102,https://openalex.org/T12443,2015,2016,2020,0.31465798044412485,1,4,8,0.09090909090909091,32,4.0,20.0,0,0,6.185911211494845e-05,true_negative,2402
https://openalex.org/T12529,https://openalex.org/T12627,2015,2016,2020,0.33380820069533407,1,4,4,0.14285714285714285,16,4.0,12.0,0,0,6.179536856470262e-05,true_negative,2405
https://openalex.org/T10472,https://openalex.org/T12627,2015,2016,2020,0.33380820069533407,1,4,4,0.14285714285714285,16,4.0,12.0,0,0,6.179536856470262e-05,true_negative,2404
https://openalex.org/T10015,https://openalex.org/T12613,2015,2016,2020,0.3898712452512801,1,36,9,0.022727272727272728,324,158.0,20.0,0,0,6.17723883293364e-05,true_negative,2406
https://openalex.org/T10521,https://openalex.org/T12613,2015,2016,2020,0.3898712452512801,1,18,9,0.038461538461538464,162,50.0,20.0,0,0,6.17723883293364e-05,true_negative,2407
https://openalex.org/T10556,https://openalex.org/T11287,2015,2016,2020,0.5138983423697507,1,7,13,0.05263157894736842,91,24.0,20.0,1,0,6.14832654437154e-05,false_negative,2408
https://openalex.org/T11396,https://openalex.org/T12072,2015,2016,2020,0.3898712452512801,1,3,5,0.14285714285714285,15,3.0,6.0,0,0,6.112480644840474e-05,true_negative,2409
https://openalex.org/T11396,https://openalex.org/T12761,2015,2016,2020,0.3898712452512801,1,3,5,0.14285714285714285,15,3.0,6.0,0,0,6.112480644840474e-05,true_negative,2410
https://openalex.org/T10015,https://openalex.org/T10052,2015,2016,2020,0.5581106265512472,1,36,6,0.024390243902439025,216,158.0,6.0,0,0,6.040901664768469e-05,true_negative,2411
https://openalex.org/T11578,https://openalex.org/T13664,2015,2016,2020,0.2790553132756236,1,4,9,0.08333333333333333,36,4.0,18.0,0,0,5.981716583410706e-05,true_negative,2414
https://openalex.org/T10857,https://openalex.org/T13664,2015,2016,2020,0.2790553132756236,1,4,9,0.08333333333333333,36,4.0,18.0,0,0,5.981716583410706e-05,true_negative,2413
https://openalex.org/T10857,https://openalex.org/T11269,2015,2016,2020,0.2790553132756236,1,4,9,0.08333333333333333,36,4.0,16.0,0,0,5.981716583410706e-05,true_negative,2412
https://openalex.org/T10074,https://openalex.org/T10857,2015,2016,2020,0.5581106265512472,1,7,4,0.1,28,14.0,4.0,0,0,5.937091896408018e-05,true_negative,2415
https://openalex.org/T10084,https://openalex.org/T12679,2015,2016,2020,0.31465798044412485,1,2,4,0.2,8,2.0,6.0,0,0,5.9331303911135425e-05,true_negative,2416
https://openalex.org/T11071,https://openalex.org/T12679,2015,2016,2020,0.31465798044412485,1,2,4,0.2,8,2.0,6.0,0,0,5.9331303911135425e-05,true_negative,2417
https://openalex.org/T10176,https://openalex.org/T10878,2015,2016,2020,0.5581106265512472,1,4,9,0.08333333333333333,36,6.0,14.0,0,0,5.9094612113250515e-05,true_negative,2418
https://openalex.org/T10120,https://openalex.org/T11881,2015,2016,2020,0.36067376022224085,1,6,4,0.1111111111111111,24,10.0,6.0,0,0,5.902406295820708e-05,true_negative,2419
https://openalex.org/T10241,https://openalex.org/T10689,2015,2016,2020,0.5581106265512472,1,6,2,0.14285714285714285,12,18.0,2.0,0,0,5.896919758742982e-05,true_negative,2420
https://openalex.org/T12781,https://openalex.org/T14334,2015,2016,2020,0.6213349345596119,1,1,4,0.25,4,1.0,4.0,0,0,5.881002289187388e-05,true_negative,2421
https://openalex.org/T12781,https://openalex.org/T14393,2015,2016,2020,0.6213349345596119,1,1,4,0.25,4,1.0,4.0,0,0,5.881002289187388e-05,true_negative,2422
https://openalex.org/T10211,https://openalex.org/T13664,2015,2016,2020,0.318928988903801,1,8,9,0.0625,72,14.0,18.0,0,0,5.869203329214285e-05,true_negative,2423
https://openalex.org/T10015,https://openalex.org/T10336,2015,2016,2020,0.3898712452512801,1,36,10,0.022222222222222223,360,158.0,11.0,0,0,5.7937575854982e-05,true_negative,2424
https://openalex.org/T10206,https://openalex.org/T13748,2015,2016,2020,0.35295612386476116,1,24,5,0.03571428571428571,120,78.0,6.0,0,0,5.7523273893776235e-05,true_negative,2426
https://openalex.org/T10206,https://openalex.org/T11639,2015,2016,2020,0.36067376022224085,1,24,5,0.03571428571428571,120,78.0,6.0,0,0,5.7523273893776235e-05,true_negative,2425
https://openalex.org/T10885,https://openalex.org/T12072,2015,2016,2020,0.35295612386476116,1,25,5,0.034482758620689655,125,62.0,6.0,0,0,5.7523273893776235e-05,true_negative,2427
https://openalex.org/T11287,https://openalex.org/T12134,2015,2016,2020,0.2790553132756236,1,13,2,0.07142857142857142,26,20.0,2.0,0,0,5.7099544253924985e-05,true_negative,2430
https://openalex.org/T11287,https://openalex.org/T11879,2015,2016,2020,0.2790553132756236,1,13,2,0.07142857142857142,26,20.0,2.0,0,0,5.7099544253924985e-05,true_negative,2429
https://openalex.org/T11287,https://openalex.org/T11470,2015,2016,2020,0.2790553132756236,1,13,2,0.07142857142857142,26,20.0,2.0,0,0,5.7099544253924985e-05,true_negative,2428
https://openalex.org/T10986,https://openalex.org/T11181,2015,2016,2020,0.6213349345596119,1,2,3,0.25,6,2.0,4.0,0,0,5.690400148781493e-05,true_negative,2432
https://openalex.org/T10186,https://openalex.org/T13447,2015,2016,2020,0.6213349345596119,1,2,3,0.25,6,2.0,4.0,0,0,5.690400148781493e-05,true_negative,2431
https://openalex.org/T10519,https://openalex.org/T11289,2015,2016,2020,0.6295964561836069,2,4,6,0.25,24,8.0,8.0,0,0,5.687203900513779e-05,true_negative,2434
https://openalex.org/T10519,https://openalex.org/T10932,2015,2016,2020,0.6295964561836069,2,4,6,0.25,24,8.0,8.0,0,0,5.687203900513779e-05,true_negative,2433
https://openalex.org/T10519,https://openalex.org/T11710,2015,2016,2020,0.6295964561836069,2,4,6,0.25,24,8.0,8.0,0,0,5.687203900513779e-05,true_negative,2435
https://openalex.org/T10185,https://openalex.org/T10500,2015,2016,2020,0.4170323914242463,1,2,11,0.08333333333333333,22,2.0,20.0,0,0,5.6835535565943834e-05,true_negative,2436
https://openalex.org/T10042,https://openalex.org/T11304,2015,2016,2020,0.5581106265512472,1,2,4,0.2,8,2.0,12.0,0,0,5.6414673576742586e-05,true_negative,2437
https://openalex.org/T10689,https://openalex.org/T11304,2015,2016,2020,0.5581106265512472,1,2,4,0.2,8,2.0,12.0,0,0,5.6414673576742586e-05,true_negative,2438
https://openalex.org/T10120,https://openalex.org/T10591,2015,2016,2020,0.36067376022224085,1,6,4,0.1111111111111111,24,10.0,4.0,0,0,5.624806321735492e-05,true_negative,2439
https://openalex.org/T10050,https://openalex.org/T10157,2015,2016,2020,0.45511961331341866,1,5,4,0.125,20,5.0,5.0,0,0,5.5681983218196494e-05,true_negative,2440
https://openalex.org/T10176,https://openalex.org/T10549,2015,2016,2020,0.43429448190325176,1,4,2,0.2,8,6.0,2.0,0,0,5.5649665244752184e-05,true_negative,2441
https://openalex.org/T10176,https://openalex.org/T10583,2015,2016,2020,0.43429448190325176,1,4,2,0.2,8,6.0,2.0,0,0,5.5649665244752184e-05,true_negative,2442
https://openalex.org/T10176,https://openalex.org/T11677,2015,2016,2020,0.43429448190325176,1,4,2,0.2,8,6.0,2.0,0,0,5.5649665244752184e-05,true_negative,2443
https://openalex.org/T10621,https://openalex.org/T13976,2015,2016,2020,0.40242960438184466,1,6,2,0.14285714285714285,12,6.0,2.0,0,0,5.548050528684096e-05,true_negative,2446
https://openalex.org/T10621,https://openalex.org/T10742,2015,2016,2020,0.40242960438184466,1,6,2,0.14285714285714285,12,6.0,2.0,0,0,5.548050528684096e-05,true_negative,2444
https://openalex.org/T10621,https://openalex.org/T11476,2015,2016,2020,0.40242960438184466,1,6,2,0.14285714285714285,12,6.0,2.0,0,0,5.548050528684096e-05,true_negative,2445
https://openalex.org/T11879,https://openalex.org/T12134,2015,2016,2020,0.6814849176574682,2,2,2,1.0,4,2.0,2.0,0,0,5.471239471502697e-05,true_negative,2447
https://openalex.org/T10066,https://openalex.org/T10683,2015,2016,2020,0.5138983423697507,1,12,5,0.0625,60,26.0,10.0,0,0,5.464627186994445e-05,true_negative,2448
https://openalex.org/T10015,https://openalex.org/T10303,2015,2016,2020,0.3898712452512801,1,36,5,0.025,180,158.0,6.0,0,0,5.458232546216613e-05,true_negative,2450
https://openalex.org/T10015,https://openalex.org/T10062,2015,2016,2020,0.45511961331341866,1,36,5,0.025,180,158.0,6.0,0,0,5.458232546216613e-05,true_negative,2449
https://openalex.org/T10206,https://openalex.org/T10522,2015,2016,2020,0.43429448190325176,1,24,8,0.03225806451612903,192,78.0,8.0,0,0,5.458232546216613e-05,true_negative,2452
https://openalex.org/T10015,https://openalex.org/T10538,2015,2016,2020,0.45511961331341866,1,36,7,0.023809523809523808,252,158.0,7.0,0,0,5.458232546216613e-05,true_negative,2451
https://openalex.org/T10066,https://openalex.org/T11162,2015,2016,2020,0.2790553132756236,1,12,13,0.041666666666666664,156,26.0,28.0,0,0,5.449354301778047e-05,true_negative,2453
https://openalex.org/T12664,https://openalex.org/T13398,2015,2016,2020,0.31465798044412485,1,3,11,0.07692307692307693,33,8.0,13.0,0,0,5.4140417048437695e-05,true_negative,2454
https://openalex.org/T10243,https://openalex.org/T11744,2015,2016,2020,0.31465798044412485,1,12,6,0.058823529411764705,72,18.0,20.0,0,0,5.408265591679764e-05,true_negative,2455
https://openalex.org/T10096,https://openalex.org/T10683,2015,2016,2020,0.35295612386476116,1,4,5,0.125,20,4.0,10.0,0,0,5.398682100364398e-05,true_negative,2456
https://openalex.org/T10352,https://openalex.org/T10629,2015,2016,2020,0.45511961331341866,1,2,16,0.058823529411764705,32,2.0,28.0,0,0,5.3822906330279524e-05,true_negative,2457
https://openalex.org/T13051,https://openalex.org/T13412,2015,2016,2020,0.3459762562611936,1,2,2,0.3333333333333333,4,2.0,2.0,0,0,5.325140979654477e-05,true_negative,2488
https://openalex.org/T12950,https://openalex.org/T13765,2015,2016,2020,0.3459762562611936,1,2,2,0.3333333333333333,4,2.0,2.0,0,0,5.325140979654477e-05,true_negative,2486
https://openalex.org/T10338,https://openalex.org/T12220,2015,2016,2020,0.33380820069533407,1,2,2,0.3333333333333333,4,2.0,2.0,0,0,5.325140979654477e-05,true_negative,2468
https://openalex.org/T12694,https://openalex.org/T13051,2015,2016,2020,0.3459762562611936,1,2,2,0.3333333333333333,4,2.0,2.0,0,0,5.325140979654477e-05,true_negative,2477
https://openalex.org/T10186,https://openalex.org/T12790,2015,2016,2020,0.3459762562611936,1,2,2,0.3333333333333333,4,2.0,2.0,0,0,5.325140979654477e-05,true_negative,2459
https://openalex.org/T12950,https://openalex.org/T14023,2015,2016,2020,0.3459762562611936,1,2,2,0.3333333333333333,4,2.0,2.0,0,0,5.325140979654477e-05,true_negative,2487
https://openalex.org/T13765,https://openalex.org/T14023,2015,2016,2020,0.3459762562611936,1,2,2,0.3333333333333333,4,2.0,2.0,0,0,5.325140979654477e-05,true_negative,2493
https://openalex.org/T10186,https://openalex.org/T14023,2015,2016,2020,0.3459762562611936,1,2,2,0.3333333333333333,4,2.0,2.0,0,0,5.325140979654477e-05,true_negative,2464
https://openalex.org/T10478,https://openalex.org/T11341,2015,2016,2020,0.33380820069533407,1,2,2,0.3333333333333333,4,2.0,2.0,0,0,5.325140979654477e-05,true_negative,2469
https://openalex.org/T12790,https://openalex.org/T13051,2015,2016,2020,0.3459762562611936,1,2,2,0.3333333333333333,4,2.0,2.0,0,0,5.325140979654477e-05,true_negative,2481
https://openalex.org/T12694,https://openalex.org/T14023,2015,2016,2020,0.3459762562611936,1,2,2,0.3333333333333333,4,2.0,2.0,0,0,5.325140979654477e-05,true_negative,2479
https://openalex.org/T13051,https://openalex.org/T13765,2015,2016,2020,0.3459762562611936,1,2,2,0.3333333333333333,4,2.0,2.0,0,0,5.325140979654477e-05,true_negative,2489
https://openalex.org/T10186,https://openalex.org/T13765,2015,2016,2020,0.3459762562611936,1,2,2,0.3333333333333333,4,2.0,2.0,0,0,5.325140979654477e-05,true_negative,2463
https://openalex.org/T13051,https://openalex.org/T14023,2015,2016,2020,0.3459762562611936,1,2,2,0.3333333333333333,4,2.0,2.0,0,0,5.325140979654477e-05,true_negative,2490
https://openalex.org/T12694,https://openalex.org/T12790,2015,2016,2020,0.3459762562611936,1,2,2,0.3333333333333333,4,2.0,2.0,0,0,5.325140979654477e-05,true_negative,2475
https://openalex.org/T10186,https://openalex.org/T12950,2015,2016,2020,0.3459762562611936,1,2,2,0.3333333333333333,4,2.0,2.0,0,0,5.325140979654477e-05,true_negative,2460
https://openalex.org/T10186,https://openalex.org/T13412,2015,2016,2020,0.3459762562611936,1,2,2,0.3333333333333333,4,2.0,2.0,0,0,5.325140979654477e-05,true_negative,2462
https://openalex.org/T10186,https://openalex.org/T13051,2015,2016,2020,0.3459762562611936,1,2,2,0.3333333333333333,4,2.0,2.0,0,0,5.325140979654477e-05,true_negative,2461
https://openalex.org/T12694,https://openalex.org/T12950,2015,2016,2020,0.3459762562611936,1,2,2,0.3333333333333333,4,2.0,2.0,0,0,5.325140979654477e-05,true_negative,2476
https://openalex.org/T10478,https://openalex.org/T11992,2015,2016,2020,0.33380820069533407,1,2,2,0.3333333333333333,4,2.0,2.0,0,0,5.325140979654477e-05,true_negative,2470
https://openalex.org/T12694,https://openalex.org/T13412,2015,2016,2020,0.3459762562611936,1,2,2,0.3333333333333333,4,2.0,2.0,0,0,5.325140979654477e-05,true_negative,2478
https://openalex.org/T10186,https://openalex.org/T12694,2015,2016,2020,0.3459762562611936,1,2,2,0.3333333333333333,4,2.0,2.0,0,0,5.325140979654477e-05,true_negative,2458
https://openalex.org/T10478,https://openalex.org/T12220,2015,2016,2020,0.33380820069533407,1,2,2,0.3333333333333333,4,2.0,2.0,0,0,5.325140979654477e-05,true_negative,2471
https://openalex.org/T11341,https://openalex.org/T11992,2015,2016,2020,0.33380820069533407,1,2,2,0.3333333333333333,4,2.0,2.0,0,0,5.325140979654477e-05,true_negative,2472
https://openalex.org/T12950,https://openalex.org/T13051,2015,2016,2020,0.3459762562611936,1,2,2,0.3333333333333333,4,2.0,2.0,0,0,5.325140979654477e-05,true_negative,2485
https://openalex.org/T13412,https://openalex.org/T14023,2015,2016,2020,0.3459762562611936,1,2,2,0.3333333333333333,4,2.0,2.0,0,0,5.325140979654477e-05,true_negative,2492
https://openalex.org/T10338,https://openalex.org/T10478,2015,2016,2020,0.33380820069533407,1,2,2,0.3333333333333333,4,2.0,2.0,0,0,5.325140979654477e-05,true_negative,2465
https://openalex.org/T12790,https://openalex.org/T13412,2015,2016,2020,0.3459762562611936,1,2,2,0.3333333333333333,4,2.0,2.0,0,0,5.325140979654477e-05,true_negative,2482
https://openalex.org/T11341,https://openalex.org/T12220,2015,2016,2020,0.33380820069533407,1,2,2,0.3333333333333333,4,2.0,2.0,0,0,5.325140979654477e-05,true_negative,2473
https://openalex.org/T11992,https://openalex.org/T12220,2015,2016,2020,0.33380820069533407,1,2,2,0.3333333333333333,4,2.0,2.0,0,0,5.325140979654477e-05,true_negative,2474
https://openalex.org/T12790,https://openalex.org/T12950,2015,2016,2020,0.3459762562611936,1,2,2,0.3333333333333333,4,2.0,2.0,0,0,5.325140979654477e-05,true_negative,2480
https://openalex.org/T10338,https://openalex.org/T11992,2015,2016,2020,0.33380820069533407,1,2,2,0.3333333333333333,4,2.0,2.0,0,0,5.325140979654477e-05,true_negative,2467
https://openalex.org/T10338,https://openalex.org/T11341,2015,2016,2020,0.33380820069533407,1,2,2,0.3333333333333333,4,2.0,2.0,0,0,5.325140979654477e-05,true_negative,2466
https://openalex.org/T12790,https://openalex.org/T14023,2015,2016,2020,0.3459762562611936,1,2,2,0.3333333333333333,4,2.0,2.0,0,0,5.325140979654477e-05,true_negative,2484
https://openalex.org/T12790,https://openalex.org/T13765,2015,2016,2020,0.3459762562611936,1,2,2,0.3333333333333333,4,2.0,2.0,0,0,5.325140979654477e-05,true_negative,2483
https://openalex.org/T13412,https://openalex.org/T13765,2015,2016,2020,0.3459762562611936,1,2,2,0.3333333333333333,4,2.0,2.0,0,0,5.325140979654477e-05,true_negative,2491
https://openalex.org/T10526,https://openalex.org/T11948,2015,2016,2020,0.48089834696298783,1,2,17,0.05555555555555555,34,2.0,24.0,0,0,5.316828291994894e-05,true_negative,2495
https://openalex.org/T10112,https://openalex.org/T11948,2015,2016,2020,0.48089834696298783,1,2,17,0.05555555555555555,34,2.0,24.0,0,0,5.316828291994894e-05,true_negative,2494
https://openalex.org/T11341,https://openalex.org/T11948,2015,2016,2020,0.48089834696298783,1,2,17,0.05555555555555555,34,2.0,24.0,0,0,5.316828291994894e-05,true_negative,2496
https://openalex.org/T11744,https://openalex.org/T11981,2015,2016,2020,0.6753317406663657,2,6,8,0.16666666666666666,48,20.0,14.0,0,0,5.2229594045806826e-05,true_negative,2497
https://openalex.org/T10141,https://openalex.org/T10836,2015,2016,2020,0.40242960438184466,1,3,7,0.1111111111111111,21,4.0,12.0,0,0,5.221828932814554e-05,true_negative,2498
https://openalex.org/T10074,https://openalex.org/T10663,2015,2016,2020,0.48089834696298783,1,7,3,0.1111111111111111,21,14.0,8.0,0,0,5.2048556451069474e-05,true_negative,2499
https://openalex.org/T10932,https://openalex.org/T11970,2015,2016,2020,0.9086517694592305,3,6,9,0.25,54,8.0,20.0,0,0,5.1999939587585776e-05,true_negative,2500
https://openalex.org/T10604,https://openalex.org/T10932,2015,2016,2020,0.5897227805554295,2,8,6,0.16666666666666666,48,20.0,8.0,0,0,5.1886682605869226e-05,true_negative,2501
https://openalex.org/T11577,https://openalex.org/T11642,2015,2016,2020,0.35295612386476116,1,6,11,0.0625,66,6.0,26.0,0,0,5.153259400711203e-05,true_negative,2502
https://openalex.org/T10885,https://openalex.org/T11354,2015,2016,2020,0.2790553132756236,1,25,3,0.037037037037037035,75,62.0,16.0,0,0,5.142666355890565e-05,true_negative,2503
https://openalex.org/T10467,https://openalex.org/T14313,2015,2016,2020,0.5138983423697507,1,9,1,0.1111111111111111,9,13.0,1.0,0,0,5.14072299973827e-05,true_negative,2505
https://openalex.org/T10467,https://openalex.org/T11060,2015,2016,2020,0.5138983423697507,1,9,1,0.1111111111111111,9,13.0,1.0,0,0,5.14072299973827e-05,true_negative,2504
https://openalex.org/T10057,https://openalex.org/T11210,2015,2016,2020,0.4170323914242463,1,8,2,0.1111111111111111,16,20.0,2.0,0,0,5.133104889615052e-05,true_negative,2509
https://openalex.org/T10057,https://openalex.org/T10185,2015,2016,2020,0.4170323914242463,1,8,2,0.1111111111111111,16,20.0,2.0,0,0,5.133104889615052e-05,true_negative,2506
https://openalex.org/T10057,https://openalex.org/T10770,2015,2016,2020,0.4170323914242463,1,8,2,0.1111111111111111,16,20.0,2.0,0,0,5.133104889615052e-05,true_negative,2507
https://openalex.org/T10057,https://openalex.org/T11205,2015,2016,2020,0.4170323914242463,1,8,2,0.1111111111111111,16,20.0,2.0,0,0,5.133104889615052e-05,true_negative,2508
https://openalex.org/T10083,https://openalex.org/T10281,2015,2016,2020,0.9947966893327386,2,20,4,0.09090909090909091,80,52.0,8.0,0,0,5.101669426411376e-05,true_negative,2510
https://openalex.org/T10057,https://openalex.org/T12303,2015,2016,2020,0.43429448190325176,1,8,2,0.1111111111111111,16,20.0,2.0,0,0,5.101056180808293e-05,true_negative,2511
https://openalex.org/T10027,https://openalex.org/T10528,2015,2016,2020,0.6213349345596119,1,8,4,0.09090909090909091,32,10.0,4.0,0,0,5.098738392030788e-05,true_negative,2513
https://openalex.org/T10009,https://openalex.org/T12279,2015,2016,2020,0.6213349345596119,1,8,4,0.09090909090909091,32,10.0,4.0,0,0,5.098738392030788e-05,true_negative,2512
https://openalex.org/T10036,https://openalex.org/T12101,2015,2016,2020,0.6213349345596119,1,8,4,0.09090909090909091,32,10.0,4.0,0,0,5.098738392030788e-05,true_negative,2514
https://openalex.org/T10012,https://openalex.org/T13937,2015,2016,2020,0.5979843021794247,2,11,8,0.11764705882352941,88,32.0,12.0,0,0,5.087481642992772e-05,true_negative,2515
https://openalex.org/T10467,https://openalex.org/T10609,2015,2016,2020,0.48089834696298783,1,9,5,0.07692307692307693,45,13.0,6.0,0,0,5.0646333501409325e-05,true_negative,2516
https://openalex.org/T11269,https://openalex.org/T11396,2015,2016,2020,0.9037695876210308,2,9,3,0.2,27,16.0,3.0,0,0,5.031481149622476e-05,true_negative,2517
https://openalex.org/T10206,https://openalex.org/T11011,2015,2016,2020,0.35295612386476116,1,24,5,0.03571428571428571,120,78.0,8.0,0,0,4.9724596919749524e-05,true_negative,2518
https://openalex.org/T10123,https://openalex.org/T11642,2015,2016,2020,0.3898712452512801,1,2,11,0.08333333333333333,22,2.0,26.0,0,0,4.968888890850059e-05,true_negative,2519
https://openalex.org/T10932,https://openalex.org/T13937,2015,2016,2020,1.1560949287306719,3,6,8,0.2727272727272727,48,8.0,12.0,0,0,4.908229037060962e-05,true_negative,2520
https://openalex.org/T10042,https://openalex.org/T10241,2015,2016,2020,1.4683498531780845,2,2,6,0.3333333333333333,12,2.0,18.0,0,0,4.851162493232774e-05,true_negative,2521
https://openalex.org/T10010,https://openalex.org/T10129,2015,2016,2020,0.7213475204444817,1,7,6,0.08333333333333333,42,8.0,6.0,0,0,4.83718175733996e-05,true_negative,2522
https://openalex.org/T11307,https://openalex.org/T12056,2015,2016,2020,0.6213349345596119,1,10,4,0.07692307692307693,40,14.0,4.0,0,0,4.779767532756401e-05,true_negative,2524
https://openalex.org/T11307,https://openalex.org/T12002,2015,2016,2020,0.6213349345596119,1,10,4,0.07692307692307693,40,14.0,4.0,0,0,4.779767532756401e-05,true_negative,2523
https://openalex.org/T11272,https://openalex.org/T11948,2015,2016,2020,0.48089834696298783,1,2,17,0.05555555555555555,34,4.0,24.0,0,0,4.755453163106862e-05,true_negative,2525
https://openalex.org/T13398,https://openalex.org/T13487,2015,2016,2020,0.36926937306885504,1,11,2,0.08333333333333333,22,13.0,2.0,0,0,4.707773052187326e-05,true_negative,2530
https://openalex.org/T10136,https://openalex.org/T12368,2015,2016,2020,0.36926937306885504,1,11,2,0.08333333333333333,22,14.0,2.0,0,0,4.707773052187326e-05,true_negative,2528
https://openalex.org/T10136,https://openalex.org/T11918,2015,2016,2020,0.36926937306885504,1,11,2,0.08333333333333333,22,14.0,2.0,0,0,4.707773052187326e-05,true_negative,2526
https://openalex.org/T10136,https://openalex.org/T12135,2015,2016,2020,0.36926937306885504,1,11,2,0.08333333333333333,22,14.0,2.0,0,0,4.707773052187326e-05,true_negative,2527
https://openalex.org/T10136,https://openalex.org/T13487,2015,2016,2020,0.36926937306885504,1,11,2,0.08333333333333333,22,14.0,2.0,0,0,4.707773052187326e-05,true_negative,2529
https://openalex.org/T10715,https://openalex.org/T11578,2015,2016,2020,0.2790553132756236,1,2,4,0.2,8,2.0,4.0,0,0,4.703859083766835e-05,true_negative,2538
https://openalex.org/T10084,https://openalex.org/T10102,2015,2016,2020,0.31465798044412485,1,2,4,0.2,8,2.0,4.0,0,0,4.703859083766835e-05,true_negative,2531
https://openalex.org/T10084,https://openalex.org/T11880,2015,2016,2020,0.31465798044412485,1,2,4,0.2,8,2.0,4.0,0,0,4.703859083766835e-05,true_negative,2533
https://openalex.org/T10602,https://openalex.org/T11578,2015,2016,2020,0.2790553132756236,1,2,4,0.2,8,2.0,4.0,0,0,4.703859083766835e-05,true_negative,2536
https://openalex.org/T11071,https://openalex.org/T11880,2015,2016,2020,0.31465798044412485,1,2,4,0.2,8,2.0,4.0,0,0,4.703859083766835e-05,true_negative,2539
https://openalex.org/T10602,https://openalex.org/T10857,2015,2016,2020,0.2790553132756236,1,2,4,0.2,8,2.0,4.0,0,0,4.703859083766835e-05,true_negative,2535
https://openalex.org/T10084,https://openalex.org/T10157,2015,2016,2020,0.31465798044412485,1,2,4,0.2,8,2.0,5.0,0,0,4.703859083766835e-05,true_negative,2532
https://openalex.org/T10084,https://openalex.org/T12574,2015,2016,2020,0.31465798044412485,1,2,4,0.2,8,2.0,4.0,0,0,4.703859083766835e-05,true_negative,2534
https://openalex.org/T10715,https://openalex.org/T10857,2015,2016,2020,0.2790553132756236,1,2,4,0.2,8,2.0,4.0,0,0,4.703859083766835e-05,true_negative,2537
https://openalex.org/T10521,https://openalex.org/T10725,2015,2016,2020,0.45511961331341866,1,18,7,0.041666666666666664,126,50.0,10.0,0,0,4.6568426060674716e-05,true_negative,2540
https://openalex.org/T11577,https://openalex.org/T11772,2015,2016,2020,0.35295612386476116,1,6,2,0.14285714285714285,12,6.0,2.0,0,0,4.653901936212793e-05,true_negative,2542
https://openalex.org/T11577,https://openalex.org/T11629,2015,2016,2020,0.35295612386476116,1,6,2,0.14285714285714285,12,6.0,2.0,0,0,4.653901936212793e-05,true_negative,2541
https://openalex.org/T10923,https://openalex.org/T12046,2015,2016,2020,0.33380820069533407,1,6,4,0.1111111111111111,24,6.0,8.0,0,0,4.643931039305848e-05,true_negative,2543
https://openalex.org/T11277,https://openalex.org/T12046,2015,2016,2020,0.33380820069533407,1,6,4,0.1111111111111111,24,6.0,8.0,0,0,4.643931039305848e-05,true_negative,2544
https://openalex.org/T10211,https://openalex.org/T10303,2015,2016,2020,0.750545005473521,2,8,5,0.18181818181818182,40,14.0,6.0,0,0,4.617694951742131e-05,true_negative,2545
https://openalex.org/T10158,https://openalex.org/T10371,2015,2016,2020,0.5581106265512472,1,9,4,0.08333333333333333,36,12.0,6.0,0,0,4.581921959956703e-05,true_negative,2546
https://openalex.org/T10158,https://openalex.org/T11668,2015,2016,2020,0.5581106265512472,1,9,4,0.08333333333333333,36,12.0,6.0,0,0,4.581921959956703e-05,true_negative,2547
https://openalex.org/T10521,https://openalex.org/T12535,2015,2016,2020,0.45511961331341866,1,18,13,0.03333333333333333,234,50.0,17.0,0,0,4.565935287286557e-05,true_negative,2549
https://openalex.org/T10015,https://openalex.org/T12535,2015,2016,2020,0.45511961331341866,1,36,13,0.020833333333333332,468,158.0,17.0,0,0,4.565935287286557e-05,true_negative,2548
https://openalex.org/T10932,https://openalex.org/T11213,2015,2016,2020,0.5897227805554295,2,6,12,0.125,72,8.0,18.0,0,0,4.545816838606729e-05,true_negative,2550
https://openalex.org/T10627,https://openalex.org/T12761,2015,2016,2020,0.3898712452512801,1,9,5,0.07692307692307693,45,12.0,6.0,0,0,4.5341724126990844e-05,true_negative,2551
https://openalex.org/T11639,https://openalex.org/T12443,2015,2016,2020,0.36067376022224085,1,5,8,0.08333333333333333,40,6.0,20.0,0,0,4.5260213892142954e-05,true_negative,2552
https://openalex.org/T10222,https://openalex.org/T11577,2015,2016,2020,0.35295612386476116,1,11,6,0.0625,66,16.0,6.0,0,0,4.5126786924497164e-05,true_negative,2553
https://openalex.org/T10522,https://openalex.org/T12039,2015,2016,2020,0.7213475204444817,1,8,3,0.1,24,8.0,4.0,0,0,4.506763827572423e-05,true_negative,2555
https://openalex.org/T10522,https://openalex.org/T11733,2015,2016,2020,0.7213475204444817,1,8,3,0.1,24,8.0,4.0,0,0,4.506763827572423e-05,true_negative,2554
https://openalex.org/T10688,https://openalex.org/T12814,2015,2016,2020,0.35295612386476116,1,10,3,0.08333333333333333,30,12.0,4.0,0,0,4.50652068324109e-05,true_negative,2556
https://openalex.org/T10320,https://openalex.org/T10522,2015,2016,2020,0.43429448190325176,1,17,8,0.041666666666666664,136,31.0,8.0,0,0,4.475384828883176e-05,true_negative,2557
https://openalex.org/T11791,https://openalex.org/T13937,2015,2016,2020,0.5979843021794247,2,12,8,0.1111111111111111,96,32.0,12.0,0,0,4.45252638978414e-05,true_negative,2558
https://openalex.org/T10836,https://openalex.org/T11213,2015,2016,2020,0.31066746727980593,1,7,12,0.05555555555555555,84,12.0,18.0,0,0,4.437334003161285e-05,true_negative,2559
https://openalex.org/T10519,https://openalex.org/T12592,2015,2016,2020,0.318928988903801,1,4,6,0.1111111111111111,24,8.0,10.0,0,0,4.4345102341474484e-05,true_negative,2560
https://openalex.org/T10184,https://openalex.org/T11482,2015,2016,2020,0.45511961331341866,1,4,11,0.07142857142857142,44,4.0,26.0,0,0,4.431804536092982e-05,true_negative,2561
https://openalex.org/T10432,https://openalex.org/T10521,2015,2016,2020,0.36067376022224085,1,2,18,0.05263157894736842,36,2.0,50.0,0,0,4.419619830994982e-05,true_negative,2562
https://openalex.org/T10492,https://openalex.org/T10521,2015,2016,2020,0.36067376022224085,1,2,18,0.05263157894736842,36,2.0,50.0,0,0,4.419619830994982e-05,true_negative,2563
https://openalex.org/T13083,https://openalex.org/T13777,2015,2016,2020,0.6213349345596119,1,2,4,0.2,8,2.0,4.0,0,0,4.264041835947205e-05,true_negative,2566
https://openalex.org/T10145,https://openalex.org/T13777,2015,2016,2020,0.6213349345596119,1,2,4,0.2,8,2.0,4.0,0,0,4.264041835947205e-05,true_negative,2564
https://openalex.org/T10400,https://openalex.org/T10462,2015,2016,2020,0.6213349345596119,1,2,4,0.2,8,2.0,4.0,0,0,4.264041835947205e-05,true_negative,2565
https://openalex.org/T10417,https://openalex.org/T10500,2015,2016,2020,0.48089834696298783,1,4,11,0.07142857142857142,44,4.0,20.0,0,0,4.2475392243896505e-05,true_negative,2567
https://openalex.org/T10068,https://openalex.org/T10355,2015,2016,2020,0.6213349345596119,1,8,4,0.09090909090909091,32,11.0,6.0,0,0,4.241262198775352e-05,true_negative,2568
https://openalex.org/T10462,https://openalex.org/T10500,2015,2016,2020,0.43429448190325176,1,4,11,0.07142857142857142,44,4.0,20.0,0,0,4.189981034968579e-05,true_negative,2569
https://openalex.org/T10186,https://openalex.org/T13349,2015,2016,2020,0.3459762562611936,1,2,3,0.25,6,2.0,4.0,0,0,4.1759631334601884e-05,true_negative,2570
https://openalex.org/T12950,https://openalex.org/T13349,2015,2016,2020,0.3459762562611936,1,2,3,0.25,6,2.0,4.0,0,0,4.1759631334601884e-05,true_negative,2572
https://openalex.org/T12694,https://openalex.org/T13349,2015,2016,2020,0.3459762562611936,1,2,3,0.25,6,2.0,4.0,0,0,4.1759631334601884e-05,true_negative,2571
https://openalex.org/T10885,https://openalex.org/T11772,2015,2016,2020,0.7553857282466059,2,25,2,0.08,50,62.0,2.0,0,0,4.143281297497086e-05,true_negative,2573
https://openalex.org/T10182,https://openalex.org/T11519,2015,2016,2020,0.35295612386476116,1,7,2,0.125,14,8.0,2.0,0,0,4.118115144730912e-05,true_negative,2574
https://openalex.org/T10353,https://openalex.org/T11825,2015,2016,2020,0.35295612386476116,1,7,2,0.125,14,8.0,2.0,0,0,4.118115144730912e-05,true_negative,2575
https://openalex.org/T10353,https://openalex.org/T13104,2015,2016,2020,0.36067376022224085,1,7,2,0.125,14,8.0,2.0,0,0,4.118115144730912e-05,true_negative,2576
https://openalex.org/T10502,https://openalex.org/T13126,2015,2016,2020,0.35295612386476116,1,7,2,0.125,14,8.0,2.0,0,0,4.118115144730912e-05,true_negative,2579
https://openalex.org/T10502,https://openalex.org/T12292,2015,2016,2020,0.35295612386476116,1,7,2,0.125,14,8.0,2.0,0,0,4.118115144730912e-05,true_negative,2578
https://openalex.org/T10502,https://openalex.org/T11206,2015,2016,2020,0.35295612386476116,1,7,2,0.125,14,8.0,2.0,0,0,4.118115144730912e-05,true_negative,2577
https://openalex.org/T10798,https://openalex.org/T12046,2015,2016,2020,0.35295612386476116,1,9,4,0.08333333333333333,36,24.0,8.0,0,0,4.086110652643686e-05,true_negative,2580
https://openalex.org/T11213,https://openalex.org/T12535,2015,2016,2020,0.45511961331341866,1,12,13,0.041666666666666664,156,18.0,17.0,0,0,4.079021365146166e-05,true_negative,2581
https://openalex.org/T12134,https://openalex.org/T12640,2015,2016,2020,0.6814849176574682,2,2,2,1.0,4,2.0,4.0,0,0,4.057935432900875e-05,true_negative,2584
https://openalex.org/T11071,https://openalex.org/T13555,2015,2016,2020,0.667614104308886,2,2,2,1.0,4,2.0,4.0,0,0,4.057935432900875e-05,true_negative,2582
https://openalex.org/T11879,https://openalex.org/T12640,2015,2016,2020,0.6814849176574682,2,2,2,1.0,4,2.0,4.0,0,0,4.057935432900875e-05,true_negative,2583
https://openalex.org/T10885,https://openalex.org/T12640,2015,2016,2020,0.6814849176574682,2,25,2,0.08,50,62.0,4.0,0,0,4.048348854141858e-05,true_negative,2585
https://openalex.org/T10923,https://openalex.org/T12529,2015,2016,2020,0.33380820069533407,1,6,4,0.1111111111111111,24,6.0,4.0,0,0,4.0328246833451516e-05,true_negative,2586
https://openalex.org/T11277,https://openalex.org/T12529,2015,2016,2020,0.33380820069533407,1,6,4,0.1111111111111111,24,6.0,4.0,0,0,4.0328246833451516e-05,true_negative,2587
https://openalex.org/T11206,https://openalex.org/T11447,2015,2016,2020,0.35295612386476116,1,2,10,0.09090909090909091,20,2.0,13.0,0,0,4.0178001309185704e-05,true_negative,2588
https://openalex.org/T10382,https://openalex.org/T10798,2015,2016,2020,0.36067376022224085,1,5,9,0.07692307692307693,45,6.0,24.0,0,0,3.979641374525213e-05,true_negative,2589
https://openalex.org/T12443,https://openalex.org/T12648,2015,2016,2020,0.6753317406663657,2,8,2,0.25,16,20.0,2.0,0,0,3.954649853234625e-05,true_negative,2590
https://openalex.org/T10502,https://openalex.org/T11612,2015,2016,2020,0.7213475204444817,1,7,2,0.125,14,8.0,2.0,0,0,3.94554123884227e-05,true_negative,2593
https://openalex.org/T10010,https://openalex.org/T10950,2015,2016,2020,0.7213475204444817,1,7,2,0.125,14,8.0,2.0,0,0,3.94554123884227e-05,true_negative,2591
https://openalex.org/T10353,https://openalex.org/T11362,2015,2016,2020,0.7213475204444817,1,7,2,0.125,14,8.0,2.0,0,0,3.94554123884227e-05,true_negative,2592
https://openalex.org/T10096,https://openalex.org/T12039,2015,2016,2020,0.7213475204444817,1,4,3,0.16666666666666666,12,4.0,4.0,0,0,3.907342271742755e-05,true_negative,2595
https://openalex.org/T10096,https://openalex.org/T11733,2015,2016,2020,0.7213475204444817,1,4,3,0.16666666666666666,12,4.0,4.0,0,0,3.907342271742755e-05,true_negative,2594
https://openalex.org/T10158,https://openalex.org/T10269,2015,2016,2020,0.5581106265512472,1,9,9,0.058823529411764705,81,12.0,10.0,0,0,3.881659068622254e-05,true_negative,2596
https://openalex.org/T11483,https://openalex.org/T11588,2015,2016,2020,1.344533708530089,2,2,3,0.6666666666666666,6,2.0,4.0,0,0,3.8795563869305825e-05,true_negative,2597
https://openalex.org/T11642,https://openalex.org/T12640,2015,2016,2020,0.2790553132756236,1,11,2,0.08333333333333333,22,26.0,4.0,0,0,3.8582034890900374e-05,true_negative,2598
https://openalex.org/T10580,https://openalex.org/T11369,2015,2016,2020,0.45511961331341866,1,4,7,0.1,28,6.0,10.0,0,0,3.8299276330336394e-05,true_negative,2599
https://openalex.org/T11639,https://openalex.org/T13309,2015,2016,2020,0.36067376022224085,1,5,9,0.07692307692307693,45,6.0,20.0,0,0,3.8247070891376924e-05,true_negative,2601
https://openalex.org/T11986,https://openalex.org/T12613,2015,2016,2020,0.35295612386476116,1,5,9,0.07692307692307693,45,6.0,20.0,0,0,3.8247070891376924e-05,true_negative,2602
https://openalex.org/T10382,https://openalex.org/T12613,2015,2016,2020,0.36067376022224085,1,5,9,0.07692307692307693,45,6.0,20.0,0,0,3.8247070891376924e-05,true_negative,2600
https://openalex.org/T10269,https://openalex.org/T14393,2015,2016,2020,0.9110667504160084,2,9,4,0.18181818181818182,36,10.0,4.0,0,0,3.776278035112056e-05,true_negative,2603
https://openalex.org/T10417,https://openalex.org/T12820,2015,2016,2020,0.9037695876210308,2,4,4,0.3333333333333333,16,4.0,4.0,0,0,3.757946975644632e-05,true_negative,2604
https://openalex.org/T10627,https://openalex.org/T11105,2015,2016,2020,1.279458146995729,2,9,2,0.2222222222222222,18,12.0,2.0,0,0,3.752083382933752e-05,true_negative,2605
https://openalex.org/T10321,https://openalex.org/T11907,2015,2016,2020,1.365358839940256,2,5,5,0.25,25,12.0,8.0,0,0,3.7277239977279594e-05,true_negative,2606
https://openalex.org/T10050,https://openalex.org/T10629,2015,2016,2020,0.45511961331341866,1,5,16,0.05,80,5.0,28.0,0,0,3.699919268277295e-05,true_negative,2607
https://openalex.org/T11354,https://openalex.org/T11577,2015,2016,2020,0.4170323914242463,1,3,6,0.125,18,16.0,6.0,0,0,3.667107704674211e-05,true_negative,2608
https://openalex.org/T10243,https://openalex.org/T13748,2015,2016,2020,1.177345110247035,3,12,5,0.21428571428571427,60,18.0,6.0,0,0,3.589418047978078e-05,true_negative,2609
https://openalex.org/T10012,https://openalex.org/T12640,2015,2016,2020,0.2790553132756236,1,11,2,0.08333333333333333,22,32.0,4.0,0,0,3.5643672261560836e-05,true_negative,2610
https://openalex.org/T10323,https://openalex.org/T11739,2015,2016,2020,0.8513268733274981,2,2,2,1.0,4,2.0,2.0,0,0,3.560731797502363e-05,true_negative,2611
https://openalex.org/T11205,https://openalex.org/T11210,2015,2016,2020,0.8513268733274981,2,2,2,1.0,4,2.0,2.0,0,0,3.560731797502363e-05,true_negative,2612
https://openalex.org/T10751,https://openalex.org/T11764,2015,2016,2020,0.4170323914242463,1,4,3,0.16666666666666666,12,4.0,8.0,0,0,3.5404666908597555e-05,true_negative,2613
https://openalex.org/T10515,https://openalex.org/T10773,2015,2016,2020,0.7213475204444817,1,4,2,0.2,8,6.0,2.0,0,0,3.53607297761957e-05,true_negative,2615
https://openalex.org/T10371,https://openalex.org/T12955,2015,2016,2020,0.7213475204444817,1,4,2,0.2,8,6.0,2.0,0,0,3.53607297761957e-05,true_negative,2614
https://openalex.org/T10867,https://openalex.org/T12207,2015,2016,2020,0.7213475204444817,1,4,2,0.2,8,6.0,2.0,0,0,3.53607297761957e-05,true_negative,2617
https://openalex.org/T10867,https://openalex.org/T11977,2015,2016,2020,0.7213475204444817,1,4,2,0.2,8,6.0,2.0,0,0,3.53607297761957e-05,true_negative,2616
https://openalex.org/T11668,https://openalex.org/T12955,2015,2016,2020,0.7213475204444817,1,4,2,0.2,8,6.0,2.0,0,0,3.53607297761957e-05,true_negative,2618
https://openalex.org/T10629,https://openalex.org/T13349,2015,2016,2020,0.8010958695746122,2,16,3,0.11764705882352941,48,28.0,4.0,0,0,3.52190014461912e-05,true_negative,2619
https://openalex.org/T10074,https://openalex.org/T10281,2015,2016,2020,0.48089834696298783,1,7,4,0.1,28,14.0,8.0,0,0,3.51306982691541e-05,true_negative,2620
https://openalex.org/T10432,https://openalex.org/T11809,2015,2016,2020,0.8157933735356595,2,2,2,1.0,4,2.0,2.0,0,0,3.474062322248544e-05,true_negative,2621
https://openalex.org/T10120,https://openalex.org/T10857,2015,2016,2020,0.2790553132756236,1,6,4,0.1111111111111111,24,10.0,4.0,0,0,3.469685842952711e-05,true_negative,2622
https://openalex.org/T10120,https://openalex.org/T11578,2015,2016,2020,0.2790553132756236,1,6,4,0.1111111111111111,24,10.0,4.0,0,0,3.469685842952711e-05,true_negative,2623
https://openalex.org/T10492,https://openalex.org/T10932,2015,2016,2020,0.36067376022224085,1,2,6,0.14285714285714285,12,2.0,8.0,0,0,3.467992307697116e-05,true_negative,2625
https://openalex.org/T10432,https://openalex.org/T10932,2015,2016,2020,0.36067376022224085,1,2,6,0.14285714285714285,12,2.0,8.0,0,0,3.467992307697116e-05,true_negative,2624
https://openalex.org/T10275,https://openalex.org/T10321,2015,2016,2020,0.45511961331341866,1,8,5,0.08333333333333333,40,18.0,12.0,0,0,3.463791040684001e-05,true_negative,2626
https://openalex.org/T10222,https://openalex.org/T11928,2015,2016,2020,0.7553857282466059,2,11,3,0.16666666666666666,33,16.0,4.0,0,0,3.434183664107589e-05,true_negative,2627
https://openalex.org/T11354,https://openalex.org/T11791,2015,2016,2020,0.7341749265890423,2,3,12,0.15384615384615385,36,16.0,32.0,0,0,3.42576178379001e-05,true_negative,2628
https://openalex.org/T10826,https://openalex.org/T14313,2015,2016,2020,0.5138983423697507,1,3,1,0.3333333333333333,3,4.0,1.0,0,0,3.410277811163508e-05,true_negative,2630
https://openalex.org/T10826,https://openalex.org/T11060,2015,2016,2020,0.5138983423697507,1,3,1,0.3333333333333333,3,4.0,1.0,0,0,3.410277811163508e-05,true_negative,2629
https://openalex.org/T11468,https://openalex.org/T13664,2015,2016,2020,0.7213585932856457,2,10,9,0.11764705882352941,90,18.0,18.0,0,0,3.407164937393545e-05,true_negative,2631
https://openalex.org/T10799,https://openalex.org/T12592,2015,2016,2020,0.40242960438184466,1,4,6,0.1111111111111111,24,4.0,10.0,0,0,3.387493826705883e-05,true_negative,2633
https://openalex.org/T11901,https://openalex.org/T12592,2015,2016,2020,0.40242960438184466,1,4,6,0.1111111111111111,24,4.0,10.0,0,0,3.387493826705883e-05,true_negative,2635
https://openalex.org/T11273,https://openalex.org/T12592,2015,2016,2020,0.40242960438184466,1,4,6,0.1111111111111111,24,4.0,10.0,0,0,3.387493826705883e-05,true_negative,2634
https://openalex.org/T10637,https://openalex.org/T12592,2015,2016,2020,0.40242960438184466,1,4,6,0.1111111111111111,24,4.0,10.0,0,0,3.387493826705883e-05,true_negative,2632
https://openalex.org/T11011,https://openalex.org/T11071,2015,2016,2020,0.35295612386476116,1,5,2,0.16666666666666666,10,8.0,2.0,0,0,3.334296973992365e-05,true_negative,2636
https://openalex.org/T10355,https://openalex.org/T12659,2015,2016,2020,0.6213349345596119,1,4,2,0.2,8,6.0,2.0,0,0,3.3295917936006414e-05,true_negative,2637
https://openalex.org/T10012,https://openalex.org/T10062,2015,2016,2020,0.45511961331341866,1,11,5,0.06666666666666667,55,32.0,6.0,0,0,3.292398101653607e-05,true_negative,2638
https://openalex.org/T11700,https://openalex.org/T12443,2015,2016,2020,1.2257247308601333,3,3,8,0.375,24,6.0,20.0,0,0,3.2919164646230326e-05,true_negative,2639
https://openalex.org/T10775,https://openalex.org/T13114,2015,2016,2020,0.43429448190325176,1,4,6,0.1111111111111111,24,6.0,6.0,0,0,3.288901306765439e-05,true_negative,2640
https://openalex.org/T12664,https://openalex.org/T13283,2015,2016,2020,0.31465798044412485,1,3,17,0.05263157894736842,51,8.0,19.0,0,0,3.286675111628956e-05,true_negative,2641
https://openalex.org/T10068,https://openalex.org/T11542,2015,2016,2020,0.45511961331341866,1,8,9,0.0625,72,11.0,10.0,0,0,3.2789406429308313e-05,true_negative,2642
https://openalex.org/T12656,https://openalex.org/T13916,2015,2016,2020,1.4426950408889634,2,4,2,0.5,8,4.0,2.0,0,0,3.244862162479971e-05,true_negative,2644
https://openalex.org/T10471,https://openalex.org/T12414,2015,2016,2020,1.4426950408889634,2,4,2,0.5,8,4.0,2.0,0,0,3.244862162479971e-05,true_negative,2643
https://openalex.org/T11289,https://openalex.org/T12254,2015,2016,2020,0.9086517694592305,3,6,4,0.42857142857142855,24,8.0,16.0,0,0,3.236267393409579e-05,true_negative,2646
https://openalex.org/T10932,https://openalex.org/T12254,2015,2016,2020,0.9086517694592305,3,6,4,0.42857142857142855,24,8.0,16.0,0,0,3.236267393409579e-05,true_negative,2645
https://openalex.org/T10602,https://openalex.org/T11354,2015,2016,2020,0.2790553132756236,1,2,3,0.25,6,2.0,16.0,0,0,3.2175838553275574e-05,true_negative,2647
https://openalex.org/T10715,https://openalex.org/T11354,2015,2016,2020,0.2790553132756236,1,2,3,0.25,6,2.0,16.0,0,0,3.2175838553275574e-05,true_negative,2648
https://openalex.org/T11642,https://openalex.org/T11928,2015,2016,2020,0.7553857282466059,2,11,3,0.16666666666666666,33,26.0,4.0,0,0,3.211697185582983e-05,true_negative,2649
https://openalex.org/T10878,https://openalex.org/T11482,2015,2016,2020,0.3459762562611936,1,9,11,0.05263157894736842,99,14.0,26.0,0,0,3.209841914276975e-05,true_negative,2650
https://openalex.org/T10878,https://openalex.org/T11642,2015,2016,2020,0.3459762562611936,1,9,11,0.05263157894736842,99,14.0,26.0,1,0,3.209841914276975e-05,false_negative,2651
https://openalex.org/T10885,https://openalex.org/T13984,2015,2016,2020,0.7553857282466059,2,25,6,0.06896551724137931,150,62.0,6.0,0,0,3.1551386879435094e-05,true_negative,2652
https://openalex.org/T10593,https://openalex.org/T11879,2015,2016,2020,0.40242960438184466,1,2,2,0.3333333333333333,4,2.0,2.0,0,0,3.15319992110624e-05,true_negative,2655
https://openalex.org/T10593,https://openalex.org/T12134,2015,2016,2020,0.40242960438184466,1,2,2,0.3333333333333333,4,2.0,2.0,0,0,3.15319992110624e-05,true_negative,2656
https://openalex.org/T10742,https://openalex.org/T11187,2015,2016,2020,0.40242960438184466,1,2,2,0.3333333333333333,4,2.0,2.0,0,0,3.15319992110624e-05,true_negative,2657
https://openalex.org/T10742,https://openalex.org/T11476,2015,2016,2020,0.40242960438184466,1,2,2,0.3333333333333333,4,2.0,2.0,0,0,3.15319992110624e-05,true_negative,2658
https://openalex.org/T10257,https://openalex.org/T12134,2015,2016,2020,0.40242960438184466,1,2,2,0.3333333333333333,4,2.0,2.0,0,0,3.15319992110624e-05,true_negative,2654
https://openalex.org/T10257,https://openalex.org/T11879,2015,2016,2020,0.40242960438184466,1,2,2,0.3333333333333333,4,2.0,2.0,0,0,3.15319992110624e-05,true_negative,2653
https://openalex.org/T11232,https://openalex.org/T12489,2015,2016,2020,0.40242960438184466,1,2,2,0.3333333333333333,4,2.0,2.0,0,0,3.15319992110624e-05,true_negative,2662
https://openalex.org/T11337,https://openalex.org/T12489,2015,2016,2020,0.40242960438184466,1,2,2,0.3333333333333333,4,2.0,2.0,0,0,3.15319992110624e-05,true_negative,2663
https://openalex.org/T11187,https://openalex.org/T13976,2015,2016,2020,0.40242960438184466,1,2,2,0.3333333333333333,4,2.0,2.0,0,0,3.15319992110624e-05,true_negative,2661
https://openalex.org/T11187,https://openalex.org/T11476,2015,2016,2020,0.40242960438184466,1,2,2,0.3333333333333333,4,2.0,2.0,0,0,3.15319992110624e-05,true_negative,2660
https://openalex.org/T11476,https://openalex.org/T13976,2015,2016,2020,0.40242960438184466,1,2,2,0.3333333333333333,4,2.0,2.0,0,0,3.15319992110624e-05,true_negative,2664
https://openalex.org/T10742,https://openalex.org/T13976,2015,2016,2020,0.40242960438184466,1,2,2,0.3333333333333333,4,2.0,2.0,0,0,3.15319992110624e-05,true_negative,2659
https://openalex.org/T11011,https://openalex.org/T11266,2015,2016,2020,0.5581106265512472,1,5,4,0.125,20,8.0,4.0,0,0,3.122487625575165e-05,true_negative,2665
https://openalex.org/T11229,https://openalex.org/T11928,2015,2016,2020,0.43429448190325176,1,3,3,0.2,9,4.0,4.0,0,0,3.1034849009761896e-05,true_negative,2666
https://openalex.org/T10010,https://openalex.org/T10397,2015,2016,2020,0.7213475204444817,1,7,3,0.1111111111111111,21,8.0,6.0,0,0,3.1030390682461675e-05,true_negative,2667
https://openalex.org/T10775,https://openalex.org/T13126,2015,2016,2020,1.2631953504915985,2,4,2,0.5,8,6.0,2.0,0,0,3.084526454532196e-05,true_negative,2668
https://openalex.org/T11970,https://openalex.org/T12114,2015,2016,2020,0.31066746727980593,1,9,9,0.058823529411764705,81,20.0,10.0,0,0,3.0596579837691834e-05,true_negative,2669
https://openalex.org/T11542,https://openalex.org/T13398,2015,2016,2020,0.667614104308886,2,9,11,0.1111111111111111,99,10.0,13.0,0,0,3.0353240690420074e-05,true_negative,2670
https://openalex.org/T10036,https://openalex.org/T10136,2015,2016,2020,0.3898712452512801,1,8,11,0.05555555555555555,88,10.0,14.0,0,0,3.0253071180639514e-05,true_negative,2671
https://openalex.org/T10078,https://openalex.org/T10179,2015,2016,2020,0.45511961331341866,1,9,7,0.06666666666666667,63,16.0,16.0,0,0,3.0119071360032633e-05,true_negative,2672
https://openalex.org/T10018,https://openalex.org/T12046,2015,2016,2020,0.33380820069533407,1,8,4,0.09090909090909091,32,20.0,8.0,0,0,2.991602036623522e-05,true_negative,2673
https://openalex.org/T10002,https://openalex.org/T11986,2015,2016,2020,0.713629884087002,2,16,5,0.10526315789473684,80,28.0,6.0,0,0,2.9871182394714247e-05,true_negative,2674
https://openalex.org/T11313,https://openalex.org/T11491,2015,2016,2020,0.45511961331341866,1,6,3,0.125,18,6.0,4.0,0,0,2.9860600768676047e-05,true_negative,2675
https://openalex.org/T10235,https://openalex.org/T14334,2015,2016,2020,0.6213349345596119,1,8,4,0.09090909090909091,32,8.0,4.0,0,0,2.982808864399301e-05,true_negative,2676
https://openalex.org/T10031,https://openalex.org/T10261,2015,2016,2020,0.45511961331341866,1,2,17,0.05555555555555555,34,2.0,32.0,0,0,2.977140616536808e-05,true_negative,2677
https://openalex.org/T11020,https://openalex.org/T11597,2015,2016,2020,1.4426950408889634,2,6,4,0.25,24,6.0,4.0,0,0,2.976706700838964e-05,true_negative,2679
https://openalex.org/T11020,https://openalex.org/T11078,2015,2016,2020,1.4426950408889634,2,6,4,0.25,24,6.0,4.0,0,0,2.976706700838964e-05,true_negative,2678
https://openalex.org/T12443,https://openalex.org/T13748,2015,2016,2020,0.6213349345596119,1,8,5,0.08333333333333333,40,20.0,6.0,0,0,2.9599395888249075e-05,true_negative,2680
https://openalex.org/T12557,https://openalex.org/T13104,2015,2016,2020,0.36067376022224085,1,2,2,0.3333333333333333,4,2.0,2.0,0,0,2.939117566445893e-05,true_negative,2698
https://openalex.org/T11206,https://openalex.org/T12292,2015,2016,2020,0.35295612386476116,1,2,2,0.3333333333333333,4,2.0,2.0,0,0,2.939117566445893e-05,true_negative,2689
https://openalex.org/T10432,https://openalex.org/T10492,2015,2016,2020,0.36067376022224085,1,2,2,0.3333333333333333,4,2.0,2.0,0,0,2.939117566445893e-05,true_negative,2683
https://openalex.org/T10492,https://openalex.org/T11809,2015,2016,2020,0.36067376022224085,1,2,2,0.3333333333333333,4,2.0,2.0,0,0,2.939117566445893e-05,true_negative,2684
https://openalex.org/T12292,https://openalex.org/T13126,2015,2016,2020,0.35295612386476116,1,2,2,0.3333333333333333,4,2.0,2.0,0,0,2.939117566445893e-05,true_negative,2697
https://openalex.org/T10537,https://openalex.org/T10853,2015,2016,2020,0.35295612386476116,1,2,2,0.3333333333333333,4,2.0,2.0,0,0,2.939117566445893e-05,true_negative,2686
https://openalex.org/T10049,https://openalex.org/T12557,2015,2016,2020,0.35295612386476116,1,2,2,0.3333333333333333,4,2.0,2.0,0,0,2.939117566445893e-05,true_negative,2682
https://openalex.org/T10049,https://openalex.org/T11825,2015,2016,2020,0.35295612386476116,1,2,2,0.3333333333333333,4,2.0,2.0,0,0,2.939117566445893e-05,true_negative,2681
https://openalex.org/T10496,https://openalex.org/T11071,2015,2016,2020,0.35295612386476116,1,2,2,0.3333333333333333,4,2.0,2.0,0,0,2.939117566445893e-05,true_negative,2685
https://openalex.org/T10537,https://openalex.org/T11519,2015,2016,2020,0.35295612386476116,1,2,2,0.3333333333333333,4,2.0,2.0,0,0,2.939117566445893e-05,true_negative,2687
https://openalex.org/T12202,https://openalex.org/T13104,2015,2016,2020,0.36067376022224085,1,2,2,0.3333333333333333,4,2.0,2.0,0,0,2.939117566445893e-05,true_negative,2696
https://openalex.org/T12202,https://openalex.org/T12557,2015,2016,2020,0.36067376022224085,1,2,2,0.3333333333333333,4,2.0,2.0,0,0,2.939117566445893e-05,true_negative,2695
https://openalex.org/T11944,https://openalex.org/T12648,2015,2016,2020,0.36067376022224085,1,2,2,0.3333333333333333,4,2.0,2.0,0,0,2.939117566445893e-05,true_negative,2694
https://openalex.org/T10853,https://openalex.org/T11519,2015,2016,2020,0.35295612386476116,1,2,2,0.3333333333333333,4,2.0,2.0,0,0,2.939117566445893e-05,true_negative,2688
https://openalex.org/T11206,https://openalex.org/T13126,2015,2016,2020,0.35295612386476116,1,2,2,0.3333333333333333,4,2.0,2.0,0,0,2.939117566445893e-05,true_negative,2690
https://openalex.org/T11590,https://openalex.org/T12648,2015,2016,2020,0.36067376022224085,1,2,2,0.3333333333333333,4,2.0,2.0,0,0,2.939117566445893e-05,true_negative,2691
https://openalex.org/T11629,https://openalex.org/T11772,2015,2016,2020,0.35295612386476116,1,2,2,0.3333333333333333,4,2.0,2.0,0,0,2.939117566445893e-05,true_negative,2692
https://openalex.org/T11825,https://openalex.org/T12557,2015,2016,2020,0.35295612386476116,1,2,2,0.3333333333333333,4,2.0,2.0,0,0,2.939117566445893e-05,true_negative,2693
https://openalex.org/T11232,https://openalex.org/T13984,2015,2016,2020,0.40242960438184466,1,2,6,0.14285714285714285,12,2.0,6.0,0,0,2.9191672919445618e-05,true_negative,2699
https://openalex.org/T11337,https://openalex.org/T13984,2015,2016,2020,0.40242960438184466,1,2,6,0.14285714285714285,12,2.0,6.0,0,0,2.9191672919445618e-05,true_negative,2700
https://openalex.org/T12489,https://openalex.org/T13984,2015,2016,2020,0.40242960438184466,1,2,6,0.14285714285714285,12,2.0,6.0,0,0,2.9191672919445618e-05,true_negative,2701
https://openalex.org/T10102,https://openalex.org/T10467,2015,2016,2020,0.35295612386476116,1,4,9,0.08333333333333333,36,4.0,13.0,0,0,2.9137941074790468e-05,true_negative,2702
https://openalex.org/T10272,https://openalex.org/T10467,2015,2016,2020,0.35295612386476116,1,4,9,0.08333333333333333,36,4.0,13.0,0,0,2.9137941074790468e-05,true_negative,2703
https://openalex.org/T10120,https://openalex.org/T11289,2015,2016,2020,0.2790553132756236,1,6,6,0.09090909090909091,36,10.0,8.0,0,0,2.907230190372464e-05,true_negative,2704
https://openalex.org/T12592,https://openalex.org/T12859,2015,2016,2020,0.318928988903801,1,6,6,0.09090909090909091,36,10.0,8.0,0,0,2.907230190372464e-05,true_negative,2705
https://openalex.org/T10275,https://openalex.org/T11907,2015,2016,2020,1.1764671337579005,2,8,5,0.18181818181818182,40,18.0,8.0,0,0,2.899524510907185e-05,true_negative,2706
https://openalex.org/T10836,https://openalex.org/T11162,2015,2016,2020,0.6213349345596119,1,7,13,0.05263157894736842,91,12.0,28.0,0,0,2.8960787181533208e-05,true_negative,2707
https://openalex.org/T10322,https://openalex.org/T10862,2015,2016,2020,0.7213475204444817,1,4,2,0.2,8,8.0,2.0,0,0,2.8928290981297568e-05,true_negative,2708
https://openalex.org/T11542,https://openalex.org/T12592,2015,2016,2020,0.35295612386476116,1,9,6,0.07142857142857142,54,10.0,10.0,0,0,2.889432637630278e-05,true_negative,2709
https://openalex.org/T11690,https://openalex.org/T11907,2015,2016,2020,0.45511961331341866,1,9,5,0.07692307692307693,45,16.0,8.0,0,0,2.88275836649071e-05,true_negative,2710
https://openalex.org/T11106,https://openalex.org/T11269,2015,2016,2020,0.5138983423697507,1,4,9,0.08333333333333333,36,4.0,16.0,0,0,2.8767490240643498e-05,true_negative,2711
https://openalex.org/T10057,https://openalex.org/T12254,2015,2016,2020,0.31066746727980593,1,8,4,0.09090909090909091,32,20.0,16.0,0,0,2.864272705258121e-05,true_negative,2712
https://openalex.org/T10199,https://openalex.org/T11880,2015,2016,2020,0.6213349345596119,1,2,4,0.2,8,4.0,4.0,0,0,2.858580021336161e-05,true_negative,2713
https://openalex.org/T10461,https://openalex.org/T12529,2015,2016,2020,0.6213349345596119,1,2,4,0.2,8,4.0,4.0,0,0,2.858580021336161e-05,true_negative,2714
https://openalex.org/T10640,https://openalex.org/T11880,2015,2016,2020,0.4170323914242463,1,6,4,0.1111111111111111,24,6.0,4.0,0,0,2.8483872135503347e-05,true_negative,2715
https://openalex.org/T11235,https://openalex.org/T12947,2015,2016,2020,0.35295612386476116,1,10,3,0.08333333333333333,30,14.0,4.0,0,0,2.8482612760030473e-05,true_negative,2716
https://openalex.org/T11447,https://openalex.org/T12814,2015,2016,2020,0.35295612386476116,1,10,3,0.08333333333333333,30,13.0,4.0,0,0,2.8482612760030473e-05,true_negative,2717
https://openalex.org/T10594,https://openalex.org/T10885,2015,2016,2020,0.7872506057680129,2,3,25,0.07692307692307693,75,4.0,62.0,0,0,2.8089643053874914e-05,true_negative,2718
https://openalex.org/T11519,https://openalex.org/T11577,2015,2016,2020,0.35295612386476116,1,2,6,0.14285714285714285,12,2.0,6.0,0,0,2.7809068558870303e-05,true_negative,2719
https://openalex.org/T11772,https://openalex.org/T13984,2015,2016,2020,0.35295612386476116,1,2,6,0.14285714285714285,12,2.0,6.0,0,0,2.7809068558870303e-05,true_negative,2720
https://openalex.org/T11093,https://openalex.org/T11577,2015,2016,2020,0.35295612386476116,1,4,6,0.1111111111111111,24,4.0,6.0,0,0,2.7752935157727322e-05,true_negative,2724
https://openalex.org/T10751,https://openalex.org/T13984,2015,2016,2020,0.35295612386476116,1,4,6,0.1111111111111111,24,4.0,6.0,0,0,2.7752935157727322e-05,true_negative,2723
https://openalex.org/T10102,https://openalex.org/T11577,2015,2016,2020,0.35295612386476116,1,4,6,0.1111111111111111,24,4.0,6.0,0,0,2.7752935157727322e-05,true_negative,2721
https://openalex.org/T10272,https://openalex.org/T11577,2015,2016,2020,0.35295612386476116,1,4,6,0.1111111111111111,24,4.0,6.0,0,0,2.7752935157727322e-05,true_negative,2722
https://openalex.org/T10158,https://openalex.org/T11597,2015,2016,2020,0.5581106265512472,1,9,4,0.08333333333333333,36,12.0,4.0,0,0,2.755927068723077e-05,true_negative,2726
https://openalex.org/T10158,https://openalex.org/T11266,2015,2016,2020,0.5581106265512472,1,9,4,0.08333333333333333,36,12.0,4.0,0,0,2.755927068723077e-05,true_negative,2725
https://openalex.org/T10338,https://openalex.org/T10923,2015,2016,2020,0.33380820069533407,1,2,6,0.14285714285714285,12,2.0,6.0,0,0,2.737938987024651e-05,true_negative,2727
https://openalex.org/T10338,https://openalex.org/T11277,2015,2016,2020,0.33380820069533407,1,2,6,0.14285714285714285,12,2.0,6.0,0,0,2.737938987024651e-05,true_negative,2728
https://openalex.org/T10101,https://openalex.org/T13650,2015,2016,2020,0.7213475204444817,1,3,3,0.2,9,4.0,3.0,0,0,2.7285935414881283e-05,true_negative,2729
https://openalex.org/T11181,https://openalex.org/T13650,2015,2016,2020,0.7213475204444817,1,3,3,0.2,9,4.0,3.0,0,0,2.7285935414881283e-05,true_negative,2730
https://openalex.org/T11341,https://openalex.org/T11682,2015,2016,2020,0.33380820069533407,1,2,2,0.3333333333333333,4,2.0,4.0,0,0,2.721780079237793e-05,true_negative,2735
https://openalex.org/T10478,https://openalex.org/T11682,2015,2016,2020,0.33380820069533407,1,2,2,0.3333333333333333,4,2.0,4.0,0,0,2.721780079237793e-05,true_negative,2734
https://openalex.org/T10478,https://openalex.org/T11272,2015,2016,2020,0.33380820069533407,1,2,2,0.3333333333333333,4,2.0,4.0,0,0,2.721780079237793e-05,true_negative,2733
https://openalex.org/T10338,https://openalex.org/T11682,2015,2016,2020,0.33380820069533407,1,2,2,0.3333333333333333,4,2.0,4.0,0,0,2.721780079237793e-05,true_negative,2732
https://openalex.org/T10338,https://openalex.org/T11272,2015,2016,2020,0.33380820069533407,1,2,2,0.3333333333333333,4,2.0,4.0,0,0,2.721780079237793e-05,true_negative,2731
https://openalex.org/T10084,https://openalex.org/T11542,2015,2016,2020,0.31465798044412485,1,2,9,0.1,18,2.0,10.0,0,0,2.7165503610108156e-05,true_negative,2736
https://openalex.org/T11071,https://openalex.org/T11542,2015,2016,2020,0.31465798044412485,1,2,9,0.1,18,2.0,10.0,0,0,2.7165503610108156e-05,true_negative,2737
https://openalex.org/T11512,https://openalex.org/T11975,2015,2016,2020,0.6213349345596119,1,8,6,0.07692307692307693,48,10.0,8.0,0,0,2.7141981692817775e-05,true_negative,2738
https://openalex.org/T13283,https://openalex.org/T14313,2015,2016,2020,0.5138983423697507,1,17,1,0.058823529411764705,17,19.0,1.0,0,0,2.690583250472945e-05,true_negative,2739
https://openalex.org/T10303,https://openalex.org/T11986,2015,2016,2020,0.36067376022224085,1,5,5,0.1111111111111111,25,6.0,6.0,0,0,2.6902201342201383e-05,true_negative,2740
https://openalex.org/T13283,https://openalex.org/T14484,2015,2016,2020,0.45511961331341866,1,17,2,0.05555555555555555,34,19.0,2.0,0,0,2.680742454657769e-05,true_negative,2741
https://openalex.org/T10492,https://openalex.org/T11162,2015,2016,2020,0.9820086947818527,2,2,13,0.15384615384615385,26,2.0,28.0,0,0,2.6646485668066644e-05,true_negative,2742
https://openalex.org/T10826,https://openalex.org/T11542,2015,2016,2020,0.45511961331341866,1,3,9,0.09090909090909091,27,4.0,10.0,0,0,2.6642319748899206e-05,true_negative,2743
https://openalex.org/T10261,https://openalex.org/T12816,2015,2016,2020,0.7213475204444817,1,17,5,0.047619047619047616,85,32.0,5.0,0,0,2.6608225159140048e-05,true_negative,2744
https://openalex.org/T10836,https://openalex.org/T11880,2015,2016,2020,0.4170323914242463,1,7,4,0.1,28,12.0,4.0,0,0,2.6424756458691456e-05,true_negative,2745
https://openalex.org/T10303,https://openalex.org/T10683,2015,2016,2020,0.750545005473521,2,5,5,0.25,25,6.0,10.0,0,0,2.6390835785953565e-05,true_negative,2746
https://openalex.org/T10467,https://openalex.org/T10677,2015,2016,2020,0.48089834696298783,1,9,3,0.09090909090909091,27,13.0,4.0,0,0,2.6353694274843433e-05,true_negative,2747
https://openalex.org/T10198,https://openalex.org/T10804,2015,2016,2020,0.7213475204444817,1,2,17,0.05555555555555555,34,2.0,34.0,0,0,2.611704864480045e-05,true_negative,2748
https://openalex.org/T10254,https://openalex.org/T10804,2015,2016,2020,0.7213475204444817,1,2,17,0.05555555555555555,34,2.0,34.0,0,0,2.611704864480045e-05,true_negative,2749
https://openalex.org/T10445,https://openalex.org/T11129,2015,2016,2020,0.6213349345596119,1,4,3,0.16666666666666666,12,4.0,4.0,0,0,2.5612881144811763e-05,true_negative,2750
https://openalex.org/T11287,https://openalex.org/T12640,2015,2016,2020,0.2790553132756236,1,13,2,0.07142857142857142,26,20.0,4.0,0,0,2.53049957331612e-05,true_negative,2751
https://openalex.org/T11744,https://openalex.org/T13309,2015,2016,2020,1.1562300876293534,3,6,9,0.25,54,20.0,20.0,0,0,2.5218396550910572e-05,true_negative,2752
https://openalex.org/T11443,https://openalex.org/T13398,2015,2016,2020,0.36926937306885504,1,3,11,0.07692307692307693,33,4.0,13.0,0,0,2.4898175271126546e-05,true_negative,2753
https://openalex.org/T11944,https://openalex.org/T12010,2015,2016,2020,0.36067376022224085,1,2,9,0.1,18,2.0,16.0,0,0,2.4880178418136157e-05,true_negative,2755
https://openalex.org/T11590,https://openalex.org/T12010,2015,2016,2020,0.36067376022224085,1,2,9,0.1,18,2.0,16.0,1,0,2.4880178418136157e-05,false_negative,2754
https://openalex.org/T10932,https://openalex.org/T12114,2015,2016,2020,0.31066746727980593,1,6,9,0.07142857142857142,54,8.0,10.0,0,0,2.4820590238478508e-05,true_negative,2756
https://openalex.org/T11289,https://openalex.org/T12114,2015,2016,2020,0.31066746727980593,1,6,9,0.07142857142857142,54,8.0,10.0,0,0,2.4820590238478508e-05,true_negative,2757
https://openalex.org/T11710,https://openalex.org/T12114,2015,2016,2020,0.31066746727980593,1,6,9,0.07142857142857142,54,8.0,10.0,0,0,2.4820590238478508e-05,true_negative,2758
https://openalex.org/T10303,https://openalex.org/T10798,2015,2016,2020,0.3898712452512801,1,5,9,0.07692307692307693,45,6.0,24.0,0,0,2.440974692591628e-05,true_negative,2759
https://openalex.org/T10627,https://openalex.org/T11304,2015,2016,2020,0.5581106265512472,1,9,4,0.08333333333333333,36,12.0,12.0,0,0,2.4335927146070096e-05,true_negative,2760
https://openalex.org/T10078,https://openalex.org/T10281,2015,2016,2020,0.45511961331341866,1,9,4,0.08333333333333333,36,16.0,8.0,0,0,2.4210009188904653e-05,true_negative,2761
https://openalex.org/T11690,https://openalex.org/T12046,2015,2016,2020,0.45511961331341866,1,9,4,0.08333333333333333,36,16.0,8.0,0,0,2.4210009188904653e-05,true_negative,2762
https://openalex.org/T10261,https://openalex.org/T11354,2015,2016,2020,0.6960877046998699,2,17,3,0.1111111111111111,51,32.0,16.0,0,0,2.400885476785014e-05,true_negative,2763
https://openalex.org/T10222,https://openalex.org/T10602,2015,2016,2020,0.2790553132756236,1,11,2,0.08333333333333333,22,16.0,2.0,0,0,2.381932999563575e-05,true_negative,2764
https://openalex.org/T10222,https://openalex.org/T10715,2015,2016,2020,0.2790553132756236,1,11,2,0.08333333333333333,22,16.0,2.0,0,0,2.381932999563575e-05,true_negative,2765
https://openalex.org/T10222,https://openalex.org/T11470,2015,2016,2020,0.2790553132756236,1,11,2,0.08333333333333333,22,16.0,2.0,0,0,2.381932999563575e-05,true_negative,2766
https://openalex.org/T10222,https://openalex.org/T11879,2015,2016,2020,0.2790553132756236,1,11,2,0.08333333333333333,22,16.0,2.0,0,0,2.381932999563575e-05,true_negative,2767
https://openalex.org/T10222,https://openalex.org/T12134,2015,2016,2020,0.2790553132756236,1,11,2,0.08333333333333333,22,16.0,2.0,0,0,2.381932999563575e-05,true_negative,2768
https://openalex.org/T10036,https://openalex.org/T11304,2015,2016,2020,0.5581106265512472,1,8,4,0.09090909090909091,32,10.0,12.0,0,0,2.381573263958514e-05,true_negative,2769
https://openalex.org/T10521,https://openalex.org/T10538,2015,2016,2020,0.45511961331341866,1,18,7,0.041666666666666664,126,50.0,7.0,0,0,2.3723642965549305e-05,true_negative,2770
https://openalex.org/T10885,https://openalex.org/T13748,2015,2016,2020,0.45511961331341866,1,25,5,0.034482758620689655,125,62.0,6.0,0,0,2.3689579546917234e-05,true_negative,2772
https://openalex.org/T10206,https://openalex.org/T13117,2015,2016,2020,0.45511961331341866,1,24,5,0.03571428571428571,120,78.0,6.0,0,0,2.3689579546917234e-05,true_negative,2771
https://openalex.org/T10303,https://openalex.org/T12613,2015,2016,2020,0.3898712452512801,1,5,9,0.07692307692307693,45,6.0,20.0,0,0,2.3459419429493202e-05,true_negative,2773
https://openalex.org/T12592,https://openalex.org/T13398,2015,2016,2020,0.35295612386476116,1,6,11,0.0625,66,10.0,13.0,0,0,2.306745104562527e-05,true_negative,2774
https://openalex.org/T11020,https://openalex.org/T11482,2015,2016,2020,0.45511961331341866,1,6,11,0.0625,66,6.0,26.0,0,0,2.299408379306045e-05,true_negative,2775
https://openalex.org/T11048,https://openalex.org/T13937,2015,2016,2020,0.2790553132756236,1,3,8,0.1,24,4.0,12.0,0,0,2.2956781007002416e-05,true_negative,2776
https://openalex.org/T12745,https://openalex.org/T13984,2015,2016,2020,0.40242960438184466,1,2,6,0.14285714285714285,12,4.0,6.0,0,0,2.290632229666824e-05,true_negative,2777
https://openalex.org/T10765,https://openalex.org/T12114,2015,2016,2020,0.4170323914242463,1,2,9,0.1,18,2.0,10.0,0,0,2.2768187329147687e-05,true_negative,2779
https://openalex.org/T10643,https://openalex.org/T12114,2015,2016,2020,0.4170323914242463,1,2,9,0.1,18,2.0,10.0,0,0,2.2768187329147687e-05,true_negative,2778
https://openalex.org/T10627,https://openalex.org/T12072,2015,2016,2020,0.8241657271545318,2,9,5,0.16666666666666666,45,12.0,6.0,0,0,2.275524616776573e-05,true_negative,2780
https://openalex.org/T11287,https://openalex.org/T11764,2015,2016,2020,0.2790553132756236,1,13,3,0.06666666666666667,39,20.0,8.0,0,0,2.2684611313055347e-05,true_negative,2781
https://openalex.org/T13309,https://openalex.org/T13748,2015,2016,2020,0.6213349345596119,1,9,5,0.07692307692307693,45,20.0,6.0,0,0,2.2659974802668342e-05,true_negative,2782
https://openalex.org/T10336,https://openalex.org/T10587,2015,2016,2020,0.7213475204444817,1,10,6,0.06666666666666667,60,11.0,6.0,0,0,2.25833430010241e-05,true_negative,2783
https://openalex.org/T10878,https://openalex.org/T12264,2015,2016,2020,0.5581106265512472,1,9,3,0.09090909090909091,27,14.0,4.0,0,0,2.2449268742769352e-05,true_negative,2784
https://openalex.org/T10144,https://openalex.org/T11011,2015,2016,2020,0.35295612386476116,1,3,5,0.14285714285714285,15,4.0,8.0,0,0,2.2351259147364128e-05,true_negative,2785
https://openalex.org/T11930,https://openalex.org/T12443,2015,2016,2020,0.35295612386476116,1,4,8,0.09090909090909091,32,4.0,20.0,0,0,2.2187948474422408e-05,true_negative,2786
https://openalex.org/T12947,https://openalex.org/T13283,2015,2016,2020,0.45511961331341866,1,3,17,0.05263157894736842,51,4.0,19.0,0,0,2.2146708998842943e-05,true_negative,2787
https://openalex.org/T10502,https://openalex.org/T12627,2015,2016,2020,0.8477065430650847,2,7,4,0.2222222222222222,28,8.0,12.0,0,0,2.2037931256079506e-05,true_negative,2788
https://openalex.org/T10052,https://openalex.org/T10429,2015,2016,2020,0.5581106265512472,1,6,3,0.125,18,6.0,6.0,0,0,2.169213360384738e-05,true_negative,2789
https://openalex.org/T10057,https://openalex.org/T12814,2015,2016,2020,0.35295612386476116,1,8,3,0.1,24,20.0,4.0,0,0,2.162373622997524e-05,true_negative,2790
https://openalex.org/T10836,https://openalex.org/T11970,2015,2016,2020,0.31066746727980593,1,7,9,0.06666666666666667,63,12.0,20.0,0,0,2.152814910225806e-05,true_negative,2791
https://openalex.org/T10185,https://openalex.org/T10804,2015,2016,2020,0.43429448190325176,1,2,17,0.05555555555555555,34,2.0,34.0,0,0,2.1460957096407463e-05,true_negative,2792
https://openalex.org/T10467,https://openalex.org/T13398,2015,2016,2020,0.35295612386476116,1,9,11,0.05263157894736842,99,13.0,13.0,0,0,2.1446032566723357e-05,true_negative,2793
https://openalex.org/T10012,https://openalex.org/T10826,2015,2016,2020,0.5581106265512472,1,11,3,0.07692307692307693,33,32.0,4.0,0,0,2.1358494503751797e-05,true_negative,2794
https://openalex.org/T10275,https://openalex.org/T12627,2015,2016,2020,0.33380820069533407,1,8,4,0.09090909090909091,32,18.0,12.0,0,0,2.11239958227776e-05,true_negative,2795
https://openalex.org/T10353,https://openalex.org/T12748,2015,2016,2020,0.713629884087002,2,7,4,0.2222222222222222,28,8.0,4.0,0,0,2.10398779035259e-05,true_negative,2796
https://openalex.org/T11272,https://openalex.org/T11341,2015,2016,2020,0.814706547658322,2,2,2,1.0,4,4.0,2.0,0,0,2.086830637452259e-05,true_negative,2797
https://openalex.org/T11744,https://openalex.org/T11930,2015,2016,2020,0.35295612386476116,1,6,4,0.1111111111111111,24,20.0,4.0,0,0,2.0714722861363383e-05,true_negative,2798
https://openalex.org/T10434,https://openalex.org/T10594,2015,2016,2020,0.4170323914242463,1,9,3,0.09090909090909091,27,14.0,4.0,0,0,2.068636677644835e-05,true_negative,2799
https://openalex.org/T10434,https://openalex.org/T11229,2015,2016,2020,0.4170323914242463,1,9,3,0.09090909090909091,27,14.0,4.0,0,0,2.068636677644835e-05,true_negative,2800
https://openalex.org/T12535,https://openalex.org/T12814,2015,2016,2020,0.35295612386476116,1,13,3,0.06666666666666667,39,17.0,4.0,0,0,2.0387940699375715e-05,true_negative,2801
https://openalex.org/T10275,https://openalex.org/T12327,2015,2016,2020,0.35295612386476116,1,8,3,0.1,24,18.0,4.0,0,0,2.037950383312425e-05,true_negative,2802
https://openalex.org/T10191,https://openalex.org/T13114,2015,2016,2020,1.1764671337579005,2,4,6,0.25,24,4.0,6.0,0,0,2.034879288553023e-05,true_negative,2803
https://openalex.org/T11287,https://openalex.org/T11354,2015,2016,2020,0.2790553132756236,1,13,3,0.06666666666666667,39,20.0,16.0,0,0,2.017072250612709e-05,true_negative,2804
https://openalex.org/T10036,https://openalex.org/T10887,2015,2016,2020,0.5581106265512472,1,8,23,0.03333333333333333,184,10.0,50.0,0,0,2.0146533876136733e-05,true_negative,2805
https://openalex.org/T10030,https://openalex.org/T10179,2015,2016,2020,0.45511961331341866,1,2,7,0.125,14,2.0,16.0,0,0,2.011664543699552e-05,true_negative,2806
https://openalex.org/T10052,https://openalex.org/T10448,2015,2016,2020,0.5581106265512472,1,6,3,0.125,18,6.0,4.0,0,0,1.9966089440857855e-05,true_negative,2807
https://openalex.org/T10798,https://openalex.org/T10995,2015,2016,2020,0.8449908585646988,2,9,3,0.2,27,24.0,3.0,0,0,1.995863082924795e-05,true_negative,2808
https://openalex.org/T10207,https://openalex.org/T10521,2015,2016,2020,0.45511961331341866,1,2,18,0.05263157894736842,36,4.0,50.0,0,0,1.9937304771655408e-05,true_negative,2809
https://openalex.org/T10014,https://openalex.org/T11162,2015,2016,2020,0.6213349345596119,1,4,13,0.0625,52,4.0,28.0,0,0,1.9778185306682175e-05,true_negative,2810
https://openalex.org/T10627,https://openalex.org/T12101,2015,2016,2020,0.6213349345596119,1,9,4,0.08333333333333333,36,12.0,4.0,0,0,1.9688642404121745e-05,true_negative,2811
https://openalex.org/T10247,https://openalex.org/T11907,2015,2016,2020,0.45511961331341866,1,4,5,0.125,20,10.0,8.0,0,0,1.9688247598637047e-05,true_negative,2812
https://openalex.org/T10502,https://openalex.org/T12529,2015,2016,2020,0.33380820069533407,1,7,4,0.1,28,8.0,4.0,0,0,1.9663688067485812e-05,true_negative,2813
https://openalex.org/T11407,https://openalex.org/T11468,2015,2016,2020,0.31066746727980593,1,4,10,0.07692307692307693,40,4.0,18.0,0,0,1.9640265594265353e-05,true_negative,2814
https://openalex.org/T10179,https://openalex.org/T10321,2015,2016,2020,0.7213475204444817,1,7,5,0.09090909090909091,35,16.0,12.0,0,0,1.9639679920720602e-05,true_negative,2815
https://openalex.org/T11744,https://openalex.org/T12648,2015,2016,2020,0.6753317406663657,2,6,2,0.3333333333333333,12,20.0,2.0,0,0,1.9382625971677906e-05,true_negative,2816
https://openalex.org/T11542,https://openalex.org/T11639,2015,2016,2020,0.36067376022224085,1,9,5,0.07692307692307693,45,10.0,6.0,0,0,1.9220187018504767e-05,true_negative,2817
https://openalex.org/T11542,https://openalex.org/T13748,2015,2016,2020,0.35295612386476116,1,9,5,0.07692307692307693,45,10.0,6.0,0,0,1.9220187018504767e-05,true_negative,2818
https://openalex.org/T11542,https://openalex.org/T12279,2015,2016,2020,0.5138983423697507,1,9,4,0.08333333333333333,36,10.0,4.0,0,0,1.919567309859752e-05,true_negative,2819
https://openalex.org/T10050,https://openalex.org/T12135,2015,2016,2020,0.36926937306885504,1,5,2,0.16666666666666666,10,5.0,2.0,0,0,1.9094893520328125e-05,true_negative,2822
https://openalex.org/T10050,https://openalex.org/T13487,2015,2016,2020,0.36926937306885504,1,5,2,0.16666666666666666,10,5.0,2.0,0,0,1.9094893520328125e-05,true_negative,2824
https://openalex.org/T10050,https://openalex.org/T11798,2015,2016,2020,0.36926937306885504,1,5,2,0.16666666666666666,10,5.0,2.0,0,0,1.9094893520328125e-05,true_negative,2820
https://openalex.org/T10050,https://openalex.org/T11918,2015,2016,2020,0.36926937306885504,1,5,2,0.16666666666666666,10,5.0,2.0,0,0,1.9094893520328125e-05,true_negative,2821
https://openalex.org/T10050,https://openalex.org/T12368,2015,2016,2020,0.36926937306885504,1,5,2,0.16666666666666666,10,5.0,2.0,0,0,1.9094893520328125e-05,true_negative,2823
https://openalex.org/T12613,https://openalex.org/T13200,2015,2016,2020,0.9102392266268373,1,9,1,0.1111111111111111,9,20.0,1.0,0,0,1.8965355932932994e-05,true_negative,2825
https://openalex.org/T10100,https://openalex.org/T13650,2015,2016,2020,0.5581106265512472,1,4,3,0.16666666666666666,12,6.0,3.0,0,0,1.888085247739997e-05,true_negative,2826
https://openalex.org/T10371,https://openalex.org/T11491,2015,2016,2020,0.5581106265512472,1,4,3,0.16666666666666666,12,6.0,4.0,0,0,1.888085247739997e-05,true_negative,2828
https://openalex.org/T10218,https://openalex.org/T11396,2015,2016,2020,0.5581106265512472,1,4,3,0.16666666666666666,12,6.0,3.0,0,0,1.888085247739997e-05,true_negative,2827
https://openalex.org/T12010,https://openalex.org/T12790,2015,2016,2020,1.256215482888031,2,9,2,0.2222222222222222,18,16.0,2.0,0,0,1.8859705860446495e-05,true_negative,2829
https://openalex.org/T10211,https://openalex.org/T12327,2015,2016,2020,0.35295612386476116,1,8,3,0.1,24,14.0,4.0,0,0,1.8578271824347645e-05,true_negative,2830
https://openalex.org/T11981,https://openalex.org/T12947,2015,2016,2020,0.36067376022224085,1,8,3,0.1,24,14.0,4.0,0,0,1.8578271824347645e-05,true_negative,2831
https://openalex.org/T10211,https://openalex.org/T11791,2015,2016,2020,0.318928988903801,1,8,12,0.05263157894736842,96,14.0,32.0,0,0,1.8424064048062378e-05,true_negative,2832
https://openalex.org/T10017,https://openalex.org/T10330,2015,2016,2020,0.43429448190325176,1,4,4,0.14285714285714285,16,4.0,4.0,0,0,1.842038875194646e-05,true_negative,2833
https://openalex.org/T10631,https://openalex.org/T11297,2015,2016,2020,0.43429448190325176,1,4,4,0.14285714285714285,16,4.0,4.0,0,0,1.842038875194646e-05,true_negative,2836
https://openalex.org/T10330,https://openalex.org/T10644,2015,2016,2020,0.43429448190325176,1,4,4,0.14285714285714285,16,4.0,4.0,0,0,1.842038875194646e-05,true_negative,2835
https://openalex.org/T10017,https://openalex.org/T10644,2015,2016,2020,0.43429448190325176,1,4,4,0.14285714285714285,16,4.0,4.0,0,0,1.842038875194646e-05,true_negative,2834
https://openalex.org/T10050,https://openalex.org/T12535,2015,2016,2020,0.36926937306885504,1,5,13,0.058823529411764705,65,5.0,17.0,0,0,1.8410298145997553e-05,true_negative,2837
https://openalex.org/T10321,https://openalex.org/T12046,2015,2016,2020,0.45511961331341866,1,5,4,0.125,20,12.0,8.0,0,0,1.837728225742138e-05,true_negative,2838
https://openalex.org/T10078,https://openalex.org/T11878,2015,2016,2020,1.3426824550040934,2,9,2,0.2222222222222222,18,16.0,2.0,0,0,1.832466042038502e-05,true_negative,2839
https://openalex.org/T10629,https://openalex.org/T12168,2015,2016,2020,1.1485124512718738,3,16,3,0.1875,48,28.0,4.0,0,0,1.8323872538627447e-05,true_negative,2840
https://openalex.org/T10261,https://openalex.org/T11764,2015,2016,2020,0.6960877046998699,2,17,3,0.1111111111111111,51,32.0,8.0,0,0,1.829211354031956e-05,true_negative,2841
https://openalex.org/T10002,https://openalex.org/T10015,2015,2016,2020,0.3898712452512801,1,16,36,0.0196078431372549,576,28.0,158.0,0,0,1.828687306023645e-05,true_negative,2842
https://openalex.org/T10646,https://openalex.org/T11084,2015,2016,2020,0.7213475204444817,1,6,2,0.14285714285714285,12,6.0,2.0,0,0,1.8082366492385367e-05,true_negative,2846
https://openalex.org/T10646,https://openalex.org/T11959,2015,2016,2020,0.7213475204444817,1,6,2,0.14285714285714285,12,6.0,2.0,0,0,1.8082366492385367e-05,true_negative,2847
https://openalex.org/T10026,https://openalex.org/T10325,2015,2016,2020,0.7213475204444817,1,6,2,0.14285714285714285,12,6.0,2.0,0,0,1.8082366492385367e-05,true_negative,2844
https://openalex.org/T10129,https://openalex.org/T12241,2015,2016,2020,0.7213475204444817,1,6,2,0.14285714285714285,12,6.0,2.0,0,0,1.8082366492385367e-05,true_negative,2845
https://openalex.org/T11313,https://openalex.org/T12023,2015,2016,2020,0.7213475204444817,1,6,2,0.14285714285714285,12,6.0,2.0,0,0,1.8082366492385367e-05,true_negative,2848
https://openalex.org/T10026,https://openalex.org/T10251,2015,2016,2020,0.7213475204444817,1,6,2,0.14285714285714285,12,6.0,2.0,0,0,1.8082366492385367e-05,true_negative,2843
https://openalex.org/T10627,https://openalex.org/T10775,2015,2016,2020,0.43429448190325176,1,9,4,0.08333333333333333,36,12.0,6.0,0,0,1.803953860995047e-05,true_negative,2849
https://openalex.org/T12327,https://openalex.org/T12613,2015,2016,2020,1.1687494974004207,3,3,9,0.3333333333333333,27,4.0,20.0,0,0,1.7980829145612646e-05,true_negative,2850
https://openalex.org/T12368,https://openalex.org/T12535,2015,2016,2020,0.36926937306885504,1,2,13,0.07142857142857142,26,2.0,17.0,0,0,1.797755585044669e-05,true_negative,2854
https://openalex.org/T11918,https://openalex.org/T12535,2015,2016,2020,0.36926937306885504,1,2,13,0.07142857142857142,26,2.0,17.0,0,0,1.797755585044669e-05,true_negative,2852
https://openalex.org/T11798,https://openalex.org/T12535,2015,2016,2020,0.36926937306885504,1,2,13,0.07142857142857142,26,2.0,17.0,0,0,1.797755585044669e-05,true_negative,2851
https://openalex.org/T12135,https://openalex.org/T12535,2015,2016,2020,0.36926937306885504,1,2,13,0.07142857142857142,26,2.0,17.0,0,0,1.797755585044669e-05,true_negative,2853
https://openalex.org/T10247,https://openalex.org/T10461,2015,2016,2020,0.45511961331341866,1,4,2,0.2,8,10.0,4.0,0,0,1.7929921925624804e-05,true_negative,2855
https://openalex.org/T11129,https://openalex.org/T11884,2015,2016,2020,0.6213349345596119,1,3,3,0.2,9,4.0,4.0,0,0,1.7886034395929536e-05,true_negative,2858
https://openalex.org/T10080,https://openalex.org/T10101,2015,2016,2020,0.6213349345596119,1,3,3,0.2,9,4.0,4.0,0,0,1.7886034395929536e-05,true_negative,2856
https://openalex.org/T10080,https://openalex.org/T11181,2015,2016,2020,0.6213349345596119,1,3,3,0.2,9,4.0,4.0,0,0,1.7886034395929536e-05,true_negative,2857
https://openalex.org/T10102,https://openalex.org/T13309,2015,2016,2020,0.31465798044412485,1,4,9,0.08333333333333333,36,4.0,20.0,0,0,1.786627683139276e-05,true_negative,2859
https://openalex.org/T12574,https://openalex.org/T13309,2015,2016,2020,0.31465798044412485,1,4,9,0.08333333333333333,36,4.0,20.0,0,0,1.786627683139276e-05,true_negative,2863
https://openalex.org/T11578,https://openalex.org/T11970,2015,2016,2020,0.2790553132756236,1,4,9,0.08333333333333333,36,4.0,20.0,0,0,1.786627683139276e-05,true_negative,2861
https://openalex.org/T11880,https://openalex.org/T13309,2015,2016,2020,0.31465798044412485,1,4,9,0.08333333333333333,36,4.0,20.0,0,0,1.786627683139276e-05,true_negative,2862
https://openalex.org/T10857,https://openalex.org/T11970,2015,2016,2020,0.2790553132756236,1,4,9,0.08333333333333333,36,4.0,20.0,0,0,1.786627683139276e-05,true_negative,2860
https://openalex.org/T10502,https://openalex.org/T12046,2015,2016,2020,0.33380820069533407,1,7,4,0.1,28,8.0,8.0,0,0,1.7704760981438435e-05,true_negative,2865
https://openalex.org/T10502,https://openalex.org/T10657,2015,2016,2020,0.33380820069533407,1,7,4,0.1,28,8.0,8.0,0,0,1.7704760981438435e-05,true_negative,2864
https://openalex.org/T10083,https://openalex.org/T10320,2015,2016,2020,0.5138983423697507,1,20,17,0.027777777777777776,340,52.0,31.0,0,0,1.7590212628334162e-05,true_negative,2866
https://openalex.org/T10932,https://openalex.org/T11407,2015,2016,2020,0.31066746727980593,1,6,4,0.1111111111111111,24,8.0,4.0,0,0,1.758983831512811e-05,true_negative,2867
https://openalex.org/T11289,https://openalex.org/T11578,2015,2016,2020,0.2790553132756236,1,6,4,0.1111111111111111,24,8.0,4.0,0,0,1.758983831512811e-05,true_negative,2869
https://openalex.org/T10932,https://openalex.org/T11578,2015,2016,2020,0.2790553132756236,1,6,4,0.1111111111111111,24,8.0,4.0,0,0,1.758983831512811e-05,true_negative,2868
https://openalex.org/T10400,https://openalex.org/T12535,2015,2016,2020,1.1022332815225997,2,2,13,0.15384615384615385,26,2.0,17.0,0,0,1.7527295301805046e-05,true_negative,2870
https://openalex.org/T10064,https://openalex.org/T10320,2015,2016,2020,0.7213475204444817,1,12,17,0.03571428571428571,204,16.0,31.0,0,0,1.7511055443143338e-05,true_negative,2871
https://openalex.org/T11078,https://openalex.org/T11597,2015,2016,2020,1.4426950408889634,2,4,4,0.3333333333333333,16,4.0,4.0,0,0,1.748207572975756e-05,true_negative,2872
https://openalex.org/T10798,https://openalex.org/T11825,2015,2016,2020,0.8080757371781798,2,9,2,0.2222222222222222,18,24.0,2.0,0,0,1.7179354560920316e-05,true_negative,2873
https://openalex.org/T11020,https://openalex.org/T11213,2015,2016,2020,0.45511961331341866,1,6,12,0.058823529411764705,72,6.0,18.0,0,0,1.7139307079936213e-05,true_negative,2874
https://openalex.org/T11944,https://openalex.org/T12679,2015,2016,2020,0.36067376022224085,1,2,4,0.2,8,2.0,6.0,0,0,1.7130124630261972e-05,true_negative,2881
https://openalex.org/T11590,https://openalex.org/T12679,2015,2016,2020,0.36067376022224085,1,2,4,0.2,8,2.0,6.0,0,0,1.7130124630261972e-05,true_negative,2878
https://openalex.org/T11590,https://openalex.org/T12196,2015,2016,2020,0.36067376022224085,1,2,4,0.2,8,2.0,6.0,0,0,1.7130124630261972e-05,true_negative,2877
https://openalex.org/T11809,https://openalex.org/T11881,2015,2016,2020,0.36067376022224085,1,2,4,0.2,8,2.0,6.0,0,0,1.7130124630261972e-05,true_negative,2879
https://openalex.org/T12557,https://openalex.org/T12646,2015,2016,2020,0.36067376022224085,1,2,4,0.2,8,2.0,6.0,0,0,1.7130124630261972e-05,true_negative,2883
https://openalex.org/T10432,https://openalex.org/T11881,2015,2016,2020,0.36067376022224085,1,2,4,0.2,8,2.0,6.0,0,0,1.7130124630261972e-05,true_negative,2875
https://openalex.org/T12202,https://openalex.org/T12646,2015,2016,2020,0.36067376022224085,1,2,4,0.2,8,2.0,6.0,0,0,1.7130124630261972e-05,true_negative,2882
https://openalex.org/T10492,https://openalex.org/T11881,2015,2016,2020,0.36067376022224085,1,2,4,0.2,8,2.0,6.0,0,0,1.7130124630261972e-05,true_negative,2876
https://openalex.org/T11944,https://openalex.org/T12196,2015,2016,2020,0.36067376022224085,1,2,4,0.2,8,2.0,6.0,0,0,1.7130124630261972e-05,true_negative,2880
https://openalex.org/T10227,https://openalex.org/T13004,2015,2016,2020,1.3426824550040934,2,3,2,0.6666666666666666,6,4.0,2.0,0,0,1.6942564960805482e-05,true_negative,2885
https://openalex.org/T10227,https://openalex.org/T10285,2015,2016,2020,1.3426824550040934,2,3,2,0.6666666666666666,6,4.0,2.0,0,0,1.6942564960805482e-05,true_negative,2884
https://openalex.org/T10557,https://openalex.org/T12028,2015,2016,2020,1.3426824550040934,2,3,2,0.6666666666666666,6,4.0,2.0,0,0,1.6942564960805482e-05,true_negative,2886
https://openalex.org/T10769,https://openalex.org/T11369,2015,2016,2020,0.3898712452512801,1,2,7,0.125,14,2.0,10.0,0,0,1.6939489722883046e-05,true_negative,2887
https://openalex.org/T12254,https://openalex.org/T13664,2015,2016,2020,0.9439605584406182,3,4,9,0.3,36,16.0,18.0,0,0,1.692215829269792e-05,true_negative,2888
https://openalex.org/T10688,https://openalex.org/T10885,2015,2016,2020,0.35295612386476116,1,10,25,0.029411764705882353,250,12.0,62.0,0,0,1.673209064287392e-05,true_negative,2894
https://openalex.org/T10336,https://openalex.org/T10887,2015,2016,2020,0.3898712452512801,1,10,23,0.03125,230,11.0,50.0,0,0,1.673209064287392e-05,true_negative,2892
https://openalex.org/T10336,https://openalex.org/T10885,2015,2016,2020,0.3898712452512801,1,10,25,0.029411764705882353,250,11.0,62.0,0,0,1.673209064287392e-05,true_negative,2891
https://openalex.org/T10010,https://openalex.org/T10206,2015,2016,2020,0.45511961331341866,1,7,24,0.03333333333333333,168,8.0,78.0,0,0,1.673209064287392e-05,true_negative,2889
https://openalex.org/T10502,https://openalex.org/T10885,2015,2016,2020,0.35295612386476116,1,7,25,0.03225806451612903,175,8.0,62.0,0,0,1.673209064287392e-05,true_negative,2893
https://openalex.org/T10182,https://openalex.org/T10206,2015,2016,2020,0.35295612386476116,1,7,24,0.03333333333333333,168,8.0,78.0,0,0,1.673209064287392e-05,true_negative,2890
https://openalex.org/T11744,https://openalex.org/T11880,2015,2016,2020,0.31465798044412485,1,6,4,0.1111111111111111,24,20.0,4.0,0,0,1.6713092147356915e-05,true_negative,2895
https://openalex.org/T10136,https://openalex.org/T10885,2015,2016,2020,0.48089834696298783,1,11,25,0.02857142857142857,275,14.0,62.0,0,0,1.662099192562603e-05,true_negative,2896
https://openalex.org/T10416,https://openalex.org/T11744,2015,2016,2020,0.7955563274071127,2,5,6,0.2222222222222222,30,6.0,20.0,0,0,1.65821523052144e-05,true_negative,2897
https://openalex.org/T12279,https://openalex.org/T13883,2015,2016,2020,1.424137568996588,2,4,2,0.5,8,4.0,2.0,0,0,1.645893388183606e-05,true_negative,2898
https://openalex.org/T10050,https://openalex.org/T10467,2015,2016,2020,0.45511961331341866,1,5,9,0.07692307692307693,45,5.0,13.0,0,0,1.6457012046205943e-05,true_negative,2899
https://openalex.org/T10519,https://openalex.org/T11482,2015,2016,2020,0.6295964561836069,2,4,11,0.15384615384615385,44,8.0,26.0,0,0,1.6429326607949126e-05,true_negative,2900
https://openalex.org/T10519,https://openalex.org/T11642,2015,2016,2020,0.6295964561836069,2,4,11,0.15384615384615385,44,8.0,26.0,0,0,1.6429326607949126e-05,true_negative,2901
https://openalex.org/T11213,https://openalex.org/T13937,2015,2016,2020,0.6960877046998699,2,12,8,0.1111111111111111,96,18.0,12.0,0,0,1.6404708892593183e-05,true_negative,2902
https://openalex.org/T10683,https://openalex.org/T10932,2015,2016,2020,0.750545005473521,2,5,6,0.2222222222222222,30,10.0,8.0,0,0,1.6402563434901166e-05,true_negative,2903
https://openalex.org/T10057,https://openalex.org/T10836,2015,2016,2020,0.31066746727980593,1,8,7,0.07142857142857142,56,20.0,12.0,0,0,1.6372089185470368e-05,true_negative,2904
https://openalex.org/T10604,https://openalex.org/T10836,2015,2016,2020,0.31066746727980593,1,8,7,0.07142857142857142,56,20.0,12.0,0,0,1.6372089185470368e-05,true_negative,2905
https://openalex.org/T10064,https://openalex.org/T10206,2015,2016,2020,0.35295612386476116,1,12,24,0.02857142857142857,288,16.0,78.0,0,0,1.6336702882303244e-05,true_negative,2906
https://openalex.org/T10500,https://openalex.org/T10885,2015,2016,2020,0.48089834696298783,1,11,25,0.02857142857142857,275,20.0,62.0,0,0,1.627487470567233e-05,true_negative,2907
https://openalex.org/T10136,https://openalex.org/T10804,2015,2016,2020,0.43429448190325176,1,11,17,0.037037037037037035,187,14.0,34.0,0,0,1.6257377999072578e-05,true_negative,2908
https://openalex.org/T10878,https://openalex.org/T10887,2015,2016,2020,0.3459762562611936,1,9,23,0.03225806451612903,207,14.0,50.0,1,0,1.6257377999072578e-05,false_negative,2909
https://openalex.org/T10604,https://openalex.org/T10878,2015,2016,2020,0.3459762562611936,1,8,9,0.0625,72,20.0,14.0,0,0,1.620824375845691e-05,true_negative,2910
https://openalex.org/T10068,https://openalex.org/T10182,2015,2016,2020,0.45511961331341866,1,8,7,0.07142857142857142,56,11.0,8.0,0,0,1.610016997101836e-05,true_negative,2911
https://openalex.org/T10581,https://openalex.org/T11269,2015,2016,2020,0.43429448190325176,1,6,9,0.07142857142857142,54,16.0,16.0,0,0,1.595454336645556e-05,true_negative,2912
https://openalex.org/T11825,https://openalex.org/T12046,2015,2016,2020,0.35295612386476116,1,2,4,0.2,8,2.0,8.0,0,0,1.5933124459016787e-05,true_negative,2914
https://openalex.org/T10049,https://openalex.org/T12046,2015,2016,2020,0.35295612386476116,1,2,4,0.2,8,2.0,8.0,0,0,1.5933124459016787e-05,true_negative,2913
https://openalex.org/T10631,https://openalex.org/T13199,2015,2016,2020,0.43429448190325176,1,4,1,0.25,4,4.0,1.0,0,0,1.5798610255582538e-05,true_negative,2915
https://openalex.org/T11297,https://openalex.org/T13199,2015,2016,2020,0.43429448190325176,1,4,1,0.25,4,4.0,1.0,0,0,1.5798610255582538e-05,true_negative,2916
https://openalex.org/T11710,https://openalex.org/T11791,2015,2016,2020,0.6295964561836069,2,6,12,0.125,72,8.0,32.0,0,0,1.5744342866468385e-05,true_negative,2917
https://openalex.org/T11710,https://openalex.org/T13114,2015,2016,2020,0.48089834696298783,1,6,6,0.09090909090909091,36,8.0,6.0,0,0,1.5709598561477203e-05,true_negative,2918
https://openalex.org/T10688,https://openalex.org/T10775,2015,2016,2020,0.35295612386476116,1,10,4,0.07692307692307693,40,12.0,6.0,0,0,1.565049756148701e-05,true_negative,2919
https://openalex.org/T10434,https://openalex.org/T10751,2015,2016,2020,0.4170323914242463,1,9,4,0.08333333333333333,36,14.0,4.0,0,0,1.543934330964746e-05,true_negative,2920
https://openalex.org/T10120,https://openalex.org/T13114,2015,2016,2020,0.48089834696298783,1,6,6,0.09090909090909091,36,10.0,6.0,0,0,1.5434923359841575e-05,true_negative,2921
https://openalex.org/T10836,https://openalex.org/T11337,2015,2016,2020,0.40242960438184466,1,7,2,0.125,14,12.0,2.0,0,0,1.5420390337761887e-05,true_negative,2924
https://openalex.org/T10836,https://openalex.org/T11270,2015,2016,2020,0.40242960438184466,1,7,2,0.125,14,12.0,2.0,0,0,1.5420390337761887e-05,true_negative,2923
https://openalex.org/T10836,https://openalex.org/T11232,2015,2016,2020,0.40242960438184466,1,7,2,0.125,14,12.0,2.0,0,0,1.5420390337761887e-05,true_negative,2922
https://openalex.org/T10836,https://openalex.org/T12489,2015,2016,2020,0.40242960438184466,1,7,2,0.125,14,12.0,2.0,0,0,1.5420390337761887e-05,true_negative,2925
https://openalex.org/T10417,https://openalex.org/T10845,2015,2016,2020,0.43429448190325176,1,4,3,0.16666666666666666,12,4.0,4.0,0,0,1.5356440119149536e-05,true_negative,2930
https://openalex.org/T10631,https://openalex.org/T12264,2015,2016,2020,0.43429448190325176,1,4,3,0.16666666666666666,12,4.0,4.0,0,0,1.5356440119149536e-05,true_negative,2931
https://openalex.org/T10330,https://openalex.org/T11588,2015,2016,2020,0.43429448190325176,1,4,3,0.16666666666666666,12,4.0,4.0,0,0,1.5356440119149536e-05,true_negative,2929
https://openalex.org/T10017,https://openalex.org/T11588,2015,2016,2020,0.43429448190325176,1,4,3,0.16666666666666666,12,4.0,4.0,0,0,1.5356440119149536e-05,true_negative,2927
https://openalex.org/T10017,https://openalex.org/T10466,2015,2016,2020,0.43429448190325176,1,4,3,0.16666666666666666,12,4.0,4.0,0,0,1.5356440119149536e-05,true_negative,2926
https://openalex.org/T11297,https://openalex.org/T12264,2015,2016,2020,0.43429448190325176,1,4,3,0.16666666666666666,12,4.0,4.0,0,0,1.5356440119149536e-05,true_negative,2932
https://openalex.org/T10330,https://openalex.org/T10466,2015,2016,2020,0.43429448190325176,1,4,3,0.16666666666666666,12,4.0,4.0,0,0,1.5356440119149536e-05,true_negative,2928
https://openalex.org/T12010,https://openalex.org/T12947,2015,2016,2020,0.36067376022224085,1,9,3,0.09090909090909091,27,16.0,4.0,0,0,1.5344589133022972e-05,true_negative,2933
https://openalex.org/T10929,https://openalex.org/T13199,2015,2016,2020,0.43429448190325176,1,2,1,0.5,2,2.0,1.0,0,0,1.520860458847812e-05,true_negative,2936
https://openalex.org/T10549,https://openalex.org/T13199,2015,2016,2020,0.43429448190325176,1,2,1,0.5,2,2.0,1.0,0,0,1.520860458847812e-05,true_negative,2934
https://openalex.org/T11677,https://openalex.org/T13199,2015,2016,2020,0.43429448190325176,1,2,1,0.5,2,2.0,1.0,0,0,1.520860458847812e-05,true_negative,2937
https://openalex.org/T10583,https://openalex.org/T13199,2015,2016,2020,0.43429448190325176,1,2,1,0.5,2,2.0,1.0,0,0,1.520860458847812e-05,true_negative,2935
https://openalex.org/T11273,https://openalex.org/T11512,2015,2016,2020,0.35295612386476116,1,4,8,0.09090909090909091,32,4.0,10.0,0,0,1.5197086550144683e-05,true_negative,2938
https://openalex.org/T11207,https://openalex.org/T12964,2015,2016,2020,1.1022332815225997,2,2,5,0.4,10,2.0,6.0,0,0,1.5180525412629644e-05,true_negative,2939
https://openalex.org/T11744,https://openalex.org/T12196,2015,2016,2020,0.36067376022224085,1,6,4,0.1111111111111111,24,20.0,6.0,0,0,1.4967315289055329e-05,true_negative,2940
https://openalex.org/T11177,https://openalex.org/T11884,2015,2016,2020,0.6213349345596119,1,9,3,0.09090909090909091,27,14.0,4.0,0,0,1.4912034561177764e-05,true_negative,2941
https://openalex.org/T10036,https://openalex.org/T10500,2015,2016,2020,0.43429448190325176,1,8,11,0.05555555555555555,88,10.0,20.0,0,0,1.4885796965465416e-05,true_negative,2942
https://openalex.org/T10836,https://openalex.org/T11791,2015,2016,2020,0.7130970716616506,2,7,12,0.11764705882352941,84,12.0,32.0,0,0,1.487031025643056e-05,true_negative,2943
https://openalex.org/T11542,https://openalex.org/T12648,2015,2016,2020,0.6753317406663657,2,9,2,0.2222222222222222,18,10.0,2.0,0,0,1.47978959767477e-05,true_negative,2944
https://openalex.org/T13117,https://openalex.org/T14023,2015,2016,2020,0.3459762562611936,1,5,2,0.16666666666666666,10,6.0,2.0,0,0,1.477026837850318e-05,true_negative,2950
https://openalex.org/T13117,https://openalex.org/T13412,2015,2016,2020,0.3459762562611936,1,5,2,0.16666666666666666,10,6.0,2.0,0,0,1.477026837850318e-05,true_negative,2948
https://openalex.org/T13117,https://openalex.org/T13765,2015,2016,2020,0.3459762562611936,1,5,2,0.16666666666666666,10,6.0,2.0,0,0,1.477026837850318e-05,true_negative,2949
https://openalex.org/T10382,https://openalex.org/T11341,2015,2016,2020,0.33380820069533407,1,5,2,0.16666666666666666,10,6.0,2.0,0,0,1.477026837850318e-05,true_negative,2946
https://openalex.org/T10382,https://openalex.org/T11992,2015,2016,2020,0.33380820069533407,1,5,2,0.16666666666666666,10,6.0,2.0,0,0,1.477026837850318e-05,true_negative,2947
https://openalex.org/T10382,https://openalex.org/T10478,2015,2016,2020,0.33380820069533407,1,5,2,0.16666666666666666,10,6.0,2.0,0,0,1.477026837850318e-05,true_negative,2945
https://openalex.org/T12679,https://openalex.org/T14153,2015,2016,2020,0.8268746032241814,2,4,4,0.3333333333333333,16,6.0,6.0,0,0,1.4754652028431645e-05,true_negative,2951
https://openalex.org/T10120,https://openalex.org/T11791,2015,2016,2020,0.2790553132756236,1,6,12,0.058823529411764705,72,10.0,32.0,0,0,1.439693324922548e-05,true_negative,2952
https://openalex.org/T10382,https://openalex.org/T11690,2015,2016,2020,0.48089834696298783,1,5,9,0.07692307692307693,45,6.0,16.0,0,0,1.432715881094955e-05,true_negative,2953
https://openalex.org/T10660,https://openalex.org/T10663,2015,2016,2020,0.45511961331341866,1,4,3,0.16666666666666666,12,6.0,8.0,0,0,1.4313790465233632e-05,true_negative,2954
https://openalex.org/T11981,https://openalex.org/T13777,2015,2016,2020,1.1764671337579005,2,8,4,0.2,32,14.0,4.0,0,0,1.4289156867913903e-05,true_negative,2955
https://openalex.org/T10591,https://openalex.org/T10932,2015,2016,2020,0.36067376022224085,1,4,6,0.1111111111111111,24,4.0,8.0,0,0,1.4248081449096323e-05,true_negative,2956
https://openalex.org/T10275,https://openalex.org/T10657,2015,2016,2020,0.33380820069533407,1,8,4,0.09090909090909091,32,18.0,8.0,0,0,1.4221785033842067e-05,true_negative,2957
https://openalex.org/T11975,https://openalex.org/T12391,2015,2016,2020,0.7213475204444817,1,6,2,0.14285714285714285,12,8.0,2.0,0,0,1.4188431474218534e-05,true_negative,2959
https://openalex.org/T11975,https://openalex.org/T13717,2015,2016,2020,0.7213475204444817,1,6,2,0.14285714285714285,12,8.0,2.0,0,0,1.4188431474218534e-05,true_negative,2960
https://openalex.org/T10505,https://openalex.org/T10929,2015,2016,2020,0.7213475204444817,1,6,2,0.14285714285714285,12,8.0,2.0,0,0,1.4188431474218534e-05,true_negative,2958
https://openalex.org/T10857,https://openalex.org/T11287,2015,2016,2020,0.2790553132756236,1,4,13,0.0625,52,4.0,20.0,0,0,1.4064583369307437e-05,true_negative,2961
https://openalex.org/T10120,https://openalex.org/T11879,2015,2016,2020,0.2790553132756236,1,6,2,0.14285714285714285,12,10.0,2.0,0,0,1.4037284294341477e-05,true_negative,2965
https://openalex.org/T10120,https://openalex.org/T10715,2015,2016,2020,0.2790553132756236,1,6,2,0.14285714285714285,12,10.0,2.0,0,0,1.4037284294341477e-05,true_negative,2963
https://openalex.org/T10120,https://openalex.org/T12134,2015,2016,2020,0.2790553132756236,1,6,2,0.14285714285714285,12,10.0,2.0,0,0,1.4037284294341477e-05,true_negative,2966
https://openalex.org/T10120,https://openalex.org/T10602,2015,2016,2020,0.2790553132756236,1,6,2,0.14285714285714285,12,10.0,2.0,0,0,1.4037284294341477e-05,true_negative,2962
https://openalex.org/T10120,https://openalex.org/T11470,2015,2016,2020,0.2790553132756236,1,6,2,0.14285714285714285,12,10.0,2.0,0,0,1.4037284294341477e-05,true_negative,2964
https://openalex.org/T10057,https://openalex.org/T11791,2015,2016,2020,0.31066746727980593,1,8,12,0.05263157894736842,96,20.0,32.0,0,0,1.3998838378578602e-05,true_negative,2967
https://openalex.org/T11272,https://openalex.org/T11277,2015,2016,2020,0.33380820069533407,1,2,6,0.14285714285714285,12,4.0,6.0,0,0,1.3996513496051325e-05,true_negative,2968
https://openalex.org/T11048,https://openalex.org/T11269,2015,2016,2020,0.7341749265890423,2,3,9,0.2,27,4.0,16.0,0,0,1.3919982828514039e-05,true_negative,2969
https://openalex.org/T11577,https://openalex.org/T14393,2015,2016,2020,0.35295612386476116,1,6,4,0.1111111111111111,24,6.0,4.0,0,0,1.3898712526115968e-05,true_negative,2970
https://openalex.org/T12196,https://openalex.org/T12679,2015,2016,2020,0.8415721071852287,2,4,4,0.3333333333333333,16,6.0,6.0,0,0,1.3893232684958912e-05,true_negative,2971
https://openalex.org/T10932,https://openalex.org/T11710,2015,2016,2020,0.6295964561836069,2,6,6,0.2,36,8.0,8.0,1,0,1.3853504879190658e-05,false_negative,2972
https://openalex.org/T11289,https://openalex.org/T12859,2015,2016,2020,0.5979843021794247,2,6,6,0.2,36,8.0,8.0,1,0,1.3853504879190658e-05,false_negative,2975
https://openalex.org/T11289,https://openalex.org/T11710,2015,2016,2020,0.6295964561836069,2,6,6,0.2,36,8.0,8.0,0,0,1.3853504879190658e-05,true_negative,2974
https://openalex.org/T10932,https://openalex.org/T12859,2015,2016,2020,0.5979843021794247,2,6,6,0.2,36,8.0,8.0,0,0,1.3853504879190658e-05,true_negative,2973
https://openalex.org/T10467,https://openalex.org/T11519,2015,2016,2020,0.8080757371781798,2,9,2,0.2222222222222222,18,13.0,2.0,0,0,1.3749206291024685e-05,true_negative,2976
https://openalex.org/T11468,https://openalex.org/T11871,2015,2016,2020,0.45511961331341866,1,10,15,0.041666666666666664,150,18.0,17.0,0,0,1.3659637260314922e-05,true_negative,2977
https://openalex.org/T11468,https://openalex.org/T13984,2015,2016,2020,0.35295612386476116,1,10,6,0.06666666666666667,60,18.0,6.0,0,0,1.3635302913269608e-05,true_negative,2978
https://openalex.org/T10269,https://openalex.org/T11491,2015,2016,2020,0.5581106265512472,1,9,3,0.09090909090909091,27,10.0,4.0,0,0,1.3619115208458063e-05,true_negative,2979
https://openalex.org/T10338,https://openalex.org/T10502,2015,2016,2020,0.33380820069533407,1,2,7,0.125,14,2.0,8.0,0,0,1.355808141787337e-05,true_negative,2980
https://openalex.org/T11071,https://openalex.org/T11981,2015,2016,2020,0.31465798044412485,1,2,8,0.1111111111111111,16,2.0,14.0,0,0,1.3384255434598909e-05,true_negative,2982
https://openalex.org/T10084,https://openalex.org/T11981,2015,2016,2020,0.31465798044412485,1,2,8,0.1111111111111111,16,2.0,14.0,0,0,1.3384255434598909e-05,true_negative,2981
https://openalex.org/T10472,https://openalex.org/T10923,2015,2016,2020,0.33380820069533407,1,4,6,0.1111111111111111,24,4.0,6.0,0,0,1.3273012569297799e-05,true_negative,2983
https://openalex.org/T10472,https://openalex.org/T11277,2015,2016,2020,0.33380820069533407,1,4,6,0.1111111111111111,24,4.0,6.0,0,0,1.3273012569297799e-05,true_negative,2984
https://openalex.org/T10602,https://openalex.org/T13937,2015,2016,2020,0.2790553132756236,1,2,8,0.1111111111111111,16,2.0,12.0,0,0,1.3260285588727588e-05,true_negative,2985
https://openalex.org/T12134,https://openalex.org/T13937,2015,2016,2020,0.2790553132756236,1,2,8,0.1111111111111111,16,2.0,12.0,0,0,1.3260285588727588e-05,true_negative,2988
https://openalex.org/T11879,https://openalex.org/T13937,2015,2016,2020,0.2790553132756236,1,2,8,0.1111111111111111,16,2.0,12.0,0,0,1.3260285588727588e-05,true_negative,2987
https://openalex.org/T11470,https://openalex.org/T13937,2015,2016,2020,0.2790553132756236,1,2,8,0.1111111111111111,16,2.0,12.0,0,0,1.3260285588727588e-05,true_negative,2986
https://openalex.org/T10621,https://openalex.org/T11407,2015,2016,2020,0.31066746727980593,1,6,4,0.1111111111111111,24,6.0,4.0,0,0,1.3156496767915648e-05,true_negative,2989
https://openalex.org/T10074,https://openalex.org/T12046,2015,2016,2020,0.33380820069533407,1,7,4,0.1,28,14.0,8.0,0,0,1.3128005066920904e-05,true_negative,2991
https://openalex.org/T10074,https://openalex.org/T10657,2015,2016,2020,0.33380820069533407,1,7,4,0.1,28,14.0,8.0,0,0,1.3128005066920904e-05,true_negative,2990
https://openalex.org/T10432,https://openalex.org/T11986,2015,2016,2020,0.36067376022224085,1,2,5,0.16666666666666666,10,2.0,6.0,0,0,1.30371959330961e-05,true_negative,2993
https://openalex.org/T10492,https://openalex.org/T11986,2015,2016,2020,0.36067376022224085,1,2,5,0.16666666666666666,10,2.0,6.0,0,0,1.30371959330961e-05,true_negative,2994
https://openalex.org/T10853,https://openalex.org/T13748,2015,2016,2020,0.35295612386476116,1,2,5,0.16666666666666666,10,2.0,6.0,0,0,1.30371959330961e-05,true_negative,2996
https://openalex.org/T11519,https://openalex.org/T13748,2015,2016,2020,0.35295612386476116,1,2,5,0.16666666666666666,10,2.0,6.0,0,0,1.30371959330961e-05,true_negative,2998
https://openalex.org/T10049,https://openalex.org/T11986,2015,2016,2020,0.35295612386476116,1,2,5,0.16666666666666666,10,2.0,6.0,0,0,1.30371959330961e-05,true_negative,2992
https://openalex.org/T11809,https://openalex.org/T11986,2015,2016,2020,0.36067376022224085,1,2,5,0.16666666666666666,10,2.0,6.0,0,0,1.30371959330961e-05,true_negative,2999
https://openalex.org/T11825,https://openalex.org/T11986,2015,2016,2020,0.35295612386476116,1,2,5,0.16666666666666666,10,2.0,6.0,0,0,1.30371959330961e-05,true_negative,3000
https://openalex.org/T10537,https://openalex.org/T13748,2015,2016,2020,0.35295612386476116,1,2,5,0.16666666666666666,10,2.0,6.0,0,0,1.30371959330961e-05,true_negative,2995
https://openalex.org/T11206,https://openalex.org/T12072,2015,2016,2020,0.35295612386476116,1,2,5,0.16666666666666666,10,2.0,6.0,0,0,1.30371959330961e-05,true_negative,2997
https://openalex.org/T11970,https://openalex.org/T12610,2015,2016,2020,0.8268746032241814,2,9,2,0.2222222222222222,18,20.0,2.0,0,0,1.2969365015240334e-05,true_negative,3001
https://openalex.org/T10320,https://openalex.org/T13429,2015,2016,2020,0.48089834696298783,1,17,2,0.05555555555555555,34,31.0,2.0,0,0,1.292946223336597e-05,true_negative,3003
https://openalex.org/T10320,https://openalex.org/T10400,2015,2016,2020,0.48089834696298783,1,17,2,0.05555555555555555,34,31.0,2.0,0,0,1.292946223336597e-05,true_negative,3002
https://openalex.org/T11177,https://openalex.org/T12327,2015,2016,2020,0.36067376022224085,1,9,3,0.09090909090909091,27,14.0,4.0,0,0,1.2910760341210884e-05,true_negative,3004
https://openalex.org/T10382,https://openalex.org/T11162,2015,2016,2020,0.36067376022224085,1,5,13,0.058823529411764705,65,6.0,28.0,0,0,1.2894215175856417e-05,true_negative,3005
https://openalex.org/T12443,https://openalex.org/T12574,2015,2016,2020,0.667614104308886,2,8,4,0.2,32,20.0,4.0,0,0,1.2790327118735716e-05,true_negative,3006
https://openalex.org/T10086,https://openalex.org/T12279,2015,2016,2020,0.6213349345596119,1,6,4,0.1111111111111111,24,8.0,4.0,0,0,1.2642646394296535e-05,true_negative,3007
https://openalex.org/T11880,https://openalex.org/T12114,2015,2016,2020,0.4170323914242463,1,4,9,0.08333333333333333,36,4.0,10.0,0,0,1.2524888905398072e-05,true_negative,3008
https://openalex.org/T11048,https://openalex.org/T12254,2015,2016,2020,0.2790553132756236,1,3,4,0.16666666666666666,12,4.0,16.0,0,0,1.2451396826767731e-05,true_negative,3009
https://openalex.org/T11443,https://openalex.org/T13748,2015,2016,2020,0.36926937306885504,1,3,5,0.14285714285714285,15,4.0,6.0,0,0,1.244062632596353e-05,true_negative,3010
https://openalex.org/T12443,https://openalex.org/T12679,2015,2016,2020,0.6753317406663657,2,8,4,0.2,32,20.0,6.0,0,0,1.233053243668213e-05,true_negative,3011
https://openalex.org/T10522,https://openalex.org/T10845,2015,2016,2020,0.43429448190325176,1,8,3,0.1,24,8.0,4.0,0,0,1.2170288084190997e-05,true_negative,3012
https://openalex.org/T10496,https://openalex.org/T11011,2015,2016,2020,0.35295612386476116,1,2,5,0.16666666666666666,10,2.0,8.0,0,0,1.2126193502500172e-05,true_negative,3013
https://openalex.org/T10036,https://openalex.org/T10531,2015,2016,2020,1.1764671337579005,2,8,4,0.2,32,10.0,4.0,0,0,1.2092180519731752e-05,true_negative,3014
https://openalex.org/T10074,https://openalex.org/T10472,2015,2016,2020,0.33380820069533407,1,7,4,0.1,28,14.0,4.0,0,0,1.207025572284189e-05,true_negative,3015
https://openalex.org/T10074,https://openalex.org/T12529,2015,2016,2020,0.33380820069533407,1,7,4,0.1,28,14.0,4.0,0,0,1.207025572284189e-05,true_negative,3016
https://openalex.org/T11744,https://openalex.org/T14374,2015,2016,2020,0.48089834696298783,1,6,5,0.1,30,20.0,6.0,0,0,1.2051638348185055e-05,true_negative,3017
https://openalex.org/T10515,https://openalex.org/T11791,2015,2016,2020,0.4170323914242463,1,4,12,0.06666666666666667,48,6.0,32.0,0,0,1.2005686453596026e-05,true_negative,3018
https://openalex.org/T10008,https://openalex.org/T12010,2015,2016,2020,0.3459762562611936,1,4,9,0.08333333333333333,36,4.0,16.0,0,0,1.1978109326882621e-05,true_negative,3019
https://openalex.org/T10688,https://openalex.org/T11871,2015,2016,2020,0.4170323914242463,1,10,15,0.041666666666666664,150,12.0,17.0,0,0,1.1969471021912807e-05,true_negative,3020
https://openalex.org/T11337,https://openalex.org/T12267,2015,2016,2020,0.40242960438184466,1,2,3,0.25,6,2.0,6.0,0,0,1.1925597082816929e-05,true_negative,3022
https://openalex.org/T11232,https://openalex.org/T12267,2015,2016,2020,0.40242960438184466,1,2,3,0.25,6,2.0,6.0,0,0,1.1925597082816929e-05,true_negative,3021
https://openalex.org/T10136,https://openalex.org/T12114,2015,2016,2020,0.7716989774506997,2,11,9,0.1111111111111111,99,14.0,10.0,0,0,1.1874047265149932e-05,true_negative,3023
https://openalex.org/T12168,https://openalex.org/T12679,2015,2016,2020,0.31465798044412485,1,3,4,0.16666666666666666,12,4.0,6.0,0,0,1.1828470551281602e-05,true_negative,3024
https://openalex.org/T10030,https://openalex.org/T10275,2015,2016,2020,0.45511961331341866,1,2,8,0.1111111111111111,16,2.0,18.0,0,0,1.1734417553998058e-05,true_negative,3025
https://openalex.org/T11482,https://openalex.org/T11765,2015,2016,2020,0.7213475204444817,1,11,4,0.07142857142857142,44,26.0,6.0,0,0,1.1686204418576855e-05,true_negative,3026
https://openalex.org/T11307,https://openalex.org/T11871,2015,2016,2020,0.3898712452512801,1,10,15,0.041666666666666664,150,14.0,17.0,0,0,1.1629878938105459e-05,true_negative,3027
https://openalex.org/T10537,https://openalex.org/T11542,2015,2016,2020,0.35295612386476116,1,2,9,0.1,18,2.0,10.0,0,0,1.1609016575618797e-05,true_negative,3028
https://openalex.org/T10853,https://openalex.org/T11542,2015,2016,2020,0.35295612386476116,1,2,9,0.1,18,2.0,10.0,0,0,1.1609016575618797e-05,true_negative,3029
https://openalex.org/T10057,https://openalex.org/T10462,2015,2016,2020,0.7872506057680129,2,8,4,0.2,32,20.0,4.0,0,0,1.1506035594357648e-05,true_negative,3030
https://openalex.org/T10049,https://openalex.org/T10798,2015,2016,2020,0.35295612386476116,1,2,9,0.1,18,2.0,24.0,0,0,1.1437101390340707e-05,true_negative,3031
https://openalex.org/T11235,https://openalex.org/T11270,2015,2016,2020,0.40242960438184466,1,10,2,0.09090909090909091,20,14.0,2.0,0,0,1.1356888724325768e-05,true_negative,3032
https://openalex.org/T11106,https://openalex.org/T12535,2015,2016,2020,0.5138983423697507,1,4,13,0.0625,52,4.0,17.0,0,0,1.130521761212256e-05,true_negative,3033
https://openalex.org/T10012,https://openalex.org/T10184,2015,2016,2020,0.45511961331341866,1,11,4,0.07142857142857142,44,32.0,4.0,0,0,1.118093271245464e-05,true_negative,3034
https://openalex.org/T10261,https://openalex.org/T10769,2015,2016,2020,0.4170323914242463,1,17,2,0.05555555555555555,34,32.0,2.0,0,0,1.1169052518187616e-05,true_negative,3035
https://openalex.org/T10688,https://openalex.org/T12676,2015,2016,2020,0.35295612386476116,1,10,4,0.07692307692307693,40,12.0,4.0,0,0,1.1051476831310288e-05,true_negative,3037
https://openalex.org/T10688,https://openalex.org/T11273,2015,2016,2020,0.35295612386476116,1,10,4,0.07692307692307693,40,12.0,4.0,0,0,1.1051476831310288e-05,true_negative,3036
https://openalex.org/T11195,https://openalex.org/T11396,2015,2016,2020,0.5138983423697507,1,1,3,0.3333333333333333,3,1.0,3.0,0,0,1.0969166605927345e-05,true_negative,3038
https://openalex.org/T10057,https://openalex.org/T10066,2015,2016,2020,0.31066746727980593,1,8,12,0.05263157894736842,96,20.0,26.0,0,0,1.096467204573188e-05,true_negative,3039
https://openalex.org/T10120,https://openalex.org/T11287,2015,2016,2020,0.2790553132756236,1,6,13,0.05555555555555555,78,10.0,20.0,0,0,1.0821845804671244e-05,true_negative,3040
https://openalex.org/T13117,https://openalex.org/T14153,2015,2016,2020,0.3459762562611936,1,5,4,0.125,20,6.0,6.0,0,0,1.078271132116846e-05,true_negative,3041
https://openalex.org/T12264,https://openalex.org/T13199,2015,2016,2020,0.43429448190325176,1,3,1,0.3333333333333333,3,4.0,1.0,0,0,1.0752489918090698e-05,true_negative,3042
https://openalex.org/T10066,https://openalex.org/T10604,2015,2016,2020,0.5897227805554295,2,12,8,0.1111111111111111,96,26.0,20.0,0,0,1.0752289610646623e-05,true_negative,3043
https://openalex.org/T10068,https://openalex.org/T13117,2015,2016,2020,0.45511961331341866,1,8,5,0.08333333333333333,40,11.0,6.0,0,0,1.0732139730104276e-05,true_negative,3044
https://openalex.org/T10049,https://openalex.org/T10353,2015,2016,2020,0.35295612386476116,1,2,7,0.125,14,2.0,8.0,0,0,1.072681792245449e-05,true_negative,3045
https://openalex.org/T13141,https://openalex.org/T13487,2015,2016,2020,0.36926937306885504,1,6,2,0.14285714285714285,12,7.0,2.0,0,0,1.064136921769844e-05,true_negative,3046
https://openalex.org/T10742,https://openalex.org/T11901,2015,2016,2020,0.40242960438184466,1,2,4,0.2,8,2.0,4.0,0,0,1.0581924145909311e-05,true_negative,3050
https://openalex.org/T10742,https://openalex.org/T11273,2015,2016,2020,0.40242960438184466,1,2,4,0.2,8,2.0,4.0,0,0,1.0581924145909311e-05,true_negative,3049
https://openalex.org/T10742,https://openalex.org/T10799,2015,2016,2020,0.40242960438184466,1,2,4,0.2,8,2.0,4.0,0,0,1.0581924145909311e-05,true_negative,3048
https://openalex.org/T10282,https://openalex.org/T11901,2015,2016,2020,0.40242960438184466,1,2,4,0.2,8,2.0,4.0,0,0,1.0581924145909311e-05,true_negative,3047
https://openalex.org/T11476,https://openalex.org/T11901,2015,2016,2020,0.40242960438184466,1,2,4,0.2,8,2.0,4.0,0,0,1.0581924145909311e-05,true_negative,3054
https://openalex.org/T11187,https://openalex.org/T11901,2015,2016,2020,0.40242960438184466,1,2,4,0.2,8,2.0,4.0,0,0,1.0581924145909311e-05,true_negative,3052
https://openalex.org/T11187,https://openalex.org/T11273,2015,2016,2020,0.40242960438184466,1,2,4,0.2,8,2.0,4.0,0,0,1.0581924145909311e-05,true_negative,3051
https://openalex.org/T11270,https://openalex.org/T11901,2015,2016,2020,0.40242960438184466,1,2,4,0.2,8,2.0,4.0,0,0,1.0581924145909311e-05,true_negative,3053
https://openalex.org/T10222,https://openalex.org/T12640,2015,2016,2020,0.2790553132756236,1,11,2,0.08333333333333333,22,16.0,4.0,0,0,1.0555896402323617e-05,true_negative,3055
https://openalex.org/T10009,https://openalex.org/T10218,2015,2016,2020,0.7213475204444817,1,8,4,0.09090909090909091,32,10.0,6.0,0,0,1.0394735902055799e-05,true_negative,3056
https://openalex.org/T10660,https://openalex.org/T11878,2015,2016,2020,1.3426824550040934,2,4,2,0.5,8,6.0,2.0,0,0,1.038132229030095e-05,true_negative,3057
https://openalex.org/T11307,https://openalex.org/T13937,2015,2016,2020,0.5581106265512472,1,10,8,0.058823529411764705,80,14.0,12.0,0,0,1.0320132937239914e-05,true_negative,3058
https://openalex.org/T10467,https://openalex.org/T10853,2015,2016,2020,0.8668544662345119,2,9,2,0.2222222222222222,18,13.0,2.0,0,0,1.0304519211776227e-05,true_negative,3059
https://openalex.org/T10445,https://openalex.org/T12187,2015,2016,2020,1.531574161186449,2,4,2,0.5,8,4.0,2.0,0,0,1.0290946032141803e-05,true_negative,3060
https://openalex.org/T10621,https://openalex.org/T11162,2015,2016,2020,0.3459762562611936,1,6,13,0.05555555555555555,78,6.0,28.0,0,0,1.0260220003344115e-05,true_negative,3061
https://openalex.org/T11577,https://openalex.org/T11764,2015,2016,2020,0.4170323914242463,1,6,3,0.125,18,6.0,8.0,0,0,1.0226314349351735e-05,true_negative,3062
https://openalex.org/T10382,https://openalex.org/T10502,2015,2016,2020,0.33380820069533407,1,5,7,0.09090909090909091,35,6.0,8.0,0,0,1.0146881373925687e-05,true_negative,3063
https://openalex.org/T10382,https://openalex.org/T12046,2015,2016,2020,0.33380820069533407,1,5,4,0.125,20,6.0,8.0,0,0,9.980439770017261e-06,true_negative,3064
https://openalex.org/T11273,https://openalex.org/T11307,2015,2016,2020,0.35295612386476116,1,4,10,0.07692307692307693,40,4.0,14.0,0,0,9.970272625709686e-06,true_negative,3065
https://openalex.org/T11901,https://openalex.org/T12535,2015,2016,2020,0.4170323914242463,1,4,13,0.0625,52,4.0,17.0,0,0,9.946395892046141e-06,true_negative,3066
https://openalex.org/T10211,https://openalex.org/T11970,2015,2016,2020,0.318928988903801,1,8,9,0.0625,72,14.0,20.0,0,0,9.943887219505748e-06,true_negative,3067
https://openalex.org/T11235,https://openalex.org/T12664,2015,2016,2020,0.667614104308886,2,10,3,0.18181818181818182,30,14.0,8.0,0,0,9.810246377310886e-06,true_negative,3068
https://openalex.org/T10770,https://openalex.org/T12535,2015,2016,2020,0.4170323914242463,1,2,13,0.07142857142857142,26,2.0,17.0,0,0,9.767445448065012e-06,true_negative,3070
https://openalex.org/T10185,https://openalex.org/T12535,2015,2016,2020,0.4170323914242463,1,2,13,0.07142857142857142,26,2.0,17.0,0,0,9.767445448065012e-06,true_negative,3069
https://openalex.org/T10353,https://openalex.org/T12613,2015,2016,2020,1.1687494974004207,3,7,9,0.23076923076923078,63,8.0,20.0,0,0,9.686507393903889e-06,true_negative,3071
https://openalex.org/T10078,https://openalex.org/T10472,2015,2016,2020,0.48089834696298783,1,9,4,0.08333333333333333,36,16.0,4.0,0,0,9.668841303976564e-06,true_negative,3072
https://openalex.org/T10602,https://openalex.org/T11986,2015,2016,2020,0.2790553132756236,1,2,5,0.16666666666666666,10,2.0,6.0,0,0,9.641057326370035e-06,true_negative,3073
https://openalex.org/T11879,https://openalex.org/T11986,2015,2016,2020,0.2790553132756236,1,2,5,0.16666666666666666,10,2.0,6.0,0,0,9.641057326370035e-06,true_negative,3075
https://openalex.org/T11470,https://openalex.org/T11986,2015,2016,2020,0.2790553132756236,1,2,5,0.16666666666666666,10,2.0,6.0,0,0,9.641057326370035e-06,true_negative,3074
https://openalex.org/T10397,https://openalex.org/T12443,2015,2016,2020,0.35295612386476116,1,3,8,0.1,24,6.0,20.0,0,0,9.585560061172793e-06,true_negative,3076
https://openalex.org/T10798,https://openalex.org/T12748,2015,2016,2020,0.713629884087002,2,9,4,0.18181818181818182,36,24.0,4.0,0,0,9.541970588115596e-06,true_negative,3077
https://openalex.org/T10044,https://openalex.org/T11129,2015,2016,2020,0.45511961331341866,1,16,3,0.05555555555555555,48,38.0,4.0,0,0,9.524890558991213e-06,true_negative,3078
https://openalex.org/T11928,https://openalex.org/T13984,2015,2016,2020,0.35295612386476116,1,3,6,0.125,18,4.0,6.0,0,0,9.50445385559277e-06,true_negative,3080
https://openalex.org/T10594,https://openalex.org/T13984,2015,2016,2020,0.35295612386476116,1,3,6,0.125,18,4.0,6.0,0,0,9.50445385559277e-06,true_negative,3079
https://openalex.org/T10320,https://openalex.org/T11205,2015,2016,2020,0.43429448190325176,1,17,2,0.05555555555555555,34,31.0,2.0,0,0,9.373119471161147e-06,true_negative,3083
https://openalex.org/T10320,https://openalex.org/T10323,2015,2016,2020,0.43429448190325176,1,17,2,0.05555555555555555,34,31.0,2.0,0,0,9.373119471161147e-06,true_negative,3081
https://openalex.org/T10320,https://openalex.org/T12303,2015,2016,2020,0.43429448190325176,1,17,2,0.05555555555555555,34,31.0,2.0,0,0,9.373119471161147e-06,true_negative,3088
https://openalex.org/T10320,https://openalex.org/T11739,2015,2016,2020,0.43429448190325176,1,17,2,0.05555555555555555,34,31.0,2.0,0,0,9.373119471161147e-06,true_negative,3086
https://openalex.org/T10320,https://openalex.org/T11210,2015,2016,2020,0.43429448190325176,1,17,2,0.05555555555555555,34,31.0,2.0,0,0,9.373119471161147e-06,true_negative,3084
https://openalex.org/T10320,https://openalex.org/T12015,2015,2016,2020,0.43429448190325176,1,17,2,0.05555555555555555,34,31.0,2.0,0,0,9.373119471161147e-06,true_negative,3087
https://openalex.org/T10320,https://openalex.org/T10770,2015,2016,2020,0.43429448190325176,1,17,2,0.05555555555555555,34,31.0,2.0,0,0,9.373119471161147e-06,true_negative,3082
https://openalex.org/T10320,https://openalex.org/T11659,2015,2016,2020,0.43429448190325176,1,17,2,0.05555555555555555,34,31.0,2.0,0,0,9.373119471161147e-06,true_negative,3085
https://openalex.org/T10804,https://openalex.org/T11798,2015,2016,2020,0.43429448190325176,1,17,2,0.05555555555555555,34,34.0,2.0,0,0,9.373119471161147e-06,true_negative,3089
https://openalex.org/T10123,https://openalex.org/T10769,2015,2016,2020,0.3898712452512801,1,2,2,0.3333333333333333,4,2.0,2.0,0,0,9.360013795892494e-06,true_negative,3090
https://openalex.org/T11918,https://openalex.org/T12368,2015,2016,2020,0.36926937306885504,1,2,2,0.3333333333333333,4,2.0,2.0,0,0,9.360013795892494e-06,true_negative,3096
https://openalex.org/T11798,https://openalex.org/T13487,2015,2016,2020,0.36926937306885504,1,2,2,0.3333333333333333,4,2.0,2.0,0,0,9.360013795892494e-06,true_negative,3094
https://openalex.org/T11798,https://openalex.org/T12135,2015,2016,2020,0.36926937306885504,1,2,2,0.3333333333333333,4,2.0,2.0,0,0,9.360013795892494e-06,true_negative,3092
https://openalex.org/T11918,https://openalex.org/T12135,2015,2016,2020,0.36926937306885504,1,2,2,0.3333333333333333,4,2.0,2.0,0,0,9.360013795892494e-06,true_negative,3095
https://openalex.org/T12368,https://openalex.org/T13487,2015,2016,2020,0.36926937306885504,1,2,2,0.3333333333333333,4,2.0,2.0,0,0,9.360013795892494e-06,true_negative,3098
https://openalex.org/T11798,https://openalex.org/T12368,2015,2016,2020,0.36926937306885504,1,2,2,0.3333333333333333,4,2.0,2.0,0,0,9.360013795892494e-06,true_negative,3093
https://openalex.org/T11798,https://openalex.org/T11918,2015,2016,2020,0.36926937306885504,1,2,2,0.3333333333333333,4,2.0,2.0,0,0,9.360013795892494e-06,true_negative,3091
https://openalex.org/T12135,https://openalex.org/T13487,2015,2016,2020,0.36926937306885504,1,2,2,0.3333333333333333,4,2.0,2.0,0,0,9.360013795892494e-06,true_negative,3097
https://openalex.org/T10629,https://openalex.org/T13117,2015,2016,2020,0.8010958695746122,2,16,5,0.10526315789473684,80,28.0,6.0,0,0,9.330192959338615e-06,true_negative,3099
https://openalex.org/T11060,https://openalex.org/T13283,2015,2016,2020,0.5138983423697507,1,1,17,0.058823529411764705,17,1.0,19.0,0,0,9.304630611980382e-06,true_negative,3100
https://openalex.org/T11269,https://openalex.org/T12761,2015,2016,2020,0.3898712452512801,1,9,5,0.07692307692307693,45,16.0,6.0,0,0,9.211319834920318e-06,true_negative,3102
https://openalex.org/T11269,https://openalex.org/T12072,2015,2016,2020,0.3898712452512801,1,9,5,0.07692307692307693,45,16.0,6.0,0,0,9.211319834920318e-06,true_negative,3101
https://openalex.org/T10269,https://openalex.org/T11668,2015,2016,2020,0.5581106265512472,1,9,4,0.08333333333333333,36,10.0,6.0,0,0,9.201167139598469e-06,true_negative,3104
https://openalex.org/T10269,https://openalex.org/T10371,2015,2016,2020,0.5581106265512472,1,9,4,0.08333333333333333,36,10.0,6.0,0,0,9.201167139598469e-06,true_negative,3103
https://openalex.org/T10036,https://openalex.org/T10241,2015,2016,2020,0.5581106265512472,1,8,6,0.07692307692307693,48,10.0,18.0,0,0,9.189293238633147e-06,true_negative,3105
https://openalex.org/T10627,https://openalex.org/T11512,2015,2016,2020,0.3898712452512801,1,9,8,0.0625,72,12.0,10.0,0,0,9.165059234377041e-06,true_negative,3106
https://openalex.org/T10084,https://openalex.org/T11744,2015,2016,2020,0.31465798044412485,1,2,6,0.14285714285714285,12,2.0,20.0,0,0,9.160372710095112e-06,true_negative,3107
https://openalex.org/T10596,https://openalex.org/T11542,2015,2016,2020,0.5138983423697507,1,3,9,0.09090909090909091,27,4.0,10.0,0,0,9.099828389503988e-06,true_negative,3108
https://openalex.org/T10049,https://openalex.org/T12613,2015,2016,2020,0.35295612386476116,1,2,9,0.1,18,2.0,20.0,0,0,9.070002360516398e-06,true_negative,3109
https://openalex.org/T12202,https://openalex.org/T12613,2015,2016,2020,0.36067376022224085,1,2,9,0.1,18,2.0,20.0,0,0,9.070002360516398e-06,true_negative,3112
https://openalex.org/T11590,https://openalex.org/T13309,2015,2016,2020,0.36067376022224085,1,2,9,0.1,18,2.0,20.0,0,0,9.070002360516398e-06,true_negative,3110
https://openalex.org/T11944,https://openalex.org/T13309,2015,2016,2020,0.36067376022224085,1,2,9,0.1,18,2.0,20.0,0,0,9.070002360516398e-06,true_negative,3111
https://openalex.org/T10057,https://openalex.org/T12676,2015,2016,2020,0.35295612386476116,1,8,4,0.09090909090909091,32,20.0,4.0,0,0,9.05572782237544e-06,true_negative,3114
https://openalex.org/T10057,https://openalex.org/T11273,2015,2016,2020,0.35295612386476116,1,8,4,0.09090909090909091,32,20.0,4.0,0,0,9.05572782237544e-06,true_negative,3113
https://openalex.org/T10002,https://openalex.org/T10303,2015,2016,2020,0.750545005473521,2,16,5,0.10526315789473684,80,28.0,6.0,0,0,8.954352999567032e-06,true_negative,3115
https://openalex.org/T10751,https://openalex.org/T13937,2015,2016,2020,0.4170323914242463,1,4,8,0.09090909090909091,32,4.0,12.0,0,0,8.927283574739226e-06,true_negative,3116
https://openalex.org/T11970,https://openalex.org/T12134,2015,2016,2020,0.6814849176574682,2,9,2,0.2222222222222222,18,20.0,2.0,0,0,8.878375041560701e-06,true_negative,3117
https://openalex.org/T11512,https://openalex.org/T12676,2015,2016,2020,0.35295612386476116,1,8,4,0.09090909090909091,32,10.0,4.0,0,0,8.871364580748383e-06,true_negative,3118
https://openalex.org/T12196,https://openalex.org/T13349,2015,2016,2020,0.45511961331341866,1,4,3,0.16666666666666666,12,6.0,4.0,0,0,8.87088538571005e-06,true_negative,3121
https://openalex.org/T11881,https://openalex.org/T12327,2015,2016,2020,0.45511961331341866,1,4,3,0.16666666666666666,12,6.0,4.0,0,0,8.87088538571005e-06,true_negative,3120
https://openalex.org/T10344,https://openalex.org/T13349,2015,2016,2020,0.45511961331341866,1,4,3,0.16666666666666666,12,6.0,4.0,0,0,8.87088538571005e-06,true_negative,3119
https://openalex.org/T11542,https://openalex.org/T13117,2015,2016,2020,0.9102392266268373,2,9,5,0.16666666666666666,45,10.0,6.0,0,0,8.870590519998241e-06,true_negative,3122
https://openalex.org/T10885,https://openalex.org/T11577,2015,2016,2020,0.35295612386476116,1,25,6,0.03333333333333333,150,62.0,6.0,0,0,8.736774285090703e-06,true_negative,3123
https://openalex.org/T10184,https://openalex.org/T13664,2015,2016,2020,0.45511961331341866,1,4,9,0.08333333333333333,36,4.0,18.0,0,0,8.712822961962575e-06,true_negative,3125
https://openalex.org/T10184,https://openalex.org/T11269,2015,2016,2020,0.45511961331341866,1,4,9,0.08333333333333333,36,4.0,16.0,0,0,8.712822961962575e-06,true_negative,3124
https://openalex.org/T10382,https://openalex.org/T12529,2015,2016,2020,0.33380820069533407,1,5,4,0.125,20,6.0,4.0,0,0,8.667047465082592e-06,true_negative,3126
https://openalex.org/T10220,https://openalex.org/T10500,2015,2016,2020,0.7213475204444817,1,2,11,0.08333333333333333,22,2.0,20.0,0,0,8.638597973052067e-06,true_negative,3127
https://openalex.org/T10769,https://openalex.org/T11289,2015,2016,2020,0.3898712452512801,1,2,6,0.14285714285714285,12,2.0,8.0,0,0,8.62784212160114e-06,true_negative,3129
https://openalex.org/T10123,https://openalex.org/T11289,2015,2016,2020,0.3898712452512801,1,2,6,0.14285714285714285,12,2.0,8.0,0,0,8.62784212160114e-06,true_negative,3128
https://openalex.org/T10062,https://openalex.org/T11269,2015,2016,2020,0.45511961331341866,1,5,9,0.07692307692307693,45,6.0,16.0,0,0,8.602855518840928e-06,true_negative,3130
https://openalex.org/T10062,https://openalex.org/T13664,2015,2016,2020,0.45511961331341866,1,5,9,0.07692307692307693,45,6.0,18.0,0,0,8.602855518840928e-06,true_negative,3131
https://openalex.org/T10120,https://openalex.org/T10434,2015,2016,2020,0.6250315695368172,2,6,9,0.15384615384615385,54,10.0,14.0,0,0,8.564502860534096e-06,true_negative,3132
https://openalex.org/T11981,https://openalex.org/T13117,2015,2016,2020,0.3459762562611936,1,8,5,0.08333333333333333,40,14.0,6.0,0,0,8.512472693633665e-06,true_negative,3133
https://openalex.org/T11468,https://openalex.org/T11577,2015,2016,2020,0.7699885152890075,2,10,6,0.14285714285714285,60,18.0,6.0,0,0,8.502524852335175e-06,true_negative,3134
https://openalex.org/T10303,https://openalex.org/T11881,2015,2016,2020,0.750545005473521,2,5,4,0.2857142857142857,20,6.0,6.0,0,0,8.385562651780551e-06,true_negative,3135
https://openalex.org/T10521,https://openalex.org/T12140,2015,2016,2020,0.45511961331341866,1,18,2,0.05263157894736842,36,50.0,4.0,0,0,8.313931873866668e-06,true_negative,3136
https://openalex.org/T10604,https://openalex.org/T11407,2015,2016,2020,0.7657870805932245,2,8,4,0.2,32,20.0,4.0,0,0,8.310821613438005e-06,true_negative,3137
https://openalex.org/T10715,https://openalex.org/T13937,2015,2016,2020,0.9003902478352355,2,2,8,0.25,16,2.0,12.0,0,0,8.298196774903157e-06,true_negative,3138
https://openalex.org/T10751,https://openalex.org/T12114,2015,2016,2020,0.43429448190325176,1,4,9,0.08333333333333333,36,4.0,10.0,0,0,8.251014586583361e-06,true_negative,3139
https://openalex.org/T10269,https://openalex.org/T10836,2015,2016,2020,0.40242960438184466,1,9,7,0.06666666666666667,63,10.0,12.0,0,0,8.236060234437203e-06,true_negative,3140
https://openalex.org/T10500,https://openalex.org/T10581,2015,2016,2020,0.43429448190325176,1,11,6,0.0625,66,20.0,16.0,0,0,8.235880381417395e-06,true_negative,3141
https://openalex.org/T10269,https://openalex.org/T10277,2015,2016,2020,0.5581106265512472,1,9,4,0.08333333333333333,36,10.0,4.0,0,0,8.216570815498425e-06,true_negative,3142
https://openalex.org/T10036,https://openalex.org/T10775,2015,2016,2020,0.43429448190325176,1,8,4,0.09090909090909091,32,10.0,6.0,1,0,8.216150365241944e-06,false_negative,3143
https://openalex.org/T10885,https://openalex.org/T11578,2015,2016,2020,0.2790553132756236,1,25,4,0.03571428571428571,100,62.0,4.0,0,0,8.19196920369056e-06,true_negative,3144
https://openalex.org/T10885,https://openalex.org/T12267,2015,2016,2020,0.40242960438184466,1,25,3,0.037037037037037035,75,62.0,6.0,0,0,8.188067019633075e-06,true_negative,3145
https://openalex.org/T11093,https://openalex.org/T11519,2015,2016,2020,0.35295612386476116,1,4,2,0.2,8,4.0,2.0,0,0,8.186200507775038e-06,true_negative,3164
https://openalex.org/T10462,https://openalex.org/T11206,2015,2016,2020,0.35295612386476116,1,4,2,0.2,8,4.0,2.0,0,0,8.186200507775038e-06,true_negative,3154
https://openalex.org/T12044,https://openalex.org/T12202,2015,2016,2020,0.36067376022224085,1,4,2,0.2,8,4.0,2.0,0,0,8.186200507775038e-06,true_negative,3166
https://openalex.org/T10591,https://openalex.org/T12557,2015,2016,2020,0.35295612386476116,1,4,2,0.2,8,4.0,2.0,0,0,8.186200507775038e-06,true_negative,3161
https://openalex.org/T10462,https://openalex.org/T12292,2015,2016,2020,0.35295612386476116,1,4,2,0.2,8,4.0,2.0,0,0,8.186200507775038e-06,true_negative,3155
https://openalex.org/T12676,https://openalex.org/T13126,2015,2016,2020,0.35295612386476116,1,4,2,0.2,8,4.0,2.0,0,0,8.186200507775038e-06,true_negative,3168
https://openalex.org/T12044,https://openalex.org/T12557,2015,2016,2020,0.36067376022224085,1,4,2,0.2,8,4.0,2.0,0,0,8.186200507775038e-06,true_negative,3167
https://openalex.org/T10591,https://openalex.org/T11825,2015,2016,2020,0.35295612386476116,1,4,2,0.2,8,4.0,2.0,0,0,8.186200507775038e-06,true_negative,3160
https://openalex.org/T12748,https://openalex.org/T13104,2015,2016,2020,0.36067376022224085,1,4,2,0.2,8,4.0,2.0,0,0,8.186200507775038e-06,true_negative,3169
https://openalex.org/T10102,https://openalex.org/T11519,2015,2016,2020,0.35295612386476116,1,4,2,0.2,8,4.0,2.0,0,0,8.186200507775038e-06,true_negative,3150
https://openalex.org/T10102,https://openalex.org/T10853,2015,2016,2020,0.35295612386476116,1,4,2,0.2,8,4.0,2.0,0,0,8.186200507775038e-06,true_negative,3149
https://openalex.org/T10472,https://openalex.org/T12202,2015,2016,2020,0.36067376022224085,1,4,2,0.2,8,4.0,2.0,0,0,8.186200507775038e-06,true_negative,3157
https://openalex.org/T10102,https://openalex.org/T10537,2015,2016,2020,0.35295612386476116,1,4,2,0.2,8,4.0,2.0,0,0,8.186200507775038e-06,true_negative,3148
https://openalex.org/T10096,https://openalex.org/T12557,2015,2016,2020,0.35295612386476116,1,4,2,0.2,8,4.0,2.0,0,0,8.186200507775038e-06,true_negative,3147
https://openalex.org/T10472,https://openalex.org/T12557,2015,2016,2020,0.36067376022224085,1,4,2,0.2,8,4.0,2.0,0,0,8.186200507775038e-06,true_negative,3158
https://openalex.org/T10462,https://openalex.org/T13126,2015,2016,2020,0.35295612386476116,1,4,2,0.2,8,4.0,2.0,0,0,8.186200507775038e-06,true_negative,3156
https://openalex.org/T11273,https://openalex.org/T13126,2015,2016,2020,0.35295612386476116,1,4,2,0.2,8,4.0,2.0,0,0,8.186200507775038e-06,true_negative,3165
https://openalex.org/T10272,https://openalex.org/T10853,2015,2016,2020,0.35295612386476116,1,4,2,0.2,8,4.0,2.0,0,0,8.186200507775038e-06,true_negative,3152
https://openalex.org/T10272,https://openalex.org/T10537,2015,2016,2020,0.35295612386476116,1,4,2,0.2,8,4.0,2.0,0,0,8.186200507775038e-06,true_negative,3151
https://openalex.org/T10272,https://openalex.org/T11519,2015,2016,2020,0.35295612386476116,1,4,2,0.2,8,4.0,2.0,0,0,8.186200507775038e-06,true_negative,3153
https://openalex.org/T10096,https://openalex.org/T11825,2015,2016,2020,0.35295612386476116,1,4,2,0.2,8,4.0,2.0,0,0,8.186200507775038e-06,true_negative,3146
https://openalex.org/T10472,https://openalex.org/T13104,2015,2016,2020,0.36067376022224085,1,4,2,0.2,8,4.0,2.0,0,0,8.186200507775038e-06,true_negative,3159
https://openalex.org/T10751,https://openalex.org/T11629,2015,2016,2020,0.35295612386476116,1,4,2,0.2,8,4.0,2.0,0,0,8.186200507775038e-06,true_negative,3162
https://openalex.org/T10751,https://openalex.org/T11772,2015,2016,2020,0.35295612386476116,1,4,2,0.2,8,4.0,2.0,0,0,8.186200507775038e-06,true_negative,3163
https://openalex.org/T11235,https://openalex.org/T11700,2015,2016,2020,0.667614104308886,2,10,3,0.18181818181818182,30,14.0,6.0,0,0,8.162706939211408e-06,true_negative,3170
https://openalex.org/T11468,https://openalex.org/T11970,2015,2016,2020,0.6295964561836069,2,10,9,0.11764705882352941,90,18.0,20.0,0,0,8.132821114322748e-06,true_negative,3171
https://openalex.org/T10429,https://openalex.org/T12303,2015,2016,2020,0.43429448190325176,1,3,2,0.25,6,6.0,2.0,0,0,8.116410075323736e-06,true_negative,3173
https://openalex.org/T10429,https://openalex.org/T11739,2015,2016,2020,0.43429448190325176,1,3,2,0.25,6,6.0,2.0,0,0,8.116410075323736e-06,true_negative,3172
https://openalex.org/T10179,https://openalex.org/T10382,2015,2016,2020,0.814706547658322,2,7,5,0.2,35,16.0,6.0,0,0,8.015312440857373e-06,true_negative,3174
https://openalex.org/T11048,https://openalex.org/T11578,2015,2016,2020,0.2790553132756236,1,3,4,0.16666666666666666,12,4.0,4.0,0,0,8.005417775744568e-06,true_negative,3175
https://openalex.org/T10009,https://openalex.org/T10322,2015,2016,2020,0.7213475204444817,1,8,4,0.09090909090909091,32,10.0,8.0,0,0,7.879622576166983e-06,true_negative,3176
https://openalex.org/T11700,https://openalex.org/T13555,2015,2016,2020,0.667614104308886,2,3,2,0.6666666666666666,6,6.0,4.0,0,0,7.839774692283095e-06,true_negative,3177
https://openalex.org/T10282,https://openalex.org/T10845,2015,2016,2020,0.40242960438184466,1,2,3,0.25,6,2.0,4.0,0,0,7.798190528611138e-06,true_negative,3178
https://openalex.org/T10157,https://openalex.org/T10467,2015,2016,2020,0.45511961331341866,1,4,9,0.08333333333333333,36,5.0,13.0,0,0,7.792452048424097e-06,true_negative,3179
https://openalex.org/T10036,https://openalex.org/T10462,2015,2016,2020,0.43429448190325176,1,8,4,0.09090909090909091,32,10.0,4.0,0,0,7.776371522847793e-06,true_negative,3180
https://openalex.org/T10417,https://openalex.org/T11871,2015,2016,2020,0.43429448190325176,1,4,15,0.05555555555555555,60,4.0,17.0,0,0,7.754661169665973e-06,true_negative,3181
https://openalex.org/T10275,https://openalex.org/T11690,2015,2016,2020,0.45511961331341866,1,8,9,0.0625,72,18.0,16.0,0,0,7.725959333624733e-06,true_negative,3182
https://openalex.org/T10434,https://openalex.org/T11764,2015,2016,2020,0.6960877046998699,2,9,3,0.2,27,14.0,8.0,0,0,7.696329501850164e-06,true_negative,3183
https://openalex.org/T10057,https://openalex.org/T11970,2015,2016,2020,0.31066746727980593,1,8,9,0.0625,72,20.0,20.0,0,0,7.660346748716076e-06,true_negative,3184
https://openalex.org/T11798,https://openalex.org/T13141,2015,2016,2020,0.36926937306885504,1,2,6,0.14285714285714285,12,2.0,7.0,0,0,7.600595813297721e-06,true_negative,3185
https://openalex.org/T12135,https://openalex.org/T13141,2015,2016,2020,0.36926937306885504,1,2,6,0.14285714285714285,12,2.0,7.0,0,0,7.600595813297721e-06,true_negative,3187
https://openalex.org/T12368,https://openalex.org/T13141,2015,2016,2020,0.36926937306885504,1,2,6,0.14285714285714285,12,2.0,7.0,0,0,7.600595813297721e-06,true_negative,3188
https://openalex.org/T11918,https://openalex.org/T13141,2015,2016,2020,0.36926937306885504,1,2,6,0.14285714285714285,12,2.0,7.0,0,0,7.600595813297721e-06,true_negative,3186
https://openalex.org/T10269,https://openalex.org/T10594,2015,2016,2020,0.35295612386476116,1,9,3,0.09090909090909091,27,10.0,4.0,0,0,7.60007373869206e-06,true_negative,3189
https://openalex.org/T10074,https://openalex.org/T11690,2015,2016,2020,0.48089834696298783,1,7,9,0.06666666666666667,63,14.0,16.0,0,0,7.578987733734801e-06,true_negative,3190
https://openalex.org/T11269,https://openalex.org/T11772,2015,2016,2020,0.40242960438184466,1,9,2,0.1,18,16.0,2.0,0,0,7.578723583542759e-06,true_negative,3191
https://openalex.org/T10222,https://openalex.org/T10751,2015,2016,2020,0.7699885152890075,2,11,4,0.15384615384615385,44,16.0,4.0,0,0,7.5190051821798224e-06,true_negative,3192
https://openalex.org/T10472,https://openalex.org/T10657,2015,2016,2020,0.955143135254946,2,4,4,0.3333333333333333,16,4.0,8.0,0,0,7.423696217939388e-06,true_negative,3193
https://openalex.org/T10179,https://openalex.org/T12529,2015,2016,2020,0.33380820069533407,1,7,4,0.1,28,16.0,4.0,0,0,7.322171233081258e-06,true_negative,3195
https://openalex.org/T10179,https://openalex.org/T10472,2015,2016,2020,0.33380820069533407,1,7,4,0.1,28,16.0,4.0,0,0,7.322171233081258e-06,true_negative,3194
https://openalex.org/T13398,https://openalex.org/T13555,2015,2016,2020,0.31465798044412485,1,11,2,0.08333333333333333,22,13.0,4.0,0,0,7.288779066884623e-06,true_negative,3196
https://openalex.org/T10397,https://openalex.org/T11744,2015,2016,2020,0.35295612386476116,1,3,6,0.125,18,6.0,20.0,0,0,7.263613226475152e-06,true_negative,3197
https://openalex.org/T11744,https://openalex.org/T12010,2015,2016,2020,0.36067376022224085,1,6,9,0.07142857142857142,54,20.0,16.0,0,0,7.259152138172386e-06,true_negative,3198
https://openalex.org/T11048,https://openalex.org/T11970,2015,2016,2020,0.2790553132756236,1,3,9,0.09090909090909091,27,4.0,20.0,0,0,7.20194752280944e-06,true_negative,3199
https://openalex.org/T10235,https://openalex.org/T12781,2015,2016,2020,0.6213349345596119,1,8,1,0.125,8,8.0,1.0,0,0,7.130211696229246e-06,true_negative,3200
https://openalex.org/T12368,https://openalex.org/T13748,2015,2016,2020,0.36926937306885504,1,2,5,0.16666666666666666,10,2.0,6.0,0,0,7.098394036507985e-06,true_negative,3204
https://openalex.org/T13487,https://openalex.org/T13748,2015,2016,2020,0.36926937306885504,1,2,5,0.16666666666666666,10,2.0,6.0,0,0,7.098394036507985e-06,true_negative,3205
https://openalex.org/T11918,https://openalex.org/T13748,2015,2016,2020,0.36926937306885504,1,2,5,0.16666666666666666,10,2.0,6.0,0,0,7.098394036507985e-06,true_negative,3202
https://openalex.org/T11798,https://openalex.org/T13748,2015,2016,2020,0.36926937306885504,1,2,5,0.16666666666666666,10,2.0,6.0,0,0,7.098394036507985e-06,true_negative,3201
https://openalex.org/T12135,https://openalex.org/T13748,2015,2016,2020,0.36926937306885504,1,2,5,0.16666666666666666,10,2.0,6.0,0,0,7.098394036507985e-06,true_negative,3203
https://openalex.org/T10799,https://openalex.org/T11187,2015,2016,2020,0.40242960438184466,1,4,2,0.2,8,4.0,2.0,0,0,6.978882517431655e-06,true_negative,3209
https://openalex.org/T10799,https://openalex.org/T11476,2015,2016,2020,0.40242960438184466,1,4,2,0.2,8,4.0,2.0,0,0,6.978882517431655e-06,true_negative,3210
https://openalex.org/T11901,https://openalex.org/T13976,2015,2016,2020,0.40242960438184466,1,4,2,0.2,8,4.0,2.0,0,0,6.978882517431655e-06,true_negative,3212
https://openalex.org/T11273,https://openalex.org/T13976,2015,2016,2020,0.40242960438184466,1,4,2,0.2,8,4.0,2.0,0,0,6.978882517431655e-06,true_negative,3211
https://openalex.org/T10637,https://openalex.org/T11476,2015,2016,2020,0.40242960438184466,1,4,2,0.2,8,4.0,2.0,0,0,6.978882517431655e-06,true_negative,3208
https://openalex.org/T10637,https://openalex.org/T11187,2015,2016,2020,0.40242960438184466,1,4,2,0.2,8,4.0,2.0,0,0,6.978882517431655e-06,true_negative,3207
https://openalex.org/T10637,https://openalex.org/T10742,2015,2016,2020,0.40242960438184466,1,4,2,0.2,8,4.0,2.0,0,0,6.978882517431655e-06,true_negative,3206
https://openalex.org/T10885,https://openalex.org/T11229,2015,2016,2020,0.43429448190325176,1,25,3,0.037037037037037035,75,62.0,4.0,0,0,6.942296440924575e-06,true_negative,3213
https://openalex.org/T11235,https://openalex.org/T11901,2015,2016,2020,0.8194619958060909,2,10,4,0.16666666666666666,40,14.0,4.0,0,0,6.922858046151677e-06,true_negative,3214
https://openalex.org/T10505,https://openalex.org/T10621,2015,2016,2020,0.45511961331341866,1,6,6,0.09090909090909091,36,8.0,6.0,0,0,6.911877512191456e-06,true_negative,3215
https://openalex.org/T10688,https://openalex.org/T12386,2015,2016,2020,0.48089834696298783,1,10,4,0.07692307692307693,40,12.0,4.0,0,0,6.846201994987534e-06,true_negative,3216
https://openalex.org/T10141,https://openalex.org/T13984,2015,2016,2020,0.40242960438184466,1,3,6,0.125,18,4.0,6.0,0,0,6.8448246022283255e-06,true_negative,3217
https://openalex.org/T11235,https://openalex.org/T12168,2015,2016,2020,0.667614104308886,2,10,3,0.18181818181818182,30,14.0,4.0,0,0,6.806802768342148e-06,true_negative,3218
https://openalex.org/T10662,https://openalex.org/T11269,2015,2016,2020,0.43429448190325176,1,4,9,0.08333333333333333,36,4.0,16.0,0,0,6.778170174758145e-06,true_negative,3219
https://openalex.org/T10057,https://openalex.org/T13114,2015,2016,2020,0.43429448190325176,1,8,6,0.07692307692307693,48,20.0,6.0,0,0,6.752176188115008e-06,true_negative,3220
https://openalex.org/T10382,https://openalex.org/T12220,2015,2016,2020,1.0551557211398157,2,5,2,0.4,10,6.0,2.0,0,0,6.7447816402556545e-06,true_negative,3221
https://openalex.org/T10519,https://openalex.org/T13937,2015,2016,2020,0.318928988903801,1,4,8,0.09090909090909091,32,8.0,12.0,0,0,6.717091081751061e-06,true_negative,3222
https://openalex.org/T10057,https://openalex.org/T11213,2015,2016,2020,0.31066746727980593,1,8,12,0.05263157894736842,96,20.0,18.0,0,0,6.663704434800683e-06,true_negative,3223
https://openalex.org/T12196,https://openalex.org/T12443,2015,2016,2020,0.36067376022224085,1,4,8,0.09090909090909091,32,6.0,20.0,0,0,6.579426442106418e-06,true_negative,3224
https://openalex.org/T10640,https://openalex.org/T11468,2015,2016,2020,0.45511961331341866,1,6,10,0.06666666666666667,60,6.0,18.0,0,0,6.412167071872187e-06,true_negative,3225
https://openalex.org/T10243,https://openalex.org/T11880,2015,2016,2020,0.7316903718683712,2,12,4,0.14285714285714285,48,18.0,4.0,0,0,6.3837690867791116e-06,true_negative,3226
https://openalex.org/T10024,https://openalex.org/T10461,2015,2016,2020,1.0764545478730305,2,3,2,0.6666666666666666,6,4.0,4.0,0,0,6.33351904018341e-06,true_negative,3227
https://openalex.org/T11207,https://openalex.org/T13430,2015,2016,2020,1.1022332815225997,2,2,4,0.5,8,2.0,4.0,0,0,6.2173541002078305e-06,true_negative,3228
https://openalex.org/T10683,https://openalex.org/T11177,2015,2016,2020,0.36067376022224085,1,5,9,0.07692307692307693,45,10.0,14.0,0,0,6.191680021940095e-06,true_negative,3229
https://openalex.org/T11048,https://openalex.org/T11986,2015,2016,2020,0.2790553132756236,1,3,5,0.14285714285714285,15,4.0,6.0,0,0,6.184611642089659e-06,true_negative,3230
https://openalex.org/T10522,https://openalex.org/T10662,2015,2016,2020,0.4170323914242463,1,8,4,0.09090909090909091,32,8.0,4.0,0,0,6.096642766014879e-06,true_negative,3231
https://openalex.org/T11447,https://openalex.org/T12676,2015,2016,2020,0.35295612386476116,1,10,4,0.07692307692307693,40,13.0,4.0,0,0,6.089106507401209e-06,true_negative,3234
https://openalex.org/T11307,https://openalex.org/T12676,2015,2016,2020,0.35295612386476116,1,10,4,0.07692307692307693,40,14.0,4.0,0,0,6.089106507401209e-06,true_negative,3233
https://openalex.org/T11235,https://openalex.org/T11930,2015,2016,2020,0.35295612386476116,1,10,4,0.07692307692307693,40,14.0,4.0,0,0,6.089106507401209e-06,true_negative,3232
https://openalex.org/T10269,https://openalex.org/T11577,2015,2016,2020,0.35295612386476116,1,9,6,0.07142857142857142,54,10.0,6.0,0,0,6.082193696045744e-06,true_negative,3235
https://openalex.org/T11542,https://openalex.org/T11577,2015,2016,2020,0.35295612386476116,1,9,6,0.07142857142857142,54,10.0,6.0,0,0,6.082193696045744e-06,true_negative,3236
https://openalex.org/T11060,https://openalex.org/T14313,2015,2016,2020,0.5138983423697507,1,1,1,1.0,1,1.0,1.0,0,0,6.059571068091015e-06,true_negative,3237
https://openalex.org/T12664,https://openalex.org/T13555,2015,2016,2020,0.667614104308886,2,3,2,0.6666666666666666,6,8.0,4.0,0,0,6.0572288889553125e-06,true_negative,3238
https://openalex.org/T10005,https://openalex.org/T13398,2015,2016,2020,0.7213475204444817,1,5,11,0.06666666666666667,55,10.0,13.0,0,0,6.04427188143486e-06,true_negative,3239
https://openalex.org/T12254,https://openalex.org/T13937,2015,2016,2020,0.5979843021794247,2,4,8,0.2,32,16.0,12.0,0,0,6.036126040084276e-06,true_negative,3240
https://openalex.org/T10522,https://openalex.org/T11369,2015,2016,2020,0.7213475204444817,1,8,7,0.07142857142857142,56,8.0,10.0,0,0,5.9883830618859435e-06,true_negative,3241
https://openalex.org/T10235,https://openalex.org/T11093,2015,2016,2020,0.7213475204444817,1,8,4,0.09090909090909091,32,8.0,4.0,0,0,5.944184335795953e-06,true_negative,3242
https://openalex.org/T10008,https://openalex.org/T12679,2015,2016,2020,0.3459762562611936,1,4,4,0.14285714285714285,16,4.0,6.0,0,0,5.903790388910091e-06,true_negative,3243
https://openalex.org/T10008,https://openalex.org/T14153,2015,2016,2020,0.3459762562611936,1,4,4,0.14285714285714285,16,4.0,6.0,0,0,5.903790388910091e-06,true_negative,3244
https://openalex.org/T10502,https://openalex.org/T10775,2015,2016,2020,0.35295612386476116,1,7,4,0.1,28,8.0,6.0,0,0,5.8935973038359485e-06,true_negative,3245
https://openalex.org/T10502,https://openalex.org/T12535,2015,2016,2020,0.35295612386476116,1,7,13,0.05263157894736842,91,8.0,17.0,0,0,5.888791098298435e-06,true_negative,3246
https://openalex.org/T10496,https://openalex.org/T11700,2015,2016,2020,0.35295612386476116,1,2,3,0.25,6,2.0,6.0,0,0,5.878795332776095e-06,true_negative,3247
https://openalex.org/T10885,https://openalex.org/T13141,2015,2016,2020,0.45511961331341866,1,25,6,0.03333333333333333,150,62.0,7.0,0,0,5.874435178357865e-06,true_negative,3248
https://openalex.org/T10593,https://openalex.org/T12640,2015,2016,2020,0.40242960438184466,1,2,2,0.3333333333333333,4,2.0,4.0,0,0,5.841346775412191e-06,true_negative,3250
https://openalex.org/T11337,https://openalex.org/T12745,2015,2016,2020,0.40242960438184466,1,2,2,0.3333333333333333,4,2.0,4.0,0,0,5.841346775412191e-06,true_negative,3252
https://openalex.org/T12489,https://openalex.org/T12745,2015,2016,2020,0.40242960438184466,1,2,2,0.3333333333333333,4,2.0,4.0,0,0,5.841346775412191e-06,true_negative,3253
https://openalex.org/T11232,https://openalex.org/T12745,2015,2016,2020,0.40242960438184466,1,2,2,0.3333333333333333,4,2.0,4.0,0,0,5.841346775412191e-06,true_negative,3251
https://openalex.org/T10257,https://openalex.org/T12640,2015,2016,2020,0.40242960438184466,1,2,2,0.3333333333333333,4,2.0,4.0,0,0,5.841346775412191e-06,true_negative,3249
https://openalex.org/T10683,https://openalex.org/T11881,2015,2016,2020,0.750545005473521,2,5,4,0.2857142857142857,20,10.0,6.0,0,0,5.816596446265839e-06,true_negative,3254
https://openalex.org/T11772,https://openalex.org/T14393,2015,2016,2020,0.35295612386476116,1,2,4,0.2,8,2.0,4.0,0,0,5.8119281572599635e-06,true_negative,3265
https://openalex.org/T10496,https://openalex.org/T12574,2015,2016,2020,0.35295612386476116,1,2,4,0.2,8,2.0,4.0,0,0,5.8119281572599635e-06,true_negative,3258
https://openalex.org/T10049,https://openalex.org/T12748,2015,2016,2020,0.35295612386476116,1,2,4,0.2,8,2.0,4.0,0,0,5.8119281572599635e-06,true_negative,3256
https://openalex.org/T10049,https://openalex.org/T10096,2015,2016,2020,0.35295612386476116,1,2,4,0.2,8,2.0,4.0,0,0,5.8119281572599635e-06,true_negative,3255
https://openalex.org/T12202,https://openalex.org/T12748,2015,2016,2020,0.36067376022224085,1,2,4,0.2,8,2.0,4.0,0,0,5.8119281572599635e-06,true_negative,3267
https://openalex.org/T10492,https://openalex.org/T10591,2015,2016,2020,0.36067376022224085,1,2,4,0.2,8,2.0,4.0,0,0,5.8119281572599635e-06,true_negative,3257
https://openalex.org/T10853,https://openalex.org/T11093,2015,2016,2020,0.35295612386476116,1,2,4,0.2,8,2.0,4.0,0,0,5.8119281572599635e-06,true_negative,3260
https://openalex.org/T11629,https://openalex.org/T14393,2015,2016,2020,0.35295612386476116,1,2,4,0.2,8,2.0,4.0,0,0,5.8119281572599635e-06,true_negative,3264
https://openalex.org/T11071,https://openalex.org/T11930,2015,2016,2020,0.35295612386476116,1,2,4,0.2,8,2.0,4.0,0,0,5.8119281572599635e-06,true_negative,3261
https://openalex.org/T11825,https://openalex.org/T12748,2015,2016,2020,0.35295612386476116,1,2,4,0.2,8,2.0,4.0,0,0,5.8119281572599635e-06,true_negative,3266
https://openalex.org/T10537,https://openalex.org/T11093,2015,2016,2020,0.35295612386476116,1,2,4,0.2,8,2.0,4.0,0,0,5.8119281572599635e-06,true_negative,3259
https://openalex.org/T12292,https://openalex.org/T12676,2015,2016,2020,0.35295612386476116,1,2,4,0.2,8,2.0,4.0,0,0,5.8119281572599635e-06,true_negative,3268
https://openalex.org/T11206,https://openalex.org/T12676,2015,2016,2020,0.35295612386476116,1,2,4,0.2,8,2.0,4.0,0,0,5.8119281572599635e-06,true_negative,3263
https://openalex.org/T11206,https://openalex.org/T11273,2015,2016,2020,0.35295612386476116,1,2,4,0.2,8,2.0,4.0,0,0,5.8119281572599635e-06,true_negative,3262
https://openalex.org/T10057,https://openalex.org/T10581,2015,2016,2020,0.43429448190325176,1,8,6,0.07692307692307693,48,20.0,16.0,0,0,5.81157910687423e-06,true_negative,3269
https://openalex.org/T11468,https://openalex.org/T14393,2015,2016,2020,0.35295612386476116,1,10,4,0.07692307692307693,40,18.0,4.0,0,0,5.731239225166427e-06,true_negative,3270
https://openalex.org/T10120,https://openalex.org/T11710,2015,2016,2020,0.48089834696298783,1,6,6,0.09090909090909091,36,10.0,8.0,0,0,5.655820275866329e-06,true_negative,3271
https://openalex.org/T10008,https://openalex.org/T12998,2015,2016,2020,0.9102392266268373,1,4,1,0.25,4,4.0,1.0,0,0,5.627101119165942e-06,true_negative,3272
https://openalex.org/T10054,https://openalex.org/T14406,2015,2016,2020,0.9102392266268373,1,4,1,0.25,4,4.0,1.0,0,0,5.627101119165942e-06,true_negative,3273
https://openalex.org/T12639,https://openalex.org/T12836,2015,2016,2020,0.9102392266268373,1,4,1,0.25,4,4.0,1.0,0,0,5.627101119165942e-06,true_negative,3274
https://openalex.org/T12254,https://openalex.org/T12592,2015,2016,2020,0.318928988903801,1,4,6,0.1111111111111111,24,16.0,10.0,0,0,5.600380842316508e-06,true_negative,3275
https://openalex.org/T10932,https://openalex.org/T11986,2015,2016,2020,0.6397290734978645,2,6,5,0.2222222222222222,30,8.0,6.0,0,0,5.595267434385139e-06,true_negative,3276
https://openalex.org/T10836,https://openalex.org/T11235,2015,2016,2020,0.40242960438184466,1,7,10,0.0625,70,12.0,14.0,0,0,5.588415851434502e-06,true_negative,3277
https://openalex.org/T10247,https://openalex.org/T11690,2015,2016,2020,1.1764671337579005,2,4,9,0.18181818181818182,36,10.0,16.0,0,0,5.558257412894576e-06,true_negative,3278
https://openalex.org/T11981,https://openalex.org/T13349,2015,2016,2020,0.8010958695746122,2,8,3,0.2222222222222222,24,14.0,4.0,0,0,5.538886333721849e-06,true_negative,3279
https://openalex.org/T12303,https://openalex.org/T12535,2015,2016,2020,0.45511961331341866,1,2,13,0.07142857142857142,26,2.0,17.0,0,0,5.5375337898157135e-06,true_negative,3281
https://openalex.org/T10689,https://openalex.org/T12535,2015,2016,2020,0.45511961331341866,1,2,13,0.07142857142857142,26,2.0,17.0,0,0,5.5375337898157135e-06,true_negative,3280
https://openalex.org/T11542,https://openalex.org/T14374,2015,2016,2020,0.45511961331341866,1,9,5,0.07692307692307693,45,10.0,6.0,0,0,5.507616678348872e-06,true_negative,3282
https://openalex.org/T10688,https://openalex.org/T11307,2015,2016,2020,0.7699885152890075,2,10,10,0.1111111111111111,100,12.0,14.0,0,0,5.452915860753534e-06,true_negative,3283
https://openalex.org/T10179,https://openalex.org/T12046,2015,2016,2020,0.33380820069533407,1,7,4,0.1,28,16.0,8.0,0,0,5.360458105513422e-06,true_negative,3285
https://openalex.org/T10179,https://openalex.org/T10657,2015,2016,2020,0.33380820069533407,1,7,4,0.1,28,16.0,8.0,0,0,5.360458105513422e-06,true_negative,3284
https://openalex.org/T11273,https://openalex.org/T12535,2015,2016,2020,0.35295612386476116,1,4,13,0.0625,52,4.0,17.0,0,0,5.289061114789188e-06,true_negative,3286
https://openalex.org/T10923,https://openalex.org/T12220,2015,2016,2020,0.33380820069533407,1,6,2,0.14285714285714285,12,6.0,2.0,0,0,5.279841052529244e-06,true_negative,3290
https://openalex.org/T10621,https://openalex.org/T12610,2015,2016,2020,0.3459762562611936,1,6,2,0.14285714285714285,12,6.0,2.0,0,0,5.279841052529244e-06,true_negative,3287
https://openalex.org/T10923,https://openalex.org/T11992,2015,2016,2020,0.33380820069533407,1,6,2,0.14285714285714285,12,6.0,2.0,0,0,5.279841052529244e-06,true_negative,3289
https://openalex.org/T11277,https://openalex.org/T12220,2015,2016,2020,0.33380820069533407,1,6,2,0.14285714285714285,12,6.0,2.0,0,0,5.279841052529244e-06,true_negative,3293
https://openalex.org/T11277,https://openalex.org/T11992,2015,2016,2020,0.33380820069533407,1,6,2,0.14285714285714285,12,6.0,2.0,0,0,5.279841052529244e-06,true_negative,3292
https://openalex.org/T11277,https://openalex.org/T11341,2015,2016,2020,0.33380820069533407,1,6,2,0.14285714285714285,12,6.0,2.0,0,0,5.279841052529244e-06,true_negative,3291
https://openalex.org/T10923,https://openalex.org/T11341,2015,2016,2020,0.33380820069533407,1,6,2,0.14285714285714285,12,6.0,2.0,0,0,5.279841052529244e-06,true_negative,3288
https://openalex.org/T10009,https://openalex.org/T10397,2015,2016,2020,0.6213349345596119,1,8,3,0.1,24,10.0,6.0,0,0,5.276859738234066e-06,true_negative,3294
https://openalex.org/T10462,https://openalex.org/T10502,2015,2016,2020,0.35295612386476116,1,4,7,0.1,28,4.0,8.0,0,0,5.230682984535732e-06,true_negative,3296
https://openalex.org/T10102,https://openalex.org/T10182,2015,2016,2020,0.35295612386476116,1,4,7,0.1,28,4.0,8.0,0,0,5.230682984535732e-06,true_negative,3295
https://openalex.org/T12114,https://openalex.org/T12254,2015,2016,2020,0.31066746727980593,1,9,4,0.08333333333333333,36,10.0,16.0,0,0,5.205857215764931e-06,true_negative,3297
https://openalex.org/T10164,https://openalex.org/T13349,2015,2016,2020,0.3459762562611936,1,1,3,0.3333333333333333,3,1.0,4.0,0,0,5.180880762180881e-06,true_negative,3298
https://openalex.org/T12926,https://openalex.org/T13349,2015,2016,2020,0.3459762562611936,1,1,3,0.3333333333333333,3,1.0,4.0,0,0,5.180880762180881e-06,true_negative,3299
https://openalex.org/T10123,https://openalex.org/T11213,2015,2016,2020,0.3898712452512801,1,2,12,0.07692307692307693,24,2.0,18.0,0,0,5.16371749516944e-06,true_negative,3300
https://openalex.org/T10182,https://openalex.org/T13117,2015,2016,2020,0.45511961331341866,1,7,5,0.09090909090909091,35,8.0,6.0,0,0,5.073832163166821e-06,true_negative,3301
https://openalex.org/T10141,https://openalex.org/T11791,2015,2016,2020,0.40242960438184466,1,3,12,0.07142857142857142,36,4.0,32.0,0,0,5.02994670374738e-06,true_negative,3302
https://openalex.org/T10932,https://openalex.org/T11269,2015,2016,2020,0.2790553132756236,1,6,9,0.07142857142857142,54,8.0,16.0,0,0,5.021022314485196e-06,true_negative,3303
https://openalex.org/T11710,https://openalex.org/T13664,2015,2016,2020,0.318928988903801,1,6,9,0.07142857142857142,54,8.0,18.0,0,0,5.021022314485196e-06,true_negative,3304
https://openalex.org/T10182,https://openalex.org/T10537,2015,2016,2020,0.9110667504160084,2,7,2,0.2857142857142857,14,8.0,2.0,0,0,4.968055888932214e-06,true_negative,3305
https://openalex.org/T10064,https://openalex.org/T10182,2015,2016,2020,0.35295612386476116,1,12,7,0.05555555555555555,84,16.0,8.0,0,0,4.9277527207565445e-06,true_negative,3306
https://openalex.org/T10351,https://openalex.org/T10528,2015,2016,2020,0.6213349345596119,1,5,4,0.125,20,6.0,4.0,0,0,4.914985076398496e-06,true_negative,3307
https://openalex.org/T11287,https://openalex.org/T13199,2015,2016,2020,0.43429448190325176,1,13,1,0.07692307692307693,13,20.0,1.0,0,0,4.894936336768949e-06,true_negative,3308
https://openalex.org/T11918,https://openalex.org/T13487,2015,2016,2020,1.2795085996956923,2,2,2,1.0,4,2.0,2.0,0,0,4.8940603503998205e-06,true_negative,3309
https://openalex.org/T12046,https://openalex.org/T12529,2015,2016,2020,0.814706547658322,2,4,4,0.3333333333333333,16,8.0,4.0,0,0,4.887747086428472e-06,true_negative,3310
https://openalex.org/T13309,https://openalex.org/T13447,2015,2016,2020,1.0764545478730305,2,9,3,0.2,27,20.0,4.0,0,0,4.877360247348552e-06,true_negative,3311
https://openalex.org/T11269,https://openalex.org/T11512,2015,2016,2020,0.3898712452512801,1,9,8,0.0625,72,16.0,10.0,0,0,4.8635360819935205e-06,true_negative,3312
https://openalex.org/T10775,https://openalex.org/T12072,2015,2016,2020,0.7872506057680129,2,4,5,0.2857142857142857,20,6.0,6.0,0,0,4.854399439722589e-06,true_negative,3313
https://openalex.org/T10932,https://openalex.org/T11177,2015,2016,2020,0.36067376022224085,1,6,9,0.07142857142857142,54,8.0,14.0,0,0,4.813137811492006e-06,true_negative,3314
https://openalex.org/T11468,https://openalex.org/T11772,2015,2016,2020,0.7553857282466059,2,10,2,0.2,20,18.0,2.0,0,0,4.778251103855506e-06,true_negative,3315
https://openalex.org/T10084,https://openalex.org/T11235,2015,2016,2020,0.31465798044412485,1,2,10,0.09090909090909091,20,2.0,14.0,0,0,4.737327390684904e-06,true_negative,3316
https://openalex.org/T12535,https://openalex.org/T13487,2015,2016,2020,0.36926937306885504,1,13,2,0.07142857142857142,26,17.0,2.0,0,0,4.736994289803423e-06,true_negative,3317
https://openalex.org/T10416,https://openalex.org/T13309,2015,2016,2020,0.7955563274071127,2,5,9,0.16666666666666666,45,6.0,20.0,0,0,4.723556621603157e-06,true_negative,3318
https://openalex.org/T10683,https://openalex.org/T12327,2015,2016,2020,0.35295612386476116,1,5,3,0.14285714285714285,15,10.0,4.0,0,0,4.7124988767865395e-06,true_negative,3319
https://openalex.org/T10382,https://openalex.org/T11272,2015,2016,2020,0.33380820069533407,1,5,2,0.16666666666666666,10,6.0,4.0,0,0,4.682790900859848e-06,true_negative,3320
https://openalex.org/T10353,https://openalex.org/T12046,2015,2016,2020,0.35295612386476116,1,7,4,0.1,28,8.0,8.0,0,0,4.642350196317768e-06,true_negative,3321
https://openalex.org/T10502,https://openalex.org/T11273,2015,2016,2020,0.35295612386476116,1,7,4,0.1,28,8.0,4.0,0,0,4.634613133046294e-06,true_negative,3327
https://openalex.org/T10182,https://openalex.org/T10272,2015,2016,2020,0.35295612386476116,1,7,4,0.1,28,8.0,4.0,0,0,4.634613133046294e-06,true_negative,3322
https://openalex.org/T10182,https://openalex.org/T11093,2015,2016,2020,0.35295612386476116,1,7,4,0.1,28,8.0,4.0,0,0,4.634613133046294e-06,true_negative,3323
https://openalex.org/T10353,https://openalex.org/T12044,2015,2016,2020,0.36067376022224085,1,7,4,0.1,28,8.0,4.0,0,0,4.634613133046294e-06,true_negative,3326
https://openalex.org/T10353,https://openalex.org/T10472,2015,2016,2020,0.36067376022224085,1,7,4,0.1,28,8.0,4.0,0,0,4.634613133046294e-06,true_negative,3324
https://openalex.org/T10353,https://openalex.org/T10591,2015,2016,2020,0.35295612386476116,1,7,4,0.1,28,8.0,4.0,0,0,4.634613133046294e-06,true_negative,3325
https://openalex.org/T10008,https://openalex.org/T13765,2015,2016,2020,0.3459762562611936,1,4,2,0.2,8,4.0,2.0,0,0,4.590819688761629e-06,true_negative,3334
https://openalex.org/T10008,https://openalex.org/T12694,2015,2016,2020,0.3459762562611936,1,4,2,0.2,8,4.0,2.0,0,0,4.590819688761629e-06,true_negative,3329
https://openalex.org/T10008,https://openalex.org/T12790,2015,2016,2020,0.3459762562611936,1,4,2,0.2,8,4.0,2.0,0,0,4.590819688761629e-06,true_negative,3330
https://openalex.org/T10008,https://openalex.org/T12950,2015,2016,2020,0.3459762562611936,1,4,2,0.2,8,4.0,2.0,0,0,4.590819688761629e-06,true_negative,3331
https://openalex.org/T10472,https://openalex.org/T10478,2015,2016,2020,0.33380820069533407,1,4,2,0.2,8,4.0,2.0,0,0,4.590819688761629e-06,true_negative,3335
https://openalex.org/T10008,https://openalex.org/T10186,2015,2016,2020,0.3459762562611936,1,4,2,0.2,8,4.0,2.0,0,0,4.590819688761629e-06,true_negative,3328
https://openalex.org/T10008,https://openalex.org/T13412,2015,2016,2020,0.3459762562611936,1,4,2,0.2,8,4.0,2.0,0,0,4.590819688761629e-06,true_negative,3333
https://openalex.org/T10472,https://openalex.org/T11992,2015,2016,2020,0.33380820069533407,1,4,2,0.2,8,4.0,2.0,0,0,4.590819688761629e-06,true_negative,3336
https://openalex.org/T10472,https://openalex.org/T12220,2015,2016,2020,0.33380820069533407,1,4,2,0.2,8,4.0,2.0,0,0,4.590819688761629e-06,true_negative,3337
https://openalex.org/T10008,https://openalex.org/T13051,2015,2016,2020,0.3459762562611936,1,4,2,0.2,8,4.0,2.0,0,0,4.590819688761629e-06,true_negative,3332
https://openalex.org/T10434,https://openalex.org/T10878,2015,2016,2020,0.3459762562611936,1,9,9,0.058823529411764705,81,14.0,14.0,0,0,4.568782919788446e-06,true_negative,3338
https://openalex.org/T10434,https://openalex.org/T11354,2015,2016,2020,1.1512073180132885,3,9,3,0.3333333333333333,27,14.0,16.0,0,0,4.541077061700977e-06,true_negative,3339
https://openalex.org/T10120,https://openalex.org/T12640,2015,2016,2020,0.2790553132756236,1,6,2,0.14285714285714285,12,10.0,4.0,0,0,4.533144436800003e-06,true_negative,3340
https://openalex.org/T10164,https://openalex.org/T10186,2015,2016,2020,0.3459762562611936,1,1,2,0.5,2,1.0,2.0,0,0,4.528211164419292e-06,true_negative,3341
https://openalex.org/T10164,https://openalex.org/T14023,2015,2016,2020,0.3459762562611936,1,1,2,0.5,2,1.0,2.0,0,0,4.528211164419292e-06,true_negative,3348
https://openalex.org/T12926,https://openalex.org/T13412,2015,2016,2020,0.3459762562611936,1,1,2,0.5,2,1.0,2.0,0,0,4.528211164419292e-06,true_negative,3351
https://openalex.org/T12926,https://openalex.org/T13765,2015,2016,2020,0.3459762562611936,1,1,2,0.5,2,1.0,2.0,0,0,4.528211164419292e-06,true_negative,3352
https://openalex.org/T10164,https://openalex.org/T13412,2015,2016,2020,0.3459762562611936,1,1,2,0.5,2,1.0,2.0,0,0,4.528211164419292e-06,true_negative,3346
https://openalex.org/T10164,https://openalex.org/T13765,2015,2016,2020,0.3459762562611936,1,1,2,0.5,2,1.0,2.0,0,0,4.528211164419292e-06,true_negative,3347
https://openalex.org/T12926,https://openalex.org/T14023,2015,2016,2020,0.3459762562611936,1,1,2,0.5,2,1.0,2.0,0,0,4.528211164419292e-06,true_negative,3353
https://openalex.org/T10164,https://openalex.org/T13051,2015,2016,2020,0.3459762562611936,1,1,2,0.5,2,1.0,2.0,0,0,4.528211164419292e-06,true_negative,3345
https://openalex.org/T12926,https://openalex.org/T12950,2015,2016,2020,0.3459762562611936,1,1,2,0.5,2,1.0,2.0,0,0,4.528211164419292e-06,true_negative,3349
https://openalex.org/T12926,https://openalex.org/T13051,2015,2016,2020,0.3459762562611936,1,1,2,0.5,2,1.0,2.0,0,0,4.528211164419292e-06,true_negative,3350
https://openalex.org/T10164,https://openalex.org/T12694,2015,2016,2020,0.3459762562611936,1,1,2,0.5,2,1.0,2.0,0,0,4.528211164419292e-06,true_negative,3342
https://openalex.org/T10164,https://openalex.org/T12790,2015,2016,2020,0.3459762562611936,1,1,2,0.5,2,1.0,2.0,0,0,4.528211164419292e-06,true_negative,3343
https://openalex.org/T10164,https://openalex.org/T12950,2015,2016,2020,0.3459762562611936,1,1,2,0.5,2,1.0,2.0,0,0,4.528211164419292e-06,true_negative,3344
https://openalex.org/T10824,https://openalex.org/T12676,2015,2016,2020,0.7213475204444817,1,5,4,0.125,20,6.0,4.0,0,0,4.524221174401439e-06,true_negative,3354
https://openalex.org/T10031,https://openalex.org/T11213,2015,2016,2020,0.45511961331341866,1,2,12,0.07692307692307693,24,2.0,18.0,0,0,4.506549648919322e-06,true_negative,3355
https://openalex.org/T10202,https://openalex.org/T11491,2015,2016,2020,1.1764671337579005,2,3,3,0.5,9,3.0,4.0,0,0,4.495500020237401e-06,true_negative,3356
https://openalex.org/T10662,https://openalex.org/T11307,2015,2016,2020,0.4170323914242463,1,4,10,0.07692307692307693,40,4.0,14.0,0,0,4.419208085760617e-06,true_negative,3357
https://openalex.org/T10036,https://openalex.org/T10203,2015,2016,2020,0.6213349345596119,1,8,3,0.1,24,10.0,4.0,0,0,4.400320448052087e-06,true_negative,3358
https://openalex.org/T10798,https://openalex.org/T11177,2015,2016,2020,0.36067376022224085,1,9,9,0.058823529411764705,81,24.0,14.0,0,0,4.3769846615707155e-06,true_negative,3359
https://openalex.org/T12640,https://openalex.org/T13937,2015,2016,2020,0.2790553132756236,1,2,8,0.1111111111111111,16,4.0,12.0,0,0,4.364208707584159e-06,true_negative,3360
https://openalex.org/T11577,https://openalex.org/T13984,2015,2016,2020,0.35295612386476116,1,6,6,0.09090909090909091,36,6.0,6.0,0,0,4.334206380169548e-06,true_negative,3361
https://openalex.org/T10496,https://openalex.org/T12664,2015,2016,2020,0.35295612386476116,1,2,3,0.25,6,2.0,8.0,0,0,4.328678375670196e-06,true_negative,3362
https://openalex.org/T11213,https://openalex.org/T11229,2015,2016,2020,0.43429448190325176,1,12,3,0.07142857142857142,36,18.0,4.0,0,0,4.320831741368834e-06,true_negative,3363
https://openalex.org/T10320,https://openalex.org/T11396,2015,2016,2020,0.3898712452512801,1,17,3,0.05263157894736842,51,31.0,3.0,0,0,4.275393921989606e-06,true_negative,3364
https://openalex.org/T10120,https://openalex.org/T10505,2015,2016,2020,0.45511961331341866,1,6,6,0.09090909090909091,36,10.0,8.0,0,0,4.264589620800197e-06,true_negative,3365
https://openalex.org/T10186,https://openalex.org/T12010,2015,2016,2020,0.3459762562611936,1,2,9,0.1,18,2.0,16.0,0,0,4.258514997540437e-06,true_negative,3366
https://openalex.org/T12610,https://openalex.org/T13664,2015,2016,2020,0.3459762562611936,1,2,9,0.1,18,2.0,18.0,0,0,4.258514997540437e-06,true_negative,3367
https://openalex.org/T11235,https://openalex.org/T12386,2015,2016,2020,0.48089834696298783,1,10,4,0.07692307692307693,40,14.0,4.0,0,0,4.245451704444493e-06,true_negative,3368
https://openalex.org/T10434,https://openalex.org/T11048,2015,2016,2020,0.7341749265890423,2,9,3,0.2,27,14.0,4.0,0,0,4.226378439985711e-06,true_negative,3369
https://openalex.org/T11682,https://openalex.org/T11992,2015,2016,2020,0.33380820069533407,1,2,2,0.3333333333333333,4,4.0,2.0,0,0,4.202211518051734e-06,true_negative,3372
https://openalex.org/T11272,https://openalex.org/T12220,2015,2016,2020,0.33380820069533407,1,2,2,0.3333333333333333,4,4.0,2.0,0,0,4.202211518051734e-06,true_negative,3371
https://openalex.org/T11272,https://openalex.org/T11992,2015,2016,2020,0.33380820069533407,1,2,2,0.3333333333333333,4,4.0,2.0,0,0,4.202211518051734e-06,true_negative,3370
https://openalex.org/T11162,https://openalex.org/T11289,2015,2016,2020,0.2790553132756236,1,13,6,0.05555555555555555,78,28.0,8.0,0,0,4.2005528815101854e-06,true_negative,3373
https://openalex.org/T11162,https://openalex.org/T12859,2015,2016,2020,0.2790553132756236,1,13,6,0.05555555555555555,78,28.0,8.0,0,0,4.2005528815101854e-06,true_negative,3374
https://openalex.org/T10462,https://openalex.org/T10627,2015,2016,2020,0.43429448190325176,1,4,9,0.08333333333333333,36,4.0,12.0,0,0,4.198078641122742e-06,true_negative,3375
https://openalex.org/T12947,https://openalex.org/T13309,2015,2016,2020,0.8157933735356595,2,3,9,0.2,27,4.0,20.0,0,0,4.19398399676549e-06,true_negative,3376
https://openalex.org/T10211,https://openalex.org/T12046,2015,2016,2020,0.35295612386476116,1,8,4,0.09090909090909091,32,14.0,8.0,0,0,4.131547268389094e-06,true_negative,3377
https://openalex.org/T10057,https://openalex.org/T11652,2015,2016,2020,0.48089834696298783,1,8,6,0.07692307692307693,48,20.0,6.0,0,0,4.1162902957136625e-06,true_negative,3378
https://openalex.org/T10012,https://openalex.org/T11970,2015,2016,2020,0.5979843021794247,2,11,9,0.1111111111111111,99,32.0,20.0,0,0,4.115166316183915e-06,true_negative,3379
https://openalex.org/T10275,https://openalex.org/T10502,2015,2016,2020,0.33380820069533407,1,8,7,0.07142857142857142,56,18.0,8.0,0,0,4.111180700792084e-06,true_negative,3380
https://openalex.org/T11901,https://openalex.org/T12114,2015,2016,2020,0.40242960438184466,1,4,9,0.08333333333333333,36,4.0,10.0,0,0,4.10822222268227e-06,true_negative,3381
https://openalex.org/T10136,https://openalex.org/T12072,2015,2016,2020,0.3898712452512801,1,11,5,0.06666666666666667,55,14.0,6.0,0,0,4.095382716204691e-06,true_negative,3382
https://openalex.org/T10136,https://openalex.org/T12761,2015,2016,2020,0.3898712452512801,1,11,5,0.06666666666666667,55,14.0,6.0,0,0,4.095382716204691e-06,true_negative,3383
https://openalex.org/T10487,https://openalex.org/T13398,2015,2016,2020,0.7213475204444817,1,4,11,0.07142857142857142,44,6.0,13.0,0,0,4.080808413190712e-06,true_negative,3384
https://openalex.org/T10683,https://openalex.org/T12748,2015,2016,2020,0.35295612386476116,1,5,4,0.125,20,10.0,4.0,0,0,4.010531920081074e-06,true_negative,3385
https://openalex.org/T10519,https://openalex.org/T11287,2015,2016,2020,0.6295964561836069,2,4,13,0.13333333333333333,52,8.0,20.0,0,0,3.953393550331242e-06,true_negative,3386
https://openalex.org/T10018,https://openalex.org/T10078,2015,2016,2020,0.45511961331341866,1,8,9,0.0625,72,20.0,16.0,0,0,3.951079853404545e-06,true_negative,3387
https://openalex.org/T10531,https://openalex.org/T12535,2015,2016,2020,0.45511961331341866,1,4,13,0.0625,52,4.0,17.0,0,0,3.944102197303924e-06,true_negative,3388
https://openalex.org/T10120,https://openalex.org/T11177,2015,2016,2020,0.36067376022224085,1,6,9,0.07142857142857142,54,10.0,14.0,0,0,3.9132323072950415e-06,true_negative,3389
https://openalex.org/T12592,https://openalex.org/T13447,2015,2016,2020,0.35295612386476116,1,6,3,0.125,18,10.0,4.0,0,0,3.857392130552039e-06,true_negative,3390
https://openalex.org/T11944,https://openalex.org/T12947,2015,2016,2020,0.36067376022224085,1,2,3,0.25,6,2.0,4.0,0,0,3.84415722107826e-06,true_negative,3402
https://openalex.org/T11071,https://openalex.org/T12947,2015,2016,2020,0.35295612386476116,1,2,3,0.25,6,2.0,4.0,0,0,3.84415722107826e-06,true_negative,3396
https://openalex.org/T11590,https://openalex.org/T12947,2015,2016,2020,0.36067376022224085,1,2,3,0.25,6,2.0,4.0,0,0,3.84415722107826e-06,true_negative,3399
https://openalex.org/T10496,https://openalex.org/T12168,2015,2016,2020,0.35295612386476116,1,2,3,0.25,6,2.0,4.0,0,0,3.84415722107826e-06,true_negative,3392
https://openalex.org/T11629,https://openalex.org/T11928,2015,2016,2020,0.35295612386476116,1,2,3,0.25,6,2.0,4.0,0,0,3.84415722107826e-06,true_negative,3400
https://openalex.org/T10496,https://openalex.org/T12947,2015,2016,2020,0.35295612386476116,1,2,3,0.25,6,2.0,4.0,0,0,3.84415722107826e-06,true_negative,3393
https://openalex.org/T10853,https://openalex.org/T13447,2015,2016,2020,0.35295612386476116,1,2,3,0.25,6,2.0,4.0,0,0,3.84415722107826e-06,true_negative,3395
https://openalex.org/T11825,https://openalex.org/T12327,2015,2016,2020,0.35295612386476116,1,2,3,0.25,6,2.0,4.0,0,0,3.84415722107826e-06,true_negative,3401
https://openalex.org/T12292,https://openalex.org/T12814,2015,2016,2020,0.35295612386476116,1,2,3,0.25,6,2.0,4.0,0,0,3.84415722107826e-06,true_negative,3404
https://openalex.org/T10049,https://openalex.org/T12327,2015,2016,2020,0.35295612386476116,1,2,3,0.25,6,2.0,4.0,0,0,3.84415722107826e-06,true_negative,3391
https://openalex.org/T12202,https://openalex.org/T12327,2015,2016,2020,0.36067376022224085,1,2,3,0.25,6,2.0,4.0,0,0,3.84415722107826e-06,true_negative,3403
https://openalex.org/T11206,https://openalex.org/T12814,2015,2016,2020,0.35295612386476116,1,2,3,0.25,6,2.0,4.0,1,0,3.84415722107826e-06,false_negative,3397
https://openalex.org/T10537,https://openalex.org/T13447,2015,2016,2020,0.35295612386476116,1,2,3,0.25,6,2.0,4.0,0,0,3.84415722107826e-06,true_negative,3394
https://openalex.org/T12648,https://openalex.org/T12947,2015,2016,2020,0.36067376022224085,1,2,3,0.25,6,2.0,4.0,0,0,3.84415722107826e-06,true_negative,3405
https://openalex.org/T11519,https://openalex.org/T13447,2015,2016,2020,0.35295612386476116,1,2,3,0.25,6,2.0,4.0,0,0,3.84415722107826e-06,true_negative,3398
https://openalex.org/T11011,https://openalex.org/T11235,2015,2016,2020,0.35295612386476116,1,5,10,0.07142857142857142,50,8.0,14.0,0,0,3.8038487483429485e-06,true_negative,3406
https://openalex.org/T10500,https://openalex.org/T10775,2015,2016,2020,0.43429448190325176,1,11,4,0.07142857142857142,44,20.0,6.0,0,0,3.801912754963575e-06,true_negative,3407
https://openalex.org/T10467,https://openalex.org/T12443,2015,2016,2020,0.45511961331341866,1,9,8,0.0625,72,13.0,20.0,0,0,3.771130498033329e-06,true_negative,3408
https://openalex.org/T10064,https://openalex.org/T13748,2015,2016,2020,0.35295612386476116,1,12,5,0.0625,60,16.0,6.0,0,0,3.758045968023485e-06,true_negative,3409
https://openalex.org/T10136,https://openalex.org/T13748,2015,2016,2020,0.36926937306885504,1,11,5,0.06666666666666667,55,14.0,6.0,0,0,3.6669987827549734e-06,true_negative,3410
https://openalex.org/T10751,https://openalex.org/T11287,2015,2016,2020,0.4170323914242463,1,4,13,0.0625,52,4.0,20.0,0,0,3.6632346136776323e-06,true_negative,3411
https://openalex.org/T10683,https://openalex.org/T12046,2015,2016,2020,0.35295612386476116,1,5,4,0.125,20,10.0,8.0,0,0,3.5917880986156137e-06,true_negative,3412
https://openalex.org/T10285,https://openalex.org/T13004,2015,2016,2020,1.3426824550040934,2,2,2,1.0,4,2.0,2.0,0,0,3.573623975371446e-06,true_negative,3413
https://openalex.org/T10594,https://openalex.org/T10751,2015,2016,2020,1.2042829971922593,3,3,4,0.75,12,4.0,4.0,0,0,3.559375948261742e-06,true_negative,3414
https://openalex.org/T12592,https://openalex.org/T13664,2015,2016,2020,0.318928988903801,1,6,9,0.07142857142857142,54,10.0,18.0,0,0,3.5060223248470178e-06,true_negative,3415
https://openalex.org/T11791,https://openalex.org/T12267,2015,2016,2020,0.40242960438184466,1,12,3,0.07142857142857142,36,32.0,6.0,0,0,3.5055287573880188e-06,true_negative,3416
https://openalex.org/T10472,https://openalex.org/T10502,2015,2016,2020,0.33380820069533407,1,4,7,0.1,28,4.0,8.0,0,0,3.4955481478654293e-06,true_negative,3417
https://openalex.org/T11642,https://openalex.org/T11986,2015,2016,2020,0.7599536602386114,2,11,5,0.14285714285714285,55,26.0,6.0,0,0,3.461937346566966e-06,true_negative,3418
https://openalex.org/T11307,https://openalex.org/T12761,2015,2016,2020,1.1112187656957617,2,10,5,0.15384615384615385,50,14.0,6.0,0,0,3.4428272424751315e-06,true_negative,3419
https://openalex.org/T10429,https://openalex.org/T10500,2015,2016,2020,0.43429448190325176,1,3,11,0.07692307692307693,33,6.0,20.0,0,0,3.4001365159353716e-06,true_negative,3420
https://openalex.org/T10382,https://openalex.org/T12627,2015,2016,2020,0.814706547658322,2,5,4,0.2857142857142857,20,6.0,12.0,0,0,3.3877201872570942e-06,true_negative,3421
https://openalex.org/T11235,https://openalex.org/T11744,2015,2016,2020,0.667614104308886,2,10,6,0.14285714285714285,60,14.0,20.0,0,0,3.36622326338929e-06,true_negative,3422
https://openalex.org/T12046,https://openalex.org/T12627,2015,2016,2020,0.33380820069533407,1,4,4,0.14285714285714285,16,8.0,12.0,0,0,3.36339340072519e-06,true_negative,3424
https://openalex.org/T10657,https://openalex.org/T12627,2015,2016,2020,0.33380820069533407,1,4,4,0.14285714285714285,16,8.0,12.0,0,0,3.36339340072519e-06,true_negative,3423
https://openalex.org/T10261,https://openalex.org/T11986,2015,2016,2020,0.2790553132756236,1,17,5,0.047619047619047616,85,32.0,6.0,0,0,3.3550085024750595e-06,true_negative,3425
https://openalex.org/T10331,https://openalex.org/T12535,2015,2016,2020,0.48089834696298783,1,2,13,0.07142857142857142,26,2.0,17.0,0,0,3.3043609605315025e-06,true_negative,3426
https://openalex.org/T10269,https://openalex.org/T11772,2015,2016,2020,0.7553857282466059,2,9,2,0.2222222222222222,18,10.0,2.0,1,0,3.270122490236789e-06,false_negative,3427
https://openalex.org/T10275,https://openalex.org/T12748,2015,2016,2020,0.35295612386476116,1,8,4,0.09090909090909091,32,18.0,4.0,0,0,3.265789645889584e-06,true_negative,3429
https://openalex.org/T10275,https://openalex.org/T10591,2015,2016,2020,0.35295612386476116,1,8,4,0.09090909090909091,32,18.0,4.0,0,0,3.265789645889584e-06,true_negative,3428
https://openalex.org/T10429,https://openalex.org/T10662,2015,2016,2020,0.43429448190325176,1,3,4,0.16666666666666666,12,6.0,4.0,0,0,3.2387521697409783e-06,true_negative,3430
https://openalex.org/T11235,https://openalex.org/T12114,2015,2016,2020,0.7716989774506997,2,10,9,0.11764705882352941,90,14.0,10.0,0,0,3.2023101967171535e-06,true_negative,3431
https://openalex.org/T12168,https://openalex.org/T13309,2015,2016,2020,0.7955563274071127,2,3,9,0.2,27,4.0,20.0,0,0,3.16915700687638e-06,true_negative,3432
https://openalex.org/T10769,https://openalex.org/T12820,2015,2016,2020,0.3898712452512801,1,2,4,0.2,8,2.0,4.0,0,0,3.1644243592250152e-06,true_negative,3435
https://openalex.org/T10123,https://openalex.org/T11297,2015,2016,2020,0.3898712452512801,1,2,4,0.2,8,2.0,4.0,0,0,3.1644243592250152e-06,true_negative,3433
https://openalex.org/T10769,https://openalex.org/T11297,2015,2016,2020,0.3898712452512801,1,2,4,0.2,8,2.0,4.0,0,0,3.1644243592250152e-06,true_negative,3434
https://openalex.org/T10798,https://openalex.org/T10857,2015,2016,2020,0.3898712452512801,1,9,4,0.08333333333333333,36,24.0,4.0,0,0,3.152494740103333e-06,true_negative,3436
https://openalex.org/T10176,https://openalex.org/T13199,2015,2016,2020,0.43429448190325176,1,4,1,0.25,4,6.0,1.0,0,0,3.1485591450013478e-06,true_negative,3437
https://openalex.org/T11235,https://openalex.org/T12135,2015,2016,2020,0.36926937306885504,1,10,2,0.09090909090909091,20,14.0,2.0,0,0,3.076407629608137e-06,true_negative,3439
https://openalex.org/T11235,https://openalex.org/T11918,2015,2016,2020,0.36926937306885504,1,10,2,0.09090909090909091,20,14.0,2.0,0,0,3.076407629608137e-06,true_negative,3438
https://openalex.org/T11235,https://openalex.org/T13487,2015,2016,2020,0.36926937306885504,1,10,2,0.09090909090909091,20,14.0,2.0,0,0,3.076407629608137e-06,true_negative,3441
https://openalex.org/T11235,https://openalex.org/T12368,2015,2016,2020,0.36926937306885504,1,10,2,0.09090909090909091,20,14.0,2.0,0,0,3.076407629608137e-06,true_negative,3440
https://openalex.org/T10353,https://openalex.org/T11177,2015,2016,2020,0.36067376022224085,1,7,9,0.06666666666666667,63,8.0,14.0,0,0,3.0674802498230828e-06,true_negative,3442
https://openalex.org/T10353,https://openalex.org/T12646,2015,2016,2020,0.8157933735356595,2,7,4,0.2222222222222222,28,8.0,6.0,0,0,3.0456210881344626e-06,true_negative,3443
https://openalex.org/T12010,https://openalex.org/T12694,2015,2016,2020,0.3459762562611936,1,9,2,0.1,18,16.0,2.0,0,0,3.032003108973112e-06,true_negative,3445
https://openalex.org/T11269,https://openalex.org/T12610,2015,2016,2020,0.3459762562611936,1,9,2,0.1,18,16.0,2.0,0,0,3.032003108973112e-06,true_negative,3444
https://openalex.org/T12010,https://openalex.org/T13412,2015,2016,2020,0.3459762562611936,1,9,2,0.1,18,16.0,2.0,0,0,3.032003108973112e-06,true_negative,3447
https://openalex.org/T12010,https://openalex.org/T14023,2015,2016,2020,0.3459762562611936,1,9,2,0.1,18,16.0,2.0,0,0,3.032003108973112e-06,true_negative,3449
https://openalex.org/T12010,https://openalex.org/T12950,2015,2016,2020,0.3459762562611936,1,9,2,0.1,18,16.0,2.0,0,0,3.032003108973112e-06,true_negative,3446
https://openalex.org/T12010,https://openalex.org/T13765,2015,2016,2020,0.3459762562611936,1,9,2,0.1,18,16.0,2.0,0,0,3.032003108973112e-06,true_negative,3448
https://openalex.org/T10500,https://openalex.org/T10845,2015,2016,2020,0.4170323914242463,1,11,3,0.07692307692307693,33,20.0,4.0,0,0,3.0313091490357437e-06,true_negative,3450
https://openalex.org/T10052,https://openalex.org/T10191,2015,2016,2020,0.9360179602764065,2,6,4,0.25,24,6.0,4.0,0,0,3.0077448450779346e-06,true_negative,3451
https://openalex.org/T10083,https://openalex.org/T12676,2015,2016,2020,0.5138983423697507,1,20,4,0.043478260869565216,80,52.0,4.0,0,0,2.982469418120479e-06,true_negative,3452
https://openalex.org/T10182,https://openalex.org/T13398,2015,2016,2020,0.35295612386476116,1,7,11,0.058823529411764705,77,8.0,13.0,0,0,2.9642261573014534e-06,true_negative,3453
https://openalex.org/T11470,https://openalex.org/T11764,2015,2016,2020,0.2790553132756236,1,2,3,0.25,6,2.0,8.0,0,0,2.9569354850654548e-06,true_negative,3457
https://openalex.org/T10084,https://openalex.org/T12664,2015,2016,2020,0.31465798044412485,1,2,3,0.25,6,2.0,8.0,0,0,2.9569354850654548e-06,true_negative,3454
https://openalex.org/T10715,https://openalex.org/T11764,2015,2016,2020,0.2790553132756236,1,2,3,0.25,6,2.0,8.0,0,0,2.9569354850654548e-06,true_negative,3456
https://openalex.org/T10602,https://openalex.org/T11764,2015,2016,2020,0.2790553132756236,1,2,3,0.25,6,2.0,8.0,0,0,2.9569354850654548e-06,true_negative,3455
https://openalex.org/T12648,https://openalex.org/T12664,2015,2016,2020,0.31465798044412485,1,2,3,0.25,6,2.0,8.0,0,0,2.9569354850654548e-06,true_negative,3458
https://openalex.org/T10583,https://openalex.org/T11287,2015,2016,2020,0.43429448190325176,1,2,13,0.07142857142857142,26,2.0,20.0,0,0,2.926025082147792e-06,true_negative,3460
https://openalex.org/T10929,https://openalex.org/T11287,2015,2016,2020,0.43429448190325176,1,2,13,0.07142857142857142,26,2.0,20.0,0,0,2.926025082147792e-06,true_negative,3461
https://openalex.org/T10549,https://openalex.org/T11287,2015,2016,2020,0.43429448190325176,1,2,13,0.07142857142857142,26,2.0,20.0,0,0,2.926025082147792e-06,true_negative,3459
https://openalex.org/T10594,https://openalex.org/T12114,2015,2016,2020,0.43429448190325176,1,3,9,0.09090909090909091,27,4.0,10.0,0,0,2.913744013119316e-06,true_negative,3462
https://openalex.org/T11229,https://openalex.org/T12114,2015,2016,2020,0.43429448190325176,1,3,9,0.09090909090909091,27,4.0,10.0,0,0,2.913744013119316e-06,true_negative,3463
https://openalex.org/T11928,https://openalex.org/T12114,2015,2016,2020,0.43429448190325176,1,3,9,0.09090909090909091,27,4.0,10.0,0,0,2.913744013119316e-06,true_negative,3464
https://openalex.org/T12535,https://openalex.org/T13748,2015,2016,2020,0.36926937306885504,1,13,5,0.058823529411764705,65,17.0,6.0,0,0,2.9070257541458183e-06,true_negative,3465
https://openalex.org/T10496,https://openalex.org/T13555,2015,2016,2020,0.35295612386476116,1,2,2,0.3333333333333333,4,2.0,4.0,0,0,2.8795183991599385e-06,true_negative,3466
https://openalex.org/T10176,https://openalex.org/T11297,2015,2016,2020,0.43429448190325176,1,4,4,0.14285714285714285,16,6.0,4.0,0,0,2.869851848723778e-06,true_negative,3468
https://openalex.org/T10176,https://openalex.org/T10631,2015,2016,2020,0.43429448190325176,1,4,4,0.14285714285714285,16,6.0,4.0,0,0,2.869851848723778e-06,true_negative,3467
https://openalex.org/T11981,https://openalex.org/T12694,2015,2016,2020,1.0673237767056754,2,8,2,0.25,16,14.0,2.0,0,0,2.856444910597465e-06,true_negative,3469
https://openalex.org/T11981,https://openalex.org/T13765,2015,2016,2020,1.0673237767056754,2,8,2,0.25,16,14.0,2.0,0,0,2.856444910597465e-06,true_negative,3470
https://openalex.org/T10235,https://openalex.org/T13984,2015,2016,2020,0.7213475204444817,1,8,6,0.07692307692307693,48,8.0,6.0,0,0,2.853938507879836e-06,true_negative,3471
https://openalex.org/T10282,https://openalex.org/T11235,2015,2016,2020,0.40242960438184466,1,2,10,0.09090909090909091,20,2.0,14.0,0,0,2.825458108531004e-06,true_negative,3472
https://openalex.org/T10986,https://openalex.org/T11704,2015,2016,2020,1.531574161186449,2,2,2,1.0,4,2.0,2.0,0,0,2.816514410299522e-06,true_negative,3473
https://openalex.org/T10887,https://openalex.org/T11578,2015,2016,2020,0.2790553132756236,1,23,4,0.038461538461538464,92,50.0,4.0,0,0,2.775117556976415e-06,true_negative,3474
https://openalex.org/T10519,https://openalex.org/T13398,2015,2016,2020,0.5138983423697507,1,4,11,0.07142857142857142,44,8.0,13.0,0,0,2.7681702910008372e-06,true_negative,3475
https://openalex.org/T10012,https://openalex.org/T11269,2015,2016,2020,0.7341749265890423,2,11,9,0.1111111111111111,99,32.0,16.0,0,0,2.7295041866847203e-06,true_negative,3476
https://openalex.org/T10621,https://openalex.org/T11901,2015,2016,2020,0.40242960438184466,1,6,4,0.1111111111111111,24,6.0,4.0,0,0,2.710819437825306e-06,true_negative,3480
https://openalex.org/T10621,https://openalex.org/T11273,2015,2016,2020,0.40242960438184466,1,6,4,0.1111111111111111,24,6.0,4.0,0,0,2.710819437825306e-06,true_negative,3479
https://openalex.org/T10621,https://openalex.org/T10799,2015,2016,2020,0.40242960438184466,1,6,4,0.1111111111111111,24,6.0,4.0,0,0,2.710819437825306e-06,true_negative,3478
https://openalex.org/T10621,https://openalex.org/T10637,2015,2016,2020,0.40242960438184466,1,6,4,0.1111111111111111,24,6.0,4.0,0,0,2.710819437825306e-06,true_negative,3477
https://openalex.org/T10222,https://openalex.org/T12114,2015,2016,2020,0.31066746727980593,1,11,9,0.05263157894736842,99,16.0,10.0,0,0,2.694084445130242e-06,true_negative,3481
https://openalex.org/T11542,https://openalex.org/T13447,2015,2016,2020,0.8080757371781798,2,9,3,0.2,27,10.0,4.0,0,0,2.6938964557951447e-06,true_negative,3482
https://openalex.org/T10269,https://openalex.org/T11337,2015,2016,2020,0.40242960438184466,1,9,2,0.1,18,10.0,2.0,0,0,2.67395439293179e-06,true_negative,3484
https://openalex.org/T10269,https://openalex.org/T12489,2015,2016,2020,0.40242960438184466,1,9,2,0.1,18,10.0,2.0,0,0,2.67395439293179e-06,true_negative,3485
https://openalex.org/T10269,https://openalex.org/T11232,2015,2016,2020,0.40242960438184466,1,9,2,0.1,18,10.0,2.0,0,0,2.67395439293179e-06,true_negative,3483
https://openalex.org/T10472,https://openalex.org/T10798,2015,2016,2020,0.36067376022224085,1,4,9,0.08333333333333333,36,4.0,24.0,0,0,2.6258462776465436e-06,true_negative,3486
https://openalex.org/T10591,https://openalex.org/T10798,2015,2016,2020,0.35295612386476116,1,4,9,0.08333333333333333,36,4.0,24.0,0,0,2.6258462776465436e-06,true_negative,3487
https://openalex.org/T11235,https://openalex.org/T11981,2015,2016,2020,0.31465798044412485,1,10,8,0.058823529411764705,80,14.0,14.0,0,0,2.6005950896821893e-06,true_negative,3488
https://openalex.org/T10211,https://openalex.org/T10353,2015,2016,2020,0.35295612386476116,1,8,7,0.07142857142857142,56,14.0,8.0,0,0,2.580990550543586e-06,true_negative,3489
https://openalex.org/T11235,https://openalex.org/T12443,2015,2016,2020,0.667614104308886,2,10,8,0.125,80,14.0,20.0,0,0,2.561265186206503e-06,true_negative,3490
https://openalex.org/T10083,https://openalex.org/T10660,2015,2016,2020,0.5138983423697507,1,20,4,0.043478260869565216,80,52.0,6.0,0,0,2.531945170173207e-06,true_negative,3491
https://openalex.org/T10382,https://openalex.org/T12646,2015,2016,2020,0.36067376022224085,1,5,4,0.125,20,6.0,6.0,0,0,2.5256187390912893e-06,true_negative,3492
https://openalex.org/T11639,https://openalex.org/T12196,2015,2016,2020,0.36067376022224085,1,5,4,0.125,20,6.0,6.0,0,0,2.5256187390912893e-06,true_negative,3493
https://openalex.org/T11639,https://openalex.org/T12679,2015,2016,2020,0.36067376022224085,1,5,4,0.125,20,6.0,6.0,0,0,2.5256187390912893e-06,true_negative,3494
https://openalex.org/T10591,https://openalex.org/T12613,2015,2016,2020,0.35295612386476116,1,4,9,0.08333333333333333,36,4.0,20.0,0,0,2.523613912381649e-06,true_negative,3497
https://openalex.org/T12044,https://openalex.org/T12613,2015,2016,2020,0.36067376022224085,1,4,9,0.08333333333333333,36,4.0,20.0,0,0,2.523613912381649e-06,true_negative,3498
https://openalex.org/T10096,https://openalex.org/T12613,2015,2016,2020,0.35295612386476116,1,4,9,0.08333333333333333,36,4.0,20.0,0,0,2.523613912381649e-06,true_negative,3495
https://openalex.org/T10472,https://openalex.org/T12613,2015,2016,2020,0.36067376022224085,1,4,9,0.08333333333333333,36,4.0,20.0,0,0,2.523613912381649e-06,true_negative,3496
https://openalex.org/T10677,https://openalex.org/T12010,2015,2016,2020,0.7213475204444817,1,3,9,0.09090909090909091,27,4.0,16.0,0,0,2.4914461538396583e-06,true_negative,3499
https://openalex.org/T10158,https://openalex.org/T10552,2015,2016,2020,0.7213475204444817,1,9,6,0.07142857142857142,54,12.0,22.0,0,0,2.4869191862783695e-06,true_negative,3500
https://openalex.org/T10923,https://openalex.org/T12627,2015,2016,2020,0.8477065430650847,2,6,4,0.25,24,6.0,12.0,0,0,2.4769610640507758e-06,true_negative,3501
https://openalex.org/T11277,https://openalex.org/T12627,2015,2016,2020,0.8477065430650847,2,6,4,0.25,24,6.0,12.0,0,0,2.4769610640507758e-06,true_negative,3502
https://openalex.org/T12443,https://openalex.org/T12947,2015,2016,2020,0.713629884087002,2,8,3,0.2222222222222222,24,20.0,4.0,0,0,2.4647895518566192e-06,true_negative,3503
https://openalex.org/T10084,https://openalex.org/T11071,2015,2016,2020,0.31465798044412485,1,2,2,0.3333333333333333,4,2.0,2.0,0,0,2.4540597910082436e-06,true_negative,3504
https://openalex.org/T10602,https://openalex.org/T10715,2015,2016,2020,0.2790553132756236,1,2,2,0.3333333333333333,4,2.0,2.0,0,0,2.4540597910082436e-06,true_negative,3506
https://openalex.org/T10715,https://openalex.org/T12134,2015,2016,2020,0.2790553132756236,1,2,2,0.3333333333333333,4,2.0,2.0,0,0,2.4540597910082436e-06,true_negative,3512
https://openalex.org/T10715,https://openalex.org/T11879,2015,2016,2020,0.2790553132756236,1,2,2,0.3333333333333333,4,2.0,2.0,0,0,2.4540597910082436e-06,true_negative,3511
https://openalex.org/T10602,https://openalex.org/T12134,2015,2016,2020,0.2790553132756236,1,2,2,0.3333333333333333,4,2.0,2.0,0,0,2.4540597910082436e-06,true_negative,3509
https://openalex.org/T10084,https://openalex.org/T12648,2015,2016,2020,0.31465798044412485,1,2,2,0.3333333333333333,4,2.0,2.0,0,0,2.4540597910082436e-06,true_negative,3505
https://openalex.org/T11470,https://openalex.org/T11879,2015,2016,2020,0.2790553132756236,1,2,2,0.3333333333333333,4,2.0,2.0,0,0,2.4540597910082436e-06,true_negative,3514
https://openalex.org/T10602,https://openalex.org/T11470,2015,2016,2020,0.2790553132756236,1,2,2,0.3333333333333333,4,2.0,2.0,0,0,2.4540597910082436e-06,true_negative,3507
https://openalex.org/T10602,https://openalex.org/T11879,2015,2016,2020,0.2790553132756236,1,2,2,0.3333333333333333,4,2.0,2.0,0,0,2.4540597910082436e-06,true_negative,3508
https://openalex.org/T11071,https://openalex.org/T12648,2015,2016,2020,0.31465798044412485,1,2,2,0.3333333333333333,4,2.0,2.0,0,0,2.4540597910082436e-06,true_negative,3513
https://openalex.org/T10715,https://openalex.org/T11470,2015,2016,2020,0.2790553132756236,1,2,2,0.3333333333333333,4,2.0,2.0,0,0,2.4540597910082436e-06,true_negative,3510
https://openalex.org/T11470,https://openalex.org/T12134,2015,2016,2020,0.2790553132756236,1,2,2,0.3333333333333333,4,2.0,2.0,0,0,2.4540597910082436e-06,true_negative,3515
https://openalex.org/T10211,https://openalex.org/T11468,2015,2016,2020,0.318928988903801,1,8,10,0.058823529411764705,80,14.0,18.0,0,0,2.4461360665880246e-06,true_negative,3516
https://openalex.org/T10500,https://openalex.org/T12386,2015,2016,2020,0.48089834696298783,1,11,4,0.07142857142857142,44,20.0,4.0,0,0,2.416128081689617e-06,true_negative,3517
https://openalex.org/T11024,https://openalex.org/T11981,2015,2016,2020,1.1764671337579005,2,3,8,0.2222222222222222,24,4.0,14.0,0,0,2.396280133492424e-06,true_negative,3518
https://openalex.org/T10629,https://openalex.org/T11011,2015,2016,2020,0.35295612386476116,1,16,5,0.05,80,28.0,8.0,0,0,2.3761329125068094e-06,true_negative,3519
https://openalex.org/T10068,https://openalex.org/T10557,2015,2016,2020,0.6213349345596119,1,8,3,0.1,24,11.0,4.0,0,0,2.367984244214536e-06,true_negative,3520
https://openalex.org/T10417,https://openalex.org/T10556,2015,2016,2020,0.5138983423697507,1,4,7,0.1,28,4.0,24.0,0,0,2.343172359327531e-06,true_negative,3521
https://openalex.org/T10084,https://openalex.org/T11700,2015,2016,2020,0.31465798044412485,1,2,3,0.25,6,2.0,6.0,0,0,2.330793898780178e-06,true_negative,3522
https://openalex.org/T11468,https://openalex.org/T13937,2015,2016,2020,0.318928988903801,1,10,8,0.058823529411764705,80,18.0,12.0,0,0,2.3290407088814703e-06,true_negative,3523
https://openalex.org/T10154,https://openalex.org/T12196,2015,2016,2020,0.7213475204444817,1,5,4,0.125,20,8.0,6.0,0,0,2.323308799571435e-06,true_negative,3524
https://openalex.org/T10144,https://openalex.org/T10397,2015,2016,2020,0.35295612386476116,1,3,3,0.2,9,4.0,6.0,0,0,2.3016875799574414e-06,true_negative,3525
https://openalex.org/T10144,https://openalex.org/T11700,2015,2016,2020,0.35295612386476116,1,3,3,0.2,9,4.0,6.0,0,0,2.3016875799574414e-06,true_negative,3526
https://openalex.org/T11287,https://openalex.org/T12592,2015,2016,2020,0.318928988903801,1,13,6,0.05555555555555555,78,20.0,10.0,0,0,2.2874899049532936e-06,true_negative,3527
https://openalex.org/T10182,https://openalex.org/T10243,2015,2016,2020,0.35295612386476116,1,7,12,0.05555555555555555,84,8.0,18.0,0,0,2.261255324377191e-06,true_negative,3528
https://openalex.org/T10594,https://openalex.org/T11772,2015,2016,2020,0.35295612386476116,1,3,2,0.25,6,4.0,2.0,0,0,2.248652427493414e-06,true_negative,3531
https://openalex.org/T12327,https://openalex.org/T13104,2015,2016,2020,0.36067376022224085,1,3,2,0.25,6,4.0,2.0,0,0,2.248652427493414e-06,true_negative,3532
https://openalex.org/T10594,https://openalex.org/T11629,2015,2016,2020,0.35295612386476116,1,3,2,0.25,6,4.0,2.0,0,0,2.248652427493414e-06,true_negative,3530
https://openalex.org/T10144,https://openalex.org/T11071,2015,2016,2020,0.35295612386476116,1,3,2,0.25,6,4.0,2.0,0,0,2.248652427493414e-06,true_negative,3529
https://openalex.org/T10416,https://openalex.org/T12648,2015,2016,2020,0.31465798044412485,1,5,2,0.16666666666666666,10,6.0,2.0,0,0,2.2467458496407506e-06,true_negative,3534
https://openalex.org/T10416,https://openalex.org/T11071,2015,2016,2020,0.31465798044412485,1,5,2,0.16666666666666666,10,6.0,2.0,0,0,2.2467458496407506e-06,true_negative,3533
https://openalex.org/T11986,https://openalex.org/T12134,2015,2016,2020,0.2790553132756236,1,5,2,0.16666666666666666,10,6.0,2.0,0,0,2.2467458496407506e-06,true_negative,3535
https://openalex.org/T12836,https://openalex.org/T13377,2015,2016,2020,0.9102392266268373,1,1,2,0.5,2,1.0,2.0,0,0,2.2182906187527117e-06,true_negative,3536
https://openalex.org/T10078,https://openalex.org/T12529,2015,2016,2020,1.1022332815225997,2,9,4,0.18181818181818182,36,16.0,4.0,0,0,2.2175678363707103e-06,true_negative,3537
https://openalex.org/T10182,https://openalex.org/T13447,2015,2016,2020,0.8080757371781798,2,7,3,0.25,21,8.0,4.0,0,0,2.2122827778450916e-06,true_negative,3538
https://openalex.org/T10688,https://openalex.org/T11447,2015,2016,2020,0.7699885152890075,2,10,10,0.1111111111111111,100,12.0,13.0,0,0,2.208602541496191e-06,true_negative,3539
https://openalex.org/T10416,https://openalex.org/T11880,2015,2016,2020,0.31465798044412485,1,5,4,0.125,20,6.0,4.0,0,0,2.1859681179467624e-06,true_negative,3540
https://openalex.org/T10416,https://openalex.org/T12574,2015,2016,2020,0.31465798044412485,1,5,4,0.125,20,6.0,4.0,0,0,2.1859681179467624e-06,true_negative,3541
https://openalex.org/T10269,https://openalex.org/T10515,2015,2016,2020,0.4170323914242463,1,9,4,0.08333333333333333,36,10.0,6.0,0,0,2.1794659164824103e-06,true_negative,3542
https://openalex.org/T10878,https://openalex.org/T12610,2015,2016,2020,0.3459762562611936,1,9,2,0.1,18,14.0,2.0,0,0,2.1758288393092463e-06,true_negative,3544
https://openalex.org/T10434,https://openalex.org/T12610,2015,2016,2020,0.3459762562611936,1,9,2,0.1,18,14.0,2.0,0,0,2.1758288393092463e-06,true_negative,3543
https://openalex.org/T11272,https://openalex.org/T11682,2015,2016,2020,0.33380820069533407,1,2,2,0.3333333333333333,4,4.0,4.0,0,0,2.147778128680791e-06,true_negative,3545
https://openalex.org/T10321,https://openalex.org/T11690,2015,2016,2020,1.1764671337579005,2,5,9,0.16666666666666666,45,12.0,16.0,0,0,2.1347022675362345e-06,true_negative,3546
https://openalex.org/T10587,https://openalex.org/T11287,2015,2016,2020,0.7213475204444817,1,6,13,0.05555555555555555,78,6.0,20.0,0,0,2.115118868325589e-06,true_negative,3548
https://openalex.org/T10129,https://openalex.org/T11287,2015,2016,2020,0.7213475204444817,1,6,13,0.05555555555555555,78,6.0,20.0,0,0,2.115118868325589e-06,true_negative,3547
https://openalex.org/T11337,https://openalex.org/T11791,2015,2016,2020,0.40242960438184466,1,2,12,0.07692307692307693,24,2.0,32.0,0,0,2.1056793066759926e-06,true_negative,3550
https://openalex.org/T11232,https://openalex.org/T11791,2015,2016,2020,0.40242960438184466,1,2,12,0.07692307692307693,24,2.0,32.0,0,0,2.1056793066759926e-06,true_negative,3549
https://openalex.org/T10083,https://openalex.org/T10663,2015,2016,2020,0.48089834696298783,1,20,3,0.045454545454545456,60,52.0,8.0,0,0,2.088287376398687e-06,true_negative,3551
https://openalex.org/T10057,https://openalex.org/T10845,2015,2016,2020,0.4170323914242463,1,8,3,0.1,24,20.0,4.0,0,0,2.0817396872657803e-06,true_negative,3552
https://openalex.org/T12613,https://openalex.org/T12748,2015,2016,2020,0.713629884087002,2,9,4,0.18181818181818182,36,20.0,4.0,0,0,2.079259925974462e-06,true_negative,3553
https://openalex.org/T10715,https://openalex.org/T10932,2015,2016,2020,0.2790553132756236,1,2,6,0.14285714285714285,12,2.0,8.0,0,0,2.075497396444565e-06,true_negative,3557
https://openalex.org/T11879,https://openalex.org/T12859,2015,2016,2020,0.2790553132756236,1,2,6,0.14285714285714285,12,2.0,8.0,0,0,2.075497396444565e-06,true_negative,3561
https://openalex.org/T10715,https://openalex.org/T11289,2015,2016,2020,0.2790553132756236,1,2,6,0.14285714285714285,12,2.0,8.0,0,0,2.075497396444565e-06,true_negative,3558
https://openalex.org/T10602,https://openalex.org/T10932,2015,2016,2020,0.2790553132756236,1,2,6,0.14285714285714285,12,2.0,8.0,0,0,2.075497396444565e-06,true_negative,3554
https://openalex.org/T10602,https://openalex.org/T11289,2015,2016,2020,0.2790553132756236,1,2,6,0.14285714285714285,12,2.0,8.0,0,0,2.075497396444565e-06,true_negative,3555
https://openalex.org/T12134,https://openalex.org/T12859,2015,2016,2020,0.2790553132756236,1,2,6,0.14285714285714285,12,2.0,8.0,0,0,2.075497396444565e-06,true_negative,3562
https://openalex.org/T10715,https://openalex.org/T12859,2015,2016,2020,0.2790553132756236,1,2,6,0.14285714285714285,12,2.0,8.0,0,0,2.075497396444565e-06,true_negative,3559
https://openalex.org/T10602,https://openalex.org/T12859,2015,2016,2020,0.2790553132756236,1,2,6,0.14285714285714285,12,2.0,8.0,0,0,2.075497396444565e-06,true_negative,3556
https://openalex.org/T11470,https://openalex.org/T12859,2015,2016,2020,0.2790553132756236,1,2,6,0.14285714285714285,12,2.0,8.0,0,0,2.075497396444565e-06,true_negative,3560
https://openalex.org/T10923,https://openalex.org/T11272,2015,2016,2020,0.33380820069533407,1,6,2,0.14285714285714285,12,6.0,4.0,0,0,2.0643472081090013e-06,true_negative,3563
https://openalex.org/T11277,https://openalex.org/T11682,2015,2016,2020,0.33380820069533407,1,6,2,0.14285714285714285,12,6.0,4.0,0,0,2.0643472081090013e-06,true_negative,3565
https://openalex.org/T10923,https://openalex.org/T11682,2015,2016,2020,0.33380820069533407,1,6,2,0.14285714285714285,12,6.0,4.0,0,0,2.0643472081090013e-06,true_negative,3564
https://openalex.org/T10275,https://openalex.org/T10353,2015,2016,2020,0.35295612386476116,1,8,7,0.07142857142857142,56,18.0,8.0,0,0,2.0625550740899873e-06,true_negative,3566
https://openalex.org/T10416,https://openalex.org/T12679,2015,2016,2020,0.31465798044412485,1,5,4,0.125,20,6.0,6.0,0,0,2.0622733592368518e-06,true_negative,3567
https://openalex.org/T12010,https://openalex.org/T12926,2015,2016,2020,0.3459762562611936,1,9,1,0.1111111111111111,9,16.0,1.0,0,0,2.049923477647781e-06,true_negative,3568
https://openalex.org/T11975,https://openalex.org/T12535,2015,2016,2020,0.6213349345596119,1,6,13,0.05555555555555555,78,8.0,17.0,0,0,2.0081111737126076e-06,true_negative,3569
https://openalex.org/T10857,https://openalex.org/T12613,2015,2016,2020,0.3898712452512801,1,4,9,0.08333333333333333,36,4.0,20.0,0,0,2.006696031682737e-06,true_negative,3570
https://openalex.org/T10008,https://openalex.org/T13117,2015,2016,2020,0.3459762562611936,1,4,5,0.125,20,4.0,6.0,0,0,2.00337392576097e-06,true_negative,3571
https://openalex.org/T12114,https://openalex.org/T14374,2015,2016,2020,1.179445561110859,2,9,5,0.16666666666666666,45,10.0,6.0,0,0,1.9887855927287556e-06,true_negative,3572
https://openalex.org/T10222,https://openalex.org/T10836,2015,2016,2020,0.31066746727980593,1,11,7,0.058823529411764705,77,16.0,12.0,0,0,1.9532315161444655e-06,true_negative,3573
https://openalex.org/T10120,https://openalex.org/T10621,2015,2016,2020,0.8010958695746122,2,6,6,0.2,36,10.0,6.0,0,0,1.919794935627955e-06,true_negative,3574
https://openalex.org/T10272,https://openalex.org/T11542,2015,2016,2020,0.35295612386476116,1,4,9,0.08333333333333333,36,4.0,10.0,0,0,1.9164045846627064e-06,true_negative,3575
https://openalex.org/T11093,https://openalex.org/T11542,2015,2016,2020,0.35295612386476116,1,4,9,0.08333333333333333,36,4.0,10.0,0,0,1.9164045846627064e-06,true_negative,3576
https://openalex.org/T11700,https://openalex.org/T11981,2015,2016,2020,0.31465798044412485,1,3,8,0.1,24,6.0,14.0,0,0,1.9163062528765215e-06,true_negative,3577
https://openalex.org/T11928,https://openalex.org/T14393,2015,2016,2020,0.35295612386476116,1,3,4,0.16666666666666666,12,4.0,4.0,0,0,1.9073035897608149e-06,true_negative,3580
https://openalex.org/T10144,https://openalex.org/T12574,2015,2016,2020,0.35295612386476116,1,3,4,0.16666666666666666,12,4.0,4.0,0,0,1.9073035897608149e-06,true_negative,3578
https://openalex.org/T10594,https://openalex.org/T14393,2015,2016,2020,0.35295612386476116,1,3,4,0.16666666666666666,12,4.0,4.0,0,0,1.9073035897608149e-06,true_negative,3579
https://openalex.org/T12790,https://openalex.org/T12926,2015,2016,2020,0.3459762562611936,1,2,1,0.5,2,2.0,1.0,0,0,1.9029078377698962e-06,true_negative,3583
https://openalex.org/T10186,https://openalex.org/T12926,2015,2016,2020,0.3459762562611936,1,2,1,0.5,2,2.0,1.0,0,0,1.9029078377698962e-06,true_negative,3581
https://openalex.org/T12694,https://openalex.org/T12926,2015,2016,2020,0.3459762562611936,1,2,1,0.5,2,2.0,1.0,0,0,1.9029078377698962e-06,true_negative,3582
https://openalex.org/T11881,https://openalex.org/T12646,2015,2016,2020,0.9102392266268373,2,4,4,0.3333333333333333,16,6.0,6.0,0,0,1.892106388724004e-06,true_negative,3584
https://openalex.org/T10448,https://openalex.org/T11304,2015,2016,2020,1.1162212531024944,2,3,4,0.4,12,4.0,12.0,0,0,1.8863153916906407e-06,true_negative,3585
https://openalex.org/T10502,https://openalex.org/T11341,2015,2016,2020,0.33380820069533407,1,7,2,0.125,14,8.0,2.0,0,0,1.8750230198897008e-06,true_negative,3586
https://openalex.org/T10502,https://openalex.org/T12220,2015,2016,2020,0.33380820069533407,1,7,2,0.125,14,8.0,2.0,0,0,1.8750230198897008e-06,true_negative,3587
https://openalex.org/T10472,https://openalex.org/T12646,2015,2016,2020,0.36067376022224085,1,4,4,0.14285714285714285,16,4.0,6.0,0,0,1.87315669202871e-06,true_negative,3588
https://openalex.org/T12044,https://openalex.org/T12646,2015,2016,2020,0.36067376022224085,1,4,4,0.14285714285714285,16,4.0,6.0,0,0,1.87315669202871e-06,true_negative,3590
https://openalex.org/T10591,https://openalex.org/T11881,2015,2016,2020,0.36067376022224085,1,4,4,0.14285714285714285,16,4.0,6.0,0,0,1.87315669202871e-06,true_negative,3589
https://openalex.org/T10336,https://openalex.org/T11369,2015,2016,2020,0.3898712452512801,1,10,7,0.0625,70,11.0,10.0,0,0,1.870598647603282e-06,true_negative,3591
https://openalex.org/T10462,https://openalex.org/T10688,2015,2016,2020,0.35295612386476116,1,4,10,0.07692307692307693,40,4.0,12.0,0,0,1.8666916330899893e-06,true_negative,3592
https://openalex.org/T10923,https://openalex.org/T11162,2015,2016,2020,0.7213475204444817,1,6,13,0.05555555555555555,78,6.0,28.0,0,0,1.8650474966888208e-06,true_negative,3593
https://openalex.org/T11710,https://openalex.org/T12859,2015,2016,2020,0.7998273358667889,2,6,6,0.2,36,8.0,8.0,0,0,1.8535444071754031e-06,true_negative,3594
https://openalex.org/T10057,https://openalex.org/T10502,2015,2016,2020,0.35295612386476116,1,8,7,0.07142857142857142,56,20.0,8.0,0,0,1.8527250711396233e-06,true_negative,3595
https://openalex.org/T10472,https://openalex.org/T11682,2015,2016,2020,0.33380820069533407,1,4,2,0.2,8,4.0,4.0,0,0,1.8381313344393634e-06,true_negative,3596
https://openalex.org/T10538,https://openalex.org/T11447,2015,2016,2020,0.45511961331341866,1,7,10,0.0625,70,7.0,13.0,0,0,1.834635205560362e-06,true_negative,3597
https://openalex.org/T11273,https://openalex.org/T11447,2015,2016,2020,0.35295612386476116,1,4,10,0.07692307692307693,40,4.0,13.0,0,0,1.819657919274091e-06,true_negative,3599
https://openalex.org/T10462,https://openalex.org/T11447,2015,2016,2020,0.35295612386476116,1,4,10,0.07692307692307693,40,4.0,13.0,0,0,1.819657919274091e-06,true_negative,3598
https://openalex.org/T11195,https://openalex.org/T12535,2015,2016,2020,0.5138983423697507,1,1,13,0.07692307692307693,13,1.0,17.0,0,0,1.808588827567284e-06,true_negative,3600
https://openalex.org/T10136,https://openalex.org/T13141,2015,2016,2020,0.36926937306885504,1,11,6,0.0625,66,14.0,7.0,0,0,1.8065735992210214e-06,true_negative,3601
https://openalex.org/T10057,https://openalex.org/T11901,2015,2016,2020,0.4170323914242463,1,8,4,0.09090909090909091,32,20.0,4.0,0,0,1.8044543623443662e-06,true_negative,3602
https://openalex.org/T10371,https://openalex.org/T11266,2015,2016,2020,0.7213475204444817,1,4,4,0.14285714285714285,16,6.0,4.0,0,0,1.802664637949327e-06,true_negative,3605
https://openalex.org/T10371,https://openalex.org/T10528,2015,2016,2020,0.7213475204444817,1,4,4,0.14285714285714285,16,6.0,4.0,0,0,1.802664637949327e-06,true_negative,3604
https://openalex.org/T10218,https://openalex.org/T12315,2015,2016,2020,0.7213475204444817,1,4,4,0.14285714285714285,16,6.0,4.0,0,0,1.802664637949327e-06,true_negative,3603
https://openalex.org/T10136,https://openalex.org/T11396,2015,2016,2020,0.3898712452512801,1,11,3,0.07692307692307693,33,14.0,3.0,0,0,1.7946000492463456e-06,true_negative,3606
https://openalex.org/T10136,https://openalex.org/T11443,2015,2016,2020,0.36926937306885504,1,11,3,0.07692307692307693,33,14.0,4.0,0,0,1.7946000492463456e-06,true_negative,3607
https://openalex.org/T11986,https://openalex.org/T12046,2015,2016,2020,0.35295612386476116,1,5,4,0.125,20,6.0,8.0,0,0,1.790927379767166e-06,true_negative,3608
https://openalex.org/T13349,https://openalex.org/T14023,2015,2016,2020,0.3459762562611936,1,3,2,0.25,6,4.0,2.0,0,0,1.7897201347849875e-06,true_negative,3611
https://openalex.org/T13349,https://openalex.org/T13412,2015,2016,2020,0.3459762562611936,1,3,2,0.25,6,4.0,2.0,0,0,1.7897201347849875e-06,true_negative,3609
https://openalex.org/T13349,https://openalex.org/T13765,2015,2016,2020,0.3459762562611936,1,3,2,0.25,6,4.0,2.0,0,0,1.7897201347849875e-06,true_negative,3610
https://openalex.org/T10519,https://openalex.org/T12114,2015,2016,2020,0.31066746727980593,1,4,9,0.08333333333333333,36,8.0,10.0,0,0,1.7705365169482916e-06,true_negative,3612
https://openalex.org/T10657,https://openalex.org/T11277,2015,2016,2020,0.33380820069533407,1,4,6,0.1111111111111111,24,8.0,6.0,0,0,1.7698603718347558e-06,true_negative,3614
https://openalex.org/T10657,https://openalex.org/T10923,2015,2016,2020,0.33380820069533407,1,4,6,0.1111111111111111,24,8.0,6.0,0,0,1.7698603718347558e-06,true_negative,3613
https://openalex.org/T10057,https://openalex.org/T11468,2015,2016,2020,0.31066746727980593,1,8,10,0.058823529411764705,80,20.0,18.0,0,0,1.7594840290735746e-06,true_negative,3615
https://openalex.org/T10604,https://openalex.org/T11468,2015,2016,2020,0.31066746727980593,1,8,10,0.058823529411764705,80,20.0,18.0,0,0,1.7594840290735746e-06,true_negative,3616
https://openalex.org/T11273,https://openalex.org/T12072,2015,2016,2020,0.35295612386476116,1,4,5,0.125,20,4.0,6.0,0,0,1.759386479518597e-06,true_negative,3621
https://openalex.org/T10096,https://openalex.org/T11986,2015,2016,2020,0.35295612386476116,1,4,5,0.125,20,4.0,6.0,0,0,1.759386479518597e-06,true_negative,3617
https://openalex.org/T10102,https://openalex.org/T13748,2015,2016,2020,0.35295612386476116,1,4,5,0.125,20,4.0,6.0,0,0,1.759386479518597e-06,true_negative,3618
https://openalex.org/T11093,https://openalex.org/T13748,2015,2016,2020,0.35295612386476116,1,4,5,0.125,20,4.0,6.0,0,0,1.759386479518597e-06,true_negative,3620
https://openalex.org/T10272,https://openalex.org/T13748,2015,2016,2020,0.35295612386476116,1,4,5,0.125,20,4.0,6.0,0,0,1.759386479518597e-06,true_negative,3619
https://openalex.org/T10429,https://openalex.org/T10448,2015,2016,2020,1.1162212531024944,2,3,3,0.5,9,6.0,4.0,0,0,1.7582270397574216e-06,true_negative,3622
https://openalex.org/T11011,https://openalex.org/T13555,2015,2016,2020,0.35295612386476116,1,5,2,0.16666666666666666,10,8.0,4.0,0,0,1.7476083908243068e-06,true_negative,3623
https://openalex.org/T10502,https://openalex.org/T11307,2015,2016,2020,0.35295612386476116,1,7,10,0.0625,70,8.0,14.0,0,0,1.746701969981404e-06,true_negative,3624
https://openalex.org/T11512,https://openalex.org/T12072,2015,2016,2020,0.7428273691160412,2,8,5,0.18181818181818182,40,10.0,6.0,0,0,1.7453682516392157e-06,true_negative,3625
https://openalex.org/T11235,https://openalex.org/T13555,2015,2016,2020,0.667614104308886,2,10,2,0.2,20,14.0,4.0,0,0,1.7428883074917066e-06,true_negative,3626
https://openalex.org/T10083,https://openalex.org/T10857,2015,2016,2020,0.5581106265512472,1,20,4,0.043478260869565216,80,52.0,4.0,0,0,1.739234051843719e-06,true_negative,3627
https://openalex.org/T11011,https://openalex.org/T11700,2015,2016,2020,0.35295612386476116,1,5,3,0.14285714285714285,15,8.0,6.0,0,0,1.7092967373067786e-06,true_negative,3628
https://openalex.org/T12046,https://openalex.org/T12557,2015,2016,2020,0.35295612386476116,1,4,2,0.2,8,8.0,2.0,0,0,1.7087558564086729e-06,true_negative,3629
https://openalex.org/T10275,https://openalex.org/T10683,2015,2016,2020,0.35295612386476116,1,8,5,0.08333333333333333,40,18.0,10.0,0,0,1.7058377412962564e-06,true_negative,3630
https://openalex.org/T10417,https://openalex.org/T10769,2015,2016,2020,0.3898712452512801,1,4,2,0.2,8,4.0,2.0,0,0,1.6945834565002563e-06,true_negative,3631
https://openalex.org/T10715,https://openalex.org/T11048,2015,2016,2020,0.2790553132756236,1,2,3,0.25,6,2.0,4.0,0,0,1.6714303592326837e-06,true_negative,3633
https://openalex.org/T10084,https://openalex.org/T12168,2015,2016,2020,0.31465798044412485,1,2,3,0.25,6,2.0,4.0,0,0,1.6714303592326837e-06,true_negative,3632
https://openalex.org/T10526,https://openalex.org/T11162,2015,2016,2020,0.48089834696298783,1,2,13,0.07142857142857142,26,2.0,28.0,0,0,1.6537416220430339e-06,true_negative,3635
https://openalex.org/T10112,https://openalex.org/T11162,2015,2016,2020,0.48089834696298783,1,2,13,0.07142857142857142,26,2.0,28.0,0,0,1.6537416220430339e-06,true_negative,3634
https://openalex.org/T12103,https://openalex.org/T12708,2015,2016,2020,1.072008968920998,2,2,2,1.0,4,2.0,8.0,0,0,1.6467110919443275e-06,true_negative,3637
https://openalex.org/T10619,https://openalex.org/T12708,2015,2016,2020,1.072008968920998,2,2,2,1.0,4,2.0,8.0,0,0,1.6467110919443275e-06,true_negative,3636
https://openalex.org/T10062,https://openalex.org/T10604,2015,2016,2020,0.7213475204444817,1,5,8,0.08333333333333333,40,6.0,20.0,0,0,1.641518756130936e-06,true_negative,3638
https://openalex.org/T10120,https://openalex.org/T10604,2015,2016,2020,0.6250315695368172,2,6,8,0.16666666666666666,48,10.0,20.0,0,0,1.6341199628267092e-06,true_negative,3639
https://openalex.org/T11639,https://openalex.org/T12947,2015,2016,2020,0.36067376022224085,1,5,3,0.14285714285714285,15,6.0,4.0,0,0,1.6268780238711247e-06,true_negative,3641
https://openalex.org/T12072,https://openalex.org/T12814,2015,2016,2020,0.35295612386476116,1,5,3,0.14285714285714285,15,6.0,4.0,0,0,1.6268780238711247e-06,true_negative,3643
https://openalex.org/T10382,https://openalex.org/T12327,2015,2016,2020,0.36067376022224085,1,5,3,0.14285714285714285,15,6.0,4.0,0,0,1.6268780238711247e-06,true_negative,3640
https://openalex.org/T11986,https://openalex.org/T12327,2015,2016,2020,0.35295612386476116,1,5,3,0.14285714285714285,15,6.0,4.0,0,0,1.6268780238711247e-06,true_negative,3642
https://openalex.org/T10540,https://openalex.org/T11162,2015,2016,2020,0.7213475204444817,1,2,13,0.07142857142857142,26,2.0,28.0,0,0,1.6216171468155125e-06,true_negative,3644
https://openalex.org/T10878,https://openalex.org/T11269,2015,2016,2020,0.3459762562611936,1,9,9,0.058823529411764705,81,14.0,16.0,0,0,1.6186467798055559e-06,true_negative,3645
https://openalex.org/T10878,https://openalex.org/T13664,2015,2016,2020,0.3459762562611936,1,9,9,0.058823529411764705,81,14.0,18.0,0,0,1.6186467798055559e-06,true_negative,3646
https://openalex.org/T10379,https://openalex.org/T10878,2015,2016,2020,0.5581106265512472,1,2,9,0.1,18,2.0,14.0,0,0,1.6115324461799163e-06,true_negative,3647
https://openalex.org/T10344,https://openalex.org/T12196,2015,2016,2020,0.9360179602764065,2,4,4,0.3333333333333333,16,6.0,6.0,0,0,1.5931707548227348e-06,true_negative,3648
https://openalex.org/T10317,https://openalex.org/T12535,2015,2016,2020,0.5138983423697507,1,2,13,0.07142857142857142,26,2.0,17.0,0,0,1.570658050915641e-06,true_negative,3649
https://openalex.org/T10269,https://openalex.org/T11928,2015,2016,2020,0.7553857282466059,2,9,3,0.2,27,10.0,4.0,0,0,1.5676985715113998e-06,true_negative,3650
https://openalex.org/T10074,https://openalex.org/T10275,2015,2016,2020,0.33380820069533407,1,7,8,0.07142857142857142,56,14.0,18.0,0,0,1.5568260240861316e-06,true_negative,3651
https://openalex.org/T12640,https://openalex.org/T12859,2015,2016,2020,0.2790553132756236,1,2,6,0.14285714285714285,12,4.0,8.0,0,0,1.5519206267682343e-06,true_negative,3652
https://openalex.org/T10102,https://openalex.org/T11744,2015,2016,2020,0.31465798044412485,1,4,6,0.1111111111111111,24,4.0,20.0,0,0,1.551234145930175e-06,true_negative,3653
https://openalex.org/T10157,https://openalex.org/T11744,2015,2016,2020,0.31465798044412485,1,4,6,0.1111111111111111,24,5.0,20.0,0,0,1.551234145930175e-06,true_negative,3654
https://openalex.org/T11744,https://openalex.org/T12947,2015,2016,2020,0.713629884087002,2,6,3,0.2857142857142857,18,20.0,4.0,0,0,1.5350577205068684e-06,true_negative,3655
https://openalex.org/T11011,https://openalex.org/T14144,2015,2016,2020,1.039008973514235,2,5,2,0.4,10,8.0,2.0,0,0,1.5264159754181788e-06,true_negative,3657
https://openalex.org/T11011,https://openalex.org/T11305,2015,2016,2020,1.039008973514235,2,5,2,0.4,10,8.0,2.0,0,0,1.5264159754181788e-06,true_negative,3656
https://openalex.org/T10751,https://openalex.org/T11354,2015,2016,2020,0.4170323914242463,1,4,3,0.16666666666666666,12,4.0,16.0,0,0,1.5182576563383478e-06,true_negative,3658
https://openalex.org/T11297,https://openalex.org/T11369,2015,2016,2020,0.3898712452512801,1,4,7,0.1,28,4.0,10.0,0,0,1.5116170035585399e-06,true_negative,3659
https://openalex.org/T10120,https://openalex.org/T11269,2015,2016,2020,0.6250315695368172,2,6,9,0.15384615384615385,54,10.0,16.0,0,0,1.5104848158768746e-06,true_negative,3660
https://openalex.org/T10120,https://openalex.org/T13664,2015,2016,2020,0.6250315695368172,2,6,9,0.15384615384615385,54,10.0,18.0,0,0,1.5104848158768746e-06,true_negative,3661
https://openalex.org/T10018,https://openalex.org/T11341,2015,2016,2020,0.33380820069533407,1,8,2,0.1111111111111111,16,20.0,2.0,0,0,1.501859080383843e-06,true_negative,3662
https://openalex.org/T10018,https://openalex.org/T12220,2015,2016,2020,0.33380820069533407,1,8,2,0.1111111111111111,16,20.0,2.0,0,0,1.501859080383843e-06,true_negative,3664
https://openalex.org/T10018,https://openalex.org/T11992,2015,2016,2020,0.33380820069533407,1,8,2,0.1111111111111111,16,20.0,2.0,0,0,1.501859080383843e-06,true_negative,3663
https://openalex.org/T10146,https://openalex.org/T12708,2015,2016,2020,1.072008968920998,2,2,2,1.0,4,4.0,8.0,0,0,1.4745208832570267e-06,true_negative,3665
https://openalex.org/T10845,https://openalex.org/T11270,2015,2016,2020,0.40242960438184466,1,3,2,0.25,6,4.0,2.0,0,0,1.4721315934210116e-06,true_negative,3668
https://openalex.org/T10141,https://openalex.org/T11337,2015,2016,2020,0.40242960438184466,1,3,2,0.25,6,4.0,2.0,0,0,1.4721315934210116e-06,true_negative,3667
https://openalex.org/T10141,https://openalex.org/T11232,2015,2016,2020,0.40242960438184466,1,3,2,0.25,6,4.0,2.0,0,0,1.4721315934210116e-06,true_negative,3666
https://openalex.org/T10683,https://openalex.org/T10995,2015,2016,2020,0.3898712452512801,1,5,3,0.14285714285714285,15,10.0,3.0,0,0,1.4642594619105053e-06,true_negative,3669
https://openalex.org/T10322,https://openalex.org/T12315,2015,2016,2020,0.7213475204444817,1,4,4,0.14285714285714285,16,8.0,4.0,0,0,1.4585337532174931e-06,true_negative,3670
https://openalex.org/T10857,https://openalex.org/T11354,2015,2016,2020,0.2790553132756236,1,4,3,0.16666666666666666,12,4.0,16.0,0,0,1.4524262648646045e-06,true_negative,3671
https://openalex.org/T11981,https://openalex.org/T12790,2015,2016,2020,0.3459762562611936,1,8,2,0.1111111111111111,16,14.0,2.0,0,0,1.4499150557434984e-06,true_negative,3672
https://openalex.org/T11981,https://openalex.org/T13412,2015,2016,2020,0.3459762562611936,1,8,2,0.1111111111111111,16,14.0,2.0,0,0,1.4499150557434984e-06,true_negative,3674
https://openalex.org/T11981,https://openalex.org/T12950,2015,2016,2020,0.3459762562611936,1,8,2,0.1111111111111111,16,14.0,2.0,0,0,1.4499150557434984e-06,true_negative,3673
https://openalex.org/T11981,https://openalex.org/T14023,2015,2016,2020,0.3459762562611936,1,8,2,0.1111111111111111,16,14.0,2.0,0,0,1.4499150557434984e-06,true_negative,3675
https://openalex.org/T11235,https://openalex.org/T13141,2015,2016,2020,0.36926937306885504,1,10,6,0.06666666666666667,60,14.0,7.0,0,0,1.4444976671626596e-06,true_negative,3676
https://openalex.org/T11700,https://openalex.org/T12664,2015,2016,2020,1.2257247308601333,3,3,3,1.0,9,6.0,8.0,0,0,1.4411337024400693e-06,true_negative,3677
https://openalex.org/T11011,https://openalex.org/T12168,2015,2016,2020,0.35295612386476116,1,5,3,0.14285714285714285,15,8.0,4.0,0,0,1.435141723941568e-06,true_negative,3678
https://openalex.org/T11011,https://openalex.org/T12947,2015,2016,2020,0.35295612386476116,1,5,3,0.14285714285714285,15,8.0,4.0,0,0,1.435141723941568e-06,true_negative,3679
https://openalex.org/T10631,https://openalex.org/T11287,2015,2016,2020,0.43429448190325176,1,4,13,0.0625,52,4.0,20.0,0,0,1.4324760869535576e-06,true_negative,3680
https://openalex.org/T10144,https://openalex.org/T12664,2015,2016,2020,0.35295612386476116,1,3,3,0.2,9,4.0,8.0,0,0,1.4252511991112513e-06,true_negative,3681
https://openalex.org/T10024,https://openalex.org/T10275,2015,2016,2020,0.45511961331341866,1,3,8,0.1,24,4.0,18.0,0,0,1.4217604941356048e-06,true_negative,3682
https://openalex.org/T10057,https://openalex.org/T10429,2015,2016,2020,0.43429448190325176,1,8,3,0.1,24,20.0,6.0,0,0,1.4163395453420798e-06,true_negative,3683
https://openalex.org/T10275,https://openalex.org/T11992,2015,2016,2020,0.33380820069533407,1,8,2,0.1111111111111111,16,18.0,2.0,0,0,1.4101694739978374e-06,true_negative,3686
https://openalex.org/T10275,https://openalex.org/T10478,2015,2016,2020,0.33380820069533407,1,8,2,0.1111111111111111,16,18.0,2.0,0,0,1.4101694739978374e-06,true_negative,3685
https://openalex.org/T10275,https://openalex.org/T10338,2015,2016,2020,0.33380820069533407,1,8,2,0.1111111111111111,16,18.0,2.0,0,0,1.4101694739978374e-06,true_negative,3684
https://openalex.org/T10275,https://openalex.org/T12220,2015,2016,2020,0.33380820069533407,1,8,2,0.1111111111111111,16,18.0,2.0,0,0,1.4101694739978374e-06,true_negative,3687
https://openalex.org/T10602,https://openalex.org/T12640,2015,2016,2020,0.2790553132756236,1,2,2,0.3333333333333333,4,2.0,4.0,0,0,1.4041848338993743e-06,true_negative,3689
https://openalex.org/T12648,https://openalex.org/T13555,2015,2016,2020,0.31465798044412485,1,2,2,0.3333333333333333,4,2.0,4.0,0,0,1.4041848338993743e-06,true_negative,3692
https://openalex.org/T10715,https://openalex.org/T12640,2015,2016,2020,0.2790553132756236,1,2,2,0.3333333333333333,4,2.0,4.0,0,0,1.4041848338993743e-06,true_negative,3690
https://openalex.org/T11470,https://openalex.org/T12640,2015,2016,2020,0.2790553132756236,1,2,2,0.3333333333333333,4,2.0,4.0,0,0,1.4041848338993743e-06,true_negative,3691
https://openalex.org/T10084,https://openalex.org/T13555,2015,2016,2020,0.31465798044412485,1,2,2,0.3333333333333333,4,2.0,4.0,0,0,1.4041848338993743e-06,true_negative,3688
https://openalex.org/T10382,https://openalex.org/T12044,2015,2016,2020,0.36067376022224085,1,5,4,0.125,20,6.0,4.0,0,0,1.397973375717123e-06,true_negative,3694
https://openalex.org/T12072,https://openalex.org/T12676,2015,2016,2020,0.35295612386476116,1,5,4,0.125,20,6.0,4.0,0,0,1.397973375717123e-06,true_negative,3697
https://openalex.org/T10303,https://openalex.org/T10591,2015,2016,2020,0.36067376022224085,1,5,4,0.125,20,6.0,4.0,0,0,1.397973375717123e-06,true_negative,3693
https://openalex.org/T11986,https://openalex.org/T12748,2015,2016,2020,0.35295612386476116,1,5,4,0.125,20,6.0,4.0,0,0,1.397973375717123e-06,true_negative,3696
https://openalex.org/T10382,https://openalex.org/T12748,2015,2016,2020,0.36067376022224085,1,5,4,0.125,20,6.0,4.0,0,0,1.397973375717123e-06,true_negative,3695
https://openalex.org/T10502,https://openalex.org/T10688,2015,2016,2020,0.35295612386476116,1,7,10,0.0625,70,8.0,12.0,0,0,1.371098066670038e-06,true_negative,3698
https://openalex.org/T10591,https://openalex.org/T12046,2015,2016,2020,0.35295612386476116,1,4,4,0.14285714285714285,16,4.0,8.0,0,0,1.3683182934076427e-06,true_negative,3700
https://openalex.org/T10096,https://openalex.org/T12046,2015,2016,2020,0.35295612386476116,1,4,4,0.14285714285714285,16,4.0,8.0,0,0,1.3683182934076427e-06,true_negative,3699
https://openalex.org/T11287,https://openalex.org/T11677,2015,2016,2020,0.43429448190325176,1,13,2,0.07142857142857142,26,20.0,2.0,0,0,1.3443714637330476e-06,true_negative,3701
https://openalex.org/T12859,https://openalex.org/T13664,2015,2016,2020,0.5979843021794247,2,6,9,0.15384615384615385,54,8.0,18.0,0,0,1.3361971682308295e-06,true_negative,3704
https://openalex.org/T11289,https://openalex.org/T13664,2015,2016,2020,0.5979843021794247,2,6,9,0.15384615384615385,54,8.0,18.0,0,0,1.3361971682308295e-06,true_negative,3703
https://openalex.org/T10932,https://openalex.org/T13664,2015,2016,2020,0.5979843021794247,2,6,9,0.15384615384615385,54,8.0,18.0,0,0,1.3361971682308295e-06,true_negative,3702
https://openalex.org/T11229,https://openalex.org/T11354,2015,2016,2020,0.4170323914242463,1,3,3,0.2,9,4.0,16.0,0,0,1.3340327561112212e-06,true_negative,3706
https://openalex.org/T10594,https://openalex.org/T11354,2015,2016,2020,0.4170323914242463,1,3,3,0.2,9,4.0,16.0,0,0,1.3340327561112212e-06,true_negative,3705
https://openalex.org/T11986,https://openalex.org/T12254,2015,2016,2020,0.2790553132756236,1,5,4,0.125,20,6.0,16.0,1,0,1.3312645885618805e-06,false_negative,3707
https://openalex.org/T10012,https://openalex.org/T10182,2015,2016,2020,0.5581106265512472,1,11,7,0.058823529411764705,77,32.0,8.0,0,0,1.3300744077760188e-06,true_negative,3708
https://openalex.org/T10090,https://openalex.org/T10275,2015,2016,2020,0.7213475204444817,1,2,8,0.1111111111111111,16,2.0,18.0,0,0,1.3267708102073642e-06,true_negative,3709
https://openalex.org/T10044,https://openalex.org/T10382,2015,2016,2020,0.36067376022224085,1,16,5,0.05,80,38.0,6.0,0,0,1.3211432164135744e-06,true_negative,3710
https://openalex.org/T10066,https://openalex.org/T13937,2015,2016,2020,0.2790553132756236,1,12,8,0.05263157894736842,96,26.0,12.0,0,0,1.3174596354043605e-06,true_negative,3711
https://openalex.org/T10472,https://openalex.org/T11162,2015,2016,2020,0.36067376022224085,1,4,13,0.0625,52,4.0,28.0,0,0,1.3152728423194607e-06,true_negative,3712
https://openalex.org/T10591,https://openalex.org/T11162,2015,2016,2020,0.36067376022224085,1,4,13,0.0625,52,4.0,28.0,0,0,1.3152728423194607e-06,true_negative,3713
https://openalex.org/T10144,https://openalex.org/T12947,2015,2016,2020,0.35295612386476116,1,3,3,0.2,9,4.0,4.0,0,0,1.2848351512387897e-06,true_negative,3715
https://openalex.org/T10144,https://openalex.org/T12168,2015,2016,2020,0.35295612386476116,1,3,3,0.2,9,4.0,4.0,0,0,1.2848351512387897e-06,true_negative,3714
https://openalex.org/T12168,https://openalex.org/T12947,2015,2016,2020,0.35295612386476116,1,3,3,0.2,9,4.0,4.0,0,0,1.2848351512387897e-06,true_negative,3716
https://openalex.org/T10857,https://openalex.org/T11289,2015,2016,2020,0.2790553132756236,1,4,6,0.1111111111111111,24,4.0,8.0,0,0,1.2811269179867845e-06,true_negative,3717
https://openalex.org/T11407,https://openalex.org/T11710,2015,2016,2020,0.31066746727980593,1,4,6,0.1111111111111111,24,4.0,8.0,0,0,1.2811269179867845e-06,true_negative,3719
https://openalex.org/T10857,https://openalex.org/T12859,2015,2016,2020,0.2790553132756236,1,4,6,0.1111111111111111,24,4.0,8.0,1,0,1.2811269179867845e-06,false_negative,3718
https://openalex.org/T11578,https://openalex.org/T12859,2015,2016,2020,0.2790553132756236,1,4,6,0.1111111111111111,24,4.0,8.0,0,0,1.2811269179867845e-06,true_negative,3720
https://openalex.org/T10502,https://openalex.org/T11447,2015,2016,2020,0.35295612386476116,1,7,10,0.0625,70,8.0,13.0,0,0,1.2806688191848225e-06,true_negative,3721
https://openalex.org/T10715,https://openalex.org/T13664,2015,2016,2020,0.2790553132756236,1,2,9,0.1,18,2.0,18.0,0,0,1.2794745694590596e-06,true_negative,3724
https://openalex.org/T10602,https://openalex.org/T11269,2015,2016,2020,0.2790553132756236,1,2,9,0.1,18,2.0,16.0,0,0,1.2794745694590596e-06,true_negative,3722
https://openalex.org/T10715,https://openalex.org/T11269,2015,2016,2020,0.2790553132756236,1,2,9,0.1,18,2.0,16.0,0,0,1.2794745694590596e-06,true_negative,3723
https://openalex.org/T11470,https://openalex.org/T13664,2015,2016,2020,0.2790553132756236,1,2,9,0.1,18,2.0,18.0,0,0,1.2794745694590596e-06,true_negative,3725
https://openalex.org/T10353,https://openalex.org/T10683,2015,2016,2020,0.35295612386476116,1,7,5,0.09090909090909091,35,8.0,10.0,0,0,1.2711989045291674e-06,true_negative,3726
https://openalex.org/T10336,https://openalex.org/T10769,2015,2016,2020,0.3898712452512801,1,10,2,0.09090909090909091,20,11.0,2.0,0,0,1.2681343738642244e-06,true_negative,3727
https://openalex.org/T11289,https://openalex.org/T11879,2015,2016,2020,0.2790553132756236,1,6,2,0.14285714285714285,12,8.0,2.0,0,0,1.2621709716101466e-06,true_negative,3732
https://openalex.org/T10932,https://openalex.org/T11470,2015,2016,2020,0.2790553132756236,1,6,2,0.14285714285714285,12,8.0,2.0,0,0,1.2621709716101466e-06,true_negative,3728
https://openalex.org/T11289,https://openalex.org/T11470,2015,2016,2020,0.2790553132756236,1,6,2,0.14285714285714285,12,8.0,2.0,0,0,1.2621709716101466e-06,true_negative,3731
https://openalex.org/T10932,https://openalex.org/T12134,2015,2016,2020,0.2790553132756236,1,6,2,0.14285714285714285,12,8.0,2.0,0,0,1.2621709716101466e-06,true_negative,3730
https://openalex.org/T11289,https://openalex.org/T12134,2015,2016,2020,0.2790553132756236,1,6,2,0.14285714285714285,12,8.0,2.0,0,0,1.2621709716101466e-06,true_negative,3733
https://openalex.org/T10932,https://openalex.org/T11879,2015,2016,2020,0.2790553132756236,1,6,2,0.14285714285714285,12,8.0,2.0,0,0,1.2621709716101466e-06,true_negative,3729
https://openalex.org/T10064,https://openalex.org/T13937,2015,2016,2020,0.318928988903801,1,12,8,0.05263157894736842,96,16.0,12.0,0,0,1.2595148160610996e-06,true_negative,3734
https://openalex.org/T10086,https://openalex.org/T11313,2015,2016,2020,0.7213475204444817,1,6,6,0.09090909090909091,36,8.0,6.0,0,0,1.2575146931138337e-06,true_negative,3735
https://openalex.org/T10836,https://openalex.org/T12745,2015,2016,2020,0.40242960438184466,1,7,2,0.125,14,12.0,4.0,0,0,1.2528623861272136e-06,true_negative,3736
https://openalex.org/T10663,https://openalex.org/T12627,2015,2016,2020,0.48089834696298783,1,3,4,0.16666666666666666,12,8.0,12.0,0,0,1.2483779949444176e-06,true_negative,3737
https://openalex.org/T10179,https://openalex.org/T10275,2015,2016,2020,0.33380820069533407,1,7,8,0.07142857142857142,56,16.0,18.0,0,0,1.2441110077675485e-06,true_negative,3738
https://openalex.org/T10500,https://openalex.org/T12422,2015,2016,2020,0.48089834696298783,1,11,3,0.07692307692307693,33,20.0,3.0,0,0,1.2377183085033457e-06,true_negative,3739
https://openalex.org/T10206,https://openalex.org/T12196,2015,2016,2020,0.8415721071852287,2,24,4,0.07692307692307693,96,78.0,6.0,0,0,1.221909675251608e-06,true_negative,3740
https://openalex.org/T11011,https://openalex.org/T12574,2015,2016,2020,0.35295612386476116,1,5,4,0.125,20,8.0,4.0,0,0,1.2213645104893003e-06,true_negative,3742
https://openalex.org/T11011,https://openalex.org/T11930,2015,2016,2020,0.35295612386476116,1,5,4,0.125,20,8.0,4.0,0,0,1.2213645104893003e-06,true_negative,3741
https://openalex.org/T10915,https://openalex.org/T11287,2015,2016,2020,0.7213475204444817,1,2,13,0.07142857142857142,26,2.0,20.0,0,0,1.2188639007609505e-06,true_negative,3743
https://openalex.org/T11269,https://openalex.org/T11764,2015,2016,2020,0.2790553132756236,1,9,3,0.09090909090909091,27,16.0,8.0,0,0,1.2129631329810212e-06,true_negative,3744
https://openalex.org/T11011,https://openalex.org/T12664,2015,2016,2020,0.35295612386476116,1,5,3,0.14285714285714285,15,8.0,8.0,0,0,1.2120695624695389e-06,true_negative,3745
https://openalex.org/T10176,https://openalex.org/T11287,2015,2016,2020,0.43429448190325176,1,4,13,0.0625,52,6.0,20.0,0,0,1.1842022877095027e-06,true_negative,3746
https://openalex.org/T10010,https://openalex.org/T10467,2015,2016,2020,0.45511961331341866,1,7,9,0.06666666666666667,63,8.0,13.0,0,0,1.1700846798053964e-06,true_negative,3747
https://openalex.org/T10500,https://openalex.org/T10627,2015,2016,2020,0.43429448190325176,1,11,9,0.05263157894736842,99,20.0,12.0,0,0,1.1597827250630773e-06,true_negative,3748
https://openalex.org/T12338,https://openalex.org/T12998,2015,2016,2020,0.9102392266268373,1,2,1,0.5,2,2.0,1.0,0,0,1.1559712532039632e-06,true_negative,3749
https://openalex.org/T10031,https://openalex.org/T10158,2015,2016,2020,0.5581106265512472,1,2,9,0.1,18,2.0,12.0,0,0,1.1539494420901074e-06,true_negative,3750
https://openalex.org/T11105,https://openalex.org/T11307,2015,2016,2020,0.5581106265512472,1,2,10,0.09090909090909091,20,2.0,14.0,1,0,1.1521090066150779e-06,false_negative,3751
https://openalex.org/T10102,https://openalex.org/T12679,2015,2016,2020,0.31465798044412485,1,4,4,0.14285714285714285,16,4.0,6.0,0,0,1.150415486059288e-06,true_negative,3752
https://openalex.org/T11880,https://openalex.org/T12679,2015,2016,2020,0.31465798044412485,1,4,4,0.14285714285714285,16,4.0,6.0,0,0,1.150415486059288e-06,true_negative,3754
https://openalex.org/T10157,https://openalex.org/T12679,2015,2016,2020,0.31465798044412485,1,4,4,0.14285714285714285,16,5.0,6.0,0,0,1.150415486059288e-06,true_negative,3753
https://openalex.org/T12574,https://openalex.org/T12679,2015,2016,2020,0.31465798044412485,1,4,4,0.14285714285714285,16,4.0,6.0,0,0,1.150415486059288e-06,true_negative,3755
https://openalex.org/T11764,https://openalex.org/T11791,2015,2016,2020,0.2790553132756236,1,3,12,0.07142857142857142,36,8.0,32.0,0,0,1.1460774194548381e-06,true_negative,3756
https://openalex.org/T10074,https://openalex.org/T11341,2015,2016,2020,0.33380820069533407,1,7,2,0.125,14,14.0,2.0,0,0,1.1352836531204134e-06,true_negative,3758
https://openalex.org/T10074,https://openalex.org/T10338,2015,2016,2020,0.33380820069533407,1,7,2,0.125,14,14.0,2.0,0,0,1.1352836531204134e-06,true_negative,3757
https://openalex.org/T10074,https://openalex.org/T12220,2015,2016,2020,0.33380820069533407,1,7,2,0.125,14,14.0,2.0,0,0,1.1352836531204134e-06,true_negative,3759
https://openalex.org/T12072,https://openalex.org/T12761,2015,2016,2020,0.3898712452512801,1,5,5,0.1111111111111111,25,6.0,6.0,0,0,1.1333680077339205e-06,true_negative,3760
https://openalex.org/T10057,https://openalex.org/T10538,2015,2016,2020,0.3898712452512801,1,8,7,0.07142857142857142,56,20.0,7.0,0,0,1.124993411181241e-06,true_negative,3761
https://openalex.org/T11289,https://openalex.org/T11468,2015,2016,2020,0.6295964561836069,2,6,10,0.14285714285714285,60,8.0,18.0,0,0,1.1144527469789757e-06,true_negative,3763
https://openalex.org/T10932,https://openalex.org/T11468,2015,2016,2020,0.6295964561836069,2,6,10,0.14285714285714285,60,8.0,18.0,0,0,1.1144527469789757e-06,true_negative,3762
https://openalex.org/T10102,https://openalex.org/T10157,2015,2016,2020,0.31465798044412485,1,4,4,0.14285714285714285,16,4.0,5.0,0,0,1.10779719168551e-06,true_negative,3764
https://openalex.org/T10857,https://openalex.org/T11578,2015,2016,2020,0.2790553132756236,1,4,4,0.14285714285714285,16,4.0,4.0,0,0,1.10779719168551e-06,true_negative,3769
https://openalex.org/T10157,https://openalex.org/T12574,2015,2016,2020,0.31465798044412485,1,4,4,0.14285714285714285,16,5.0,4.0,0,0,1.10779719168551e-06,true_negative,3768
https://openalex.org/T10102,https://openalex.org/T11880,2015,2016,2020,0.31465798044412485,1,4,4,0.14285714285714285,16,4.0,4.0,0,0,1.10779719168551e-06,true_negative,3765
https://openalex.org/T10157,https://openalex.org/T11880,2015,2016,2020,0.31465798044412485,1,4,4,0.14285714285714285,16,5.0,4.0,0,0,1.10779719168551e-06,true_negative,3767
https://openalex.org/T11880,https://openalex.org/T12574,2015,2016,2020,0.31465798044412485,1,4,4,0.14285714285714285,16,4.0,4.0,0,0,1.10779719168551e-06,true_negative,3770
https://openalex.org/T10102,https://openalex.org/T12574,2015,2016,2020,0.31465798044412485,1,4,4,0.14285714285714285,16,4.0,4.0,0,0,1.10779719168551e-06,true_negative,3766
https://openalex.org/T12443,https://openalex.org/T13555,2015,2016,2020,0.667614104308886,2,8,2,0.25,16,20.0,4.0,0,0,1.0844872375030223e-06,true_negative,3771
https://openalex.org/T11981,https://openalex.org/T12926,2015,2016,2020,0.3459762562611936,1,8,1,0.125,8,14.0,1.0,0,0,1.0821135796847702e-06,true_negative,3772
https://openalex.org/T11048,https://openalex.org/T11764,2015,2016,2020,0.2790553132756236,1,3,3,0.2,9,4.0,8.0,0,0,1.0771499210472117e-06,true_negative,3773
https://openalex.org/T12443,https://openalex.org/T13117,2015,2016,2020,0.45511961331341866,1,8,5,0.08333333333333333,40,20.0,6.0,0,0,1.076124482956053e-06,true_negative,3774
https://openalex.org/T11482,https://openalex.org/T12114,2015,2016,2020,0.31066746727980593,1,11,9,0.05263157894736842,99,26.0,10.0,0,0,1.0682040101926963e-06,true_negative,3775
https://openalex.org/T11642,https://openalex.org/T12114,2015,2016,2020,0.31066746727980593,1,11,9,0.05263157894736842,99,26.0,10.0,0,0,1.0682040101926963e-06,true_negative,3776
https://openalex.org/T11975,https://openalex.org/T14406,2015,2016,2020,0.9102392266268373,1,6,1,0.16666666666666666,6,8.0,1.0,0,0,1.0621977816647727e-06,true_negative,3777
https://openalex.org/T10538,https://openalex.org/T11213,2015,2016,2020,0.45511961331341866,1,7,12,0.05555555555555555,84,7.0,18.0,0,0,1.0565383103333892e-06,true_negative,3778
https://openalex.org/T10604,https://openalex.org/T11048,2015,2016,2020,0.2790553132756236,1,8,3,0.1,24,20.0,4.0,0,0,1.0480128927851393e-06,true_negative,3779
https://openalex.org/T10604,https://openalex.org/T11354,2015,2016,2020,0.2790553132756236,1,8,3,0.1,24,20.0,16.0,0,0,1.0448224438989865e-06,true_negative,3780
https://openalex.org/T10243,https://openalex.org/T11981,2015,2016,2020,0.31465798044412485,1,12,8,0.05263157894736842,96,18.0,14.0,0,0,1.0347829857750515e-06,true_negative,3782
https://openalex.org/T10064,https://openalex.org/T10211,2015,2016,2020,0.318928988903801,1,12,8,0.05263157894736842,96,16.0,14.0,0,0,1.0347829857750515e-06,true_negative,3781
https://openalex.org/T10120,https://openalex.org/T12859,2015,2016,2020,0.7599536602386114,2,6,6,0.2,36,10.0,8.0,0,0,1.0342750932351581e-06,true_negative,3783
https://openalex.org/T12114,https://openalex.org/T12135,2015,2016,2020,0.36926937306885504,1,9,2,0.1,18,10.0,2.0,0,0,1.0231589397306523e-06,true_negative,3784
https://openalex.org/T12114,https://openalex.org/T12368,2015,2016,2020,0.36926937306885504,1,9,2,0.1,18,10.0,2.0,0,0,1.0231589397306523e-06,true_negative,3785
https://openalex.org/T12114,https://openalex.org/T13487,2015,2016,2020,0.36926937306885504,1,9,2,0.1,18,10.0,2.0,0,0,1.0231589397306523e-06,true_negative,3786
https://openalex.org/T11235,https://openalex.org/T11542,2015,2016,2020,0.31465798044412485,1,10,9,0.05555555555555555,90,14.0,10.0,0,0,1.0209490277358824e-06,true_negative,3787
https://openalex.org/T11542,https://openalex.org/T12010,2015,2016,2020,0.36067376022224085,1,9,9,0.058823529411764705,81,10.0,16.0,0,0,1.0162010881491124e-06,true_negative,3788
https://openalex.org/T11270,https://openalex.org/T12114,2015,2016,2020,0.40242960438184466,1,2,9,0.1,18,2.0,10.0,0,0,1.008736359381522e-06,true_negative,3790
https://openalex.org/T10282,https://openalex.org/T12114,2015,2016,2020,0.40242960438184466,1,2,9,0.1,18,2.0,10.0,0,0,1.008736359381522e-06,true_negative,3789
https://openalex.org/T11235,https://openalex.org/T12574,2015,2016,2020,0.667614104308886,2,10,4,0.16666666666666666,40,14.0,4.0,0,0,9.98843297224609e-07,true_negative,3791
https://openalex.org/T10580,https://openalex.org/T12422,2015,2016,2020,0.9102392266268373,1,4,3,0.16666666666666666,12,6.0,3.0,0,0,9.767610972505152e-07,true_negative,3792
https://openalex.org/T12646,https://openalex.org/T13104,2015,2016,2020,0.36067376022224085,1,4,2,0.2,8,6.0,2.0,0,0,9.698702856941883e-07,true_negative,3796
https://openalex.org/T10775,https://openalex.org/T12292,2015,2016,2020,0.35295612386476116,1,4,2,0.2,8,6.0,2.0,0,0,9.698702856941883e-07,true_negative,3794
https://openalex.org/T10775,https://openalex.org/T11206,2015,2016,2020,0.35295612386476116,1,4,2,0.2,8,6.0,2.0,0,0,9.698702856941883e-07,true_negative,3793
https://openalex.org/T12196,https://openalex.org/T12648,2015,2016,2020,0.36067376022224085,1,4,2,0.2,8,6.0,2.0,0,0,9.698702856941883e-07,true_negative,3795
https://openalex.org/T11307,https://openalex.org/T11396,2015,2016,2020,0.3898712452512801,1,10,3,0.08333333333333333,30,14.0,3.0,0,0,9.672028982465418e-07,true_negative,3797
https://openalex.org/T11981,https://openalex.org/T12168,2015,2016,2020,0.31465798044412485,1,8,3,0.1,24,14.0,4.0,0,0,9.664532270599814e-07,true_negative,3798
https://openalex.org/T10657,https://openalex.org/T12529,2015,2016,2020,0.33380820069533407,1,4,4,0.14285714285714285,16,8.0,4.0,0,0,9.609785246978239e-07,true_negative,3799
https://openalex.org/T10885,https://openalex.org/T14393,2015,2016,2020,0.35295612386476116,1,25,4,0.03571428571428571,100,62.0,4.0,0,0,9.587905111716102e-07,true_negative,3802
https://openalex.org/T10885,https://openalex.org/T11273,2015,2016,2020,0.35295612386476116,1,25,4,0.03571428571428571,100,62.0,4.0,0,0,9.587905111716102e-07,true_negative,3800
https://openalex.org/T10885,https://openalex.org/T12676,2015,2016,2020,0.35295612386476116,1,25,4,0.03571428571428571,100,62.0,4.0,0,0,9.587905111716102e-07,true_negative,3801
https://openalex.org/T12046,https://openalex.org/T12220,2015,2016,2020,0.33380820069533407,1,4,2,0.2,8,8.0,2.0,0,0,9.582672332889454e-07,true_negative,3805
https://openalex.org/T10657,https://openalex.org/T11341,2015,2016,2020,0.33380820069533407,1,4,2,0.2,8,8.0,2.0,0,0,9.582672332889454e-07,true_negative,3803
https://openalex.org/T10657,https://openalex.org/T11992,2015,2016,2020,0.33380820069533407,1,4,2,0.2,8,8.0,2.0,0,0,9.582672332889454e-07,true_negative,3804
https://openalex.org/T13117,https://openalex.org/T13349,2015,2016,2020,0.3459762562611936,1,5,3,0.14285714285714285,15,6.0,4.0,0,0,9.471555624478933e-07,true_negative,3806
https://openalex.org/T10179,https://openalex.org/T10478,2015,2016,2020,0.33380820069533407,1,7,2,0.125,14,16.0,2.0,0,0,9.190683971328744e-07,true_negative,3807
https://openalex.org/T10179,https://openalex.org/T11341,2015,2016,2020,0.33380820069533407,1,7,2,0.125,14,16.0,2.0,0,0,9.190683971328744e-07,true_negative,3808
https://openalex.org/T10179,https://openalex.org/T11992,2015,2016,2020,0.33380820069533407,1,7,2,0.125,14,16.0,2.0,0,0,9.190683971328744e-07,true_negative,3809
https://openalex.org/T10179,https://openalex.org/T12220,2015,2016,2020,0.33380820069533407,1,7,2,0.125,14,16.0,2.0,0,0,9.190683971328744e-07,true_negative,3810
https://openalex.org/T10683,https://openalex.org/T10857,2015,2016,2020,0.3898712452512801,1,5,4,0.125,20,10.0,4.0,0,0,9.133838543931594e-07,true_negative,3811
https://openalex.org/T10604,https://openalex.org/T11764,2015,2016,2020,0.2790553132756236,1,8,3,0.1,24,20.0,8.0,0,0,9.013734892259268e-07,true_negative,3812
https://openalex.org/T11986,https://openalex.org/T12640,2015,2016,2020,0.2790553132756236,1,5,2,0.16666666666666666,10,6.0,4.0,0,0,8.989500052793906e-07,true_negative,3814
https://openalex.org/T10416,https://openalex.org/T13555,2015,2016,2020,0.31465798044412485,1,5,2,0.16666666666666666,10,6.0,4.0,0,0,8.989500052793906e-07,true_negative,3813
https://openalex.org/T11369,https://openalex.org/T11642,2015,2016,2020,0.3898712452512801,1,7,11,0.058823529411764705,77,10.0,26.0,0,0,8.909332583614302e-07,true_negative,3815
https://openalex.org/T10751,https://openalex.org/T14393,2015,2016,2020,0.35295612386476116,1,4,4,0.14285714285714285,16,4.0,4.0,0,0,8.759479536524377e-07,true_negative,3824
https://openalex.org/T10462,https://openalex.org/T11273,2015,2016,2020,0.35295612386476116,1,4,4,0.14285714285714285,16,4.0,4.0,0,0,8.759479536524377e-07,true_negative,3820
https://openalex.org/T10472,https://openalex.org/T12044,2015,2016,2020,0.36067376022224085,1,4,4,0.14285714285714285,16,4.0,4.0,0,0,8.759479536524377e-07,true_negative,3822
https://openalex.org/T12044,https://openalex.org/T12748,2015,2016,2020,0.36067376022224085,1,4,4,0.14285714285714285,16,4.0,4.0,0,0,8.759479536524377e-07,true_negative,3827
https://openalex.org/T10096,https://openalex.org/T10591,2015,2016,2020,0.35295612386476116,1,4,4,0.14285714285714285,16,4.0,4.0,0,0,8.759479536524377e-07,true_negative,3816
https://openalex.org/T10462,https://openalex.org/T12676,2015,2016,2020,0.35295612386476116,1,4,4,0.14285714285714285,16,4.0,4.0,0,0,8.759479536524377e-07,true_negative,3821
https://openalex.org/T11273,https://openalex.org/T12676,2015,2016,2020,0.35295612386476116,1,4,4,0.14285714285714285,16,4.0,4.0,0,0,8.759479536524377e-07,true_negative,3825
https://openalex.org/T11930,https://openalex.org/T12574,2015,2016,2020,0.35295612386476116,1,4,4,0.14285714285714285,16,4.0,4.0,0,0,8.759479536524377e-07,true_negative,3826
https://openalex.org/T10096,https://openalex.org/T12748,2015,2016,2020,0.35295612386476116,1,4,4,0.14285714285714285,16,4.0,4.0,0,0,8.759479536524377e-07,true_negative,3817
https://openalex.org/T10472,https://openalex.org/T12748,2015,2016,2020,0.36067376022224085,1,4,4,0.14285714285714285,16,4.0,4.0,0,0,8.759479536524377e-07,true_negative,3823
https://openalex.org/T10102,https://openalex.org/T10272,2015,2016,2020,0.35295612386476116,1,4,4,0.14285714285714285,16,4.0,4.0,0,0,8.759479536524377e-07,true_negative,3818
https://openalex.org/T10102,https://openalex.org/T11093,2015,2016,2020,0.35295612386476116,1,4,4,0.14285714285714285,16,4.0,4.0,0,0,8.759479536524377e-07,true_negative,3819
https://openalex.org/T10836,https://openalex.org/T11901,2015,2016,2020,0.40242960438184466,1,7,4,0.1,28,12.0,4.0,0,0,8.581838245482118e-07,true_negative,3828
https://openalex.org/T10657,https://openalex.org/T12046,2015,2016,2020,0.33380820069533407,1,4,4,0.14285714285714285,16,8.0,8.0,0,0,8.578503886023158e-07,true_negative,3829
https://openalex.org/T10502,https://openalex.org/T12814,2015,2016,2020,0.35295612386476116,1,7,3,0.1111111111111111,21,8.0,4.0,0,0,8.576200904285469e-07,true_negative,3830
https://openalex.org/T10593,https://openalex.org/T13664,2015,2016,2020,0.40242960438184466,1,2,9,0.1,18,2.0,18.0,0,0,8.575011930758797e-07,true_negative,3832
https://openalex.org/T10257,https://openalex.org/T13664,2015,2016,2020,0.40242960438184466,1,2,9,0.1,18,2.0,18.0,0,0,8.575011930758797e-07,true_negative,3831
https://openalex.org/T11772,https://openalex.org/T13664,2015,2016,2020,0.40242960438184466,1,2,9,0.1,18,2.0,18.0,0,0,8.575011930758797e-07,true_negative,3833
https://openalex.org/T10878,https://openalex.org/T11970,2015,2016,2020,0.3459762562611936,1,9,9,0.058823529411764705,81,14.0,20.0,0,0,8.56256899272377e-07,true_negative,3834
https://openalex.org/T12196,https://openalex.org/T13309,2015,2016,2020,0.36067376022224085,1,4,9,0.08333333333333333,36,6.0,20.0,0,0,8.454881330299115e-07,true_negative,3835
https://openalex.org/T11928,https://openalex.org/T13664,2015,2016,2020,0.40242960438184466,1,3,9,0.09090909090909091,27,4.0,18.0,0,0,8.342573137422335e-07,true_negative,3836
https://openalex.org/T11981,https://openalex.org/T12664,2015,2016,2020,0.31465798044412485,1,8,3,0.1,24,14.0,8.0,0,0,8.312257544773868e-07,true_negative,3837
https://openalex.org/T11235,https://openalex.org/T11443,2015,2016,2020,0.36926937306885504,1,10,3,0.08333333333333333,30,14.0,4.0,0,0,8.290938344292641e-07,true_negative,3838
https://openalex.org/T10502,https://openalex.org/T11682,2015,2016,2020,0.33380820069533407,1,7,2,0.125,14,8.0,4.0,0,0,8.190067621777962e-07,true_negative,3840
https://openalex.org/T10502,https://openalex.org/T11272,2015,2016,2020,0.33380820069533407,1,7,2,0.125,14,8.0,4.0,0,0,8.190067621777962e-07,true_negative,3839
https://openalex.org/T11213,https://openalex.org/T11369,2015,2016,2020,0.3898712452512801,1,12,7,0.05555555555555555,84,18.0,10.0,0,0,8.130419758515621e-07,true_negative,3841
https://openalex.org/T10519,https://openalex.org/T11791,2015,2016,2020,0.6295964561836069,2,4,12,0.14285714285714285,48,8.0,32.0,0,0,8.054940940230883e-07,true_negative,3842
https://openalex.org/T10660,https://openalex.org/T12627,2015,2016,2020,0.5138983423697507,1,4,4,0.14285714285714285,16,6.0,12.0,0,0,8.000496875825812e-07,true_negative,3843
https://openalex.org/T12664,https://openalex.org/T12679,2015,2016,2020,0.31465798044412485,1,3,4,0.16666666666666666,12,8.0,6.0,0,0,7.988331192105383e-07,true_negative,3844
https://openalex.org/T11287,https://openalex.org/T11772,2015,2016,2020,0.40242960438184466,1,13,2,0.07142857142857142,26,20.0,2.0,0,0,7.892299692253696e-07,true_negative,3845
https://openalex.org/T11700,https://openalex.org/T13309,2015,2016,2020,0.31465798044412485,1,3,9,0.09090909090909091,27,6.0,20.0,0,0,7.778701685343312e-07,true_negative,3846
https://openalex.org/T11177,https://openalex.org/T12646,2015,2016,2020,0.36067376022224085,1,9,4,0.08333333333333333,36,14.0,6.0,0,0,7.697754518514521e-07,true_negative,3848
https://openalex.org/T11177,https://openalex.org/T11881,2015,2016,2020,0.36067376022224085,1,9,4,0.08333333333333333,36,14.0,6.0,0,0,7.697754518514521e-07,true_negative,3847
https://openalex.org/T11443,https://openalex.org/T13141,2015,2016,2020,0.36926937306885504,1,3,6,0.125,18,4.0,7.0,0,0,7.663711629467177e-07,true_negative,3849
https://openalex.org/T10521,https://openalex.org/T10683,2015,2016,2020,0.750545005473521,2,18,5,0.09523809523809523,90,50.0,10.0,0,0,7.643761211020207e-07,true_negative,3850
https://openalex.org/T10519,https://openalex.org/T11162,2015,2016,2020,0.6213349345596119,1,4,13,0.0625,52,8.0,28.0,0,0,7.533030642731888e-07,true_negative,3851
https://openalex.org/T10519,https://openalex.org/T13664,2015,2016,2020,0.318928988903801,1,4,9,0.08333333333333333,36,8.0,18.0,0,0,7.504810363531803e-07,true_negative,3852
https://openalex.org/T10689,https://openalex.org/T11307,2015,2016,2020,0.45511961331341866,1,2,10,0.09090909090909091,20,2.0,14.0,0,0,7.490137123729071e-07,true_negative,3853
https://openalex.org/T10519,https://openalex.org/T10604,2015,2016,2020,0.31066746727980593,1,4,8,0.09090909090909091,32,8.0,20.0,0,0,7.443167519000891e-07,true_negative,3854
https://openalex.org/T10012,https://openalex.org/T10211,2015,2016,2020,0.318928988903801,1,11,8,0.05555555555555555,88,32.0,14.0,0,0,7.279221876702406e-07,true_negative,3855
https://openalex.org/T11744,https://openalex.org/T12679,2015,2016,2020,0.6753317406663657,2,6,4,0.25,24,20.0,6.0,0,0,7.250919630735838e-07,true_negative,3856
https://openalex.org/T10538,https://openalex.org/T13664,2015,2016,2020,0.45511961331341866,1,7,9,0.06666666666666667,63,7.0,18.0,0,0,7.151867455655455e-07,true_negative,3857
https://openalex.org/T10323,https://openalex.org/T11307,2015,2016,2020,0.4170323914242463,1,2,10,0.09090909090909091,20,2.0,14.0,0,0,7.14248132040066e-07,true_negative,3858
https://openalex.org/T10770,https://openalex.org/T11235,2015,2016,2020,0.4170323914242463,1,2,10,0.09090909090909091,20,2.0,14.0,0,0,7.14248132040066e-07,true_negative,3859
https://openalex.org/T11205,https://openalex.org/T11307,2015,2016,2020,0.4170323914242463,1,2,10,0.09090909090909091,20,2.0,14.0,0,0,7.14248132040066e-07,true_negative,3860
https://openalex.org/T11210,https://openalex.org/T11307,2015,2016,2020,0.4170323914242463,1,2,10,0.09090909090909091,20,2.0,14.0,0,0,7.14248132040066e-07,true_negative,3861
https://openalex.org/T11542,https://openalex.org/T12168,2015,2016,2020,0.31465798044412485,1,9,3,0.09090909090909091,27,10.0,4.0,0,0,7.094828455304405e-07,true_negative,3862
https://openalex.org/T10145,https://openalex.org/T10677,2015,2016,2020,1.1022332815225997,2,2,3,0.6666666666666666,6,2.0,4.0,0,0,7.087265451676593e-07,true_negative,3863
https://openalex.org/T10521,https://openalex.org/T11986,2015,2016,2020,0.6397290734978645,2,18,5,0.09523809523809523,90,50.0,6.0,0,0,7.060396142993151e-07,true_negative,3864
https://openalex.org/T11235,https://openalex.org/T12648,2015,2016,2020,0.31465798044412485,1,10,2,0.09090909090909091,20,14.0,2.0,0,0,7.044163068480197e-07,true_negative,3865
https://openalex.org/T11071,https://openalex.org/T11744,2015,2016,2020,0.667614104308886,2,2,6,0.3333333333333333,12,2.0,20.0,0,0,7.043546936233977e-07,true_negative,3866
https://openalex.org/T10637,https://openalex.org/T11273,2015,2016,2020,0.40242960438184466,1,4,4,0.14285714285714285,16,4.0,4.0,0,0,6.922784831887695e-07,true_negative,3867
https://openalex.org/T10799,https://openalex.org/T11273,2015,2016,2020,0.40242960438184466,1,4,4,0.14285714285714285,16,4.0,4.0,0,0,6.922784831887695e-07,true_negative,3868
https://openalex.org/T11273,https://openalex.org/T11901,2015,2016,2020,0.40242960438184466,1,4,4,0.14285714285714285,16,4.0,4.0,0,0,6.922784831887695e-07,true_negative,3869
https://openalex.org/T10009,https://openalex.org/T11639,2015,2016,2020,0.7213475204444817,1,8,5,0.08333333333333333,40,10.0,6.0,0,0,6.804176525078686e-07,true_negative,3870
https://openalex.org/T10538,https://openalex.org/T10627,2015,2016,2020,0.3898712452512801,1,7,9,0.06666666666666667,63,7.0,12.0,0,0,6.554239212617716e-07,true_negative,3871
https://openalex.org/T10602,https://openalex.org/T10604,2015,2016,2020,0.2790553132756236,1,2,8,0.1111111111111111,16,2.0,20.0,0,0,6.530581340822534e-07,true_negative,3872
https://openalex.org/T10057,https://openalex.org/T11235,2015,2016,2020,0.4170323914242463,1,8,10,0.058823529411764705,80,20.0,14.0,0,0,6.530247216575414e-07,true_negative,3873
https://openalex.org/T10662,https://openalex.org/T10688,2015,2016,2020,0.4170323914242463,1,4,10,0.07692307692307693,40,4.0,12.0,0,0,6.527298538638886e-07,true_negative,3874
https://openalex.org/T12010,https://openalex.org/T12443,2015,2016,2020,0.36067376022224085,1,9,8,0.0625,72,16.0,20.0,0,0,6.513428803681336e-07,true_negative,3875
https://openalex.org/T11269,https://openalex.org/T11354,2015,2016,2020,0.7341749265890423,2,9,3,0.2,27,16.0,16.0,0,0,6.38550543514826e-07,true_negative,3876
https://openalex.org/T10502,https://openalex.org/T11512,2015,2016,2020,0.35295612386476116,1,7,8,0.07142857142857142,56,8.0,10.0,0,0,6.329415073389635e-07,true_negative,3877
https://openalex.org/T10429,https://openalex.org/T11304,2015,2016,2020,1.1162212531024944,2,3,4,0.4,12,6.0,12.0,0,0,6.299301026251739e-07,true_negative,3878
https://openalex.org/T11930,https://openalex.org/T13555,2015,2016,2020,0.35295612386476116,1,4,2,0.2,8,4.0,4.0,0,0,6.275761950578634e-07,true_negative,3879
https://openalex.org/T10878,https://openalex.org/T12254,2015,2016,2020,0.3459762562611936,1,9,4,0.08333333333333333,36,14.0,16.0,0,0,6.202463992098016e-07,true_negative,3880
https://openalex.org/T10331,https://openalex.org/T10627,2015,2016,2020,1.2022458674074694,2,2,9,0.2222222222222222,18,2.0,12.0,1,0,6.198891248950443e-07,false_negative,3881
https://openalex.org/T10932,https://openalex.org/T12640,2015,2016,2020,0.2790553132756236,1,6,2,0.14285714285714285,12,8.0,4.0,0,0,6.194581132298406e-07,true_negative,3882
https://openalex.org/T11289,https://openalex.org/T12640,2015,2016,2020,0.2790553132756236,1,6,2,0.14285714285714285,12,8.0,4.0,0,0,6.194581132298406e-07,true_negative,3883
https://openalex.org/T10467,https://openalex.org/T11093,2015,2016,2020,0.35295612386476116,1,9,4,0.08333333333333333,36,13.0,4.0,0,0,6.17751658393961e-07,true_negative,3884
https://openalex.org/T11177,https://openalex.org/T12044,2015,2016,2020,0.36067376022224085,1,9,4,0.08333333333333333,36,14.0,4.0,0,0,6.17751658393961e-07,true_negative,3885
https://openalex.org/T10222,https://openalex.org/T10878,2015,2016,2020,0.3459762562611936,1,11,9,0.05263157894736842,99,16.0,14.0,0,0,6.164764284818542e-07,true_negative,3886
https://openalex.org/T11577,https://openalex.org/T13447,2015,2016,2020,0.35295612386476116,1,6,3,0.125,18,6.0,4.0,0,0,6.118950024471968e-07,true_negative,3888
https://openalex.org/T11577,https://openalex.org/T11928,2015,2016,2020,0.35295612386476116,1,6,3,0.125,18,6.0,4.0,0,0,6.118950024471968e-07,true_negative,3887
https://openalex.org/T10929,https://openalex.org/T12264,2015,2016,2020,1.1556420023477334,2,2,3,0.6666666666666666,6,2.0,4.0,0,0,6.111907963272146e-07,true_negative,3889
https://openalex.org/T11744,https://openalex.org/T12574,2015,2016,2020,0.667614104308886,2,6,4,0.25,24,20.0,4.0,0,0,6.11118976230313e-07,true_negative,3890
https://openalex.org/T10120,https://openalex.org/T11048,2015,2016,2020,0.2790553132756236,1,6,3,0.125,18,10.0,4.0,0,0,6.110976807321444e-07,true_negative,3891
https://openalex.org/T11048,https://openalex.org/T11289,2015,2016,2020,0.2790553132756236,1,3,6,0.125,18,4.0,8.0,0,0,6.090410742500206e-07,true_negative,3892
https://openalex.org/T11048,https://openalex.org/T12859,2015,2016,2020,0.2790553132756236,1,3,6,0.125,18,4.0,8.0,0,0,6.090410742500206e-07,true_negative,3893
https://openalex.org/T12694,https://openalex.org/T13765,2015,2016,2020,1.0673237767056754,2,2,2,1.0,4,2.0,2.0,0,0,6.024455247100024e-07,true_negative,3896
https://openalex.org/T11305,https://openalex.org/T14144,2015,2016,2020,1.039008973514235,2,2,2,1.0,4,2.0,2.0,0,0,6.024455247100024e-07,true_negative,3895
https://openalex.org/T10619,https://openalex.org/T12103,2015,2016,2020,1.072008968920998,2,2,2,1.0,4,2.0,2.0,0,0,6.024455247100024e-07,true_negative,3894
https://openalex.org/T10688,https://openalex.org/T11512,2015,2016,2020,0.35295612386476116,1,10,8,0.058823529411764705,80,12.0,10.0,0,0,5.994866289433634e-07,true_negative,3897
https://openalex.org/T10352,https://openalex.org/T10467,2015,2016,2020,0.45511961331341866,1,2,9,0.1,18,2.0,13.0,0,0,5.951802415221403e-07,true_negative,3898
https://openalex.org/T11542,https://openalex.org/T11700,2015,2016,2020,0.31465798044412485,1,9,3,0.09090909090909091,27,10.0,6.0,0,0,5.913157818910413e-07,true_negative,3899
https://openalex.org/T10008,https://openalex.org/T13349,2015,2016,2020,0.3459762562611936,1,4,3,0.16666666666666666,12,4.0,4.0,0,0,5.84278177013894e-07,true_negative,3900
https://openalex.org/T10050,https://openalex.org/T10243,2015,2016,2020,0.36926937306885504,1,5,12,0.0625,60,5.0,18.0,0,0,5.798337058776407e-07,true_negative,3901
https://openalex.org/T10775,https://openalex.org/T11447,2015,2016,2020,0.35295612386476116,1,4,10,0.07692307692307693,40,6.0,13.0,0,0,5.792058344521874e-07,true_negative,3902
https://openalex.org/T10836,https://openalex.org/T12267,2015,2016,2020,0.40242960438184466,1,7,3,0.1111111111111111,21,12.0,6.0,0,0,5.76575760867329e-07,true_negative,3903
https://openalex.org/T11542,https://openalex.org/T12664,2015,2016,2020,0.31465798044412485,1,9,3,0.09090909090909091,27,10.0,8.0,0,0,5.764415837943249e-07,true_negative,3904
https://openalex.org/T10351,https://openalex.org/T10394,2015,2016,2020,1.2022458674074694,2,5,2,0.4,10,6.0,2.0,0,0,5.694240300530621e-07,true_negative,3905
https://openalex.org/T10351,https://openalex.org/T12539,2015,2016,2020,1.1022332815225997,2,5,2,0.4,10,6.0,2.0,0,0,5.694240300530621e-07,true_negative,3906
https://openalex.org/T10002,https://openalex.org/T13013,2015,2016,2020,0.45511961331341866,1,16,5,0.05,80,28.0,6.0,0,0,5.693709913720411e-07,true_negative,3907
https://openalex.org/T11700,https://openalex.org/T12679,2015,2016,2020,0.31465798044412485,1,3,4,0.16666666666666666,12,6.0,6.0,0,0,5.636638903028947e-07,true_negative,3908
https://openalex.org/T11177,https://openalex.org/T12613,2015,2016,2020,0.36067376022224085,1,9,9,0.058823529411764705,81,14.0,20.0,0,0,5.567633438313211e-07,true_negative,3909
https://openalex.org/T12679,https://openalex.org/T13117,2015,2016,2020,0.3459762562611936,1,4,5,0.125,20,6.0,6.0,0,0,5.506881112902717e-07,true_negative,3910
https://openalex.org/T12679,https://openalex.org/T12694,2015,2016,2020,0.3459762562611936,1,4,2,0.2,8,6.0,2.0,0,0,5.439013480059879e-07,true_negative,3911
https://openalex.org/T12679,https://openalex.org/T14023,2015,2016,2020,0.3459762562611936,1,4,2,0.2,8,6.0,2.0,0,0,5.439013480059879e-07,true_negative,3917
https://openalex.org/T12679,https://openalex.org/T12790,2015,2016,2020,0.3459762562611936,1,4,2,0.2,8,6.0,2.0,0,0,5.439013480059879e-07,true_negative,3912
https://openalex.org/T12679,https://openalex.org/T12950,2015,2016,2020,0.3459762562611936,1,4,2,0.2,8,6.0,2.0,0,0,5.439013480059879e-07,true_negative,3913
https://openalex.org/T12679,https://openalex.org/T13765,2015,2016,2020,0.3459762562611936,1,4,2,0.2,8,6.0,2.0,0,0,5.439013480059879e-07,true_negative,3916
https://openalex.org/T12679,https://openalex.org/T13412,2015,2016,2020,0.3459762562611936,1,4,2,0.2,8,6.0,2.0,0,0,5.439013480059879e-07,true_negative,3915
https://openalex.org/T12679,https://openalex.org/T13051,2015,2016,2020,0.3459762562611936,1,4,2,0.2,8,6.0,2.0,0,0,5.439013480059879e-07,true_negative,3914
https://openalex.org/T10331,https://openalex.org/T11307,2015,2016,2020,0.48089834696298783,1,2,10,0.09090909090909091,20,2.0,14.0,1,0,5.310515355689118e-07,false_negative,3918
https://openalex.org/T10844,https://openalex.org/T11235,2015,2016,2020,0.48089834696298783,1,2,10,0.09090909090909091,20,2.0,14.0,0,0,5.310515355689118e-07,true_negative,3919
https://openalex.org/T10010,https://openalex.org/T11011,2015,2016,2020,0.7213475204444817,1,7,5,0.09090909090909091,35,8.0,8.0,0,0,5.156198607166975e-07,true_negative,3920
https://openalex.org/T11269,https://openalex.org/T11928,2015,2016,2020,0.40242960438184466,1,9,3,0.09090909090909091,27,16.0,4.0,0,0,5.104124248258266e-07,true_negative,3921
https://openalex.org/T12679,https://openalex.org/T13309,2015,2016,2020,0.6753317406663657,2,4,9,0.18181818181818182,36,6.0,20.0,0,0,5.031503671790107e-07,true_negative,3922
https://openalex.org/T10397,https://openalex.org/T10596,2015,2016,2020,0.7213475204444817,1,3,3,0.2,9,6.0,4.0,0,0,5.020175824139765e-07,true_negative,3923
https://openalex.org/T10932,https://openalex.org/T11881,2015,2016,2020,0.750545005473521,2,6,4,0.25,24,8.0,6.0,0,0,5.008416244399811e-07,true_negative,3924
https://openalex.org/T10018,https://openalex.org/T11272,2015,2016,2020,0.33380820069533407,1,8,2,0.1111111111111111,16,20.0,4.0,0,0,5.00703578885305e-07,true_negative,3925
https://openalex.org/T10018,https://openalex.org/T11682,2015,2016,2020,0.33380820069533407,1,8,2,0.1111111111111111,16,20.0,4.0,0,0,5.00703578885305e-07,true_negative,3926
https://openalex.org/T10120,https://openalex.org/T11764,2015,2016,2020,0.2790553132756236,1,6,3,0.125,18,10.0,8.0,0,0,4.965054626120014e-07,true_negative,3927
https://openalex.org/T11289,https://openalex.org/T11407,2015,2016,2020,0.7657870805932245,2,6,4,0.25,24,8.0,4.0,0,0,4.953195841394902e-07,true_negative,3928
https://openalex.org/T12535,https://openalex.org/T12859,2015,2016,2020,0.48089834696298783,1,13,6,0.05555555555555555,78,17.0,8.0,0,0,4.940369241157145e-07,true_negative,3929
https://openalex.org/T10031,https://openalex.org/T10066,2015,2016,2020,0.45511961331341866,1,2,12,0.07692307692307693,24,2.0,26.0,0,0,4.921109827976323e-07,true_negative,3930
https://openalex.org/T10042,https://openalex.org/T11447,2015,2016,2020,0.5581106265512472,1,2,10,0.09090909090909091,20,2.0,13.0,0,0,4.90931219733806e-07,true_negative,3931
https://openalex.org/T11764,https://openalex.org/T13937,2015,2016,2020,0.2790553132756236,1,3,8,0.1,24,8.0,12.0,0,0,4.828400573716259e-07,true_negative,3932
https://openalex.org/T11764,https://openalex.org/T13664,2015,2016,2020,0.2790553132756236,1,3,9,0.09090909090909091,27,8.0,18.0,0,0,4.792347862994483e-07,true_negative,3933
https://openalex.org/T10417,https://openalex.org/T10688,2015,2016,2020,0.48089834696298783,1,4,10,0.07692307692307693,40,4.0,12.0,0,0,4.765798615963537e-07,true_negative,3934
https://openalex.org/T11930,https://openalex.org/T12664,2015,2016,2020,0.35295612386476116,1,4,3,0.16666666666666666,12,4.0,8.0,1,0,4.7541792520456565e-07,false_negative,3935
https://openalex.org/T10146,https://openalex.org/T10619,2015,2016,2020,1.072008968920998,2,2,2,1.0,4,4.0,2.0,0,0,4.749345957225677e-07,true_negative,3936
https://openalex.org/T10146,https://openalex.org/T12103,2015,2016,2020,1.072008968920998,2,2,2,1.0,4,4.0,2.0,0,0,4.749345957225677e-07,true_negative,3937
https://openalex.org/T11682,https://openalex.org/T12220,2015,2016,2020,1.0551557211398157,2,2,2,1.0,4,4.0,2.0,0,0,4.749345957225677e-07,true_negative,3938
https://openalex.org/T12010,https://openalex.org/T13309,2015,2016,2020,0.36067376022224085,1,9,9,0.058823529411764705,81,16.0,20.0,0,0,4.730696122118226e-07,true_negative,3939
https://openalex.org/T10057,https://openalex.org/T10243,2015,2016,2020,0.4170323914242463,1,8,12,0.05263157894736842,96,20.0,18.0,0,0,4.7178958044395403e-07,true_negative,3940
https://openalex.org/T10275,https://openalex.org/T11682,2015,2016,2020,0.33380820069533407,1,8,2,0.1111111111111111,16,18.0,4.0,0,0,4.701352267542155e-07,true_negative,3941
https://openalex.org/T10417,https://openalex.org/T11289,2015,2016,2020,0.3898712452512801,1,4,6,0.1111111111111111,24,4.0,8.0,0,0,4.701097278478438e-07,true_negative,3942
https://openalex.org/T11443,https://openalex.org/T12368,2015,2016,2020,0.36926937306885504,1,3,2,0.25,6,4.0,2.0,0,0,4.673721369461464e-07,true_negative,3945
https://openalex.org/T11443,https://openalex.org/T12135,2015,2016,2020,0.36926937306885504,1,3,2,0.25,6,4.0,2.0,0,0,4.673721369461464e-07,true_negative,3944
https://openalex.org/T11443,https://openalex.org/T11798,2015,2016,2020,0.36926937306885504,1,3,2,0.25,6,4.0,2.0,0,0,4.673721369461464e-07,true_negative,3943
https://openalex.org/T11071,https://openalex.org/T13309,2015,2016,2020,0.31465798044412485,1,2,9,0.1,18,2.0,20.0,0,0,4.664220299873196e-07,true_negative,3949
https://openalex.org/T10715,https://openalex.org/T11970,2015,2016,2020,0.2790553132756236,1,2,9,0.1,18,2.0,20.0,0,0,4.664220299873196e-07,true_negative,3948
https://openalex.org/T10084,https://openalex.org/T13309,2015,2016,2020,0.31465798044412485,1,2,9,0.1,18,2.0,20.0,0,0,4.664220299873196e-07,true_negative,3946
https://openalex.org/T10602,https://openalex.org/T11970,2015,2016,2020,0.2790553132756236,1,2,9,0.1,18,2.0,20.0,0,0,4.664220299873196e-07,true_negative,3947
https://openalex.org/T11470,https://openalex.org/T11970,2015,2016,2020,0.2790553132756236,1,2,9,0.1,18,2.0,20.0,0,0,4.664220299873196e-07,true_negative,3950
https://openalex.org/T11289,https://openalex.org/T12820,2015,2016,2020,0.3898712452512801,1,6,4,0.1111111111111111,24,8.0,4.0,0,0,4.654058022007115e-07,true_negative,3952
https://openalex.org/T11289,https://openalex.org/T11297,2015,2016,2020,0.3898712452512801,1,6,4,0.1111111111111111,24,8.0,4.0,0,0,4.654058022007115e-07,true_negative,3951
https://openalex.org/T10084,https://openalex.org/T12443,2015,2016,2020,0.9359929150037367,2,2,8,0.25,16,2.0,20.0,0,0,4.648184645508745e-07,true_negative,3953
https://openalex.org/T10836,https://openalex.org/T10845,2015,2016,2020,0.40242960438184466,1,7,3,0.1111111111111111,21,12.0,4.0,0,0,4.604202474984107e-07,true_negative,3954
https://openalex.org/T11334,https://openalex.org/T12443,2015,2016,2020,0.6213349345596119,1,2,8,0.1111111111111111,16,2.0,20.0,0,0,4.5874881703578476e-07,true_negative,3955
https://openalex.org/T11512,https://openalex.org/T12814,2015,2016,2020,1.0743036443092429,2,8,3,0.2222222222222222,24,10.0,4.0,0,0,4.492044462876084e-07,true_negative,3956
https://openalex.org/T10243,https://openalex.org/T11443,2015,2016,2020,0.36926937306885504,1,12,3,0.07142857142857142,36,18.0,4.0,0,0,4.452745232211636e-07,true_negative,3957
https://openalex.org/T11700,https://openalex.org/T11880,2015,2016,2020,0.31465798044412485,1,3,4,0.16666666666666666,12,6.0,4.0,0,0,4.4359639764050655e-07,true_negative,3958
https://openalex.org/T12044,https://openalex.org/T12327,2015,2016,2020,0.36067376022224085,1,4,3,0.16666666666666666,12,4.0,4.0,0,0,4.377332868805211e-07,true_negative,3969
https://openalex.org/T11930,https://openalex.org/T12947,2015,2016,2020,0.35295612386476116,1,4,3,0.16666666666666666,12,4.0,4.0,0,0,4.377332868805211e-07,true_negative,3968
https://openalex.org/T10591,https://openalex.org/T12327,2015,2016,2020,0.35295612386476116,1,4,3,0.16666666666666666,12,4.0,4.0,0,0,4.377332868805211e-07,true_negative,3964
https://openalex.org/T11273,https://openalex.org/T12814,2015,2016,2020,0.35295612386476116,1,4,3,0.16666666666666666,12,4.0,4.0,0,0,4.377332868805211e-07,true_negative,3966
https://openalex.org/T11093,https://openalex.org/T13447,2015,2016,2020,0.35295612386476116,1,4,3,0.16666666666666666,12,4.0,4.0,0,0,4.377332868805211e-07,true_negative,3965
https://openalex.org/T12676,https://openalex.org/T12814,2015,2016,2020,0.35295612386476116,1,4,3,0.16666666666666666,12,4.0,4.0,0,0,4.377332868805211e-07,true_negative,3971
https://openalex.org/T10462,https://openalex.org/T12814,2015,2016,2020,0.35295612386476116,1,4,3,0.16666666666666666,12,4.0,4.0,0,0,4.377332868805211e-07,true_negative,3962
https://openalex.org/T10096,https://openalex.org/T12327,2015,2016,2020,0.35295612386476116,1,4,3,0.16666666666666666,12,4.0,4.0,0,0,4.377332868805211e-07,true_negative,3959
https://openalex.org/T10272,https://openalex.org/T13447,2015,2016,2020,0.35295612386476116,1,4,3,0.16666666666666666,12,4.0,4.0,0,0,4.377332868805211e-07,true_negative,3961
https://openalex.org/T10472,https://openalex.org/T12327,2015,2016,2020,0.36067376022224085,1,4,3,0.16666666666666666,12,4.0,4.0,0,0,4.377332868805211e-07,true_negative,3963
https://openalex.org/T10102,https://openalex.org/T13447,2015,2016,2020,0.35295612386476116,1,4,3,0.16666666666666666,12,4.0,4.0,0,0,4.377332868805211e-07,true_negative,3960
https://openalex.org/T11930,https://openalex.org/T12168,2015,2016,2020,0.35295612386476116,1,4,3,0.16666666666666666,12,4.0,4.0,0,0,4.377332868805211e-07,true_negative,3967
https://openalex.org/T12574,https://openalex.org/T12947,2015,2016,2020,0.35295612386476116,1,4,3,0.16666666666666666,12,4.0,4.0,0,0,4.377332868805211e-07,true_negative,3970
https://openalex.org/T10627,https://openalex.org/T11269,2015,2016,2020,0.3898712452512801,1,9,9,0.058823529411764705,81,12.0,16.0,0,0,4.36671139651643e-07,true_negative,3972
https://openalex.org/T10186,https://openalex.org/T10467,2015,2016,2020,0.6213349345596119,1,2,9,0.1,18,2.0,13.0,0,0,4.3185926761057453e-07,true_negative,3973
https://openalex.org/T10269,https://openalex.org/T13664,2015,2016,2020,0.40242960438184466,1,9,9,0.058823529411764705,81,10.0,18.0,0,0,4.314614560533105e-07,true_negative,3975
https://openalex.org/T10269,https://openalex.org/T11269,2015,2016,2020,0.40242960438184466,1,9,9,0.058823529411764705,81,10.0,16.0,0,0,4.314614560533105e-07,true_negative,3974
https://openalex.org/T10602,https://openalex.org/T13664,2015,2016,2020,1.1892945399024608,2,2,9,0.2222222222222222,18,2.0,18.0,0,0,4.2697236902280767e-07,true_negative,3976
https://openalex.org/T10275,https://openalex.org/T11986,2015,2016,2020,0.35295612386476116,1,8,5,0.08333333333333333,40,18.0,6.0,0,0,4.265346695699874e-07,true_negative,3977
https://openalex.org/T10145,https://openalex.org/T10467,2015,2016,2020,0.48089834696298783,1,2,9,0.1,18,2.0,13.0,0,0,4.219834187684213e-07,true_negative,3978
https://openalex.org/T10275,https://openalex.org/T10798,2015,2016,2020,0.35295612386476116,1,8,9,0.0625,72,18.0,24.0,0,0,4.1507811608178016e-07,true_negative,3979
https://openalex.org/T10120,https://openalex.org/T11970,2015,2016,2020,0.6250315695368172,2,6,9,0.15384615384615385,54,10.0,20.0,0,0,4.141749707077486e-07,true_negative,3980
https://openalex.org/T11744,https://openalex.org/T13555,2015,2016,2020,0.667614104308886,2,6,2,0.3333333333333333,12,20.0,4.0,0,0,4.090973360076655e-07,true_negative,3981
https://openalex.org/T10136,https://openalex.org/T10627,2015,2016,2020,0.3898712452512801,1,11,9,0.05263157894736842,99,14.0,12.0,0,0,3.9474427793129356e-07,true_negative,3982
https://openalex.org/T10074,https://openalex.org/T11272,2015,2016,2020,0.33380820069533407,1,7,2,0.125,14,14.0,4.0,0,0,3.8347477404049764e-07,true_negative,3983
https://openalex.org/T10074,https://openalex.org/T11682,2015,2016,2020,0.33380820069533407,1,7,2,0.125,14,14.0,4.0,0,0,3.8347477404049764e-07,true_negative,3984
https://openalex.org/T10336,https://openalex.org/T11289,2015,2016,2020,0.3898712452512801,1,10,6,0.06666666666666667,60,11.0,8.0,0,0,3.808405098401036e-07,true_negative,3985
https://openalex.org/T11881,https://openalex.org/T11986,2015,2016,2020,0.36067376022224085,1,4,5,0.125,20,6.0,6.0,0,0,3.791885198992564e-07,true_negative,3986
https://openalex.org/T10083,https://openalex.org/T11907,2015,2016,2020,0.7213475204444817,1,20,5,0.041666666666666664,100,52.0,8.0,0,0,3.7772119661418223e-07,true_negative,3987
https://openalex.org/T10538,https://openalex.org/T11307,2015,2016,2020,0.3898712452512801,1,7,10,0.0625,70,7.0,14.0,0,0,3.741412638096221e-07,true_negative,3988
https://openalex.org/T12303,https://openalex.org/T13664,2015,2016,2020,0.45511961331341866,1,2,9,0.1,18,2.0,18.0,0,0,3.734407609434756e-07,true_negative,3989
https://openalex.org/T11269,https://openalex.org/T11470,2015,2016,2020,0.2790553132756236,1,9,2,0.1,18,16.0,2.0,0,0,3.702090170329654e-07,true_negative,3990
https://openalex.org/T11269,https://openalex.org/T11879,2015,2016,2020,0.2790553132756236,1,9,2,0.1,18,16.0,2.0,0,0,3.702090170329654e-07,true_negative,3991
https://openalex.org/T11269,https://openalex.org/T12134,2015,2016,2020,0.2790553132756236,1,9,2,0.1,18,16.0,2.0,0,0,3.702090170329654e-07,true_negative,3992
https://openalex.org/T11710,https://openalex.org/T11970,2015,2016,2020,0.6295964561836069,2,6,9,0.15384615384615385,54,8.0,20.0,0,0,3.663852474306242e-07,true_negative,3993
https://openalex.org/T11880,https://openalex.org/T12648,2015,2016,2020,0.31465798044412485,1,4,2,0.2,8,4.0,2.0,0,0,3.6624545971154794e-07,true_negative,4003
https://openalex.org/T11578,https://openalex.org/T12134,2015,2016,2020,0.2790553132756236,1,4,2,0.2,8,4.0,2.0,0,0,3.6624545971154794e-07,true_negative,4002
https://openalex.org/T10102,https://openalex.org/T12648,2015,2016,2020,0.31465798044412485,1,4,2,0.2,8,4.0,2.0,0,0,3.6624545971154794e-07,true_negative,3995
https://openalex.org/T11578,https://openalex.org/T11879,2015,2016,2020,0.2790553132756236,1,4,2,0.2,8,4.0,2.0,0,0,3.6624545971154794e-07,true_negative,4001
https://openalex.org/T10157,https://openalex.org/T12648,2015,2016,2020,0.31465798044412485,1,4,2,0.2,8,5.0,2.0,0,0,3.6624545971154794e-07,true_negative,3997
https://openalex.org/T10857,https://openalex.org/T11879,2015,2016,2020,0.2790553132756236,1,4,2,0.2,8,4.0,2.0,0,0,3.6624545971154794e-07,true_negative,3999
https://openalex.org/T10102,https://openalex.org/T11071,2015,2016,2020,0.31465798044412485,1,4,2,0.2,8,4.0,2.0,0,0,3.6624545971154794e-07,true_negative,3994
https://openalex.org/T10857,https://openalex.org/T12134,2015,2016,2020,0.2790553132756236,1,4,2,0.2,8,4.0,2.0,0,0,3.6624545971154794e-07,true_negative,4000
https://openalex.org/T10157,https://openalex.org/T11071,2015,2016,2020,0.31465798044412485,1,4,2,0.2,8,5.0,2.0,0,0,3.6624545971154794e-07,true_negative,3996
https://openalex.org/T10857,https://openalex.org/T11470,2015,2016,2020,0.2790553132756236,1,4,2,0.2,8,4.0,2.0,0,0,3.6624545971154794e-07,true_negative,3998
https://openalex.org/T12574,https://openalex.org/T12648,2015,2016,2020,0.31465798044412485,1,4,2,0.2,8,4.0,2.0,0,0,3.6624545971154794e-07,true_negative,4004
https://openalex.org/T10036,https://openalex.org/T11396,2015,2016,2020,0.3898712452512801,1,8,3,0.1,24,10.0,3.0,0,0,3.656162377660256e-07,true_negative,4005
https://openalex.org/T12254,https://openalex.org/T12610,2015,2016,2020,0.3459762562611936,1,4,2,0.2,8,16.0,2.0,0,0,3.642975373029381e-07,true_negative,4006
https://openalex.org/T10024,https://openalex.org/T11690,2015,2016,2020,0.45511961331341866,1,3,9,0.09090909090909091,27,4.0,16.0,0,0,3.5916067919320284e-07,true_negative,4007
https://openalex.org/T10857,https://openalex.org/T11881,2015,2016,2020,0.3898712452512801,1,4,4,0.14285714285714285,16,4.0,6.0,0,0,3.588802790143717e-07,true_negative,4008
https://openalex.org/T10519,https://openalex.org/T11407,2015,2016,2020,0.31066746727980593,1,4,4,0.14285714285714285,16,8.0,4.0,0,0,3.5286540434527076e-07,true_negative,4009
https://openalex.org/T11764,https://openalex.org/T12254,2015,2016,2020,0.2790553132756236,1,3,4,0.16666666666666666,12,8.0,16.0,0,0,3.5269987156034775e-07,true_negative,4010
https://openalex.org/T11918,https://openalex.org/T12114,2015,2016,2020,0.36926937306885504,1,2,9,0.1,18,2.0,10.0,0,0,3.466442500520856e-07,true_negative,4012
https://openalex.org/T11798,https://openalex.org/T12114,2015,2016,2020,0.36926937306885504,1,2,9,0.1,18,2.0,10.0,0,0,3.466442500520856e-07,true_negative,4011
https://openalex.org/T10154,https://openalex.org/T10467,2015,2016,2020,0.48089834696298783,1,5,9,0.07692307692307693,45,8.0,13.0,0,0,3.437673634470325e-07,true_negative,4013
https://openalex.org/T10275,https://openalex.org/T12613,2015,2016,2020,0.35295612386476116,1,8,9,0.0625,72,18.0,20.0,0,0,3.435854280349802e-07,true_negative,4014
https://openalex.org/T13283,https://openalex.org/T13976,2015,2016,2020,0.40242960438184466,1,17,2,0.05555555555555555,34,19.0,2.0,0,0,3.408573241452658e-07,true_negative,4015
https://openalex.org/T12267,https://openalex.org/T13984,2015,2016,2020,0.40242960438184466,1,3,6,0.125,18,6.0,6.0,0,0,3.407200644669922e-07,true_negative,4016
https://openalex.org/T10519,https://openalex.org/T11468,2015,2016,2020,0.6295964561836069,2,4,10,0.16666666666666666,40,8.0,18.0,0,0,3.4041750292807226e-07,true_negative,4017
https://openalex.org/T10500,https://openalex.org/T11512,2015,2016,2020,0.48089834696298783,1,11,8,0.05555555555555555,88,20.0,10.0,0,0,3.3566002205990863e-07,true_negative,4018
https://openalex.org/T10269,https://openalex.org/T10751,2015,2016,2020,0.35295612386476116,1,9,4,0.08333333333333333,36,10.0,4.0,0,0,3.343035011457662e-07,true_negative,4019
https://openalex.org/T10026,https://openalex.org/T10527,2015,2016,2020,0.7213475204444817,1,6,3,0.125,18,6.0,4.0,0,0,3.333093830395068e-07,true_negative,4020
https://openalex.org/T11354,https://openalex.org/T11578,2015,2016,2020,0.2790553132756236,1,3,4,0.16666666666666666,12,16.0,4.0,0,0,3.308214049418623e-07,true_negative,4021
https://openalex.org/T10008,https://openalex.org/T12926,2015,2016,2020,0.3459762562611936,1,4,1,0.25,4,4.0,1.0,0,0,3.277142117040098e-07,true_negative,4023
https://openalex.org/T10008,https://openalex.org/T10164,2015,2016,2020,0.3459762562611936,1,4,1,0.25,4,4.0,1.0,0,0,3.277142117040098e-07,true_negative,4022
https://openalex.org/T10206,https://openalex.org/T10272,2015,2016,2020,0.35295612386476116,1,24,4,0.037037037037037035,96,78.0,4.0,0,0,3.247990304630084e-07,true_negative,4024
https://openalex.org/T10206,https://openalex.org/T11093,2015,2016,2020,0.35295612386476116,1,24,4,0.037037037037037035,96,78.0,4.0,0,0,3.247990304630084e-07,true_negative,4025
https://openalex.org/T10206,https://openalex.org/T11930,2015,2016,2020,0.35295612386476116,1,24,4,0.037037037037037035,96,78.0,4.0,0,0,3.247990304630084e-07,true_negative,4026
https://openalex.org/T10887,https://openalex.org/T14393,2015,2016,2020,0.35295612386476116,1,23,4,0.038461538461538464,92,50.0,4.0,0,0,3.247990304630084e-07,true_negative,4027
https://openalex.org/T10519,https://openalex.org/T10621,2015,2016,2020,0.31066746727980593,1,4,6,0.1111111111111111,24,8.0,6.0,0,0,3.236702686191012e-07,true_negative,4028
https://openalex.org/T11235,https://openalex.org/T13309,2015,2016,2020,0.31465798044412485,1,10,9,0.05555555555555555,90,14.0,20.0,0,0,3.1752540164249874e-07,true_negative,4029
https://openalex.org/T11764,https://openalex.org/T11986,2015,2016,2020,0.2790553132756236,1,3,5,0.14285714285714285,15,8.0,6.0,0,0,3.174178983011372e-07,true_negative,4030
https://openalex.org/T10323,https://openalex.org/T11269,2015,2016,2020,0.43429448190325176,1,2,9,0.1,18,2.0,16.0,0,0,3.145948979975558e-07,true_negative,4031
https://openalex.org/T10303,https://openalex.org/T10995,2015,2016,2020,0.3898712452512801,1,5,3,0.14285714285714285,15,6.0,3.0,0,0,3.1169539920061706e-07,true_negative,4032
https://openalex.org/T10434,https://openalex.org/T11470,2015,2016,2020,0.2790553132756236,1,9,2,0.1,18,14.0,2.0,0,0,3.114888578131972e-07,true_negative,4035
https://openalex.org/T10434,https://openalex.org/T10715,2015,2016,2020,0.2790553132756236,1,9,2,0.1,18,14.0,2.0,0,0,3.114888578131972e-07,true_negative,4034
https://openalex.org/T10434,https://openalex.org/T12134,2015,2016,2020,0.2790553132756236,1,9,2,0.1,18,14.0,2.0,0,0,3.114888578131972e-07,true_negative,4037
https://openalex.org/T10434,https://openalex.org/T10602,2015,2016,2020,0.2790553132756236,1,9,2,0.1,18,14.0,2.0,0,0,3.114888578131972e-07,true_negative,4033
https://openalex.org/T10434,https://openalex.org/T11879,2015,2016,2020,0.2790553132756236,1,9,2,0.1,18,14.0,2.0,0,0,3.114888578131972e-07,true_negative,4036
https://openalex.org/T11542,https://openalex.org/T12196,2015,2016,2020,0.36067376022224085,1,9,4,0.08333333333333333,36,10.0,6.0,0,0,3.1104106578922725e-07,true_negative,4038
https://openalex.org/T10179,https://openalex.org/T11272,2015,2016,2020,0.33380820069533407,1,7,2,0.125,14,16.0,4.0,0,0,3.1044179530500774e-07,true_negative,4039
https://openalex.org/T10179,https://openalex.org/T11682,2015,2016,2020,0.33380820069533407,1,7,2,0.125,14,16.0,4.0,0,0,3.1044179530500774e-07,true_negative,4040
https://openalex.org/T10677,https://openalex.org/T13083,2015,2016,2020,1.1022332815225997,2,3,2,0.6666666666666666,6,4.0,2.0,0,0,3.095041473687539e-07,true_negative,4041
https://openalex.org/T10799,https://openalex.org/T11901,2015,2016,2020,1.1237771248263264,2,4,4,0.3333333333333333,16,4.0,4.0,0,0,3.0833074898015044e-07,true_negative,4042
https://openalex.org/T10519,https://openalex.org/T12859,2015,2016,2020,0.318928988903801,1,4,6,0.1111111111111111,24,8.0,8.0,0,0,2.997096965360078e-07,true_negative,4043
https://openalex.org/T10461,https://openalex.org/T11690,2015,2016,2020,0.45511961331341866,1,2,9,0.1,18,4.0,16.0,0,0,2.989750656912416e-07,true_negative,4044
https://openalex.org/T10002,https://openalex.org/T10932,2015,2016,2020,0.750545005473521,2,16,6,0.1,96,28.0,8.0,0,0,2.950559182630764e-07,true_negative,4045
https://openalex.org/T11071,https://openalex.org/T11235,2015,2016,2020,0.667614104308886,2,2,10,0.2,20,2.0,14.0,0,0,2.935045151345255e-07,true_negative,4046
https://openalex.org/T10049,https://openalex.org/T11177,2015,2016,2020,0.7213475204444817,1,2,9,0.1,18,2.0,14.0,0,0,2.8890952268986347e-07,true_negative,4047
https://openalex.org/T10804,https://openalex.org/T11639,2015,2016,2020,0.36067376022224085,1,17,5,0.047619047619047616,85,34.0,6.0,0,0,2.8578200942907173e-07,true_negative,4048
https://openalex.org/T10637,https://openalex.org/T13976,2015,2016,2020,1.1237771248263264,2,4,2,0.5,8,4.0,2.0,0,0,2.8227546612649836e-07,true_negative,4049
https://openalex.org/T10604,https://openalex.org/T11879,2015,2016,2020,0.2790553132756236,1,8,2,0.1111111111111111,16,20.0,2.0,0,0,2.7716285722077947e-07,true_negative,4052
https://openalex.org/T10604,https://openalex.org/T11470,2015,2016,2020,0.2790553132756236,1,8,2,0.1111111111111111,16,20.0,2.0,0,0,2.7716285722077947e-07,true_negative,4051
https://openalex.org/T10604,https://openalex.org/T10715,2015,2016,2020,0.2790553132756236,1,8,2,0.1111111111111111,16,20.0,2.0,0,0,2.7716285722077947e-07,true_negative,4050
https://openalex.org/T10604,https://openalex.org/T12134,2015,2016,2020,0.2790553132756236,1,8,2,0.1111111111111111,16,20.0,2.0,0,0,2.7716285722077947e-07,true_negative,4053
https://openalex.org/T10257,https://openalex.org/T11970,2015,2016,2020,0.40242960438184466,1,2,9,0.1,18,2.0,20.0,0,0,2.73523323213343e-07,true_negative,4054
https://openalex.org/T10593,https://openalex.org/T11970,2015,2016,2020,0.40242960438184466,1,2,9,0.1,18,2.0,20.0,0,0,2.73523323213343e-07,true_negative,4055
https://openalex.org/T10211,https://openalex.org/T10857,2015,2016,2020,0.3898712452512801,1,8,4,0.09090909090909091,32,14.0,4.0,0,0,2.734399383860642e-07,true_negative,4056
https://openalex.org/T10182,https://openalex.org/T13748,2015,2016,2020,0.35295612386476116,1,7,5,0.09090909090909091,35,8.0,6.0,0,0,2.714858011871761e-07,true_negative,4057
https://openalex.org/T10502,https://openalex.org/T12072,2015,2016,2020,0.35295612386476116,1,7,5,0.09090909090909091,35,8.0,6.0,0,0,2.714858011871761e-07,true_negative,4060
https://openalex.org/T10353,https://openalex.org/T11986,2015,2016,2020,0.35295612386476116,1,7,5,0.09090909090909091,35,8.0,6.0,0,0,2.714858011871761e-07,true_negative,4059
https://openalex.org/T10353,https://openalex.org/T10382,2015,2016,2020,0.36067376022224085,1,7,5,0.09090909090909091,35,8.0,6.0,0,0,2.714858011871761e-07,true_negative,4058
https://openalex.org/T11354,https://openalex.org/T11468,2015,2016,2020,0.4170323914242463,1,3,10,0.08333333333333333,30,16.0,18.0,0,0,2.710528861117338e-07,true_negative,4061
https://openalex.org/T10657,https://openalex.org/T11272,2015,2016,2020,0.33380820069533407,1,4,2,0.2,8,8.0,4.0,0,0,2.710466250874363e-07,true_negative,4062
https://openalex.org/T10416,https://openalex.org/T11700,2015,2016,2020,0.31465798044412485,1,5,3,0.14285714285714285,15,6.0,6.0,0,0,2.6732288692387353e-07,true_negative,4063
https://openalex.org/T11491,https://openalex.org/T12576,2015,2016,2020,1.1764671337579005,2,3,2,0.6666666666666666,6,4.0,2.0,0,0,2.6690982183977614e-07,true_negative,4065
https://openalex.org/T10202,https://openalex.org/T12576,2015,2016,2020,1.1764671337579005,2,3,2,0.6666666666666666,6,3.0,2.0,0,0,2.6690982183977614e-07,true_negative,4064
https://openalex.org/T10773,https://openalex.org/T10878,2015,2016,2020,0.5138983423697507,1,2,9,0.1,18,2.0,14.0,0,0,2.655564366799068e-07,true_negative,4067
https://openalex.org/T10294,https://openalex.org/T10878,2015,2016,2020,0.5138983423697507,1,2,9,0.1,18,2.0,14.0,0,0,2.655564366799068e-07,true_negative,4066
https://openalex.org/T10203,https://openalex.org/T10627,2015,2016,2020,0.6213349345596119,1,3,9,0.09090909090909091,27,4.0,12.0,0,0,2.640614276513722e-07,true_negative,4068
https://openalex.org/T10002,https://openalex.org/T10120,2015,2016,2020,0.36067376022224085,1,16,6,0.047619047619047616,96,28.0,10.0,0,0,2.6276211811814507e-07,true_negative,4069
https://openalex.org/T10416,https://openalex.org/T12664,2015,2016,2020,0.31465798044412485,1,5,3,0.14285714285714285,15,6.0,8.0,0,0,2.605985359873296e-07,true_negative,4070
https://openalex.org/T10050,https://openalex.org/T11443,2015,2016,2020,0.36926937306885504,1,5,3,0.14285714285714285,15,5.0,4.0,0,0,2.588649726076174e-07,true_negative,4071
https://openalex.org/T11210,https://openalex.org/T11447,2015,2016,2020,0.4170323914242463,1,2,10,0.09090909090909091,20,2.0,13.0,0,0,2.576246227258172e-07,true_negative,4073
https://openalex.org/T11205,https://openalex.org/T11447,2015,2016,2020,0.4170323914242463,1,2,10,0.09090909090909091,20,2.0,13.0,0,0,2.576246227258172e-07,true_negative,4072
https://openalex.org/T10068,https://openalex.org/T13309,2015,2016,2020,0.45511961331341866,1,8,9,0.0625,72,11.0,20.0,0,0,2.5663138393305203e-07,true_negative,4074
https://openalex.org/T10269,https://openalex.org/T11970,2015,2016,2020,0.4170323914242463,1,9,9,0.058823529411764705,81,10.0,20.0,0,0,2.5279292599862463e-07,true_negative,4075
https://openalex.org/T10144,https://openalex.org/T13555,2015,2016,2020,0.35295612386476116,1,3,2,0.25,6,4.0,4.0,0,0,2.518788880242719e-07,true_negative,4076
https://openalex.org/T12947,https://openalex.org/T13555,2015,2016,2020,0.35295612386476116,1,3,2,0.25,6,4.0,4.0,0,0,2.518788880242719e-07,true_negative,4077
https://openalex.org/T11590,https://openalex.org/T11944,2015,2016,2020,0.9820086947818527,2,2,2,1.0,4,2.0,2.0,0,0,2.4847306109349257e-07,true_negative,4078
https://openalex.org/T10036,https://openalex.org/T10538,2015,2016,2020,0.3898712452512801,1,8,7,0.07142857142857142,56,10.0,7.0,0,0,2.47275733874904e-07,true_negative,4079
https://openalex.org/T11970,https://openalex.org/T12640,2015,2016,2020,0.6814849176574682,2,9,2,0.2222222222222222,18,20.0,4.0,0,0,2.434652266829545e-07,true_negative,4080
https://openalex.org/T10845,https://openalex.org/T12114,2015,2016,2020,0.40242960438184466,1,3,9,0.09090909090909091,27,4.0,10.0,0,0,2.4256835966636544e-07,true_negative,4082
https://openalex.org/T10141,https://openalex.org/T10269,2015,2016,2020,0.40242960438184466,1,3,9,0.09090909090909091,27,4.0,10.0,0,0,2.4256835966636544e-07,true_negative,4081
https://openalex.org/T10164,https://openalex.org/T12926,2015,2016,2020,0.3459762562611936,1,1,1,1.0,1,1.0,1.0,0,0,2.39420801054204e-07,true_negative,4083
https://openalex.org/T10044,https://openalex.org/T13013,2015,2016,2020,0.45511961331341866,1,16,5,0.05,80,38.0,6.0,0,0,2.3790237484220188e-07,true_negative,4084
https://openalex.org/T10157,https://openalex.org/T10416,2015,2016,2020,0.31465798044412485,1,4,5,0.125,20,5.0,6.0,0,0,2.3488671353980255e-07,true_negative,4086
https://openalex.org/T11578,https://openalex.org/T11986,2015,2016,2020,0.2790553132756236,1,4,5,0.125,20,4.0,6.0,0,0,2.3488671353980255e-07,true_negative,4088
https://openalex.org/T10102,https://openalex.org/T10416,2015,2016,2020,0.31465798044412485,1,4,5,0.125,20,4.0,6.0,0,0,2.3488671353980255e-07,true_negative,4085
https://openalex.org/T10857,https://openalex.org/T11986,2015,2016,2020,0.2790553132756236,1,4,5,0.125,20,4.0,6.0,1,0,2.3488671353980255e-07,false_negative,4087
https://openalex.org/T10932,https://openalex.org/T11048,2015,2016,2020,0.2790553132756236,1,6,3,0.125,18,8.0,4.0,0,0,2.322272663149641e-07,true_negative,4089
https://openalex.org/T10086,https://openalex.org/T10397,2015,2016,2020,0.6213349345596119,1,6,3,0.125,18,8.0,6.0,0,0,2.284177910777495e-07,true_negative,4090
https://openalex.org/T10932,https://openalex.org/T11764,2015,2016,2020,0.2790553132756236,1,6,3,0.125,18,8.0,8.0,0,0,2.2709235094947672e-07,true_negative,4091
https://openalex.org/T11289,https://openalex.org/T11764,2015,2016,2020,0.2790553132756236,1,6,3,0.125,18,8.0,8.0,0,0,2.2709235094947672e-07,true_negative,4092
https://openalex.org/T10185,https://openalex.org/T10688,2015,2016,2020,0.4170323914242463,1,2,10,0.09090909090909091,20,2.0,12.0,0,0,2.2682380608216509e-07,true_negative,4093
https://openalex.org/T10323,https://openalex.org/T10688,2015,2016,2020,0.4170323914242463,1,2,10,0.09090909090909091,20,2.0,12.0,0,0,2.2682380608216509e-07,true_negative,4094
https://openalex.org/T10397,https://openalex.org/T10496,2015,2016,2020,0.35295612386476116,1,3,2,0.25,6,6.0,2.0,0,0,2.23330845534317e-07,true_negative,4095
https://openalex.org/T10397,https://openalex.org/T11071,2015,2016,2020,0.35295612386476116,1,3,2,0.25,6,6.0,2.0,0,0,2.23330845534317e-07,true_negative,4096
https://openalex.org/T11269,https://openalex.org/T12640,2015,2016,2020,0.2790553132756236,1,9,2,0.1,18,16.0,4.0,0,0,2.224745598996265e-07,true_negative,4097
https://openalex.org/T10269,https://openalex.org/T11468,2015,2016,2020,0.7553857282466059,2,9,10,0.11764705882352941,90,10.0,18.0,0,0,2.1733409161270993e-07,true_negative,4098
https://openalex.org/T10136,https://openalex.org/T10538,2015,2016,2020,0.3898712452512801,1,11,7,0.058823529411764705,77,14.0,7.0,0,0,2.16469802371938e-07,true_negative,4099
https://openalex.org/T11048,https://openalex.org/T11879,2015,2016,2020,0.2790553132756236,1,3,2,0.25,6,4.0,2.0,0,0,2.1409249628393308e-07,true_negative,4101
https://openalex.org/T11048,https://openalex.org/T12134,2015,2016,2020,0.2790553132756236,1,3,2,0.25,6,4.0,2.0,0,0,2.1409249628393308e-07,true_negative,4102
https://openalex.org/T11048,https://openalex.org/T11470,2015,2016,2020,0.2790553132756236,1,3,2,0.25,6,4.0,2.0,0,0,2.1409249628393308e-07,true_negative,4100
https://openalex.org/T12168,https://openalex.org/T12648,2015,2016,2020,0.31465798044412485,1,3,2,0.25,6,4.0,2.0,0,0,2.1409249628393308e-07,true_negative,4103
https://openalex.org/T12664,https://openalex.org/T13309,2015,2016,2020,0.31465798044412485,1,3,9,0.09090909090909091,27,8.0,20.0,0,0,2.1221023580541202e-07,true_negative,4105
https://openalex.org/T11764,https://openalex.org/T11970,2015,2016,2020,0.2790553132756236,1,3,9,0.09090909090909091,27,8.0,20.0,0,0,2.1221023580541202e-07,true_negative,4104
https://openalex.org/T11071,https://openalex.org/T12443,2015,2016,2020,0.667614104308886,2,2,8,0.25,16,2.0,20.0,0,0,2.1131458122490781e-07,true_negative,4106
https://openalex.org/T10932,https://openalex.org/T12613,2015,2016,2020,0.3898712452512801,1,6,9,0.07142857142857142,54,8.0,20.0,0,0,2.0830554484610844e-07,true_negative,4107
https://openalex.org/T11407,https://openalex.org/T12254,2015,2016,2020,0.31066746727980593,1,4,4,0.14285714285714285,16,4.0,16.0,0,0,1.99442771150702e-07,true_negative,4109
https://openalex.org/T11578,https://openalex.org/T12254,2015,2016,2020,0.2790553132756236,1,4,4,0.14285714285714285,16,4.0,16.0,0,0,1.99442771150702e-07,true_negative,4110
https://openalex.org/T10857,https://openalex.org/T12254,2015,2016,2020,0.2790553132756236,1,4,4,0.14285714285714285,16,4.0,16.0,0,0,1.99442771150702e-07,true_negative,4108
https://openalex.org/T10303,https://openalex.org/T10857,2015,2016,2020,0.3898712452512801,1,5,4,0.125,20,6.0,4.0,0,0,1.9631744341166652e-07,true_negative,4111
https://openalex.org/T11011,https://openalex.org/T12443,2015,2016,2020,0.35295612386476116,1,5,8,0.08333333333333333,40,8.0,20.0,0,0,1.893024001210218e-07,true_negative,4112
https://openalex.org/T10036,https://openalex.org/T11269,2015,2016,2020,0.3898712452512801,1,8,9,0.0625,72,10.0,16.0,0,0,1.88151941817828e-07,true_negative,4113
https://openalex.org/T10434,https://openalex.org/T12640,2015,2016,2020,0.2790553132756236,1,9,2,0.1,18,14.0,4.0,0,0,1.871870801180705e-07,true_negative,4114
https://openalex.org/T10157,https://openalex.org/T13555,2015,2016,2020,0.31465798044412485,1,4,2,0.2,8,5.0,4.0,0,0,1.8506591691724249e-07,true_negative,4116
https://openalex.org/T10857,https://openalex.org/T12640,2015,2016,2020,0.2790553132756236,1,4,2,0.2,8,4.0,4.0,0,0,1.8506591691724249e-07,true_negative,4117
https://openalex.org/T10102,https://openalex.org/T13555,2015,2016,2020,0.31465798044412485,1,4,2,0.2,8,4.0,4.0,0,0,1.8506591691724249e-07,true_negative,4115
https://openalex.org/T11578,https://openalex.org/T12640,2015,2016,2020,0.2790553132756236,1,4,2,0.2,8,4.0,4.0,0,0,1.8506591691724249e-07,true_negative,4118
https://openalex.org/T11880,https://openalex.org/T13555,2015,2016,2020,0.31465798044412485,1,4,2,0.2,8,4.0,4.0,0,0,1.8506591691724249e-07,true_negative,4119
https://openalex.org/T10243,https://openalex.org/T12443,2015,2016,2020,0.31465798044412485,1,12,8,0.05263157894736842,96,18.0,20.0,0,0,1.8172834834862366e-07,true_negative,4120
https://openalex.org/T13309,https://openalex.org/T13555,2015,2016,2020,0.31465798044412485,1,9,2,0.1,18,20.0,4.0,0,0,1.806065318776724e-07,true_negative,4121
https://openalex.org/T12046,https://openalex.org/T12748,2015,2016,2020,0.35295612386476116,1,4,4,0.14285714285714285,16,8.0,4.0,0,0,1.7692475256141937e-07,true_negative,4122
https://openalex.org/T10857,https://openalex.org/T10995,2015,2016,2020,0.3898712452512801,1,4,3,0.16666666666666666,12,4.0,3.0,0,0,1.7260679712953874e-07,true_negative,4123
https://openalex.org/T10885,https://openalex.org/T12820,2015,2016,2020,0.3898712452512801,1,25,4,0.03571428571428571,100,62.0,4.0,0,0,1.7074775812818664e-07,true_negative,4125
https://openalex.org/T10885,https://openalex.org/T11297,2015,2016,2020,0.3898712452512801,1,25,4,0.03571428571428571,100,62.0,4.0,0,0,1.7074775812818664e-07,true_negative,4124
https://openalex.org/T10010,https://openalex.org/T13309,2015,2016,2020,0.45511961331341866,1,7,9,0.06666666666666667,63,8.0,20.0,0,0,1.705256875283956e-07,true_negative,4126
https://openalex.org/T10182,https://openalex.org/T13309,2015,2016,2020,0.45511961331341866,1,7,9,0.06666666666666667,63,8.0,20.0,0,0,1.705256875283956e-07,true_negative,4127
https://openalex.org/T10269,https://openalex.org/T12745,2015,2016,2020,0.40242960438184466,1,9,2,0.1,18,10.0,4.0,0,0,1.7015579037886575e-07,true_negative,4128
https://openalex.org/T10522,https://openalex.org/T11307,2015,2016,2020,0.4170323914242463,1,8,10,0.058823529411764705,80,8.0,14.0,0,0,1.6976893936949417e-07,true_negative,4129
https://openalex.org/T11297,https://openalex.org/T12820,2015,2016,2020,0.3898712452512801,1,4,4,0.14285714285714285,16,4.0,4.0,0,0,1.678237565089688e-07,true_negative,4131
https://openalex.org/T10417,https://openalex.org/T11297,2015,2016,2020,0.3898712452512801,1,4,4,0.14285714285714285,16,4.0,4.0,0,0,1.678237565089688e-07,true_negative,4130
https://openalex.org/T10123,https://openalex.org/T10336,2015,2016,2020,0.3898712452512801,1,2,10,0.09090909090909091,20,2.0,11.0,0,0,1.6716480319208688e-07,true_negative,4132
https://openalex.org/T10627,https://openalex.org/T11396,2015,2016,2020,0.3898712452512801,1,9,3,0.09090909090909091,27,12.0,3.0,0,0,1.669195197467132e-07,true_negative,4133
https://openalex.org/T10604,https://openalex.org/T12640,2015,2016,2020,0.2790553132756236,1,8,2,0.1111111111111111,16,20.0,4.0,0,0,1.6655910459815276e-07,true_negative,4134
https://openalex.org/T10269,https://openalex.org/T12267,2015,2016,2020,0.40242960438184466,1,9,3,0.09090909090909091,27,10.0,6.0,0,0,1.6465386916418144e-07,true_negative,4135
https://openalex.org/T11981,https://openalex.org/T13555,2015,2016,2020,0.31465798044412485,1,8,2,0.1111111111111111,16,14.0,4.0,0,0,1.5323058798351628e-07,true_negative,4136
https://openalex.org/T10932,https://openalex.org/T10995,2015,2016,2020,0.3898712452512801,1,6,3,0.125,18,8.0,3.0,0,0,1.5091175081213957e-07,true_negative,4137
https://openalex.org/T10261,https://openalex.org/T10826,2015,2016,2020,0.5581106265512472,1,17,3,0.05263157894736842,51,32.0,4.0,0,0,1.4974013026008479e-07,true_negative,4138
https://openalex.org/T10157,https://openalex.org/T11700,2015,2016,2020,0.31465798044412485,1,4,3,0.16666666666666666,12,5.0,6.0,0,0,1.4915513625837534e-07,true_negative,4140
https://openalex.org/T10102,https://openalex.org/T11700,2015,2016,2020,0.31465798044412485,1,4,3,0.16666666666666666,12,4.0,6.0,0,0,1.4915513625837534e-07,true_negative,4139
https://openalex.org/T10211,https://openalex.org/T10995,2015,2016,2020,0.3898712452512801,1,8,3,0.1,24,14.0,3.0,0,0,1.4841930504606146e-07,true_negative,4141
https://openalex.org/T10136,https://openalex.org/T10836,2015,2016,2020,0.40242960438184466,1,11,7,0.058823529411764705,77,14.0,12.0,0,0,1.483101141202328e-07,true_negative,4142
https://openalex.org/T10206,https://openalex.org/T10487,2015,2016,2020,0.7213475204444817,1,24,4,0.037037037037037035,96,78.0,6.0,0,0,1.4718443378176838e-07,true_negative,4143
https://openalex.org/T10887,https://openalex.org/T11407,2015,2016,2020,0.7657870805932245,2,23,4,0.08,92,50.0,4.0,0,0,1.4627570894626167e-07,true_negative,4144
https://openalex.org/T12646,https://openalex.org/T12748,2015,2016,2020,0.36067376022224085,1,4,4,0.14285714285714285,16,6.0,4.0,0,0,1.456010702556429e-07,true_negative,4147
https://openalex.org/T10775,https://openalex.org/T11273,2015,2016,2020,0.35295612386476116,1,4,4,0.14285714285714285,16,6.0,4.0,0,0,1.456010702556429e-07,true_negative,4145
https://openalex.org/T10775,https://openalex.org/T12676,2015,2016,2020,0.35295612386476116,1,4,4,0.14285714285714285,16,6.0,4.0,0,0,1.456010702556429e-07,true_negative,4146
https://openalex.org/T11578,https://openalex.org/T11764,2015,2016,2020,0.2790553132756236,1,4,3,0.16666666666666666,12,4.0,8.0,0,0,1.4540322557362926e-07,true_negative,4151
https://openalex.org/T10102,https://openalex.org/T12664,2015,2016,2020,0.31465798044412485,1,4,3,0.16666666666666666,12,4.0,8.0,0,0,1.4540322557362926e-07,true_negative,4148
https://openalex.org/T10857,https://openalex.org/T11764,2015,2016,2020,0.2790553132756236,1,4,3,0.16666666666666666,12,4.0,8.0,0,0,1.4540322557362926e-07,true_negative,4150
https://openalex.org/T11880,https://openalex.org/T12664,2015,2016,2020,0.31465798044412485,1,4,3,0.16666666666666666,12,4.0,8.0,0,0,1.4540322557362926e-07,true_negative,4152
https://openalex.org/T10157,https://openalex.org/T12664,2015,2016,2020,0.31465798044412485,1,4,3,0.16666666666666666,12,5.0,8.0,0,0,1.4540322557362926e-07,true_negative,4149
https://openalex.org/T10123,https://openalex.org/T10158,2015,2016,2020,0.5138983423697507,1,2,9,0.1,18,2.0,12.0,0,0,1.3957922601695345e-07,true_negative,4153
https://openalex.org/T10683,https://openalex.org/T12613,2015,2016,2020,0.7428273691160412,2,5,9,0.16666666666666666,45,10.0,20.0,0,0,1.349570541766069e-07,true_negative,4154
https://openalex.org/T10683,https://openalex.org/T10798,2015,2016,2020,0.7428273691160412,2,5,9,0.16666666666666666,45,10.0,24.0,0,0,1.3341890755748261e-07,true_negative,4155
https://openalex.org/T11880,https://openalex.org/T12168,2015,2016,2020,0.31465798044412485,1,4,3,0.16666666666666666,12,4.0,4.0,0,0,1.3225799828631073e-07,true_negative,4159
https://openalex.org/T10857,https://openalex.org/T11048,2015,2016,2020,0.2790553132756236,1,4,3,0.16666666666666666,12,4.0,4.0,0,0,1.3225799828631073e-07,true_negative,4158
https://openalex.org/T10157,https://openalex.org/T12168,2015,2016,2020,0.31465798044412485,1,4,3,0.16666666666666666,12,5.0,4.0,0,0,1.3225799828631073e-07,true_negative,4157
https://openalex.org/T10102,https://openalex.org/T12168,2015,2016,2020,0.31465798044412485,1,4,3,0.16666666666666666,12,4.0,4.0,0,0,1.3225799828631073e-07,true_negative,4156
https://openalex.org/T11304,https://openalex.org/T11447,2015,2016,2020,0.5581106265512472,1,4,10,0.07692307692307693,40,12.0,13.0,0,0,1.3092927165315933e-07,true_negative,4160
https://openalex.org/T11542,https://openalex.org/T13555,2015,2016,2020,0.31465798044412485,1,9,2,0.1,18,10.0,4.0,0,0,1.2848844293928873e-07,true_negative,4161
https://openalex.org/T10826,https://openalex.org/T13309,2015,2016,2020,0.45511961331341866,1,3,9,0.09090909090909091,27,4.0,20.0,0,0,1.270061596038171e-07,true_negative,4162
https://openalex.org/T10534,https://openalex.org/T11447,2015,2016,2020,0.7213475204444817,1,2,10,0.09090909090909091,20,2.0,13.0,0,0,1.2513257493562505e-07,true_negative,4164
https://openalex.org/T10220,https://openalex.org/T11447,2015,2016,2020,0.7213475204444817,1,2,10,0.09090909090909091,20,2.0,13.0,0,0,1.2513257493562505e-07,true_negative,4163
https://openalex.org/T10281,https://openalex.org/T10660,2015,2016,2020,0.9690179556831694,2,4,4,0.3333333333333333,16,8.0,6.0,0,0,1.2423922299324575e-07,true_negative,4165
https://openalex.org/T10519,https://openalex.org/T11970,2015,2016,2020,0.6295964561836069,2,4,9,0.18181818181818182,36,8.0,20.0,0,0,1.2380079535800693e-07,true_negative,4166
https://openalex.org/T10002,https://openalex.org/T11129,2015,2016,2020,0.45511961331341866,1,16,3,0.05555555555555555,48,28.0,4.0,0,0,1.234698805406587e-07,true_negative,4167
https://openalex.org/T10629,https://openalex.org/T11024,2015,2016,2020,0.45511961331341866,1,16,3,0.05555555555555555,48,28.0,4.0,0,0,1.234698805406587e-07,true_negative,4168
https://openalex.org/T11048,https://openalex.org/T12640,2015,2016,2020,0.2790553132756236,1,3,2,0.25,6,4.0,4.0,0,0,1.2315935639975926e-07,true_negative,4169
https://openalex.org/T10500,https://openalex.org/T11269,2015,2016,2020,0.43429448190325176,1,11,9,0.05263157894736842,99,20.0,16.0,0,0,1.2114041048491023e-07,true_negative,4170
https://openalex.org/T11519,https://openalex.org/T13309,2015,2016,2020,0.45511961331341866,1,2,9,0.1,18,2.0,20.0,0,0,1.1911904625754888e-07,true_negative,4172
https://openalex.org/T10352,https://openalex.org/T13309,2015,2016,2020,0.45511961331341866,1,2,9,0.1,18,2.0,20.0,0,0,1.1911904625754888e-07,true_negative,4171
https://openalex.org/T11871,https://openalex.org/T12761,2015,2016,2020,0.3898712452512801,1,15,5,0.05263157894736842,75,17.0,6.0,0,0,1.190012238182181e-07,true_negative,4174
https://openalex.org/T11871,https://openalex.org/T12072,2015,2016,2020,0.3898712452512801,1,15,5,0.05263157894736842,75,17.0,6.0,0,0,1.190012238182181e-07,true_negative,4173
https://openalex.org/T12535,https://openalex.org/T13141,2015,2016,2020,0.36926937306885504,1,13,6,0.05555555555555555,78,17.0,7.0,0,0,1.1713698590918159e-07,true_negative,4175
https://openalex.org/T12134,https://openalex.org/T13664,2015,2016,2020,0.6814849176574682,2,2,9,0.2222222222222222,18,2.0,18.0,0,0,1.1678484930543442e-07,true_negative,4177
https://openalex.org/T11879,https://openalex.org/T13664,2015,2016,2020,0.6814849176574682,2,2,9,0.2222222222222222,18,2.0,18.0,0,0,1.1678484930543442e-07,true_negative,4176
https://openalex.org/T10397,https://openalex.org/T11700,2015,2016,2020,0.35295612386476116,1,3,3,0.2,9,6.0,6.0,0,0,1.1535052431004264e-07,true_negative,4178
https://openalex.org/T10036,https://openalex.org/T12761,2015,2016,2020,0.3898712452512801,1,8,5,0.08333333333333333,40,10.0,6.0,0,0,1.1194477142915498e-07,true_negative,4179
https://openalex.org/T10522,https://openalex.org/T11447,2015,2016,2020,0.4170323914242463,1,8,10,0.058823529411764705,80,8.0,13.0,0,0,1.116001083999135e-07,true_negative,4180
https://openalex.org/T10136,https://openalex.org/T11269,2015,2016,2020,0.3898712452512801,1,11,9,0.05263157894736842,99,14.0,16.0,0,0,1.1057293401175857e-07,true_negative,4181
https://openalex.org/T10317,https://openalex.org/T11269,2015,2016,2020,0.5138983423697507,1,2,9,0.1,18,2.0,16.0,0,0,1.0792850689124981e-07,true_negative,4182
https://openalex.org/T10338,https://openalex.org/T11690,2015,2016,2020,0.5138983423697507,1,2,9,0.1,18,2.0,16.0,0,0,1.0792850689124981e-07,true_negative,4183
https://openalex.org/T10804,https://openalex.org/T10845,2015,2016,2020,0.43429448190325176,1,17,3,0.05263157894736842,51,34.0,4.0,0,0,1.0712163903259494e-07,true_negative,4184
https://openalex.org/T11354,https://openalex.org/T11970,2015,2016,2020,0.2790553132756236,1,3,9,0.09090909090909091,27,16.0,20.0,0,0,1.0673947889571307e-07,true_negative,4185
https://openalex.org/T10123,https://openalex.org/T10556,2015,2016,2020,0.5138983423697507,1,2,7,0.125,14,2.0,24.0,0,0,1.0361549961765876e-07,true_negative,4186
https://openalex.org/T10434,https://openalex.org/T11447,2015,2016,2020,0.45511961331341866,1,9,10,0.05555555555555555,90,14.0,13.0,0,0,1.0344345604963442e-07,true_negative,4187
https://openalex.org/T11700,https://openalex.org/T11930,2015,2016,2020,0.35295612386476116,1,3,4,0.16666666666666666,12,6.0,4.0,0,0,9.55927958458184e-08,true_negative,4190
https://openalex.org/T10397,https://openalex.org/T11930,2015,2016,2020,0.35295612386476116,1,3,4,0.16666666666666666,12,6.0,4.0,0,0,9.55927958458184e-08,true_negative,4188
https://openalex.org/T10397,https://openalex.org/T12574,2015,2016,2020,0.35295612386476116,1,3,4,0.16666666666666666,12,6.0,4.0,0,0,9.55927958458184e-08,true_negative,4189
https://openalex.org/T10320,https://openalex.org/T10429,2015,2016,2020,0.43429448190325176,1,17,3,0.05263157894736842,51,31.0,6.0,0,0,9.496546669316362e-08,true_negative,4191
https://openalex.org/T11162,https://openalex.org/T11710,2015,2016,2020,0.48089834696298783,1,13,6,0.05555555555555555,78,28.0,8.0,0,0,9.02172099332416e-08,true_negative,4192
https://openalex.org/T11354,https://openalex.org/T13937,2015,2016,2020,0.2790553132756236,1,3,8,0.1,24,16.0,12.0,0,0,8.979514318504294e-08,true_negative,4193
https://openalex.org/T10057,https://openalex.org/T11396,2015,2016,2020,0.3898712452512801,1,8,3,0.1,24,20.0,3.0,0,0,8.902562260505171e-08,true_negative,4194
https://openalex.org/T12964,https://openalex.org/T13430,2015,2016,2020,1.1022332815225997,2,5,4,0.2857142857142857,20,6.0,4.0,0,0,8.9024718608279e-08,true_negative,4195
https://openalex.org/T10120,https://openalex.org/T11354,2015,2016,2020,0.2790553132756236,1,6,3,0.125,18,10.0,16.0,0,0,8.887795209806334e-08,true_negative,4196
https://openalex.org/T12664,https://openalex.org/T12947,2015,2016,2020,0.35295612386476116,1,3,3,0.2,9,8.0,4.0,0,0,8.849540498454309e-08,true_negative,4197
https://openalex.org/T12640,https://openalex.org/T13664,2015,2016,2020,0.6814849176574682,2,2,9,0.2222222222222222,18,4.0,18.0,0,0,8.217683334362972e-08,true_negative,4198
https://openalex.org/T11195,https://openalex.org/T11269,2015,2016,2020,0.5138983423697507,1,1,9,0.1111111111111111,9,1.0,16.0,0,0,8.076316204746974e-08,true_negative,4199
https://openalex.org/T11443,https://openalex.org/T12114,2015,2016,2020,0.36926937306885504,1,3,9,0.09090909090909091,27,4.0,10.0,0,0,7.772093068658255e-08,true_negative,4200
https://openalex.org/T11354,https://openalex.org/T12254,2015,2016,2020,0.2790553132756236,1,3,4,0.16666666666666666,12,16.0,16.0,0,0,7.671981776565415e-08,true_negative,4201
https://openalex.org/T10804,https://openalex.org/T14374,2015,2016,2020,0.48089834696298783,1,17,5,0.047619047619047616,85,34.0,6.0,0,0,7.56329731799155e-08,true_negative,4202
https://openalex.org/T10247,https://openalex.org/T10275,2015,2016,2020,0.45511961331341866,1,4,8,0.09090909090909091,32,10.0,18.0,0,0,7.203947503992043e-08,true_negative,4203
https://openalex.org/T10397,https://openalex.org/T12947,2015,2016,2020,0.35295612386476116,1,3,3,0.2,9,6.0,4.0,0,0,7.110204399029918e-08,true_negative,4205
https://openalex.org/T10397,https://openalex.org/T12168,2015,2016,2020,0.35295612386476116,1,3,3,0.2,9,6.0,4.0,0,0,7.110204399029918e-08,true_negative,4204
https://openalex.org/T11700,https://openalex.org/T12947,2015,2016,2020,0.35295612386476116,1,3,3,0.2,9,6.0,4.0,0,0,7.110204399029918e-08,true_negative,4206
https://openalex.org/T12679,https://openalex.org/T12926,2015,2016,2020,0.3459762562611936,1,4,1,0.25,4,6.0,1.0,0,0,6.968108097379741e-08,true_negative,4207
https://openalex.org/T10044,https://openalex.org/T10621,2015,2016,2020,0.3459762562611936,1,16,6,0.047619047619047616,96,38.0,6.0,0,0,6.717505025032844e-08,true_negative,4208
https://openalex.org/T10145,https://openalex.org/T13083,2015,2016,2020,1.1022332815225997,2,2,2,1.0,4,2.0,2.0,0,0,6.528155137091045e-08,true_negative,4209
https://openalex.org/T12679,https://openalex.org/T13349,2015,2016,2020,0.3459762562611936,1,4,3,0.16666666666666666,12,6.0,4.0,0,0,6.427308836510896e-08,true_negative,4210
https://openalex.org/T11542,https://openalex.org/T12679,2015,2016,2020,0.6753317406663657,2,9,4,0.18181818181818182,36,10.0,6.0,0,0,6.41634189300017e-08,true_negative,4211
https://openalex.org/T10186,https://openalex.org/T13309,2015,2016,2020,0.6213349345596119,1,2,9,0.1,18,2.0,20.0,0,0,6.37948719312401e-08,true_negative,4212
https://openalex.org/T11542,https://openalex.org/T11744,2015,2016,2020,0.6753317406663657,2,9,6,0.15384615384615385,54,10.0,20.0,0,0,6.371142277019858e-08,true_negative,4213
https://openalex.org/T11287,https://openalex.org/T12264,2015,2016,2020,0.43429448190325176,1,13,3,0.06666666666666667,39,20.0,4.0,0,0,6.35210667961367e-08,true_negative,4214
https://openalex.org/T10932,https://openalex.org/T11354,2015,2016,2020,0.2790553132756236,1,6,3,0.125,18,8.0,16.0,0,0,6.145332831635357e-08,true_negative,4215
https://openalex.org/T11289,https://openalex.org/T11354,2015,2016,2020,0.2790553132756236,1,6,3,0.125,18,8.0,16.0,0,0,6.145332831635357e-08,true_negative,4216
https://openalex.org/T10538,https://openalex.org/T12072,2015,2016,2020,0.3898712452512801,1,7,5,0.09090909090909091,35,7.0,6.0,0,0,5.98783355221489e-08,true_negative,4217
https://openalex.org/T10538,https://openalex.org/T12761,2015,2016,2020,0.3898712452512801,1,7,5,0.09090909090909091,35,7.0,6.0,0,0,5.98783355221489e-08,true_negative,4218
https://openalex.org/T10397,https://openalex.org/T12664,2015,2016,2020,0.35295612386476116,1,3,3,0.2,9,6.0,8.0,0,0,5.923197343147763e-08,true_negative,4219
https://openalex.org/T12046,https://openalex.org/T12327,2015,2016,2020,0.35295612386476116,1,4,3,0.16666666666666666,12,8.0,4.0,0,0,5.9079451364301126e-08,true_negative,4220
https://openalex.org/T10621,https://openalex.org/T12254,2015,2016,2020,0.6566437235409995,2,6,4,0.25,24,6.0,16.0,0,0,5.84366147278643e-08,true_negative,4221
https://openalex.org/T10887,https://openalex.org/T11297,2015,2016,2020,0.3898712452512801,1,23,4,0.038461538461538464,92,50.0,4.0,0,0,5.784233025755078e-08,true_negative,4222
https://openalex.org/T10887,https://openalex.org/T12820,2015,2016,2020,0.3898712452512801,1,23,4,0.038461538461538464,92,50.0,4.0,0,0,5.784233025755078e-08,true_negative,4223
https://openalex.org/T11764,https://openalex.org/T12859,2015,2016,2020,0.2790553132756236,1,3,6,0.125,18,8.0,8.0,0,0,5.708763532870022e-08,true_negative,4224
https://openalex.org/T11269,https://openalex.org/T11307,2015,2016,2020,0.3898712452512801,1,9,10,0.05555555555555555,90,16.0,14.0,0,0,5.357460983368847e-08,true_negative,4225
https://openalex.org/T10402,https://openalex.org/T10798,2015,2016,2020,0.5138983423697507,1,2,9,0.1,18,2.0,24.0,0,0,5.310901560784253e-08,true_negative,4226
https://openalex.org/T10012,https://openalex.org/T10604,2015,2016,2020,0.2790553132756236,1,11,8,0.05555555555555555,88,32.0,20.0,0,0,5.200680130015403e-08,true_negative,4227
https://openalex.org/T12679,https://openalex.org/T12947,2015,2016,2020,0.36067376022224085,1,4,3,0.16666666666666666,12,6.0,4.0,0,0,4.8152519921912814e-08,true_negative,4229
https://openalex.org/T12196,https://openalex.org/T12947,2015,2016,2020,0.36067376022224085,1,4,3,0.16666666666666666,12,6.0,4.0,0,0,4.8152519921912814e-08,true_negative,4228
https://openalex.org/T11354,https://openalex.org/T11986,2015,2016,2020,0.2790553132756236,1,3,5,0.14285714285714285,15,16.0,6.0,0,0,4.795365885798036e-08,true_negative,4230
https://openalex.org/T12945,https://openalex.org/T13309,2015,2016,2020,0.6213349345596119,1,1,9,0.1111111111111111,9,1.0,20.0,0,0,4.729683314095583e-08,true_negative,4231
https://openalex.org/T11447,https://openalex.org/T13664,2015,2016,2020,0.45511961331341866,1,10,9,0.05555555555555555,90,13.0,18.0,0,0,4.717486805028879e-08,true_negative,4232
https://openalex.org/T10336,https://openalex.org/T10417,2015,2016,2020,0.3898712452512801,1,10,4,0.07692307692307693,40,11.0,4.0,0,0,4.620759281244929e-08,true_negative,4233
https://openalex.org/T10336,https://openalex.org/T12820,2015,2016,2020,0.3898712452512801,1,10,4,0.07692307692307693,40,11.0,4.0,0,0,4.620759281244929e-08,true_negative,4234
https://openalex.org/T11764,https://openalex.org/T11879,2015,2016,2020,0.2790553132756236,1,3,2,0.25,6,8.0,2.0,0,0,4.141807184814434e-08,true_negative,4235
https://openalex.org/T11764,https://openalex.org/T12134,2015,2016,2020,0.2790553132756236,1,3,2,0.25,6,8.0,2.0,0,0,4.141807184814434e-08,true_negative,4236
https://openalex.org/T10012,https://openalex.org/T10269,2015,2016,2020,0.35295612386476116,1,11,9,0.05263157894736842,99,32.0,10.0,0,0,3.912289318802013e-08,true_negative,4237
https://openalex.org/T10434,https://openalex.org/T11468,2015,2016,2020,0.4170323914242463,1,9,10,0.05555555555555555,90,14.0,18.0,0,0,3.9116555896262925e-08,true_negative,4238
https://openalex.org/T10206,https://openalex.org/T10417,2015,2016,2020,0.43429448190325176,1,24,4,0.037037037037037035,96,78.0,4.0,0,0,3.729924563741066e-08,true_negative,4239
https://openalex.org/T10887,https://openalex.org/T11901,2015,2016,2020,0.40242960438184466,1,23,4,0.038461538461538464,92,50.0,4.0,0,0,3.583149461157391e-08,true_negative,4242
https://openalex.org/T10887,https://openalex.org/T11273,2015,2016,2020,0.40242960438184466,1,23,4,0.038461538461538464,92,50.0,4.0,0,0,3.583149461157391e-08,true_negative,4241
https://openalex.org/T10206,https://openalex.org/T11901,2015,2016,2020,0.40242960438184466,1,24,4,0.037037037037037035,96,78.0,4.0,0,0,3.583149461157391e-08,true_negative,4240
https://openalex.org/T12648,https://openalex.org/T13309,2015,2016,2020,0.6753317406663657,2,2,9,0.2222222222222222,18,2.0,20.0,0,0,3.518953832626489e-08,true_negative,4244
https://openalex.org/T11879,https://openalex.org/T11970,2015,2016,2020,0.6814849176574682,2,2,9,0.2222222222222222,18,2.0,20.0,0,0,3.518953832626489e-08,true_negative,4243
https://openalex.org/T12557,https://openalex.org/T12613,2015,2016,2020,0.713629884087002,2,2,9,0.2222222222222222,18,2.0,20.0,0,0,3.323787705162694e-08,true_negative,4245
https://openalex.org/T10243,https://openalex.org/T10522,2015,2016,2020,0.43429448190325176,1,12,8,0.05263157894736842,96,18.0,8.0,0,0,3.104692416498977e-08,true_negative,4246
https://openalex.org/T11922,https://openalex.org/T13309,2015,2016,2020,0.7213475204444817,1,2,9,0.1,18,2.0,20.0,0,0,2.9149836079197925e-08,true_negative,4248
https://openalex.org/T10412,https://openalex.org/T11970,2015,2016,2020,0.7213475204444817,1,2,9,0.1,18,2.0,20.0,0,0,2.9149836079197925e-08,true_negative,4247
https://openalex.org/T11287,https://openalex.org/T11928,2015,2016,2020,0.40242960438184466,1,13,3,0.06666666666666667,39,20.0,4.0,0,0,2.5472835255698868e-08,true_negative,4249
https://openalex.org/T10397,https://openalex.org/T13555,2015,2016,2020,0.35295612386476116,1,3,2,0.25,6,6.0,4.0,0,0,2.5015970978618388e-08,true_negative,4250
https://openalex.org/T11209,https://openalex.org/T13309,2015,2016,2020,0.7213475204444817,1,2,9,0.1,18,3.0,20.0,0,0,2.429493158731276e-08,true_negative,4251
https://openalex.org/T12679,https://openalex.org/T13555,2015,2016,2020,0.31465798044412485,1,4,2,0.2,8,6.0,4.0,0,0,2.4241016645731958e-08,true_negative,4252
https://openalex.org/T12046,https://openalex.org/T12613,2015,2016,2020,0.35295612386476116,1,4,9,0.08333333333333333,36,8.0,20.0,0,0,2.416066997320249e-08,true_negative,4253
https://openalex.org/T11700,https://openalex.org/T12648,2015,2016,2020,0.31465798044412485,1,3,2,0.25,6,6.0,2.0,0,0,2.350840704589822e-08,true_negative,4254
https://openalex.org/T10429,https://openalex.org/T11269,2015,2016,2020,0.43429448190325176,1,3,9,0.09090909090909091,27,6.0,16.0,0,0,2.2806535542935924e-08,true_negative,4255
https://openalex.org/T11354,https://openalex.org/T11470,2015,2016,2020,0.2790553132756236,1,3,2,0.25,6,16.0,2.0,0,0,2.134864270657139e-08,true_negative,4256
https://openalex.org/T11354,https://openalex.org/T11879,2015,2016,2020,0.2790553132756236,1,3,2,0.25,6,16.0,2.0,0,0,2.134864270657139e-08,true_negative,4257
https://openalex.org/T11354,https://openalex.org/T12134,2015,2016,2020,0.2790553132756236,1,3,2,0.25,6,16.0,2.0,0,0,2.134864270657139e-08,true_negative,4258
https://openalex.org/T11269,https://openalex.org/T11468,2015,2016,2020,0.40242960438184466,1,9,10,0.05555555555555555,90,16.0,18.0,0,0,2.108505151537853e-08,true_negative,4259
https://openalex.org/T10154,https://openalex.org/T12010,2015,2016,2020,0.7213475204444817,1,5,9,0.07692307692307693,45,8.0,16.0,0,0,2.0184893189569396e-08,true_negative,4260
https://openalex.org/T10044,https://openalex.org/T11710,2015,2016,2020,0.48089834696298783,1,16,6,0.047619047619047616,96,38.0,8.0,0,0,1.9034744483933794e-08,true_negative,4261
https://openalex.org/T10281,https://openalex.org/T12627,2015,2016,2020,0.9947966893327386,2,4,4,0.3333333333333333,16,8.0,12.0,0,0,1.868730800413794e-08,true_negative,4262
https://openalex.org/T10120,https://openalex.org/T12254,2015,2016,2020,0.6250315695368172,2,6,4,0.25,24,10.0,16.0,0,0,1.7454105088809306e-08,true_negative,4263
https://openalex.org/T10012,https://openalex.org/T12114,2015,2016,2020,0.43429448190325176,1,11,9,0.05263157894736842,99,32.0,10.0,0,0,1.733548435057894e-08,true_negative,4264
https://openalex.org/T11764,https://openalex.org/T12640,2015,2016,2020,0.2790553132756236,1,3,2,0.25,6,8.0,4.0,0,0,1.6831691901954503e-08,true_negative,4265
https://openalex.org/T11710,https://openalex.org/T12254,2015,2016,2020,0.6295964561836069,2,6,4,0.25,24,8.0,16.0,0,0,1.241642231156904e-08,true_negative,4266
https://openalex.org/T11354,https://openalex.org/T12859,2015,2016,2020,0.2790553132756236,1,3,6,0.125,18,16.0,8.0,0,0,1.185789629649114e-08,true_negative,4267
https://openalex.org/T10887,https://openalex.org/T12748,2015,2016,2020,0.48089834696298783,1,23,4,0.038461538461538464,92,50.0,4.0,0,0,1.0321748154523654e-08,true_negative,4268
https://openalex.org/T12254,https://openalex.org/T12640,2015,2016,2020,0.2790553132756236,1,4,2,0.2,8,16.0,4.0,0,0,1.0120637721418018e-08,true_negative,4269
https://openalex.org/T10206,https://openalex.org/T14153,2015,2016,2020,0.48089834696298783,1,24,4,0.037037037037037035,96,78.0,6.0,0,0,8.7625671852595e-09,true_negative,4271
https://openalex.org/T10206,https://openalex.org/T10344,2015,2016,2020,0.48089834696298783,1,24,4,0.037037037037037035,96,78.0,6.0,0,0,8.7625671852595e-09,true_negative,4270
https://openalex.org/T10519,https://openalex.org/T12254,2015,2016,2020,0.6295964561836069,2,4,4,0.3333333333333333,16,8.0,16.0,0,0,6.734087758836983e-09,true_negative,4272
https://openalex.org/T11354,https://openalex.org/T12640,2015,2016,2020,0.2790553132756236,1,3,2,0.25,6,16.0,4.0,0,0,5.897070562602515e-09,true_negative,4273
