topic_a,topic_b,cutoff_year,prediction_window_start,prediction_window_end,adamic_adar_score,common_neighbour_count,degree_a,degree_b,jaccard_coefficient,preferential_attachment,weighted_degree_a,weighted_degree_b,true_label,predicted_label,prediction_score,error_type,rank
https://openalex.org/T10887,https://openalex.org/T11213,2015,2016,2020,3.056029027736634,8,23,12,0.2962962962962963,276,50.0,18.0,0,1,0.9994903862625582,false_positive,1
https://openalex.org/T10434,https://openalex.org/T10887,2015,2016,2020,2.3312483571229747,6,9,23,0.23076923076923078,207,14.0,50.0,0,1,0.9985580040595572,false_positive,2
https://openalex.org/T10604,https://openalex.org/T10887,2015,2016,2020,2.2248834329785345,6,8,23,0.24,184,20.0,50.0,0,1,0.9984154638075531,false_positive,3
https://openalex.org/T10269,https://openalex.org/T10885,2015,2016,2020,1.9918801154769432,5,9,25,0.1724137931034483,225,10.0,62.0,0,1,0.9973038245353061,false_positive,4
https://openalex.org/T11162,https://openalex.org/T11948,2015,2016,2020,2.733820028593919,6,13,17,0.25,221,28.0,24.0,0,1,0.9969622878396647,false_positive,5
https://openalex.org/T10521,https://openalex.org/T11791,2015,2016,2020,2.235923387510314,6,18,12,0.25,216,50.0,32.0,0,1,0.9963306697283172,false_positive,6
https://openalex.org/T10521,https://openalex.org/T11213,2015,2016,2020,2.3340267900307596,6,18,12,0.25,216,50.0,18.0,0,1,0.9949746119786872,false_positive,7
https://openalex.org/T10222,https://openalex.org/T11970,2015,2016,2020,2.1525587641076585,6,11,9,0.42857142857142855,99,16.0,20.0,0,1,0.9945267877486564,false_positive,8
https://openalex.org/T10521,https://openalex.org/T10932,2015,2016,2020,2.217307401483999,6,18,6,0.3333333333333333,108,50.0,8.0,0,1,0.9945091211399139,false_positive,9
https://openalex.org/T10751,https://openalex.org/T10887,2015,2016,2020,1.6213153886165055,4,4,23,0.17391304347826086,92,4.0,50.0,0,1,0.99232887738765,false_positive,10
https://openalex.org/T10261,https://openalex.org/T10521,2015,2016,2020,1.7427165523077233,5,17,18,0.16666666666666666,306,32.0,50.0,0,1,0.9920793890792368,false_positive,11
https://openalex.org/T10621,https://openalex.org/T10887,2015,2016,2020,1.6171839544740914,4,6,23,0.16,138,6.0,50.0,0,1,0.991068425292966,false_positive,12
https://openalex.org/T10120,https://openalex.org/T10887,2015,2016,2020,1.6640405430510523,4,6,23,0.16,138,10.0,50.0,0,1,0.9909699935862545,false_positive,13
https://openalex.org/T10434,https://openalex.org/T10885,2015,2016,2020,1.4590963523853098,4,9,25,0.13333333333333333,225,14.0,62.0,0,1,0.9906216295919928,false_positive,14
https://openalex.org/T11468,https://openalex.org/T11642,2015,2016,2020,2.1063297048746943,5,10,11,0.3125,110,18.0,26.0,0,1,0.9900618601822986,false_positive,15
https://openalex.org/T10261,https://openalex.org/T11482,2015,2016,2020,1.7808037741968956,5,17,11,0.21739130434782608,187,32.0,26.0,0,1,0.9894016067827002,false_positive,16
https://openalex.org/T10885,https://openalex.org/T13664,2015,2016,2020,1.7488197672043075,5,25,9,0.1724137931034483,225,62.0,18.0,0,1,0.9888794348356875,false_positive,17
https://openalex.org/T10222,https://openalex.org/T11287,2015,2016,2020,1.7281137652653216,5,11,13,0.2631578947368421,143,16.0,20.0,0,1,0.9859818121185165,false_positive,18
https://openalex.org/T10261,https://openalex.org/T11287,2015,2016,2020,1.7281137652653216,5,17,13,0.2,221,32.0,20.0,1,1,0.9856968556344348,true_positive,19
https://openalex.org/T10521,https://openalex.org/T11289,2015,2016,2020,1.9218820093238964,5,18,6,0.2631578947368421,108,50.0,8.0,0,1,0.985669452022584,false_positive,20
https://openalex.org/T11482,https://openalex.org/T11642,2015,2016,2020,1.6716604171446705,5,11,11,0.29411764705882354,121,26.0,26.0,0,1,0.9856251167974004,false_positive,21
https://openalex.org/T10012,https://openalex.org/T10885,2015,2016,2020,1.3852349079474375,4,11,25,0.125,275,32.0,62.0,0,1,0.9854988924980987,false_positive,22
https://openalex.org/T10751,https://openalex.org/T10885,2015,2016,2020,1.2042829971922593,3,4,25,0.11538461538461539,100,4.0,62.0,0,1,0.985420107291154,false_positive,23
https://openalex.org/T10222,https://openalex.org/T13664,2015,2016,2020,1.8015097761358816,5,11,9,0.3333333333333333,99,16.0,18.0,0,1,0.9849017865785364,false_positive,24
https://openalex.org/T11482,https://openalex.org/T13664,2015,2016,2020,1.8015097761358816,5,11,9,0.3333333333333333,99,26.0,18.0,0,1,0.9830329022874416,false_positive,25
https://openalex.org/T11177,https://openalex.org/T11948,2015,2016,2020,2.164042561333445,4,9,17,0.18181818181818182,153,14.0,24.0,0,1,0.9822178803891943,false_positive,26
https://openalex.org/T10120,https://openalex.org/T10885,2015,2016,2020,1.1831421960880644,3,6,25,0.10714285714285714,150,10.0,62.0,0,1,0.9812109922537887,false_positive,27
https://openalex.org/T10015,https://openalex.org/T10269,2015,2016,2020,1.9918801154769432,5,36,9,0.125,324,158.0,10.0,0,1,0.9798185268075283,false_positive,28
https://openalex.org/T10594,https://openalex.org/T10887,2015,2016,2020,1.2042829971922593,3,3,23,0.13043478260869565,69,4.0,50.0,0,1,0.9787375049212799,false_positive,29
https://openalex.org/T10015,https://openalex.org/T11468,2015,2016,2020,1.802014575854459,5,36,10,0.12195121951219512,360,158.0,18.0,1,1,0.9767986563939981,true_positive,30
https://openalex.org/T10044,https://openalex.org/T10798,2015,2016,2020,1.8248486497827638,4,16,9,0.19047619047619047,144,38.0,24.0,0,1,0.9761190513351463,false_positive,31
https://openalex.org/T10066,https://openalex.org/T10261,2015,2016,2020,1.6029530204200955,4,12,17,0.16,204,26.0,32.0,0,1,0.9739972169390865,false_positive,32
https://openalex.org/T10320,https://openalex.org/T10500,2015,2016,2020,1.783781792672743,4,17,11,0.16666666666666666,187,31.0,20.0,0,1,0.97366927781408,false_positive,33
https://openalex.org/T10044,https://openalex.org/T12613,2015,2016,2020,1.8248486497827638,4,16,9,0.19047619047619047,144,38.0,20.0,0,1,0.9733640592719376,false_positive,34
https://openalex.org/T10002,https://openalex.org/T10211,2015,2016,2020,1.8248486497827638,4,16,8,0.2,128,28.0,14.0,0,1,0.9730495698133992,false_positive,35
https://openalex.org/T10887,https://openalex.org/T11162,2015,2016,2020,1.6640405430510523,4,23,13,0.125,299,50.0,28.0,0,1,0.9713654137798932,false_positive,36
https://openalex.org/T10222,https://openalex.org/T11791,2015,2016,2020,1.3256841608834768,4,11,12,0.21052631578947367,132,16.0,32.0,0,1,0.9712212111208294,false_positive,37
https://openalex.org/T10885,https://openalex.org/T13937,2015,2016,2020,1.573127320154918,4,25,8,0.13793103448275862,200,62.0,12.0,0,1,0.971076868803295,false_positive,38
https://openalex.org/T10015,https://openalex.org/T10044,2015,2016,2020,2.47340368917458,5,36,16,0.10638297872340426,576,158.0,38.0,1,1,0.9707420890627823,true_positive,39
https://openalex.org/T10120,https://openalex.org/T11162,2015,2016,2020,1.5438159563103053,4,6,13,0.26666666666666666,78,10.0,28.0,0,1,0.9703809673733869,false_positive,40
https://openalex.org/T11213,https://openalex.org/T11482,2015,2016,2020,1.4618747852930944,4,12,11,0.21052631578947367,132,18.0,26.0,0,1,0.9698565053991454,false_positive,41
https://openalex.org/T10604,https://openalex.org/T11791,2015,2016,2020,1.4618747852930944,4,8,12,0.25,96,20.0,32.0,0,1,0.9693323894089926,false_positive,42
https://openalex.org/T10012,https://openalex.org/T11642,2015,2016,2020,1.6722879464886675,4,11,11,0.2222222222222222,121,32.0,26.0,0,1,0.9683608432463806,false_positive,43
https://openalex.org/T11289,https://openalex.org/T11791,2015,2016,2020,1.3637713827726492,4,6,12,0.2857142857142857,72,8.0,32.0,0,1,0.9683509667220119,false_positive,44
https://openalex.org/T10012,https://openalex.org/T13664,2015,2016,2020,1.9633431421196805,4,11,9,0.25,99,32.0,18.0,0,1,0.9676282657999256,false_positive,45
https://openalex.org/T10066,https://openalex.org/T11482,2015,2016,2020,1.447271998250693,4,12,11,0.21052631578947367,132,26.0,26.0,0,1,0.9665913863923651,false_positive,46
https://openalex.org/T10002,https://openalex.org/T11881,2015,2016,2020,1.6607842321003583,4,16,4,0.25,64,28.0,6.0,0,1,0.9665610531175574,false_positive,47
https://openalex.org/T11287,https://openalex.org/T11970,2015,2016,2020,1.4667623960104779,4,13,9,0.2222222222222222,117,20.0,20.0,0,1,0.9659929406416891,false_positive,48
https://openalex.org/T10269,https://openalex.org/T10887,2015,2016,2020,1.1870209067132538,3,9,23,0.10344827586206896,207,10.0,50.0,0,1,0.9657769429999984,false_positive,49
https://openalex.org/T10769,https://openalex.org/T10885,2015,2016,2020,0.8069036366755264,2,2,25,0.08,50,2.0,62.0,0,1,0.9649246644390875,false_positive,50
https://openalex.org/T10683,https://openalex.org/T10885,2015,2016,2020,1.2352458628142324,2,5,25,0.07142857142857142,125,10.0,62.0,0,1,0.9640922938261673,false_positive,51
https://openalex.org/T10434,https://openalex.org/T11213,2015,2016,2020,1.6063269313267072,4,9,12,0.23529411764705882,108,14.0,18.0,0,1,0.9640362309420789,false_positive,52
https://openalex.org/T11307,https://openalex.org/T11512,2015,2016,2020,1.9450732365235108,4,10,8,0.2857142857142857,80,14.0,10.0,0,1,0.9633768019257992,false_positive,53
https://openalex.org/T10521,https://openalex.org/T13937,2015,2016,2020,1.573127320154918,4,18,8,0.18181818181818182,144,50.0,12.0,0,1,0.9612438340238746,false_positive,54
https://openalex.org/T10594,https://openalex.org/T10885,2015,2016,2020,0.7872506057680129,2,3,25,0.07692307692307693,75,4.0,62.0,0,1,0.9604035732440831,false_positive,55
https://openalex.org/T11289,https://openalex.org/T11482,2015,2016,2020,1.3637713827726492,4,6,11,0.3076923076923077,66,8.0,26.0,0,1,0.9602096635573757,false_positive,56
https://openalex.org/T10044,https://openalex.org/T12748,2015,2016,2020,1.6496478443634084,4,16,4,0.25,64,38.0,4.0,0,1,0.9601043393744413,false_positive,57
https://openalex.org/T10515,https://openalex.org/T10885,2015,2016,2020,0.8979307383872341,2,4,25,0.07407407407407407,100,6.0,62.0,0,1,0.9594365411752238,false_positive,58
https://openalex.org/T10222,https://openalex.org/T11269,2015,2016,2020,1.4825807872320804,4,11,9,0.25,99,16.0,16.0,0,1,0.9592246988209899,false_positive,59
https://openalex.org/T10604,https://openalex.org/T11642,2015,2016,2020,1.3527314282408693,4,8,11,0.26666666666666666,88,20.0,26.0,0,1,0.9592023991602673,false_positive,60
https://openalex.org/T10211,https://openalex.org/T10521,2015,2016,2020,1.069473994377322,3,8,18,0.13043478260869565,144,14.0,50.0,0,1,0.9591948776292897,false_positive,61
https://openalex.org/T10222,https://openalex.org/T11468,2015,2016,2020,1.3849821844302128,4,11,10,0.23529411764705882,110,16.0,18.0,0,1,0.9590064363530943,false_positive,62
https://openalex.org/T11289,https://openalex.org/T11642,2015,2016,2020,1.2985230147105107,4,6,11,0.3076923076923077,66,8.0,26.0,0,1,0.9582283459262114,false_positive,63
https://openalex.org/T10434,https://openalex.org/T10604,2015,2016,2020,1.4590963523853098,4,9,8,0.3076923076923077,72,14.0,20.0,0,1,0.9561410857417298,false_positive,64
https://openalex.org/T10887,https://openalex.org/T11354,2015,2016,2020,1.1512073180132885,3,23,3,0.13043478260869565,69,50.0,16.0,0,1,0.9550224343196291,false_positive,65
https://openalex.org/T10640,https://openalex.org/T10885,2015,2016,2020,0.9690179556831694,2,6,25,0.06896551724137931,150,6.0,62.0,0,1,0.954477673744965,false_positive,66
https://openalex.org/T13398,https://openalex.org/T13748,2015,2016,2020,1.7354557367982821,4,11,5,0.3333333333333333,55,13.0,6.0,0,1,0.9530721237608948,false_positive,67
https://openalex.org/T11642,https://openalex.org/T13664,2015,2016,2020,1.3463901628224628,4,11,9,0.25,99,26.0,18.0,0,1,0.9521072516147269,false_positive,68
https://openalex.org/T11642,https://openalex.org/T11970,2015,2016,2020,1.254628025720424,4,11,9,0.25,99,26.0,20.0,0,1,0.9514074416678558,false_positive,69
https://openalex.org/T10742,https://openalex.org/T10887,2015,2016,2020,0.9605402309330919,2,2,23,0.08695652173913043,46,2.0,50.0,0,1,0.9504667676689699,false_positive,70
https://openalex.org/T10521,https://openalex.org/T11287,2015,2016,2020,1.3256841608834768,4,18,13,0.14814814814814814,234,50.0,20.0,0,1,0.9501129581734337,false_positive,71
https://openalex.org/T10012,https://openalex.org/T10222,2015,2016,2020,1.4060600393576044,4,11,11,0.2222222222222222,121,32.0,16.0,0,1,0.9495253192767523,false_positive,72
https://openalex.org/T11970,https://openalex.org/T13664,2015,2016,2020,1.3463901628224628,4,9,9,0.2857142857142857,81,20.0,18.0,0,1,0.9483878448842932,false_positive,73
https://openalex.org/T10836,https://openalex.org/T12114,2015,2016,2020,1.6882400896371441,4,7,9,0.3333333333333333,63,12.0,10.0,0,1,0.9466977635441121,false_positive,74
https://openalex.org/T10012,https://openalex.org/T10521,2015,2016,2020,1.0531039154928432,3,11,18,0.11538461538461539,198,32.0,50.0,0,1,0.9458032787027311,false_positive,75
https://openalex.org/T10136,https://openalex.org/T10206,2015,2016,2020,0.8367240862850964,2,11,24,0.06060606060606061,264,14.0,78.0,0,1,0.9457086510856035,false_positive,76
https://openalex.org/T10222,https://openalex.org/T12254,2015,2016,2020,1.254628025720424,4,11,4,0.36363636363636365,44,16.0,16.0,0,1,0.9448639721575742,false_positive,77
https://openalex.org/T12196,https://openalex.org/T12880,2015,2016,2020,1.2966917204986474,3,4,18,0.15789473684210525,72,6.0,26.0,0,1,0.9447701168258238,false_positive,78
https://openalex.org/T10769,https://openalex.org/T10887,2015,2016,2020,0.8069036366755264,2,2,23,0.08695652173913043,46,2.0,50.0,0,1,0.9445393970655978,false_positive,79
https://openalex.org/T10885,https://openalex.org/T11928,2015,2016,2020,1.1896802101498576,3,25,3,0.12,75,62.0,4.0,0,1,0.9435351392047983,false_positive,80
https://openalex.org/T10066,https://openalex.org/T10887,2015,2016,2020,0.9921523849372742,3,12,23,0.09375,276,26.0,50.0,0,1,0.9421388354261252,false_positive,81
https://openalex.org/T10826,https://openalex.org/T13283,2015,2016,2020,1.5271285822344165,3,3,17,0.17647058823529413,51,4.0,19.0,0,1,0.9421026748418067,false_positive,82
https://openalex.org/T11652,https://openalex.org/T12535,2015,2016,2020,1.905035915959576,3,6,13,0.1875,78,6.0,17.0,1,1,0.9418985261934124,true_positive,83
https://openalex.org/T10136,https://openalex.org/T10320,2015,2016,2020,1.3050640741175197,3,11,17,0.12,187,14.0,31.0,0,1,0.9393224161227133,false_positive,84
https://openalex.org/T11871,https://openalex.org/T14374,2015,2016,2020,1.800780495670471,3,15,5,0.17647058823529413,75,17.0,6.0,0,1,0.9392287053932885,false_positive,85
https://openalex.org/T10002,https://openalex.org/T10015,2015,2016,2020,0.3898712452512801,1,16,36,0.0196078431372549,576,28.0,158.0,0,1,0.938950654017362,false_positive,86
https://openalex.org/T11642,https://openalex.org/T12254,2015,2016,2020,1.254628025720424,4,11,4,0.36363636363636365,44,26.0,16.0,0,1,0.9383493559585362,false_positive,88
https://openalex.org/T11482,https://openalex.org/T12254,2015,2016,2020,1.254628025720424,4,11,4,0.36363636363636365,44,26.0,16.0,0,1,0.9383493559585362,false_positive,87
https://openalex.org/T10211,https://openalex.org/T10885,2015,2016,2020,0.8770396154550482,2,8,25,0.06451612903225806,200,14.0,62.0,0,1,0.9370165385526791,false_positive,89
https://openalex.org/T11881,https://openalex.org/T11948,2015,2016,2020,1.270912986849078,3,4,17,0.16666666666666666,68,6.0,24.0,0,1,0.9370062018714681,false_positive,90
https://openalex.org/T10044,https://openalex.org/T10887,2015,2016,2020,1.3849852297754286,3,16,23,0.08333333333333333,368,38.0,50.0,1,1,0.9352317780706195,true_positive,91
https://openalex.org/T13283,https://openalex.org/T13309,2015,2016,2020,1.224897207070962,3,17,9,0.13043478260869565,153,19.0,20.0,0,1,0.9337694124647021,false_positive,92
https://openalex.org/T10878,https://openalex.org/T10885,2015,2016,2020,0.9040868828124409,2,9,25,0.0625,225,14.0,62.0,1,1,0.9328960260918068,true_positive,93
https://openalex.org/T10185,https://openalex.org/T10206,2015,2016,2020,0.43429448190325176,1,2,24,0.04,48,2.0,78.0,0,1,0.9319397594483981,false_positive,94
https://openalex.org/T10320,https://openalex.org/T12761,2015,2016,2020,1.5921171126587497,3,17,5,0.15789473684210525,85,31.0,6.0,0,1,0.930773726282265,false_positive,95
https://openalex.org/T10002,https://openalex.org/T10939,2015,2016,2020,1.631586747071319,3,16,3,0.1875,48,28.0,4.0,0,1,0.9300208025530502,false_positive,96
https://openalex.org/T12114,https://openalex.org/T13283,2015,2016,2020,1.4407969303657029,3,9,17,0.13043478260869565,153,10.0,19.0,0,1,0.9299825603054794,false_positive,97
https://openalex.org/T10434,https://openalex.org/T11791,2015,2016,2020,1.1512073180132885,3,9,12,0.16666666666666666,108,14.0,32.0,0,1,0.9299397472192859,false_positive,98
https://openalex.org/T10015,https://openalex.org/T10751,2015,2016,2020,1.1870209067132538,3,36,4,0.08108108108108109,144,158.0,4.0,0,1,0.9287982553787418,false_positive,99
https://openalex.org/T11213,https://openalex.org/T11791,2015,2016,2020,1.0448423938688483,3,12,12,0.14285714285714285,144,18.0,32.0,0,1,0.9277540116975261,false_positive,100
https://openalex.org/T10836,https://openalex.org/T10887,2015,2016,2020,1.0320149877242877,2,7,23,0.07142857142857142,161,12.0,50.0,1,1,0.9270339014416854,true_positive,101
https://openalex.org/T10078,https://openalex.org/T10083,2015,2016,2020,1.2022458674074694,2,9,20,0.07407407407407407,180,16.0,52.0,0,1,0.9248190704916496,false_positive,102
https://openalex.org/T10206,https://openalex.org/T12947,2015,2016,2020,1.1687494974004207,3,24,3,0.125,72,78.0,4.0,0,1,0.9245559698706789,false_positive,103
https://openalex.org/T10005,https://openalex.org/T10206,2015,2016,2020,0.7213475204444817,1,5,24,0.03571428571428571,120,10.0,78.0,0,1,0.9242196317040736,false_positive,104
https://openalex.org/T11970,https://openalex.org/T12254,2015,2016,2020,1.254628025720424,4,9,4,0.4444444444444444,36,20.0,16.0,0,1,0.9228167536685068,false_positive,105
https://openalex.org/T11948,https://openalex.org/T12646,2015,2016,2020,1.270912986849078,3,17,4,0.16666666666666666,68,24.0,6.0,0,1,0.922688062465239,false_positive,106
https://openalex.org/T10804,https://openalex.org/T11542,2015,2016,2020,1.585570967293203,3,17,9,0.13043478260869565,153,34.0,10.0,0,1,0.9218823897461952,false_positive,107
https://openalex.org/T10412,https://openalex.org/T10885,2015,2016,2020,0.7213475204444817,1,2,25,0.038461538461538464,50,2.0,62.0,0,1,0.9213001501741072,false_positive,108
https://openalex.org/T10269,https://openalex.org/T11642,2015,2016,2020,1.172418119670852,3,9,11,0.17647058823529413,99,10.0,26.0,0,1,0.9212022449473088,false_positive,109
https://openalex.org/T11287,https://openalex.org/T11791,2015,2016,2020,0.9086517694592305,3,13,12,0.13636363636363635,156,20.0,32.0,0,1,0.9207857581329199,false_positive,110
https://openalex.org/T10144,https://openalex.org/T10206,2015,2016,2020,0.35295612386476116,1,3,24,0.038461538461538464,72,4.0,78.0,0,1,0.9204838846725925,false_positive,111
https://openalex.org/T10515,https://openalex.org/T10521,2015,2016,2020,0.8979307383872341,2,4,18,0.1,72,6.0,50.0,0,1,0.919970802833653,false_positive,112
https://openalex.org/T10261,https://openalex.org/T11791,2015,2016,2020,0.9086517694592305,3,17,12,0.11538461538461539,204,32.0,32.0,0,1,0.918455820591882,false_positive,113
https://openalex.org/T10804,https://openalex.org/T13309,2015,2016,2020,1.1562300876293534,3,17,9,0.13043478260869565,153,34.0,20.0,0,1,0.9179545777840558,false_positive,114
https://openalex.org/T11871,https://openalex.org/T13283,2015,2016,2020,1.4407969303657029,3,15,17,0.10344827586206896,255,17.0,19.0,0,1,0.9172757404340721,false_positive,115
https://openalex.org/T10629,https://openalex.org/T12664,2015,2016,2020,1.2257247308601333,3,16,3,0.1875,48,28.0,8.0,0,1,0.9155913804522888,false_positive,116
https://openalex.org/T10261,https://openalex.org/T12254,2015,2016,2020,0.9086517694592305,3,17,4,0.16666666666666666,68,32.0,16.0,0,1,0.9155463175722014,false_positive,117
https://openalex.org/T10261,https://openalex.org/T10604,2015,2016,2020,1.006755171979676,3,17,8,0.13636363636363635,136,32.0,20.0,0,1,0.9148691187373663,false_positive,118
https://openalex.org/T10243,https://openalex.org/T10885,2015,2016,2020,0.9690179556831694,2,12,25,0.05714285714285714,300,18.0,62.0,0,1,0.9143155435751679,false_positive,119
https://openalex.org/T10845,https://openalex.org/T11871,2015,2016,2020,1.2537564777093428,3,3,15,0.2,45,4.0,17.0,0,1,0.9142231686288507,false_positive,120
https://openalex.org/T10887,https://openalex.org/T11269,2015,2016,2020,1.080151182850236,3,23,9,0.10344827586206896,207,50.0,16.0,0,1,0.914209896465279,false_positive,121
https://openalex.org/T10462,https://openalex.org/T12535,2015,2016,2020,1.4085855403276248,3,4,13,0.21428571428571427,52,4.0,17.0,0,1,0.9135439750566999,false_positive,122
https://openalex.org/T10932,https://openalex.org/T11791,2015,2016,2020,0.9086517694592305,3,6,12,0.2,72,8.0,32.0,0,1,0.9133559911455896,false_positive,123
https://openalex.org/T10050,https://openalex.org/T10206,2015,2016,2020,0.45511961331341866,1,5,24,0.03571428571428571,120,5.0,78.0,0,1,0.9132285147993973,false_positive,124
https://openalex.org/T10215,https://openalex.org/T10885,2015,2016,2020,0.5581106265512472,1,2,25,0.038461538461538464,50,2.0,62.0,0,1,0.9116061753330313,false_positive,125
https://openalex.org/T11447,https://openalex.org/T12535,2015,2016,2020,1.2889740841411677,3,10,13,0.15,130,13.0,17.0,0,1,0.911280336903131,false_positive,126
https://openalex.org/T10629,https://openalex.org/T11700,2015,2016,2020,1.2257247308601333,3,16,3,0.1875,48,28.0,6.0,0,1,0.9111612726298237,false_positive,127
https://openalex.org/T11642,https://openalex.org/T11791,2015,2016,2020,0.9086517694592305,3,11,12,0.15,132,26.0,32.0,0,1,0.9106108439000362,false_positive,128
https://openalex.org/T10064,https://openalex.org/T10885,2015,2016,2020,0.8770396154550482,2,12,25,0.05714285714285714,300,16.0,62.0,0,1,0.9105045609506363,false_positive,129
https://openalex.org/T11269,https://openalex.org/T11482,2015,2016,2020,1.080151182850236,3,9,11,0.17647058823529413,99,16.0,26.0,0,1,0.9101934134966679,false_positive,130
https://openalex.org/T10434,https://openalex.org/T11642,2015,2016,2020,1.0420639609610636,3,9,11,0.17647058823529413,99,14.0,26.0,0,1,0.9097139553830332,false_positive,131
https://openalex.org/T10303,https://openalex.org/T10521,2015,2016,2020,0.750545005473521,2,5,18,0.09523809523809523,90,6.0,50.0,0,1,0.9091406278981632,false_positive,132
https://openalex.org/T10500,https://openalex.org/T12535,2015,2016,2020,1.3322252202904858,3,11,13,0.14285714285714285,143,20.0,17.0,0,1,0.9090715831126439,false_positive,133
https://openalex.org/T11287,https://openalex.org/T11482,2015,2016,2020,0.9086517694592305,3,13,11,0.14285714285714285,143,20.0,26.0,0,1,0.9090431704182836,false_positive,134
https://openalex.org/T10885,https://openalex.org/T11269,2015,2016,2020,1.0274611739186619,3,25,9,0.0967741935483871,225,62.0,16.0,0,1,0.907458063691914,false_positive,135
https://openalex.org/T11269,https://openalex.org/T11642,2015,2016,2020,1.0274611739186619,3,9,11,0.17647058823529413,99,16.0,26.0,0,1,0.9067928652056992,false_positive,136
https://openalex.org/T10002,https://openalex.org/T10683,2015,2016,2020,1.1035011293382821,3,16,5,0.16666666666666666,80,28.0,10.0,0,1,0.906647467248505,false_positive,137
https://openalex.org/T10261,https://openalex.org/T13664,2015,2016,2020,1.0004139065612692,3,17,9,0.13043478260869565,153,32.0,18.0,0,1,0.9056476465622209,false_positive,138
https://openalex.org/T10120,https://openalex.org/T11642,2015,2016,2020,1.105929916499805,3,6,11,0.21428571428571427,66,10.0,26.0,0,1,0.9055610556340553,false_positive,139
https://openalex.org/T10136,https://openalex.org/T11307,2015,2016,2020,1.2878019836385142,3,11,10,0.16666666666666666,110,14.0,14.0,0,1,0.9044110419229425,false_positive,140
https://openalex.org/T10261,https://openalex.org/T11970,2015,2016,2020,0.9086517694592305,3,17,9,0.13043478260869565,153,32.0,20.0,0,1,0.904337177027836,false_positive,141
https://openalex.org/T10261,https://openalex.org/T10434,2015,2016,2020,1.113120096124116,3,17,9,0.13043478260869565,153,32.0,14.0,0,1,0.9035331547546749,false_positive,142
https://openalex.org/T10885,https://openalex.org/T11162,2015,2016,2020,1.1831421960880644,3,25,13,0.08571428571428572,325,62.0,28.0,0,1,0.9035135901778544,false_positive,143
https://openalex.org/T10775,https://openalex.org/T12535,2015,2016,2020,1.2681489527310008,3,4,13,0.21428571428571427,52,6.0,17.0,0,1,0.9024668398770626,false_positive,144
https://openalex.org/T10269,https://openalex.org/T10521,2015,2016,2020,0.8340647828484926,2,9,18,0.08,162,10.0,50.0,0,1,0.9017419446387029,false_positive,145
https://openalex.org/T10257,https://openalex.org/T10885,2015,2016,2020,0.40242960438184466,1,2,25,0.038461538461538464,50,2.0,62.0,0,1,0.9013694121224037,false_positive,146
https://openalex.org/T10593,https://openalex.org/T10885,2015,2016,2020,0.40242960438184466,1,2,25,0.038461538461538464,50,2.0,62.0,0,1,0.9013694121224037,false_positive,147
https://openalex.org/T10629,https://openalex.org/T12168,2015,2016,2020,1.1485124512718738,3,16,3,0.1875,48,28.0,4.0,0,1,0.9013171015253787,false_positive,148
https://openalex.org/T10519,https://openalex.org/T10521,2015,2016,2020,0.6295964561836069,2,4,18,0.1,72,8.0,50.0,0,1,0.9011344239483202,false_positive,149
https://openalex.org/T10015,https://openalex.org/T10621,2015,2016,2020,1.2147543500922469,3,36,6,0.07692307692307693,216,158.0,6.0,0,1,0.9006366788537383,false_positive,150
https://openalex.org/T10123,https://openalex.org/T10885,2015,2016,2020,0.3898712452512801,1,2,25,0.038461538461538464,50,2.0,62.0,0,1,0.9004991748818924,false_positive,151
https://openalex.org/T10002,https://openalex.org/T10591,2015,2016,2020,1.1687494974004207,3,16,4,0.17647058823529413,64,28.0,4.0,0,1,0.8996091921306009,false_positive,152
https://openalex.org/T10012,https://openalex.org/T11482,2015,2016,2020,1.0531039154928432,3,11,11,0.15789473684210525,121,32.0,26.0,0,1,0.8994904970483166,false_positive,153
https://openalex.org/T11287,https://openalex.org/T11468,2015,2016,2020,1.0320260605654517,3,13,10,0.15,130,20.0,18.0,0,1,0.8993131119893647,false_positive,154
https://openalex.org/T11287,https://openalex.org/T13664,2015,2016,2020,1.0004139065612692,3,13,9,0.15789473684210525,117,20.0,18.0,0,1,0.8984039235046617,false_positive,155
https://openalex.org/T10015,https://openalex.org/T11710,2015,2016,2020,1.1104948031465947,3,36,6,0.07692307692307693,216,158.0,8.0,0,1,0.8983819564391339,false_positive,156
https://openalex.org/T10467,https://openalex.org/T11577,2015,2016,2020,1.7770936928613492,3,9,6,0.25,54,13.0,6.0,0,1,0.8980995292927385,false_positive,157
https://openalex.org/T11542,https://openalex.org/T12443,2015,2016,2020,1.1304513539797845,3,9,8,0.21428571428571427,72,10.0,20.0,0,1,0.8979991451135573,false_positive,158
https://openalex.org/T10261,https://openalex.org/T13937,2015,2016,2020,1.0150166936036709,3,17,8,0.13636363636363635,136,32.0,12.0,0,1,0.896320331764468,false_positive,159
https://openalex.org/T10002,https://openalex.org/T10083,2015,2016,2020,1.3426824550040934,2,16,20,0.058823529411764705,320,28.0,52.0,0,1,0.8961914786000583,false_positive,160
https://openalex.org/T10010,https://openalex.org/T10206,2015,2016,2020,0.45511961331341866,1,7,24,0.03333333333333333,168,8.0,78.0,0,1,0.8961171759902945,false_positive,161
https://openalex.org/T10751,https://openalex.org/T11213,2015,2016,2020,1.2042829971922593,3,4,12,0.23076923076923078,48,4.0,18.0,0,1,0.8956764716312131,false_positive,162
https://openalex.org/T10206,https://openalex.org/T10467,2015,2016,2020,1.2631953504915985,3,24,9,0.1,216,78.0,13.0,1,1,0.894957452300998,true_positive,163
https://openalex.org/T11307,https://openalex.org/T11447,2015,2016,2020,1.2508868622519953,3,10,10,0.17647058823529413,100,14.0,13.0,0,1,0.8945399257807606,false_positive,164
https://openalex.org/T10932,https://openalex.org/T11642,2015,2016,2020,0.9086517694592305,3,6,11,0.21428571428571427,66,8.0,26.0,0,1,0.8938943539404182,false_positive,166
https://openalex.org/T10932,https://openalex.org/T11482,2015,2016,2020,0.9086517694592305,3,6,11,0.21428571428571427,66,8.0,26.0,0,1,0.8938943539404182,false_positive,165
https://openalex.org/T10353,https://openalex.org/T12613,2015,2016,2020,1.1687494974004207,3,7,9,0.23076923076923078,63,8.0,20.0,0,1,0.8926223752337252,false_positive,167
https://openalex.org/T10602,https://openalex.org/T10885,2015,2016,2020,0.2790553132756236,1,2,25,0.038461538461538464,50,2.0,62.0,0,1,0.89252006077266,false_positive,168
https://openalex.org/T10715,https://openalex.org/T10885,2015,2016,2020,0.2790553132756236,1,2,25,0.038461538461538464,50,2.0,62.0,0,1,0.89252006077266,false_positive,169
https://openalex.org/T10243,https://openalex.org/T10640,2015,2016,2020,1.3860503471074157,3,12,6,0.2,72,18.0,6.0,0,1,0.8917607155619028,false_positive,170
https://openalex.org/T10627,https://openalex.org/T12859,2015,2016,2020,1.5971196000654824,3,9,6,0.25,54,12.0,8.0,0,1,0.8913314620308109,false_positive,171
https://openalex.org/T10074,https://openalex.org/T10179,2015,2016,2020,1.5360540681028036,3,7,7,0.2727272727272727,49,14.0,16.0,0,1,0.891060591991986,false_positive,172
https://openalex.org/T10621,https://openalex.org/T11970,2015,2016,2020,1.2147543500922469,3,6,9,0.25,54,6.0,20.0,0,1,0.8908993707487207,false_positive,173
https://openalex.org/T10141,https://openalex.org/T10885,2015,2016,2020,0.40242960438184466,1,3,25,0.037037037037037035,75,4.0,62.0,0,1,0.8908080045350272,false_positive,174
https://openalex.org/T10066,https://openalex.org/T11970,2015,2016,2020,0.9921523849372742,3,12,9,0.16666666666666666,108,26.0,20.0,0,1,0.8907762042545863,false_positive,175
https://openalex.org/T10064,https://openalex.org/T10521,2015,2016,2020,0.8770396154550482,2,12,18,0.07142857142857142,216,16.0,50.0,0,1,0.8905275397515093,false_positive,176
https://openalex.org/T11287,https://openalex.org/T12254,2015,2016,2020,0.9086517694592305,3,13,4,0.21428571428571427,52,20.0,16.0,0,1,0.8905201814142478,false_positive,177
https://openalex.org/T10434,https://openalex.org/T11970,2015,2016,2020,1.0420639609610636,3,9,9,0.2,81,14.0,20.0,0,1,0.8898958218131384,false_positive,178
https://openalex.org/T10015,https://openalex.org/T11229,2015,2016,2020,1.3272716180510837,2,36,3,0.05405405405405406,108,158.0,4.0,0,1,0.8898056091195435,false_positive,179
https://openalex.org/T10182,https://openalex.org/T10206,2015,2016,2020,0.35295612386476116,1,7,24,0.03333333333333333,168,8.0,78.0,0,1,0.8884977067304098,false_positive,180
https://openalex.org/T10932,https://openalex.org/T11287,2015,2016,2020,0.9086517694592305,3,6,13,0.1875,78,8.0,20.0,0,1,0.8881905039648382,false_positive,181
https://openalex.org/T10066,https://openalex.org/T11213,2015,2016,2020,1.0448423938688483,3,12,12,0.14285714285714285,144,26.0,18.0,0,1,0.8875330897894725,false_positive,182
https://openalex.org/T10136,https://openalex.org/T10522,2015,2016,2020,1.2856213552307498,3,11,8,0.1875,88,14.0,8.0,0,1,0.8873369407886442,false_positive,183
https://openalex.org/T10261,https://openalex.org/T11289,2015,2016,2020,0.9086517694592305,3,17,6,0.15,102,32.0,8.0,1,1,0.8872998233347384,true_positive,185
https://openalex.org/T10261,https://openalex.org/T10932,2015,2016,2020,0.9086517694592305,3,17,6,0.15,102,32.0,8.0,0,1,0.8872998233347384,false_positive,184
https://openalex.org/T10078,https://openalex.org/T10660,2015,2016,2020,1.7978020683175122,3,9,4,0.3,36,16.0,6.0,0,1,0.8868459013734964,false_positive,186
https://openalex.org/T11287,https://openalex.org/T13937,2015,2016,2020,1.0150166936036709,3,13,8,0.16666666666666666,104,20.0,12.0,0,1,0.8845233874641166,false_positive,187
https://openalex.org/T11235,https://openalex.org/T13398,2015,2016,2020,1.0863569578948247,3,10,11,0.16666666666666666,110,14.0,13.0,0,1,0.883352463358825,false_positive,188
https://openalex.org/T10243,https://openalex.org/T13141,2015,2016,2020,1.24142137780652,3,12,6,0.2,72,18.0,7.0,0,1,0.8833520992995769,false_positive,189
https://openalex.org/T10066,https://openalex.org/T10222,2015,2016,2020,1.0448423938688483,3,12,11,0.15,132,26.0,16.0,0,1,0.8825789782369104,false_positive,190
https://openalex.org/T11162,https://openalex.org/T12646,2015,2016,2020,1.270912986849078,3,13,4,0.21428571428571427,52,28.0,6.0,0,1,0.8810522218935145,false_positive,191
https://openalex.org/T10417,https://openalex.org/T10885,2015,2016,2020,0.3898712452512801,1,4,25,0.03571428571428571,100,4.0,62.0,0,1,0.8807239225000973,false_positive,192
https://openalex.org/T10012,https://openalex.org/T11213,2015,2016,2020,1.0663059190436366,3,11,12,0.15,132,32.0,18.0,0,1,0.8787170982890032,false_positive,193
https://openalex.org/T10604,https://openalex.org/T11213,2015,2016,2020,1.006755171979676,3,8,12,0.17647058823529413,96,20.0,18.0,0,1,0.8781372927423148,false_positive,194
https://openalex.org/T10462,https://openalex.org/T10885,2015,2016,2020,0.35295612386476116,1,4,25,0.03571428571428571,100,4.0,62.0,0,1,0.8776800722021155,false_positive,195
https://openalex.org/T10775,https://openalex.org/T10885,2015,2016,2020,0.35295612386476116,1,4,25,0.03571428571428571,100,6.0,62.0,0,1,0.875110670986075,false_positive,196
https://openalex.org/T10222,https://openalex.org/T13937,2015,2016,2020,1.0150166936036709,3,11,8,0.1875,88,16.0,12.0,0,1,0.8745728192122227,false_positive,197
https://openalex.org/T10243,https://openalex.org/T13748,2015,2016,2020,1.177345110247035,3,12,5,0.21428571428571427,60,18.0,6.0,0,1,0.8745563692894074,false_positive,198
https://openalex.org/T10857,https://openalex.org/T10885,2015,2016,2020,0.2790553132756236,1,4,25,0.03571428571428571,100,4.0,62.0,0,1,0.8713854964689043,false_positive,199
https://openalex.org/T11744,https://openalex.org/T13309,2015,2016,2020,1.1562300876293534,3,6,9,0.25,54,20.0,20.0,0,1,0.8685825224435206,false_positive,200
https://openalex.org/T10057,https://openalex.org/T10688,2015,2016,2020,1.1870209067132538,3,8,10,0.2,80,20.0,12.0,0,1,0.867304192203122,false_positive,201
https://openalex.org/T10015,https://openalex.org/T12610,2015,2016,2020,0.8268746032241814,2,36,2,0.05555555555555555,72,158.0,2.0,0,1,0.8659978745467766,false_positive,202
https://openalex.org/T13117,https://openalex.org/T13283,2015,2016,2020,1.365358839940256,2,5,17,0.1,85,6.0,19.0,0,1,0.8657773098488368,false_positive,203
https://openalex.org/T10249,https://openalex.org/T10887,2015,2016,2020,0.5581106265512472,1,2,23,0.041666666666666664,46,2.0,50.0,0,1,0.8653334294955883,false_positive,205
https://openalex.org/T10215,https://openalex.org/T10887,2015,2016,2020,0.5581106265512472,1,2,23,0.041666666666666664,46,2.0,50.0,0,1,0.8653334294955883,false_positive,204
https://openalex.org/T10015,https://openalex.org/T10769,2015,2016,2020,0.8069036366755264,2,36,2,0.05555555555555555,72,158.0,2.0,0,1,0.8641882797936468,false_positive,206
https://openalex.org/T11213,https://openalex.org/T11289,2015,2016,2020,0.9795940258067096,3,12,6,0.2,72,18.0,8.0,0,1,0.8640425849343448,false_positive,207
https://openalex.org/T10036,https://openalex.org/T13114,2015,2016,2020,1.4475247217679177,3,8,6,0.2727272727272727,48,10.0,6.0,0,1,0.8637857290873011,false_positive,208
https://openalex.org/T10416,https://openalex.org/T10804,2015,2016,2020,0.7955563274071127,2,5,17,0.1,85,6.0,34.0,0,1,0.8631558973573219,false_positive,209
https://openalex.org/T10932,https://openalex.org/T11970,2015,2016,2020,0.9086517694592305,3,6,9,0.25,54,8.0,20.0,0,1,0.8627806901715158,false_positive,210
https://openalex.org/T11791,https://openalex.org/T12254,2015,2016,2020,0.9086517694592305,3,12,4,0.23076923076923078,48,32.0,16.0,0,1,0.8627712738103401,false_positive,211
https://openalex.org/T10885,https://openalex.org/T12610,2015,2016,2020,0.8268746032241814,2,25,2,0.08,50,62.0,2.0,0,1,0.8603495643017891,false_positive,212
https://openalex.org/T12327,https://openalex.org/T12613,2015,2016,2020,1.1687494974004207,3,3,9,0.3333333333333333,27,4.0,20.0,0,1,0.859617206087823,false_positive,213
https://openalex.org/T10015,https://openalex.org/T11772,2015,2016,2020,0.7553857282466059,2,36,2,0.05555555555555555,72,158.0,2.0,0,1,0.8594249693397135,false_positive,214
https://openalex.org/T10526,https://openalex.org/T10887,2015,2016,2020,0.48089834696298783,1,2,23,0.041666666666666664,46,2.0,50.0,0,1,0.8581933215231439,false_positive,216
https://openalex.org/T10112,https://openalex.org/T10887,2015,2016,2020,0.48089834696298783,1,2,23,0.041666666666666664,46,2.0,50.0,0,1,0.8581933215231439,false_positive,215
https://openalex.org/T10344,https://openalex.org/T12880,2015,2016,2020,0.9360179602764065,2,4,18,0.1,72,6.0,26.0,0,1,0.8580857102008423,false_positive,217
https://openalex.org/T10434,https://openalex.org/T11354,2015,2016,2020,1.1512073180132885,3,9,3,0.3333333333333333,27,14.0,16.0,0,1,0.8578334531657588,false_positive,218
https://openalex.org/T10885,https://openalex.org/T11772,2015,2016,2020,0.7553857282466059,2,25,2,0.08,50,62.0,2.0,0,1,0.853546459286851,false_positive,219
https://openalex.org/T11642,https://openalex.org/T11710,2015,2016,2020,1.1104948031465947,3,11,6,0.21428571428571427,66,26.0,8.0,0,1,0.8534130405085387,false_positive,220
https://openalex.org/T10885,https://openalex.org/T12640,2015,2016,2020,0.6814849176574682,2,25,2,0.08,50,62.0,4.0,0,1,0.8533746347443971,false_positive,221
https://openalex.org/T10066,https://openalex.org/T10521,2015,2016,2020,0.5897227805554295,2,12,18,0.07142857142857142,216,26.0,50.0,0,1,0.8525152789142827,false_positive,222
https://openalex.org/T10804,https://openalex.org/T12279,2015,2016,2020,1.531574161186449,2,17,4,0.10526315789473684,68,34.0,4.0,0,1,0.8523700942986112,false_positive,223
https://openalex.org/T10002,https://openalex.org/T10521,2015,2016,2020,0.750545005473521,2,16,18,0.0625,288,28.0,50.0,0,1,0.8508047564116995,false_positive,224
https://openalex.org/T10257,https://openalex.org/T10887,2015,2016,2020,0.40242960438184466,1,2,23,0.041666666666666664,46,2.0,50.0,0,1,0.85061602333229,false_positive,225
https://openalex.org/T10593,https://openalex.org/T10887,2015,2016,2020,0.40242960438184466,1,2,23,0.041666666666666664,46,2.0,50.0,0,1,0.85061602333229,false_positive,226
https://openalex.org/T10344,https://openalex.org/T10629,2015,2016,2020,0.9360179602764065,2,4,16,0.1111111111111111,64,6.0,28.0,0,1,0.8505582813203204,false_positive,227
https://openalex.org/T11642,https://openalex.org/T12859,2015,2016,2020,1.0788826491424124,3,11,6,0.21428571428571427,66,26.0,8.0,0,1,0.8503158985739395,false_positive,228
https://openalex.org/T10932,https://openalex.org/T13937,2015,2016,2020,1.1560949287306719,3,6,8,0.2727272727272727,48,8.0,12.0,0,1,0.8501845650961207,false_positive,229
https://openalex.org/T10123,https://openalex.org/T10887,2015,2016,2020,0.3898712452512801,1,2,23,0.041666666666666664,46,2.0,50.0,0,1,0.8493728116143797,false_positive,230
https://openalex.org/T10222,https://openalex.org/T11289,2015,2016,2020,0.9086517694592305,3,11,6,0.21428571428571427,66,16.0,8.0,0,1,0.8485805139137976,false_positive,232
https://openalex.org/T10222,https://openalex.org/T10932,2015,2016,2020,0.9086517694592305,3,11,6,0.21428571428571427,66,16.0,8.0,0,1,0.8485805139137976,false_positive,231
https://openalex.org/T10044,https://openalex.org/T10885,2015,2016,2020,0.9040868828124409,2,16,25,0.05128205128205128,400,38.0,62.0,0,1,0.8482577758662957,false_positive,233
https://openalex.org/T10887,https://openalex.org/T11229,2015,2016,2020,0.8513268733274981,2,23,3,0.08333333333333333,69,50.0,4.0,0,1,0.846613260339519,false_positive,234
https://openalex.org/T10885,https://openalex.org/T12134,2015,2016,2020,0.6814849176574682,2,25,2,0.08,50,62.0,2.0,0,1,0.8462275568243983,false_positive,236
https://openalex.org/T10885,https://openalex.org/T11879,2015,2016,2020,0.6814849176574682,2,25,2,0.08,50,62.0,2.0,0,1,0.8462275568243983,false_positive,235
https://openalex.org/T11700,https://openalex.org/T12443,2015,2016,2020,1.2257247308601333,3,3,8,0.375,24,6.0,20.0,0,1,0.8460447038911363,false_positive,237
https://openalex.org/T10939,https://openalex.org/T11948,2015,2016,2020,0.9102392266268373,2,3,17,0.1111111111111111,51,4.0,24.0,0,1,0.845974391646859,false_positive,238
https://openalex.org/T10887,https://openalex.org/T11764,2015,2016,2020,0.6960877046998699,2,23,3,0.08333333333333333,69,50.0,8.0,0,1,0.845503284577636,false_positive,239
https://openalex.org/T10078,https://openalex.org/T11948,2015,2016,2020,1.2022458674074694,2,9,17,0.08333333333333333,153,16.0,24.0,0,1,0.8444368751418954,false_positive,240
https://openalex.org/T10887,https://openalex.org/T12640,2015,2016,2020,0.6814849176574682,2,23,2,0.08695652173913043,46,50.0,4.0,0,1,0.8433835926620059,false_positive,241
https://openalex.org/T10036,https://openalex.org/T10320,2015,2016,2020,0.8241657271545318,2,8,17,0.08695652173913043,136,10.0,31.0,0,1,0.8433008343333795,false_positive,242
https://openalex.org/T10206,https://openalex.org/T12880,2015,2016,2020,1.5629196276297104,3,24,18,0.07692307692307693,432,78.0,26.0,0,1,0.8430526896309923,false_positive,243
https://openalex.org/T10683,https://openalex.org/T10887,2015,2016,2020,0.7213475204444817,1,5,23,0.037037037037037035,115,10.0,50.0,0,1,0.8421891901264872,false_positive,244
https://openalex.org/T10887,https://openalex.org/T11928,2015,2016,2020,0.7872506057680129,2,23,3,0.08333333333333333,69,50.0,4.0,0,1,0.8400408602222417,false_positive,245
https://openalex.org/T10015,https://openalex.org/T10594,2015,2016,2020,0.7699885152890075,2,36,3,0.05405405405405406,108,158.0,4.0,0,1,0.8397107034342892,false_positive,246
https://openalex.org/T10502,https://openalex.org/T10885,2015,2016,2020,0.35295612386476116,1,7,25,0.03225806451612903,175,8.0,62.0,0,1,0.839218178683206,false_positive,247
https://openalex.org/T12880,https://openalex.org/T13309,2015,2016,2020,0.9820086947818527,2,18,9,0.08,162,26.0,20.0,0,1,0.838359183809176,false_positive,248
https://openalex.org/T10015,https://openalex.org/T11928,2015,2016,2020,0.7553857282466059,2,36,3,0.05405405405405406,108,158.0,4.0,0,1,0.8381787976463262,false_positive,249
https://openalex.org/T10715,https://openalex.org/T10887,2015,2016,2020,0.2790553132756236,1,2,23,0.041666666666666664,46,2.0,50.0,0,1,0.8380312310812328,false_positive,251
https://openalex.org/T10602,https://openalex.org/T10887,2015,2016,2020,0.2790553132756236,1,2,23,0.041666666666666664,46,2.0,50.0,0,1,0.8380312310812328,false_positive,250
https://openalex.org/T10742,https://openalex.org/T13283,2015,2016,2020,0.9605402309330919,2,2,17,0.11764705882352941,34,2.0,19.0,0,1,0.8373839629330013,false_positive,252
https://openalex.org/T10472,https://openalex.org/T11948,2015,2016,2020,0.8415721071852287,2,4,17,0.10526315789473684,68,4.0,24.0,0,1,0.8370064463971443,false_positive,253
https://openalex.org/T10887,https://openalex.org/T11879,2015,2016,2020,0.6814849176574682,2,23,2,0.08695652173913043,46,50.0,2.0,0,1,0.8358431938898288,false_positive,254
https://openalex.org/T10887,https://openalex.org/T12134,2015,2016,2020,0.6814849176574682,2,23,2,0.08695652173913043,46,50.0,2.0,0,1,0.8358431938898288,false_positive,255
https://openalex.org/T10416,https://openalex.org/T10629,2015,2016,2020,0.7955563274071127,2,5,16,0.10526315789473684,80,6.0,28.0,0,1,0.8354188182562509,false_positive,256
https://openalex.org/T10157,https://openalex.org/T10629,2015,2016,2020,0.7697775937575435,2,4,16,0.1111111111111111,64,5.0,28.0,0,1,0.8350398832901642,false_positive,257
https://openalex.org/T10269,https://openalex.org/T11791,2015,2016,2020,0.8194619958060909,2,9,12,0.10526315789473684,108,10.0,32.0,0,1,0.8350329703099716,false_positive,258
https://openalex.org/T10887,https://openalex.org/T11048,2015,2016,2020,0.7341749265890423,2,23,3,0.08333333333333333,69,50.0,4.0,0,1,0.8344257000410586,false_positive,259
https://openalex.org/T10158,https://openalex.org/T10556,2015,2016,2020,1.2352458628142324,2,9,7,0.14285714285714285,63,12.0,24.0,0,1,0.8323081350350273,false_positive,260
https://openalex.org/T10467,https://openalex.org/T10629,2015,2016,2020,0.9102392266268373,2,9,16,0.08695652173913043,144,13.0,28.0,0,1,0.832049513414748,false_positive,261
https://openalex.org/T10062,https://openalex.org/T11482,2015,2016,2020,1.1764671337579005,2,5,11,0.14285714285714285,55,6.0,26.0,0,1,0.8318585139554725,false_positive,262
https://openalex.org/T10015,https://openalex.org/T10515,2015,2016,2020,0.8979307383872341,2,36,4,0.05263157894736842,144,158.0,6.0,1,1,0.8305449573215069,true_positive,263
https://openalex.org/T10179,https://openalex.org/T10663,2015,2016,2020,1.6573654807208882,3,7,3,0.42857142857142855,21,16.0,8.0,0,1,0.8303761526338357,false_positive,264
https://openalex.org/T10887,https://openalex.org/T13114,2015,2016,2020,1.039008973514235,2,23,6,0.07407407407407407,138,50.0,6.0,0,1,0.8299986987165204,false_positive,265
https://openalex.org/T12010,https://openalex.org/T12679,2015,2016,2020,1.1875483634464223,3,9,4,0.3,36,16.0,6.0,0,1,0.8299275499820986,false_positive,266
https://openalex.org/T10002,https://openalex.org/T10275,2015,2016,2020,1.0743036443092429,2,16,8,0.09090909090909091,128,28.0,18.0,0,1,0.8298225901421691,false_positive,267
https://openalex.org/T10211,https://openalex.org/T10683,2015,2016,2020,1.1035011293382821,3,8,5,0.3,40,14.0,10.0,0,1,0.8296567520733783,false_positive,268
https://openalex.org/T13141,https://openalex.org/T13283,2015,2016,2020,1.0383673259838582,2,6,17,0.09523809523809523,102,7.0,19.0,0,1,0.829571033359115,false_positive,269
https://openalex.org/T10492,https://openalex.org/T11162,2015,2016,2020,0.9820086947818527,2,2,13,0.15384615384615385,26,2.0,28.0,0,1,0.829535049147445,false_positive,270
https://openalex.org/T10637,https://openalex.org/T10887,2015,2016,2020,0.40242960438184466,1,4,23,0.038461538461538464,92,4.0,50.0,0,1,0.8279092295226462,false_positive,271
https://openalex.org/T10799,https://openalex.org/T10887,2015,2016,2020,0.40242960438184466,1,4,23,0.038461538461538464,92,4.0,50.0,0,1,0.8279092295226462,false_positive,272
https://openalex.org/T10064,https://openalex.org/T10206,2015,2016,2020,0.35295612386476116,1,12,24,0.02857142857142857,288,16.0,78.0,0,1,0.8278212208868482,false_positive,273
https://openalex.org/T10211,https://openalex.org/T10932,2015,2016,2020,1.069473994377322,3,8,6,0.2727272727272727,48,14.0,8.0,0,1,0.826659818817263,false_positive,274
https://openalex.org/T10417,https://openalex.org/T10887,2015,2016,2020,0.3898712452512801,1,4,23,0.038461538461538464,92,4.0,50.0,0,1,0.8265155871229323,false_positive,275
https://openalex.org/T10515,https://openalex.org/T10887,2015,2016,2020,0.4170323914242463,1,4,23,0.038461538461538464,92,6.0,50.0,0,1,0.8261379212279618,false_positive,276
https://openalex.org/T10206,https://openalex.org/T11871,2015,2016,2020,1.2537564777093428,3,24,15,0.08333333333333333,360,78.0,17.0,0,1,0.8240367331959665,false_positive,277
https://openalex.org/T12254,https://openalex.org/T13664,2015,2016,2020,0.9439605584406182,3,4,9,0.3,36,16.0,18.0,0,1,0.823572564796591,false_positive,278
https://openalex.org/T10243,https://openalex.org/T10804,2015,2016,2020,0.7489524623473767,2,12,17,0.07407407407407407,204,18.0,34.0,0,1,0.8234587219651712,false_positive,279
https://openalex.org/T10336,https://openalex.org/T10505,2015,2016,2020,1.631586747071319,2,10,6,0.14285714285714285,60,11.0,8.0,0,1,0.8230988280585918,false_positive,280
https://openalex.org/T10887,https://openalex.org/T11407,2015,2016,2020,0.7657870805932245,2,23,4,0.08,92,50.0,4.0,0,1,0.8226145639032049,false_positive,281
https://openalex.org/T10939,https://openalex.org/T11162,2015,2016,2020,0.9102392266268373,2,3,13,0.14285714285714285,39,4.0,28.0,0,1,0.8222857786769225,false_positive,282
https://openalex.org/T10052,https://openalex.org/T10887,2015,2016,2020,0.5581106265512472,1,6,23,0.03571428571428571,138,6.0,50.0,0,1,0.8208929388196153,false_positive,283
https://openalex.org/T10083,https://openalex.org/T10281,2015,2016,2020,0.9947966893327386,2,20,4,0.09090909090909091,80,52.0,8.0,0,1,0.8206301880619511,false_positive,284
https://openalex.org/T10261,https://openalex.org/T11354,2015,2016,2020,0.6960877046998699,2,17,3,0.1111111111111111,51,32.0,16.0,0,1,0.8200316560976908,false_positive,285
https://openalex.org/T10353,https://openalex.org/T11162,2015,2016,2020,0.8157933735356595,2,7,13,0.1111111111111111,91,8.0,28.0,0,1,0.8185080270115899,false_positive,286
https://openalex.org/T10206,https://openalex.org/T11519,2015,2016,2020,0.8080757371781798,2,24,2,0.08333333333333333,48,78.0,2.0,0,1,0.818182780853052,false_positive,287
https://openalex.org/T11407,https://openalex.org/T11791,2015,2016,2020,0.7657870805932245,2,4,12,0.14285714285714285,48,4.0,32.0,0,1,0.8165601247298302,false_positive,288
https://openalex.org/T11269,https://openalex.org/T11791,2015,2016,2020,0.7341749265890423,2,9,12,0.10526315789473684,108,16.0,32.0,0,1,0.8152284997027947,false_positive,289
https://openalex.org/T10604,https://openalex.org/T12254,2015,2016,2020,0.9356990368166231,3,8,4,0.3333333333333333,32,20.0,16.0,0,1,0.8142712121270177,false_positive,290
https://openalex.org/T10887,https://openalex.org/T11986,2015,2016,2020,0.7599536602386114,2,23,5,0.07692307692307693,115,50.0,6.0,0,1,0.8141935286218541,false_positive,291
https://openalex.org/T10857,https://openalex.org/T10887,2015,2016,2020,0.2790553132756236,1,4,23,0.038461538461538464,92,4.0,50.0,0,1,0.8138301843342242,false_positive,292
https://openalex.org/T10604,https://openalex.org/T11289,2015,2016,2020,1.0448423938688483,3,8,6,0.2727272727272727,48,20.0,8.0,0,1,0.8133389691705947,false_positive,293
https://openalex.org/T10050,https://openalex.org/T13748,2015,2016,2020,1.5487149341797142,3,5,5,0.42857142857142855,25,5.0,6.0,0,1,0.8127153110389189,false_positive,294
https://openalex.org/T11901,https://openalex.org/T13283,2015,2016,2020,0.8048592087636893,2,4,17,0.10526315789473684,68,4.0,19.0,0,1,0.8126935936582634,false_positive,295
https://openalex.org/T10206,https://openalex.org/T10845,2015,2016,2020,0.8367240862850964,2,24,3,0.08,72,78.0,4.0,0,1,0.8124625837775343,false_positive,296
https://openalex.org/T10057,https://openalex.org/T12072,2015,2016,2020,1.177121851019293,3,8,5,0.3,40,20.0,6.0,0,1,0.811102543914913,false_positive,297
https://openalex.org/T10836,https://openalex.org/T11791,2015,2016,2020,0.7130970716616506,2,7,12,0.11764705882352941,84,12.0,32.0,0,1,0.8110390191647773,false_positive,298
https://openalex.org/T10057,https://openalex.org/T10775,2015,2016,2020,1.2681489527310008,3,8,4,0.3333333333333333,32,20.0,6.0,0,1,0.8109364067623329,false_positive,299
https://openalex.org/T10629,https://openalex.org/T13777,2015,2016,2020,1.1764671337579005,2,16,4,0.1111111111111111,64,28.0,4.0,0,1,0.8102690247902401,false_positive,300
https://openalex.org/T10521,https://openalex.org/T11354,2015,2016,2020,0.7341749265890423,2,18,3,0.10526315789473684,54,50.0,16.0,0,1,0.8081746683635878,false_positive,301
https://openalex.org/T10015,https://openalex.org/T10519,2015,2016,2020,0.6295964561836069,2,36,4,0.05263157894736842,144,158.0,8.0,1,1,0.8080145595392427,true_positive,302
https://openalex.org/T10064,https://openalex.org/T10243,2015,2016,2020,1.0743036443092429,2,12,12,0.09090909090909091,144,16.0,18.0,0,1,0.8080103928500111,false_positive,303
https://openalex.org/T11048,https://openalex.org/T11791,2015,2016,2020,0.7341749265890423,2,3,12,0.15384615384615385,36,4.0,32.0,0,1,0.8070754453703244,false_positive,304
https://openalex.org/T10015,https://openalex.org/T11407,2015,2016,2020,0.7657870805932245,2,36,4,0.05263157894736842,144,158.0,4.0,0,1,0.8070404799014761,false_positive,305
https://openalex.org/T13141,https://openalex.org/T13309,2015,2016,2020,1.2426698691192237,2,6,9,0.15384615384615385,54,7.0,20.0,0,1,0.8046274051198931,false_positive,306
https://openalex.org/T11880,https://openalex.org/T13283,2015,2016,2020,0.7316903718683712,2,4,17,0.10526315789473684,68,4.0,19.0,0,1,0.8038919937544746,false_positive,307
https://openalex.org/T10206,https://openalex.org/T12196,2015,2016,2020,0.8415721071852287,2,24,4,0.07692307692307693,96,78.0,6.0,0,1,0.8036366551879135,false_positive,308
https://openalex.org/T11948,https://openalex.org/T12202,2015,2016,2020,0.8745721025919916,2,17,2,0.11764705882352941,34,24.0,2.0,0,1,0.8036086669705048,false_positive,309
https://openalex.org/T10207,https://openalex.org/T10521,2015,2016,2020,0.45511961331341866,1,2,18,0.05263157894736842,36,4.0,50.0,0,1,0.8035900926741926,false_positive,310
https://openalex.org/T11710,https://openalex.org/T11791,2015,2016,2020,0.6295964561836069,2,6,12,0.125,72,8.0,32.0,0,1,0.8034612718570545,false_positive,311
https://openalex.org/T11468,https://openalex.org/T11791,2015,2016,2020,0.6295964561836069,2,10,12,0.1,120,18.0,32.0,0,1,0.8033181912645233,false_positive,312
https://openalex.org/T10064,https://openalex.org/T11106,2015,2016,2020,1.4426950408889634,2,12,4,0.14285714285714285,48,16.0,4.0,0,1,0.8019353298200017,false_positive,313
https://openalex.org/T12443,https://openalex.org/T12664,2015,2016,2020,1.2257247308601333,3,8,3,0.375,24,20.0,8.0,0,1,0.8010897687943684,false_positive,314
https://openalex.org/T10044,https://openalex.org/T13937,2015,2016,2020,1.179445561110859,2,16,8,0.09090909090909091,128,38.0,12.0,0,1,0.7988937257456833,false_positive,315
https://openalex.org/T10887,https://openalex.org/T11577,2015,2016,2020,0.7699885152890075,2,23,6,0.07407407407407407,138,50.0,6.0,0,1,0.7984682083863728,false_positive,316
https://openalex.org/T10336,https://openalex.org/T10885,2015,2016,2020,0.3898712452512801,1,10,25,0.029411764705882353,250,11.0,62.0,0,1,0.7979736868155966,false_positive,317
https://openalex.org/T10885,https://openalex.org/T13984,2015,2016,2020,0.7553857282466059,2,25,6,0.06896551724137931,150,62.0,6.0,0,1,0.7976491511440734,false_positive,318
https://openalex.org/T10400,https://openalex.org/T12535,2015,2016,2020,1.1022332815225997,2,2,13,0.15384615384615385,26,2.0,17.0,0,1,0.7970018900795566,false_positive,319
https://openalex.org/T10206,https://openalex.org/T14374,2015,2016,2020,0.9360179602764065,2,24,5,0.07407407407407407,120,78.0,6.0,0,1,0.7966423825650483,false_positive,320
https://openalex.org/T10492,https://openalex.org/T10521,2015,2016,2020,0.36067376022224085,1,2,18,0.05263157894736842,36,2.0,50.0,0,1,0.7956421012710112,false_positive,322
https://openalex.org/T10432,https://openalex.org/T10521,2015,2016,2020,0.36067376022224085,1,2,18,0.05263157894736842,36,2.0,50.0,0,1,0.7956421012710112,false_positive,321
https://openalex.org/T10184,https://openalex.org/T10521,2015,2016,2020,0.45511961331341866,1,4,18,0.047619047619047616,72,4.0,50.0,0,1,0.7945354228644085,false_positive,323
https://openalex.org/T10519,https://openalex.org/T11791,2015,2016,2020,0.6295964561836069,2,4,12,0.14285714285714285,48,8.0,32.0,0,1,0.792495584452175,false_positive,324
https://openalex.org/T10185,https://openalex.org/T11871,2015,2016,2020,0.8513268733274981,2,2,15,0.13333333333333333,30,2.0,17.0,0,1,0.7924262901371262,false_positive,325
https://openalex.org/T10222,https://openalex.org/T11162,2015,2016,2020,0.6250315695368172,2,11,13,0.09090909090909091,143,16.0,28.0,0,1,0.7922615522888112,false_positive,326
https://openalex.org/T10836,https://openalex.org/T13283,2015,2016,2020,0.8194619958060909,2,7,17,0.09090909090909091,119,12.0,19.0,0,1,0.7919615454644405,false_positive,327
https://openalex.org/T10083,https://openalex.org/T11690,2015,2016,2020,0.9947966893327386,2,20,9,0.07407407407407407,180,52.0,16.0,0,1,0.7915688322626073,false_positive,328
https://openalex.org/T10688,https://openalex.org/T10885,2015,2016,2020,0.35295612386476116,1,10,25,0.029411764705882353,250,12.0,62.0,0,1,0.7913622817417253,false_positive,329
https://openalex.org/T10640,https://openalex.org/T11871,2015,2016,2020,0.872152004737665,2,6,15,0.10526315789473684,90,6.0,17.0,0,1,0.7906579279506427,false_positive,330
https://openalex.org/T10036,https://openalex.org/T10887,2015,2016,2020,0.5581106265512472,1,8,23,0.03333333333333333,184,10.0,50.0,0,1,0.7906281974433091,false_positive,331
https://openalex.org/T10434,https://openalex.org/T11162,2015,2016,2020,0.6250315695368172,2,9,13,0.1,117,14.0,28.0,0,1,0.790244507634793,false_positive,332
https://openalex.org/T10621,https://openalex.org/T11287,2015,2016,2020,0.8687780938310532,2,6,13,0.11764705882352941,78,6.0,20.0,0,1,0.7901344120770866,false_positive,333
https://openalex.org/T10136,https://openalex.org/T10885,2015,2016,2020,0.48089834696298783,1,11,25,0.02857142857142857,275,14.0,62.0,0,1,0.7888450245359513,false_positive,334
https://openalex.org/T10241,https://openalex.org/T11447,2015,2016,2020,1.4683498531780845,2,6,10,0.14285714285714285,60,18.0,13.0,0,1,0.7883020535469469,false_positive,335
https://openalex.org/T10885,https://openalex.org/T12859,2015,2016,2020,0.5979843021794247,2,25,6,0.06896551724137931,150,62.0,8.0,0,1,0.7867526643738234,false_positive,336
https://openalex.org/T10320,https://openalex.org/T11269,2015,2016,2020,0.8241657271545318,2,17,9,0.08333333333333333,153,31.0,16.0,0,1,0.7862034729802573,false_positive,337
https://openalex.org/T10261,https://openalex.org/T11229,2015,2016,2020,0.8513268733274981,2,17,3,0.1111111111111111,51,32.0,4.0,0,1,0.7860151166838345,false_positive,338
https://openalex.org/T10062,https://openalex.org/T10521,2015,2016,2020,0.45511961331341866,1,5,18,0.045454545454545456,90,6.0,50.0,0,1,0.7858311405833701,false_positive,339
https://openalex.org/T10052,https://openalex.org/T12535,2015,2016,2020,0.9360179602764065,2,6,13,0.11764705882352941,78,6.0,17.0,0,1,0.7848127123815178,false_positive,340
https://openalex.org/T10261,https://openalex.org/T11764,2015,2016,2020,0.6960877046998699,2,17,3,0.1111111111111111,51,32.0,8.0,0,1,0.7845782061965448,false_positive,341
https://openalex.org/T10885,https://openalex.org/T11512,2015,2016,2020,0.833854470827749,2,25,8,0.06451612903225806,200,62.0,10.0,0,1,0.7843584357494158,false_positive,342
https://openalex.org/T11354,https://openalex.org/T11791,2015,2016,2020,0.7341749265890423,2,3,12,0.15384615384615385,36,16.0,32.0,0,1,0.7839438722525938,false_positive,343
https://openalex.org/T10044,https://openalex.org/T10049,2015,2016,2020,1.0743036443092429,2,16,2,0.125,32,38.0,2.0,0,1,0.7826854534026819,false_positive,344
https://openalex.org/T10629,https://openalex.org/T14374,2015,2016,2020,0.9360179602764065,2,16,5,0.10526315789473684,80,28.0,6.0,0,1,0.782010347943011,false_positive,345
https://openalex.org/T10824,https://openalex.org/T12535,2015,2016,2020,0.9360179602764065,2,5,13,0.125,65,6.0,17.0,0,1,0.7809404170086632,false_positive,346
https://openalex.org/T10191,https://openalex.org/T12535,2015,2016,2020,0.9360179602764065,2,4,13,0.13333333333333333,52,4.0,17.0,0,1,0.7808132765836281,false_positive,347
https://openalex.org/T10932,https://openalex.org/T11289,2015,2016,2020,0.9086517694592305,3,6,6,0.3333333333333333,36,8.0,8.0,0,1,0.7798287638778735,false_positive,348
https://openalex.org/T10932,https://openalex.org/T12254,2015,2016,2020,0.9086517694592305,3,6,4,0.42857142857142855,24,8.0,16.0,0,1,0.779374467360522,false_positive,349
https://openalex.org/T11289,https://openalex.org/T12254,2015,2016,2020,0.9086517694592305,3,6,4,0.42857142857142855,24,8.0,16.0,0,1,0.779374467360522,false_positive,350
https://openalex.org/T11407,https://openalex.org/T11482,2015,2016,2020,0.7657870805932245,2,4,11,0.15384615384615385,44,4.0,26.0,0,1,0.7786187202126151,false_positive,351
https://openalex.org/T10015,https://openalex.org/T13114,2015,2016,2020,1.039008973514235,2,36,6,0.05,216,158.0,6.0,0,1,0.7781330220363222,false_positive,352
https://openalex.org/T10505,https://openalex.org/T10521,2015,2016,2020,0.45511961331341866,1,6,18,0.043478260869565216,108,8.0,50.0,0,1,0.776805703216376,false_positive,353
https://openalex.org/T10500,https://openalex.org/T10885,2015,2016,2020,0.48089834696298783,1,11,25,0.02857142857142857,275,20.0,62.0,0,1,0.7767485840447177,false_positive,354
https://openalex.org/T10120,https://openalex.org/T11986,2015,2016,2020,1.1206274204608522,3,6,5,0.375,30,10.0,6.0,0,1,0.776677139717149,false_positive,355
https://openalex.org/T10012,https://openalex.org/T11791,2015,2016,2020,0.5979843021794247,2,11,12,0.09523809523809523,132,32.0,32.0,0,1,0.7761643176332504,false_positive,356
https://openalex.org/T10621,https://openalex.org/T11642,2015,2016,2020,0.6566437235409995,2,6,11,0.13333333333333333,66,6.0,26.0,0,1,0.7753608301234776,false_positive,358
https://openalex.org/T10621,https://openalex.org/T11482,2015,2016,2020,0.6566437235409995,2,6,11,0.13333333333333333,66,6.0,26.0,0,1,0.7753608301234776,false_positive,357
https://openalex.org/T10629,https://openalex.org/T14153,2015,2016,2020,0.8268746032241814,2,16,4,0.1111111111111111,64,28.0,6.0,0,1,0.7749255344810652,false_positive,359
https://openalex.org/T10604,https://openalex.org/T11162,2015,2016,2020,0.6250315695368172,2,8,13,0.10526315789473684,104,20.0,28.0,0,1,0.7748746035644829,false_positive,360
https://openalex.org/T11468,https://openalex.org/T11482,2015,2016,2020,0.6295964561836069,2,10,11,0.10526315789473684,110,18.0,26.0,0,1,0.7742748614511192,false_positive,361
https://openalex.org/T10269,https://openalex.org/T10604,2015,2016,2020,0.8340647828484926,2,9,8,0.13333333333333333,72,10.0,20.0,0,1,0.7728883701429289,false_positive,362
https://openalex.org/T10836,https://openalex.org/T11871,2015,2016,2020,0.8194619958060909,2,7,15,0.1,105,12.0,17.0,0,1,0.7718798883603273,false_positive,363
https://openalex.org/T11162,https://openalex.org/T11482,2015,2016,2020,0.6250315695368172,2,13,11,0.09090909090909091,143,28.0,26.0,0,1,0.7714993877622072,false_positive,364
https://openalex.org/T11162,https://openalex.org/T11642,2015,2016,2020,0.6250315695368172,2,13,11,0.09090909090909091,143,28.0,26.0,0,1,0.7714993877622072,false_positive,365
https://openalex.org/T10002,https://openalex.org/T10096,2015,2016,2020,0.8668544662345119,2,16,4,0.1111111111111111,64,28.0,4.0,0,1,0.7705417891968277,false_positive,366
https://openalex.org/T10002,https://openalex.org/T10995,2015,2016,2020,0.8449908585646988,2,16,3,0.11764705882352941,48,28.0,3.0,0,1,0.7700991750007418,false_positive,367
https://openalex.org/T10206,https://openalex.org/T10836,2015,2016,2020,0.8194619958060909,2,24,7,0.06896551724137931,168,78.0,12.0,0,1,0.7699103552234509,false_positive,368
https://openalex.org/T11871,https://openalex.org/T11901,2015,2016,2020,0.8194619958060909,2,15,4,0.11764705882352941,60,17.0,4.0,0,1,0.7697414284489885,false_positive,369
https://openalex.org/T10629,https://openalex.org/T13349,2015,2016,2020,0.8010958695746122,2,16,3,0.11764705882352941,48,28.0,4.0,0,1,0.7690211824020053,false_positive,370
https://openalex.org/T10002,https://openalex.org/T10432,2015,2016,2020,0.8157933735356595,2,16,2,0.125,32,28.0,2.0,0,1,0.7683956426702252,false_positive,371
https://openalex.org/T10002,https://openalex.org/T11809,2015,2016,2020,0.8157933735356595,2,16,2,0.125,32,28.0,2.0,0,1,0.7683956426702252,false_positive,372
https://openalex.org/T10002,https://openalex.org/T11825,2015,2016,2020,0.8080757371781798,2,16,2,0.125,32,28.0,2.0,0,1,0.7673275609885254,false_positive,373
https://openalex.org/T10353,https://openalex.org/T12327,2015,2016,2020,1.1687494974004207,3,7,3,0.42857142857142855,21,8.0,4.0,0,1,0.7670631470750483,false_positive,374
https://openalex.org/T10320,https://openalex.org/T10627,2015,2016,2020,0.8241657271545318,2,17,9,0.08333333333333333,153,31.0,12.0,0,1,0.7667739792946325,false_positive,375
https://openalex.org/T10261,https://openalex.org/T10519,2015,2016,2020,0.6295964561836069,2,17,4,0.10526315789473684,68,32.0,8.0,0,1,0.766514724969853,false_positive,376
https://openalex.org/T10629,https://openalex.org/T13051,2015,2016,2020,0.8010958695746122,2,16,2,0.125,32,28.0,2.0,0,1,0.7663586311961673,false_positive,377
https://openalex.org/T11235,https://openalex.org/T13283,2015,2016,2020,0.7170875848259695,2,10,17,0.08,170,14.0,19.0,1,1,0.7650196766005439,true_positive,378
https://openalex.org/T10211,https://openalex.org/T10798,2015,2016,2020,0.7428273691160412,2,8,9,0.13333333333333333,72,14.0,24.0,1,1,0.7649781756178988,true_positive,379
https://openalex.org/T10261,https://openalex.org/T11269,2015,2016,2020,0.6814849176574682,2,17,9,0.08333333333333333,153,32.0,16.0,0,1,0.7648672872521685,false_positive,380
https://openalex.org/T10066,https://openalex.org/T11642,2015,2016,2020,0.5897227805554295,2,12,11,0.09523809523809523,132,26.0,26.0,0,1,0.7646672910280086,false_positive,381
https://openalex.org/T10050,https://openalex.org/T12443,2015,2016,2020,1.0764545478730305,2,5,8,0.18181818181818182,40,5.0,20.0,0,1,0.7645287740958031,false_positive,382
https://openalex.org/T10044,https://openalex.org/T10878,2015,2016,2020,0.9040868828124409,2,16,9,0.08695652173913043,144,38.0,14.0,0,1,0.7639936186705389,false_positive,383
https://openalex.org/T10688,https://openalex.org/T12535,2015,2016,2020,0.7699885152890075,2,10,13,0.09523809523809523,130,12.0,17.0,0,1,0.7636839502144509,false_positive,384
https://openalex.org/T10629,https://openalex.org/T13117,2015,2016,2020,0.8010958695746122,2,16,5,0.10526315789473684,80,28.0,6.0,0,1,0.763626495577337,false_positive,385
https://openalex.org/T10052,https://openalex.org/T10581,2015,2016,2020,1.279458146995729,2,6,6,0.2,36,6.0,16.0,0,1,0.7631027798513912,false_positive,386
https://openalex.org/T10688,https://openalex.org/T11235,2015,2016,2020,0.8979307383872341,2,10,10,0.1111111111111111,100,12.0,14.0,0,1,0.7628805522706437,false_positive,387
https://openalex.org/T10120,https://openalex.org/T11482,2015,2016,2020,0.6250315695368172,2,6,11,0.13333333333333333,66,10.0,26.0,0,1,0.7625750804587477,false_positive,388
https://openalex.org/T10211,https://openalex.org/T11177,2015,2016,2020,1.0820212806667224,2,8,9,0.13333333333333333,72,14.0,14.0,0,1,0.761969047923508,false_positive,389
https://openalex.org/T10136,https://openalex.org/T11447,2015,2016,2020,0.8979307383872341,2,11,10,0.10526315789473684,110,14.0,13.0,0,1,0.7618079549000106,false_positive,390
https://openalex.org/T11235,https://openalex.org/T12535,2015,2016,2020,0.7863017644931014,2,10,13,0.09523809523809523,130,14.0,17.0,0,1,0.7616832095413069,false_positive,391
https://openalex.org/T11213,https://openalex.org/T11354,2015,2016,2020,0.7341749265890423,2,12,3,0.15384615384615385,36,18.0,16.0,0,1,0.7615752746917192,false_positive,392
https://openalex.org/T11468,https://openalex.org/T11764,2015,2016,2020,1.3272716180510837,2,10,3,0.18181818181818182,30,18.0,8.0,0,1,0.7611173279966797,false_positive,393
https://openalex.org/T10521,https://openalex.org/T10683,2015,2016,2020,0.750545005473521,2,18,5,0.09523809523809523,90,50.0,10.0,0,1,0.7610748185437239,false_positive,394
https://openalex.org/T10804,https://openalex.org/T11981,2015,2016,2020,0.6753317406663657,2,17,8,0.08695652173913043,136,34.0,14.0,0,1,0.7597038520685534,false_positive,395
https://openalex.org/T10243,https://openalex.org/T12535,2015,2016,2020,0.7863017644931014,2,12,13,0.08695652173913043,156,18.0,17.0,0,1,0.7593343937521102,false_positive,396
https://openalex.org/T10885,https://openalex.org/T11307,2015,2016,2020,0.833854470827749,2,25,10,0.06060606060606061,250,62.0,14.0,0,1,0.7593249817720026,false_positive,397
https://openalex.org/T10036,https://openalex.org/T10057,2015,2016,2020,0.8241657271545318,2,8,8,0.14285714285714285,64,10.0,20.0,0,1,0.7591149791829559,false_positive,398
https://openalex.org/T10269,https://openalex.org/T11468,2015,2016,2020,0.7553857282466059,2,9,10,0.11764705882352941,90,10.0,18.0,0,1,0.7588910741117585,false_positive,399
https://openalex.org/T10002,https://openalex.org/T10932,2015,2016,2020,0.750545005473521,2,16,6,0.1,96,28.0,8.0,0,1,0.7585529841652368,false_positive,400
https://openalex.org/T10804,https://openalex.org/T12679,2015,2016,2020,0.6753317406663657,2,17,4,0.10526315789473684,68,34.0,6.0,0,1,0.7585087324272676,false_positive,401
https://openalex.org/T10887,https://openalex.org/T12114,2015,2016,2020,0.7449619491830577,2,23,9,0.06666666666666667,207,50.0,10.0,0,1,0.7580031045355428,false_positive,402
https://openalex.org/T10629,https://openalex.org/T13555,2015,2016,2020,0.667614104308886,2,16,2,0.125,32,28.0,4.0,0,1,0.7577218329626453,false_positive,403
https://openalex.org/T10804,https://openalex.org/T12648,2015,2016,2020,0.6753317406663657,2,17,2,0.11764705882352941,34,34.0,2.0,0,1,0.7568915043000636,false_positive,404
https://openalex.org/T10096,https://openalex.org/T10798,2015,2016,2020,0.8668544662345119,2,4,9,0.18181818181818182,36,4.0,24.0,0,1,0.7567022157054636,false_positive,405
https://openalex.org/T10002,https://openalex.org/T10303,2015,2016,2020,0.750545005473521,2,16,5,0.10526315789473684,80,28.0,6.0,0,1,0.7564690202952687,false_positive,406
https://openalex.org/T11213,https://openalex.org/T11970,2015,2016,2020,0.5897227805554295,2,12,9,0.10526315789473684,108,18.0,20.0,0,1,0.755324629159797,false_positive,407
https://openalex.org/T10321,https://openalex.org/T11690,2015,2016,2020,1.1764671337579005,2,5,9,0.16666666666666666,45,12.0,16.0,0,1,0.7551867970782794,false_positive,408
https://openalex.org/T11269,https://openalex.org/T11287,2015,2016,2020,0.6814849176574682,2,9,13,0.1,117,16.0,20.0,0,1,0.7544516527488034,false_positive,409
https://openalex.org/T10885,https://openalex.org/T11447,2015,2016,2020,0.833854470827749,2,25,10,0.06060606060606061,250,62.0,13.0,0,1,0.7541705620248903,false_positive,410
https://openalex.org/T10254,https://openalex.org/T10804,2015,2016,2020,0.7213475204444817,1,2,17,0.05555555555555555,34,2.0,34.0,0,1,0.7540772009609372,false_positive,412
https://openalex.org/T10198,https://openalex.org/T10804,2015,2016,2020,0.7213475204444817,1,2,17,0.05555555555555555,34,2.0,34.0,0,1,0.7540772009609372,false_positive,411
https://openalex.org/T10500,https://openalex.org/T11235,2015,2016,2020,0.8979307383872341,2,11,10,0.10526315789473684,110,20.0,14.0,0,1,0.7538884583670856,false_positive,413
https://openalex.org/T10057,https://openalex.org/T11871,2015,2016,2020,0.8069036366755264,2,8,15,0.09523809523809523,120,20.0,17.0,0,1,0.7531710116235977,false_positive,414
https://openalex.org/T11235,https://openalex.org/T12443,2015,2016,2020,0.667614104308886,2,10,8,0.125,80,14.0,20.0,0,1,0.7530882274815476,false_positive,415
https://openalex.org/T10185,https://openalex.org/T10243,2015,2016,2020,0.8513268733274981,2,2,12,0.16666666666666666,24,2.0,18.0,0,1,0.7527026218041137,false_positive,416
https://openalex.org/T10521,https://openalex.org/T11881,2015,2016,2020,0.750545005473521,2,18,4,0.1,72,50.0,6.0,0,1,0.7519724700056141,false_positive,417
https://openalex.org/T10002,https://openalex.org/T11986,2015,2016,2020,0.713629884087002,2,16,5,0.10526315789473684,80,28.0,6.0,0,1,0.7511502074325884,false_positive,418
https://openalex.org/T10519,https://openalex.org/T11642,2015,2016,2020,0.6295964561836069,2,4,11,0.15384615384615385,44,8.0,26.0,0,1,0.7510940461440375,false_positive,420
https://openalex.org/T10519,https://openalex.org/T11482,2015,2016,2020,0.6295964561836069,2,4,11,0.15384615384615385,44,8.0,26.0,0,1,0.7510940461440375,false_positive,419
https://openalex.org/T10521,https://openalex.org/T11048,2015,2016,2020,0.7341749265890423,2,18,3,0.10526315789473684,54,50.0,4.0,0,1,0.7506669444286822,false_positive,421
https://openalex.org/T10206,https://openalex.org/T12010,2015,2016,2020,0.8415721071852287,2,24,9,0.06451612903225806,216,78.0,16.0,0,1,0.750390873413899,false_positive,422
https://openalex.org/T10885,https://openalex.org/T13398,2015,2016,2020,0.9690179556831694,2,25,11,0.058823529411764705,275,62.0,13.0,0,1,0.7499771486015142,false_positive,423
https://openalex.org/T11235,https://openalex.org/T11744,2015,2016,2020,0.667614104308886,2,10,6,0.14285714285714285,60,14.0,20.0,0,1,0.7482853638182518,false_positive,424
https://openalex.org/T11162,https://openalex.org/T11970,2015,2016,2020,0.6250315695368172,2,13,9,0.1,117,28.0,20.0,0,1,0.7482616507019237,false_positive,425
https://openalex.org/T12535,https://openalex.org/T13114,2015,2016,2020,0.8894140952166705,2,13,6,0.11764705882352941,78,17.0,6.0,0,1,0.7478259845358234,false_positive,426
https://openalex.org/T10629,https://openalex.org/T11071,2015,2016,2020,0.667614104308886,2,16,2,0.125,32,28.0,2.0,0,1,0.7472929590693473,false_positive,427
https://openalex.org/T10602,https://openalex.org/T13664,2015,2016,2020,1.1892945399024608,2,2,9,0.2222222222222222,18,2.0,18.0,0,1,0.7470288218709665,false_positive,428
https://openalex.org/T10261,https://openalex.org/T11710,2015,2016,2020,0.6295964561836069,2,17,6,0.09523809523809523,102,32.0,8.0,0,1,0.7467760522932496,false_positive,429
https://openalex.org/T10068,https://openalex.org/T13777,2015,2016,2020,1.531574161186449,2,8,4,0.2,32,11.0,4.0,0,1,0.7466518201837059,false_positive,430
https://openalex.org/T10594,https://openalex.org/T11213,2015,2016,2020,0.7872506057680129,2,3,12,0.15384615384615385,36,4.0,18.0,0,1,0.7465512258639161,false_positive,431
https://openalex.org/T12010,https://openalex.org/T12231,2015,2016,2020,1.631586747071319,2,9,2,0.2222222222222222,18,16.0,2.0,0,1,0.7464822684427409,false_positive,432
https://openalex.org/T10247,https://openalex.org/T11690,2015,2016,2020,1.1764671337579005,2,4,9,0.18181818181818182,36,10.0,16.0,0,1,0.7464744599830002,false_positive,433
https://openalex.org/T10769,https://openalex.org/T11213,2015,2016,2020,0.8069036366755264,2,2,12,0.16666666666666666,24,2.0,18.0,0,1,0.7462266882694388,false_positive,434
https://openalex.org/T10269,https://openalex.org/T10434,2015,2016,2020,0.8340647828484926,2,9,9,0.125,81,10.0,14.0,0,1,0.7459309664489958,false_positive,435
https://openalex.org/T10052,https://openalex.org/T11307,2015,2016,2020,0.9360179602764065,2,6,10,0.14285714285714285,60,6.0,14.0,0,1,0.7449264939152795,false_positive,436
https://openalex.org/T10688,https://openalex.org/T11307,2015,2016,2020,0.7699885152890075,2,10,10,0.1111111111111111,100,12.0,14.0,0,1,0.7444451099942285,false_positive,437
https://openalex.org/T10519,https://openalex.org/T11287,2015,2016,2020,0.6295964561836069,2,4,13,0.13333333333333333,52,8.0,20.0,0,1,0.7444198316201639,false_positive,438
https://openalex.org/T10211,https://openalex.org/T12613,2015,2016,2020,0.7428273691160412,2,8,9,0.13333333333333333,72,14.0,20.0,1,1,0.7442472402849376,true_positive,439
https://openalex.org/T10521,https://openalex.org/T11407,2015,2016,2020,0.7657870805932245,2,18,4,0.1,72,50.0,4.0,0,1,0.7436431080133442,false_positive,440
https://openalex.org/T11468,https://openalex.org/T13664,2015,2016,2020,0.7213585932856457,2,10,9,0.11764705882352941,90,18.0,18.0,0,1,0.7433712302197951,false_positive,441
https://openalex.org/T10064,https://openalex.org/T11289,2015,2016,2020,0.8770396154550482,2,12,6,0.125,72,16.0,8.0,0,1,0.7432231172104018,false_positive,442
https://openalex.org/T10136,https://openalex.org/T13398,2015,2016,2020,0.7716989774506997,2,11,11,0.1,121,14.0,13.0,0,1,0.743190996423562,false_positive,443
https://openalex.org/T10629,https://openalex.org/T11235,2015,2016,2020,0.667614104308886,2,16,10,0.08333333333333333,160,28.0,14.0,0,1,0.7431162260448286,false_positive,444
https://openalex.org/T10261,https://openalex.org/T12114,2015,2016,2020,0.7449619491830577,2,17,9,0.08333333333333333,153,32.0,10.0,0,1,0.7428483964794887,false_positive,445
https://openalex.org/T11162,https://openalex.org/T12254,2015,2016,2020,0.6250315695368172,2,13,4,0.13333333333333333,52,28.0,16.0,0,1,0.742805829813675,false_positive,446
https://openalex.org/T10136,https://openalex.org/T11512,2015,2016,2020,0.870769592214268,2,11,8,0.11764705882352941,88,14.0,10.0,0,1,0.7423686604266471,false_positive,447
https://openalex.org/T10261,https://openalex.org/T12859,2015,2016,2020,0.5979843021794247,2,17,6,0.09523809523809523,102,32.0,8.0,0,1,0.7421067004461052,false_positive,448
https://openalex.org/T10629,https://openalex.org/T12574,2015,2016,2020,0.667614104308886,2,16,4,0.1111111111111111,64,28.0,4.0,0,1,0.7420557426314927,false_positive,449
https://openalex.org/T11542,https://openalex.org/T11744,2015,2016,2020,0.6753317406663657,2,9,6,0.15384615384615385,54,10.0,20.0,0,1,0.7415739964794958,false_positive,450
https://openalex.org/T10050,https://openalex.org/T13398,2015,2016,2020,0.9273799996201022,2,5,11,0.14285714285714285,55,5.0,13.0,0,1,0.7414082122838087,false_positive,451
https://openalex.org/T11213,https://openalex.org/T12254,2015,2016,2020,0.5897227805554295,2,12,4,0.14285714285714285,48,18.0,16.0,0,1,0.7404827811108082,false_positive,452
https://openalex.org/T11468,https://openalex.org/T11970,2015,2016,2020,0.6295964561836069,2,10,9,0.11764705882352941,90,18.0,20.0,0,1,0.7404528186424466,false_positive,453
https://openalex.org/T10066,https://openalex.org/T13664,2015,2016,2020,0.6814849176574682,2,12,9,0.10526315789473684,108,26.0,18.0,0,1,0.7403094851959225,false_positive,454
https://openalex.org/T10083,https://openalex.org/T11948,2015,2016,2020,1.2022458674074694,2,20,17,0.05714285714285714,340,52.0,24.0,0,1,0.7399985671405191,false_positive,455
https://openalex.org/T10015,https://openalex.org/T11577,2015,2016,2020,0.7699885152890075,2,36,6,0.05,216,158.0,6.0,0,1,0.7399963246791971,false_positive,456
https://openalex.org/T10878,https://openalex.org/T10887,2015,2016,2020,0.3459762562611936,1,9,23,0.03225806451612903,207,14.0,50.0,1,1,0.7394764673033476,true_positive,457
https://openalex.org/T10531,https://openalex.org/T11307,2015,2016,2020,1.013230239864666,2,4,10,0.16666666666666666,40,4.0,14.0,0,1,0.7394326835925924,false_positive,458
https://openalex.org/T10066,https://openalex.org/T10604,2015,2016,2020,0.5897227805554295,2,12,8,0.1111111111111111,96,26.0,20.0,0,1,0.7392079945804189,false_positive,459
https://openalex.org/T11307,https://openalex.org/T12859,2015,2016,2020,1.039008973514235,2,10,6,0.14285714285714285,60,14.0,8.0,0,1,0.7392014797763229,false_positive,460
https://openalex.org/T10688,https://openalex.org/T11447,2015,2016,2020,0.7699885152890075,2,10,10,0.1111111111111111,100,12.0,13.0,0,1,0.7390815180459307,false_positive,461
https://openalex.org/T10014,https://openalex.org/T10044,2015,2016,2020,0.6213349345596119,1,4,16,0.05263157894736842,64,4.0,38.0,0,1,0.7387491287534295,false_positive,462
https://openalex.org/T10336,https://openalex.org/T10887,2015,2016,2020,0.3898712452512801,1,10,23,0.03125,230,11.0,50.0,0,1,0.7387477226829157,false_positive,463
https://openalex.org/T11048,https://openalex.org/T11213,2015,2016,2020,0.7341749265890423,2,3,12,0.15384615384615385,36,4.0,18.0,0,1,0.7386751641516297,false_positive,464
https://openalex.org/T10683,https://openalex.org/T10798,2015,2016,2020,0.7428273691160412,2,5,9,0.16666666666666666,45,10.0,24.0,0,1,0.7383714130670798,false_positive,465
https://openalex.org/T10015,https://openalex.org/T13984,2015,2016,2020,0.7553857282466059,2,36,6,0.05,216,158.0,6.0,0,1,0.7378089947484245,false_positive,466
https://openalex.org/T11162,https://openalex.org/T13664,2015,2016,2020,0.6250315695368172,2,13,9,0.1,117,28.0,18.0,0,1,0.7375665995032576,false_positive,467
https://openalex.org/T11307,https://openalex.org/T12761,2015,2016,2020,1.1112187656957617,2,10,5,0.15384615384615385,50,14.0,6.0,0,1,0.7360459981357563,false_positive,468
https://openalex.org/T12114,https://openalex.org/T14374,2015,2016,2020,1.179445561110859,2,9,5,0.16666666666666666,45,10.0,6.0,0,1,0.7360424771108104,false_positive,469
https://openalex.org/T10102,https://openalex.org/T10243,2015,2016,2020,0.667614104308886,2,4,12,0.14285714285714285,48,4.0,18.0,0,1,0.7359390311963181,false_positive,470
https://openalex.org/T10515,https://openalex.org/T11970,2015,2016,2020,0.8979307383872341,2,4,9,0.18181818181818182,36,6.0,20.0,1,1,0.7355730747739777,true_positive,471
https://openalex.org/T10057,https://openalex.org/T10887,2015,2016,2020,0.31066746727980593,1,8,23,0.03333333333333333,184,20.0,50.0,0,1,0.7345828438084254,false_positive,472
https://openalex.org/T10824,https://openalex.org/T11307,2015,2016,2020,0.9360179602764065,2,5,10,0.15384615384615385,50,6.0,14.0,0,1,0.7344101640060751,false_positive,473
https://openalex.org/T10044,https://openalex.org/T12327,2015,2016,2020,0.713629884087002,2,16,3,0.11764705882352941,48,38.0,4.0,0,1,0.7342481615847632,false_positive,474
https://openalex.org/T11981,https://openalex.org/T13309,2015,2016,2020,0.6753317406663657,2,8,9,0.13333333333333333,72,14.0,20.0,0,1,0.7341454570284199,false_positive,475
https://openalex.org/T10026,https://openalex.org/T10048,2015,2016,2020,1.631586747071319,2,6,4,0.25,24,6.0,6.0,0,1,0.7338179109036881,false_positive,476
https://openalex.org/T10416,https://openalex.org/T13309,2015,2016,2020,0.7955563274071127,2,5,9,0.16666666666666666,45,6.0,20.0,0,1,0.7337813423338904,false_positive,477
https://openalex.org/T11269,https://openalex.org/T11970,2015,2016,2020,0.6250315695368172,2,9,9,0.125,81,16.0,20.0,0,1,0.7333297415309984,false_positive,478
https://openalex.org/T12496,https://openalex.org/T13398,2015,2016,2020,1.013230239864666,2,2,11,0.18181818181818182,22,2.0,13.0,0,1,0.732432232175904,false_positive,479
https://openalex.org/T10044,https://openalex.org/T12557,2015,2016,2020,0.713629884087002,2,16,2,0.125,32,38.0,2.0,0,1,0.7313248147171724,false_positive,480
https://openalex.org/T10054,https://openalex.org/T10273,2015,2016,2020,1.8204784532536746,2,4,5,0.2857142857142857,20,4.0,6.0,0,1,0.7306598048647163,false_positive,481
https://openalex.org/T11162,https://openalex.org/T11177,2015,2016,2020,0.7213475204444817,2,13,9,0.1,117,28.0,14.0,0,1,0.7302975695779398,false_positive,482
https://openalex.org/T11213,https://openalex.org/T13937,2015,2016,2020,0.6960877046998699,2,12,8,0.1111111111111111,96,18.0,12.0,0,1,0.730134366931016,false_positive,483
https://openalex.org/T10521,https://openalex.org/T10857,2015,2016,2020,0.6689265585269037,2,18,4,0.1,72,50.0,4.0,0,1,0.7290458915417146,false_positive,484
https://openalex.org/T10066,https://openalex.org/T11287,2015,2016,2020,0.5897227805554295,2,12,13,0.08695652173913043,156,26.0,20.0,0,1,0.7282048976748503,false_positive,485
https://openalex.org/T10932,https://openalex.org/T11213,2015,2016,2020,0.5897227805554295,2,6,12,0.125,72,8.0,18.0,0,1,0.7281164772945972,false_positive,486
https://openalex.org/T11981,https://openalex.org/T12443,2015,2016,2020,0.6753317406663657,2,8,8,0.14285714285714285,64,14.0,20.0,0,1,0.7280670914840304,false_positive,487
https://openalex.org/T10604,https://openalex.org/T11287,2015,2016,2020,0.5897227805554295,2,8,13,0.10526315789473684,104,20.0,20.0,0,1,0.7280231537957406,false_positive,488
https://openalex.org/T10191,https://openalex.org/T11307,2015,2016,2020,0.9360179602764065,2,4,10,0.16666666666666666,40,4.0,14.0,0,1,0.7277176723338146,false_positive,489
https://openalex.org/T10136,https://openalex.org/T12114,2015,2016,2020,0.7716989774506997,2,11,9,0.1111111111111111,99,14.0,10.0,0,1,0.7274237505728676,false_positive,490
https://openalex.org/T11162,https://openalex.org/T11269,2015,2016,2020,0.6250315695368172,2,13,9,0.1,117,28.0,16.0,0,1,0.7265832018588027,false_positive,491
https://openalex.org/T11447,https://openalex.org/T11512,2015,2016,2020,0.833854470827749,2,10,8,0.125,80,13.0,10.0,0,1,0.7263266755180942,false_positive,492
https://openalex.org/T10015,https://openalex.org/T10076,2015,2016,2020,0.7213475204444817,1,36,2,0.02702702702702703,72,158.0,2.0,0,1,0.725876114200373,false_positive,493
https://openalex.org/T10015,https://openalex.org/T10540,2015,2016,2020,0.7213475204444817,1,36,2,0.02702702702702703,72,158.0,2.0,0,1,0.725876114200373,false_positive,494
https://openalex.org/T10015,https://openalex.org/T12475,2015,2016,2020,0.7213475204444817,1,36,2,0.02702702702702703,72,158.0,2.0,0,1,0.725876114200373,false_positive,495
https://openalex.org/T11213,https://openalex.org/T12114,2015,2016,2020,0.7449619491830577,2,12,9,0.10526315789473684,108,18.0,10.0,0,1,0.7246662893874387,false_positive,496
https://openalex.org/T12338,https://openalex.org/T12880,2015,2016,2020,0.7213475204444817,1,2,18,0.05263157894736842,36,2.0,26.0,0,1,0.724574248671352,false_positive,497
https://openalex.org/T10521,https://openalex.org/T11468,2015,2016,2020,0.6295964561836069,2,18,10,0.07692307692307693,180,50.0,18.0,0,1,0.7243888139387612,false_positive,498
https://openalex.org/T10521,https://openalex.org/T11986,2015,2016,2020,0.6397290734978645,2,18,5,0.09523809523809523,90,50.0,6.0,0,1,0.7232290776342187,false_positive,499
https://openalex.org/T11542,https://openalex.org/T13398,2015,2016,2020,0.667614104308886,2,9,11,0.1111111111111111,99,10.0,13.0,0,1,0.7222631815820513,false_positive,500
https://openalex.org/T10066,https://openalex.org/T12254,2015,2016,2020,0.5897227805554295,2,12,4,0.14285714285714285,48,26.0,16.0,0,1,0.7218386228308149,false_positive,501
https://openalex.org/T10044,https://openalex.org/T10353,2015,2016,2020,0.713629884087002,2,16,7,0.09523809523809523,112,38.0,8.0,0,1,0.7215140820871858,false_positive,502
https://openalex.org/T10885,https://openalex.org/T12452,2015,2016,2020,0.7213475204444817,1,25,2,0.038461538461538464,50,62.0,2.0,0,1,0.7207698472891866,false_positive,503
https://openalex.org/T10057,https://openalex.org/T11269,2015,2016,2020,0.8241657271545318,2,8,9,0.13333333333333333,72,20.0,16.0,0,1,0.7207425262288734,false_positive,504
https://openalex.org/T10015,https://openalex.org/T10836,2015,2016,2020,0.7130970716616506,2,36,7,0.04878048780487805,252,158.0,12.0,0,1,0.7206159163003577,false_positive,505
https://openalex.org/T11690,https://openalex.org/T12627,2015,2016,2020,0.9947966893327386,2,9,4,0.18181818181818182,36,16.0,12.0,0,1,0.7205010764066091,false_positive,506
https://openalex.org/T10027,https://openalex.org/T10073,2015,2016,2020,1.3426824550040934,2,8,4,0.2,32,10.0,4.0,0,1,0.7203174505374781,false_positive,507
https://openalex.org/T10521,https://openalex.org/T11710,2015,2016,2020,0.6295964561836069,2,18,6,0.09090909090909091,108,50.0,8.0,0,1,0.7201778769425179,false_positive,508
https://openalex.org/T10629,https://openalex.org/T13283,2015,2016,2020,0.7697775937575435,2,16,17,0.06451612903225806,272,28.0,19.0,0,1,0.7187023369430346,false_positive,509
https://openalex.org/T10057,https://openalex.org/T10521,2015,2016,2020,0.31066746727980593,1,8,18,0.04,144,20.0,50.0,0,1,0.7178135206920443,false_positive,510
https://openalex.org/T11542,https://openalex.org/T11981,2015,2016,2020,0.6753317406663657,2,9,8,0.13333333333333333,72,10.0,14.0,0,1,0.7177728453184302,false_positive,511
https://openalex.org/T11213,https://openalex.org/T13984,2015,2016,2020,0.8080757371781798,2,12,6,0.125,72,18.0,6.0,0,1,0.7169781637298264,false_positive,512
https://openalex.org/T10538,https://openalex.org/T11512,2015,2016,2020,0.9479818718025272,2,7,8,0.15384615384615385,56,7.0,10.0,0,1,0.7166371315552258,false_positive,513
https://openalex.org/T11710,https://openalex.org/T11970,2015,2016,2020,0.6295964561836069,2,6,9,0.15384615384615385,54,8.0,20.0,0,1,0.7165911580436255,false_positive,514
https://openalex.org/T10162,https://openalex.org/T12880,2015,2016,2020,0.7213475204444817,1,3,18,0.05,54,3.0,26.0,0,1,0.7165516526617344,false_positive,515
https://openalex.org/T11235,https://openalex.org/T12114,2015,2016,2020,0.7716989774506997,2,10,9,0.11764705882352941,90,14.0,10.0,0,1,0.7162784457309129,false_positive,516
https://openalex.org/T10222,https://openalex.org/T10515,2015,2016,2020,0.8979307383872341,2,11,4,0.15384615384615385,44,16.0,6.0,0,1,0.7161930694893652,false_positive,517
https://openalex.org/T10683,https://openalex.org/T12613,2015,2016,2020,0.7428273691160412,2,5,9,0.16666666666666666,45,10.0,20.0,0,1,0.7161643381539645,false_positive,518
https://openalex.org/T10331,https://openalex.org/T10627,2015,2016,2020,1.2022458674074694,2,2,9,0.2222222222222222,18,2.0,12.0,1,1,0.7160340725788482,true_positive,519
https://openalex.org/T11024,https://openalex.org/T11981,2015,2016,2020,1.1764671337579005,2,3,8,0.2222222222222222,24,4.0,14.0,0,1,0.7158957263805733,false_positive,520
https://openalex.org/T10932,https://openalex.org/T11468,2015,2016,2020,0.6295964561836069,2,6,10,0.14285714285714285,60,8.0,18.0,0,1,0.7154722984574046,false_positive,521
https://openalex.org/T11289,https://openalex.org/T11468,2015,2016,2020,0.6295964561836069,2,6,10,0.14285714285714285,60,8.0,18.0,0,1,0.7154722984574046,false_positive,522
https://openalex.org/T10515,https://openalex.org/T10725,2015,2016,2020,1.3426824550040934,2,4,7,0.2222222222222222,28,6.0,10.0,0,1,0.7153753829971037,false_positive,523
https://openalex.org/T10521,https://openalex.org/T12859,2015,2016,2020,0.5979843021794247,2,18,6,0.09090909090909091,108,50.0,8.0,0,1,0.7152051097410248,false_positive,524
https://openalex.org/T10211,https://openalex.org/T13937,2015,2016,2020,0.8770396154550482,2,8,8,0.14285714285714285,64,14.0,12.0,0,1,0.7145185842102021,false_positive,525
https://openalex.org/T10206,https://openalex.org/T12114,2015,2016,2020,0.8194619958060909,2,24,9,0.06451612903225806,216,78.0,10.0,0,1,0.7141286597283167,false_positive,526
https://openalex.org/T10012,https://openalex.org/T11970,2015,2016,2020,0.5979843021794247,2,11,9,0.1111111111111111,99,32.0,20.0,0,1,0.7136659840126097,false_positive,527
https://openalex.org/T10066,https://openalex.org/T10519,2015,2016,2020,0.8245658096495567,2,12,4,0.14285714285714285,48,26.0,8.0,0,1,0.7133930684227416,false_positive,528
https://openalex.org/T10042,https://openalex.org/T10241,2015,2016,2020,1.4683498531780845,2,2,6,0.3333333333333333,12,2.0,18.0,0,1,0.7133169075984902,false_positive,529
https://openalex.org/T10243,https://openalex.org/T11542,2015,2016,2020,0.667614104308886,2,12,9,0.10526315789473684,108,18.0,10.0,0,1,0.7125239152926037,false_positive,530
https://openalex.org/T12947,https://openalex.org/T13309,2015,2016,2020,0.8157933735356595,2,3,9,0.2,27,4.0,20.0,0,1,0.7124969809271566,false_positive,531
https://openalex.org/T10012,https://openalex.org/T11269,2015,2016,2020,0.7341749265890423,2,11,9,0.1111111111111111,99,32.0,16.0,0,1,0.7123836011378752,false_positive,532
https://openalex.org/T11287,https://openalex.org/T11710,2015,2016,2020,0.6295964561836069,2,13,6,0.11764705882352941,78,20.0,8.0,0,1,0.712129648382292,false_positive,533
https://openalex.org/T10012,https://openalex.org/T11287,2015,2016,2020,0.5979843021794247,2,11,13,0.09090909090909091,143,32.0,20.0,0,1,0.7117379867445147,false_positive,534
https://openalex.org/T10120,https://openalex.org/T11970,2015,2016,2020,0.6250315695368172,2,6,9,0.15384615384615385,54,10.0,20.0,0,1,0.7110216129495833,false_positive,535
https://openalex.org/T11307,https://openalex.org/T12814,2015,2016,2020,1.0743036443092429,2,10,3,0.18181818181818182,30,14.0,4.0,0,1,0.7105056306049586,false_positive,536
https://openalex.org/T10185,https://openalex.org/T10804,2015,2016,2020,0.43429448190325176,1,2,17,0.05555555555555555,34,2.0,34.0,0,1,0.710457367007288,false_positive,537
https://openalex.org/T10086,https://openalex.org/T10804,2015,2016,2020,0.6213349345596119,1,6,17,0.045454545454545456,102,8.0,34.0,0,1,0.7095355411671245,false_positive,538
https://openalex.org/T11162,https://openalex.org/T12748,2015,2016,2020,0.8415721071852287,2,13,4,0.13333333333333333,52,28.0,4.0,0,1,0.7094484843194512,false_positive,539
https://openalex.org/T12168,https://openalex.org/T13309,2015,2016,2020,0.7955563274071127,2,3,9,0.2,27,4.0,20.0,0,1,0.7092676922442444,false_positive,540
https://openalex.org/T10120,https://openalex.org/T10222,2015,2016,2020,0.6250315695368172,2,6,11,0.13333333333333333,66,10.0,16.0,0,1,0.7082360696745464,false_positive,541
https://openalex.org/T11162,https://openalex.org/T12327,2015,2016,2020,0.8157933735356595,2,13,3,0.14285714285714285,39,28.0,4.0,0,1,0.7077416780507835,false_positive,542
https://openalex.org/T11287,https://openalex.org/T12859,2015,2016,2020,0.5979843021794247,2,13,6,0.11764705882352941,78,20.0,8.0,0,1,0.7070720298647142,false_positive,543
https://openalex.org/T10275,https://openalex.org/T11907,2015,2016,2020,1.1764671337579005,2,8,5,0.18181818181818182,40,18.0,8.0,0,1,0.7067981042396478,false_positive,544
https://openalex.org/T10235,https://openalex.org/T10261,2015,2016,2020,0.7213475204444817,1,8,17,0.041666666666666664,136,8.0,32.0,0,1,0.705440661639368,false_positive,545
https://openalex.org/T10222,https://openalex.org/T13984,2015,2016,2020,0.8080757371781798,2,11,6,0.13333333333333333,66,16.0,6.0,0,1,0.7045462609905772,false_positive,546
https://openalex.org/T10885,https://openalex.org/T11354,2015,2016,2020,0.2790553132756236,1,25,3,0.037037037037037035,75,62.0,16.0,0,1,0.7045086546046525,false_positive,547
https://openalex.org/T11468,https://openalex.org/T12254,2015,2016,2020,0.6295964561836069,2,10,4,0.16666666666666666,40,18.0,16.0,0,1,0.7036317080525766,false_positive,548
https://openalex.org/T10031,https://openalex.org/T10261,2015,2016,2020,0.45511961331341866,1,2,17,0.05555555555555555,34,2.0,32.0,0,1,0.7021949106392253,false_positive,549
https://openalex.org/T10078,https://openalex.org/T11878,2015,2016,2020,1.3426824550040934,2,9,2,0.2222222222222222,18,16.0,2.0,0,1,0.7017468422508398,false_positive,550
https://openalex.org/T10157,https://openalex.org/T12443,2015,2016,2020,0.7697775937575435,2,4,8,0.2,32,5.0,20.0,0,1,0.7017280017575392,false_positive,551
https://openalex.org/T10627,https://openalex.org/T11105,2015,2016,2020,1.279458146995729,2,9,2,0.2222222222222222,18,12.0,2.0,0,1,0.7014017268064194,false_positive,552
https://openalex.org/T12679,https://openalex.org/T13309,2015,2016,2020,0.6753317406663657,2,4,9,0.18181818181818182,36,6.0,20.0,0,1,0.7006210471883616,false_positive,553
https://openalex.org/T10885,https://openalex.org/T12535,2015,2016,2020,0.833854470827749,2,25,13,0.05555555555555555,325,62.0,17.0,0,1,0.7006050447068713,false_positive,554
https://openalex.org/T10604,https://openalex.org/T13664,2015,2016,2020,0.6250315695368172,2,8,9,0.13333333333333333,72,20.0,18.0,0,1,0.7004709598539057,false_positive,555
https://openalex.org/T10182,https://openalex.org/T11542,2015,2016,2020,0.8080757371781798,2,7,9,0.14285714285714285,63,8.0,10.0,0,1,0.7004253004752748,false_positive,556
https://openalex.org/T10050,https://openalex.org/T12114,2015,2016,2020,0.9273799996201022,2,5,9,0.16666666666666666,45,5.0,10.0,0,1,0.700165286819182,false_positive,557
https://openalex.org/T10932,https://openalex.org/T13664,2015,2016,2020,0.5979843021794247,2,6,9,0.15384615384615385,54,8.0,18.0,0,1,0.6999516324671871,false_positive,558
https://openalex.org/T12859,https://openalex.org/T13664,2015,2016,2020,0.5979843021794247,2,6,9,0.15384615384615385,54,8.0,18.0,0,1,0.6999516324671871,false_positive,560
https://openalex.org/T11289,https://openalex.org/T13664,2015,2016,2020,0.5979843021794247,2,6,9,0.15384615384615385,54,8.0,18.0,0,1,0.6999516324671871,false_positive,559
https://openalex.org/T10120,https://openalex.org/T10604,2015,2016,2020,0.6250315695368172,2,6,8,0.16666666666666666,48,10.0,20.0,0,1,0.6998762795181219,false_positive,561
https://openalex.org/T10120,https://openalex.org/T13664,2015,2016,2020,0.6250315695368172,2,6,9,0.15384615384615385,54,10.0,18.0,0,1,0.6993800616576453,false_positive,562
https://openalex.org/T10646,https://openalex.org/T11118,2015,2016,2020,1.8204784532536746,2,6,2,0.3333333333333333,12,6.0,2.0,0,1,0.6989898567679222,false_positive,563
https://openalex.org/T10552,https://openalex.org/T11369,2015,2016,2020,1.2352458628142324,2,6,7,0.18181818181818182,42,22.0,10.0,0,1,0.6985723707189035,false_positive,564
https://openalex.org/T11362,https://openalex.org/T11948,2015,2016,2020,0.7213475204444817,1,2,17,0.05555555555555555,34,2.0,24.0,0,1,0.6985620921532363,false_positive,565
https://openalex.org/T10434,https://openalex.org/T10515,2015,2016,2020,1.0383673259838582,2,9,4,0.18181818181818182,36,14.0,6.0,0,1,0.6977247527510422,false_positive,566
https://openalex.org/T10057,https://openalex.org/T10627,2015,2016,2020,0.8241657271545318,2,8,9,0.13333333333333333,72,20.0,12.0,0,1,0.6976518307414835,false_positive,567
https://openalex.org/T10417,https://openalex.org/T10804,2015,2016,2020,0.43429448190325176,1,4,17,0.05,68,4.0,34.0,0,1,0.6975132530930988,false_positive,568
https://openalex.org/T10084,https://openalex.org/T12443,2015,2016,2020,0.9359929150037367,2,2,8,0.25,16,2.0,20.0,0,1,0.6960871139848221,false_positive,569
https://openalex.org/T10009,https://openalex.org/T10804,2015,2016,2020,0.6213349345596119,1,8,17,0.041666666666666664,136,10.0,34.0,0,1,0.6959266035887224,false_positive,570
https://openalex.org/T11213,https://openalex.org/T11629,2015,2016,2020,0.8080757371781798,2,12,2,0.16666666666666666,24,18.0,2.0,0,1,0.6951376230479976,false_positive,571
https://openalex.org/T10243,https://openalex.org/T11880,2015,2016,2020,0.7316903718683712,2,12,4,0.14285714285714285,48,18.0,4.0,0,1,0.6948057438724619,false_positive,572
https://openalex.org/T10885,https://openalex.org/T11187,2015,2016,2020,0.5581106265512472,1,25,2,0.038461538461538464,50,62.0,2.0,0,1,0.6945641684130592,false_positive,573
https://openalex.org/T10885,https://openalex.org/T12601,2015,2016,2020,0.5581106265512472,1,25,2,0.038461538461538464,50,62.0,2.0,0,1,0.6945641684130592,false_positive,574
https://openalex.org/T10243,https://openalex.org/T11798,2015,2016,2020,0.8035638549721068,2,12,2,0.16666666666666666,24,18.0,2.0,0,1,0.6943947412166679,false_positive,575
https://openalex.org/T11269,https://openalex.org/T11354,2015,2016,2020,0.7341749265890423,2,9,3,0.2,27,16.0,16.0,0,1,0.6941025048779195,false_positive,576
https://openalex.org/T10102,https://openalex.org/T13398,2015,2016,2020,0.667614104308886,2,4,11,0.15384615384615385,44,4.0,13.0,0,1,0.6936821123022651,false_positive,577
https://openalex.org/T10036,https://openalex.org/T10531,2015,2016,2020,1.1764671337579005,2,8,4,0.2,32,10.0,4.0,0,1,0.6935961050707228,false_positive,578
https://openalex.org/T11542,https://openalex.org/T13117,2015,2016,2020,0.9102392266268373,2,9,5,0.16666666666666666,45,10.0,6.0,0,1,0.6934897558229526,false_positive,579
https://openalex.org/T11744,https://openalex.org/T12168,2015,2016,2020,1.1485124512718738,3,6,3,0.5,18,20.0,4.0,0,1,0.6933331394652641,false_positive,580
https://openalex.org/T10192,https://openalex.org/T12386,2015,2016,2020,1.8204784532536746,2,4,4,0.3333333333333333,16,4.0,4.0,0,1,0.692444577751915,false_positive,581
https://openalex.org/T11020,https://openalex.org/T11078,2015,2016,2020,1.4426950408889634,2,6,4,0.25,24,6.0,4.0,0,1,0.6924119246867397,false_positive,582
https://openalex.org/T11020,https://openalex.org/T11597,2015,2016,2020,1.4426950408889634,2,6,4,0.25,24,6.0,4.0,0,1,0.6924119246867397,false_positive,583
https://openalex.org/T10519,https://openalex.org/T11468,2015,2016,2020,0.6295964561836069,2,4,10,0.16666666666666666,40,8.0,18.0,0,1,0.6920524669338213,false_positive,584
https://openalex.org/T10078,https://openalex.org/T12529,2015,2016,2020,1.1022332815225997,2,9,4,0.18181818181818182,36,16.0,4.0,0,1,0.6913310807869275,false_positive,585
https://openalex.org/T10084,https://openalex.org/T10804,2015,2016,2020,0.31465798044412485,1,2,17,0.05555555555555555,34,2.0,34.0,0,1,0.6909831170414211,false_positive,586
https://openalex.org/T10416,https://openalex.org/T11744,2015,2016,2020,0.7955563274071127,2,5,6,0.2222222222222222,30,6.0,20.0,0,1,0.6895562411065888,false_positive,587
https://openalex.org/T10434,https://openalex.org/T12254,2015,2016,2020,0.6250315695368172,2,9,4,0.18181818181818182,36,14.0,16.0,0,1,0.6890294812869432,false_positive,588
https://openalex.org/T10604,https://openalex.org/T11269,2015,2016,2020,0.6250315695368172,2,8,9,0.13333333333333333,72,20.0,16.0,0,1,0.6885905280565414,false_positive,589
https://openalex.org/T10519,https://openalex.org/T11970,2015,2016,2020,0.6295964561836069,2,4,9,0.18181818181818182,36,8.0,20.0,0,1,0.6880519939466202,false_positive,590
https://openalex.org/T12010,https://openalex.org/T12790,2015,2016,2020,1.256215482888031,2,9,2,0.2222222222222222,18,16.0,2.0,0,1,0.6875083638556714,false_positive,591
https://openalex.org/T10120,https://openalex.org/T11269,2015,2016,2020,0.6250315695368172,2,6,9,0.15384615384615385,54,10.0,16.0,0,1,0.6874756658576736,false_positive,592
https://openalex.org/T10222,https://openalex.org/T11710,2015,2016,2020,0.6295964561836069,2,11,6,0.13333333333333333,66,16.0,8.0,0,1,0.6870733271988592,false_positive,593
https://openalex.org/T10012,https://openalex.org/T12254,2015,2016,2020,0.5979843021794247,2,11,4,0.15384615384615385,44,32.0,16.0,0,1,0.6863334445377564,false_positive,594
https://openalex.org/T10015,https://openalex.org/T12745,2015,2016,2020,0.40242960438184466,1,36,2,0.02702702702702703,72,158.0,4.0,0,1,0.6861522916594905,false_positive,595
https://openalex.org/T10192,https://openalex.org/T11948,2015,2016,2020,0.7213475204444817,1,4,17,0.05,68,4.0,24.0,0,1,0.6853217345381913,false_positive,596
https://openalex.org/T11162,https://openalex.org/T11986,2015,2016,2020,0.6397290734978645,2,13,5,0.125,65,28.0,6.0,0,1,0.685293487213928,false_positive,597
https://openalex.org/T10015,https://openalex.org/T10211,2015,2016,2020,0.7088002341550811,2,36,8,0.047619047619047616,288,158.0,14.0,0,1,0.685209367013082,false_positive,598
https://openalex.org/T10136,https://openalex.org/T11210,2015,2016,2020,0.8513268733274981,2,11,2,0.18181818181818182,22,14.0,2.0,0,1,0.684653404545257,false_positive,600
https://openalex.org/T10136,https://openalex.org/T11205,2015,2016,2020,0.8513268733274981,2,11,2,0.18181818181818182,22,14.0,2.0,0,1,0.684653404545257,false_positive,599
https://openalex.org/T10222,https://openalex.org/T10519,2015,2016,2020,0.6295964561836069,2,11,4,0.15384615384615385,44,16.0,8.0,0,1,0.6842390125465492,false_positive,601
https://openalex.org/T11269,https://openalex.org/T12254,2015,2016,2020,0.6250315695368172,2,9,4,0.18181818181818182,36,16.0,16.0,1,1,0.683924442188228,true_positive,602
https://openalex.org/T10222,https://openalex.org/T10751,2015,2016,2020,0.7699885152890075,2,11,4,0.15384615384615385,44,16.0,4.0,0,1,0.6835893826166739,false_positive,603
https://openalex.org/T11981,https://openalex.org/T13777,2015,2016,2020,1.1764671337579005,2,8,4,0.2,32,14.0,4.0,0,1,0.6834226930834693,false_positive,604
https://openalex.org/T12557,https://openalex.org/T12613,2015,2016,2020,0.713629884087002,2,2,9,0.2222222222222222,18,2.0,20.0,0,1,0.6834172836450297,false_positive,605
https://openalex.org/T10182,https://openalex.org/T10261,2015,2016,2020,0.5581106265512472,1,7,17,0.043478260869565216,119,8.0,32.0,0,1,0.6829716171615998,false_positive,606
https://openalex.org/T10015,https://openalex.org/T12303,2015,2016,2020,0.45511961331341866,1,36,2,0.02702702702702703,72,158.0,2.0,0,1,0.6828926574441341,false_positive,607
https://openalex.org/T10715,https://openalex.org/T11948,2015,2016,2020,0.6213349345596119,1,2,17,0.05555555555555555,34,2.0,24.0,0,1,0.6819633518719014,false_positive,608
https://openalex.org/T10222,https://openalex.org/T12859,2015,2016,2020,0.5979843021794247,2,11,6,0.13333333333333333,66,16.0,8.0,0,1,0.6817722106798803,false_positive,609
https://openalex.org/T11482,https://openalex.org/T13937,2015,2016,2020,0.5979843021794247,2,11,8,0.11764705882352941,88,26.0,12.0,0,1,0.6813988702858141,false_positive,610
https://openalex.org/T10885,https://openalex.org/T12745,2015,2016,2020,0.40242960438184466,1,25,2,0.038461538461538464,50,62.0,4.0,0,1,0.6806316302470414,false_positive,611
https://openalex.org/T11791,https://openalex.org/T13937,2015,2016,2020,0.5979843021794247,2,12,8,0.1111111111111111,96,32.0,12.0,0,1,0.679853243610101,false_positive,612
https://openalex.org/T10222,https://openalex.org/T10621,2015,2016,2020,0.6566437235409995,2,11,6,0.13333333333333333,66,16.0,6.0,0,1,0.6794985874664848,false_positive,613
https://openalex.org/T10887,https://openalex.org/T12601,2015,2016,2020,0.5581106265512472,1,23,2,0.041666666666666664,46,50.0,2.0,0,1,0.6792405221464384,false_positive,615
https://openalex.org/T10887,https://openalex.org/T11347,2015,2016,2020,0.5581106265512472,1,23,2,0.041666666666666664,46,50.0,2.0,0,1,0.6792405221464384,false_positive,614
https://openalex.org/T10222,https://openalex.org/T11928,2015,2016,2020,0.7553857282466059,2,11,3,0.16666666666666666,33,16.0,4.0,0,1,0.6787440003129956,false_positive,616
https://openalex.org/T10462,https://openalex.org/T11512,2015,2016,2020,0.974291058424373,2,4,8,0.2,32,4.0,10.0,0,1,0.6783433854590831,false_positive,617
https://openalex.org/T10321,https://openalex.org/T11907,2015,2016,2020,1.365358839940256,2,5,5,0.25,25,12.0,8.0,0,1,0.6781831912829802,false_positive,618
https://openalex.org/T11879,https://openalex.org/T11970,2015,2016,2020,0.6814849176574682,2,2,9,0.2222222222222222,18,2.0,20.0,0,1,0.6779929432529707,false_positive,619
https://openalex.org/T10102,https://openalex.org/T10804,2015,2016,2020,0.31465798044412485,1,4,17,0.05,68,4.0,34.0,0,1,0.6775635172456561,false_positive,620
https://openalex.org/T10885,https://openalex.org/T12496,2015,2016,2020,0.45511961331341866,1,25,2,0.038461538461538464,50,62.0,2.0,0,1,0.6773416209368733,false_positive,621
https://openalex.org/T12648,https://openalex.org/T13309,2015,2016,2020,0.6753317406663657,2,2,9,0.2222222222222222,18,2.0,20.0,0,1,0.6769490660217655,false_positive,622
https://openalex.org/T10136,https://openalex.org/T11798,2015,2016,2020,0.8035638549721068,2,11,2,0.18181818181818182,22,14.0,2.0,0,1,0.6765926534025644,false_positive,623
https://openalex.org/T10222,https://openalex.org/T12610,2015,2016,2020,0.8268746032241814,2,11,2,0.18181818181818182,22,16.0,2.0,0,1,0.6753614521230723,false_positive,624
https://openalex.org/T10120,https://openalex.org/T10434,2015,2016,2020,0.6250315695368172,2,6,9,0.15384615384615385,54,10.0,14.0,0,1,0.6753187092510222,false_positive,625
https://openalex.org/T11048,https://openalex.org/T11269,2015,2016,2020,0.7341749265890423,2,3,9,0.2,27,4.0,16.0,0,1,0.6752804390097922,false_positive,626
https://openalex.org/T10580,https://openalex.org/T11020,2015,2016,2020,1.365358839940256,2,4,6,0.25,24,6.0,6.0,0,1,0.6749963861662679,false_positive,627
https://openalex.org/T10157,https://openalex.org/T10804,2015,2016,2020,0.31465798044412485,1,4,17,0.05,68,5.0,34.0,0,1,0.6749670341956754,false_positive,628
https://openalex.org/T10275,https://openalex.org/T10382,2015,2016,2020,1.0551557211398157,2,8,5,0.18181818181818182,40,18.0,6.0,0,1,0.6747378731704262,false_positive,629
https://openalex.org/T11468,https://openalex.org/T11577,2015,2016,2020,0.7699885152890075,2,10,6,0.14285714285714285,60,18.0,6.0,0,1,0.674697590726164,false_positive,630
https://openalex.org/T10269,https://openalex.org/T14393,2015,2016,2020,0.9110667504160084,2,9,4,0.18181818181818182,36,10.0,4.0,0,1,0.6746045523170353,false_positive,631
https://openalex.org/T10015,https://openalex.org/T11232,2015,2016,2020,0.40242960438184466,1,36,2,0.02702702702702703,72,158.0,2.0,0,1,0.6739682700982055,false_positive,634
https://openalex.org/T10015,https://openalex.org/T10593,2015,2016,2020,0.40242960438184466,1,36,2,0.02702702702702703,72,158.0,2.0,0,1,0.6739682700982055,false_positive,633
https://openalex.org/T10015,https://openalex.org/T12489,2015,2016,2020,0.40242960438184466,1,36,2,0.02702702702702703,72,158.0,2.0,0,1,0.6739682700982055,false_positive,636
https://openalex.org/T10015,https://openalex.org/T10257,2015,2016,2020,0.40242960438184466,1,36,2,0.02702702702702703,72,158.0,2.0,0,1,0.6739682700982055,false_positive,632
https://openalex.org/T10015,https://openalex.org/T11337,2015,2016,2020,0.40242960438184466,1,36,2,0.02702702702702703,72,158.0,2.0,0,1,0.6739682700982055,false_positive,635
https://openalex.org/T10627,https://openalex.org/T12072,2015,2016,2020,0.8241657271545318,2,9,5,0.16666666666666666,45,12.0,6.0,0,1,0.673913090737033,false_positive,637
https://openalex.org/T11235,https://openalex.org/T11901,2015,2016,2020,0.8194619958060909,2,10,4,0.16666666666666666,40,14.0,4.0,0,1,0.6733739022889595,false_positive,638
https://openalex.org/T13664,https://openalex.org/T13937,2015,2016,2020,0.5979843021794247,2,9,8,0.13333333333333333,72,18.0,12.0,0,1,0.6731584018766334,false_positive,639
https://openalex.org/T10066,https://openalex.org/T10932,2015,2016,2020,0.5897227805554295,2,12,6,0.125,72,26.0,8.0,0,1,0.6728523410428999,false_positive,640
https://openalex.org/T10066,https://openalex.org/T11289,2015,2016,2020,0.5897227805554295,2,12,6,0.125,72,26.0,8.0,0,1,0.6728523410428999,false_positive,641
https://openalex.org/T10222,https://openalex.org/T11629,2015,2016,2020,0.8080757371781798,2,11,2,0.18181818181818182,22,16.0,2.0,0,1,0.6721532323528181,false_positive,642
https://openalex.org/T10015,https://openalex.org/T10123,2015,2016,2020,0.3898712452512801,1,36,2,0.02702702702702703,72,158.0,2.0,0,1,0.6718221357715387,false_positive,643
https://openalex.org/T11024,https://openalex.org/T12880,2015,2016,2020,0.45511961331341866,1,3,18,0.05,54,4.0,26.0,0,1,0.6701489163308765,false_positive,644
https://openalex.org/T11642,https://openalex.org/T11986,2015,2016,2020,0.7599536602386114,2,11,5,0.14285714285714285,55,26.0,6.0,0,1,0.6699063867748921,false_positive,645
https://openalex.org/T10015,https://openalex.org/T10878,2015,2016,2020,0.9040868828124409,2,36,9,0.046511627906976744,324,158.0,14.0,1,1,0.6697328401608107,true_positive,646
https://openalex.org/T10522,https://openalex.org/T10804,2015,2016,2020,0.43429448190325176,1,8,17,0.041666666666666664,136,8.0,34.0,0,1,0.6696217751280881,false_positive,647
https://openalex.org/T10500,https://openalex.org/T10770,2015,2016,2020,0.8513268733274981,2,11,2,0.18181818181818182,22,20.0,2.0,0,1,0.6690919651713763,false_positive,648
https://openalex.org/T13309,https://openalex.org/T13447,2015,2016,2020,1.0764545478730305,2,9,3,0.2,27,20.0,4.0,0,1,0.668555415832134,false_positive,649
https://openalex.org/T10885,https://openalex.org/T11232,2015,2016,2020,0.40242960438184466,1,25,2,0.038461538461538464,50,62.0,2.0,0,1,0.6683368837927317,false_positive,650
https://openalex.org/T10885,https://openalex.org/T12489,2015,2016,2020,0.40242960438184466,1,25,2,0.038461538461538464,50,62.0,2.0,0,1,0.6683368837927317,false_positive,652
https://openalex.org/T10885,https://openalex.org/T11337,2015,2016,2020,0.40242960438184466,1,25,2,0.038461538461538464,50,62.0,2.0,0,1,0.6683368837927317,false_positive,651
https://openalex.org/T12805,https://openalex.org/T13283,2015,2016,2020,0.7213475204444817,1,2,17,0.05555555555555555,34,2.0,19.0,0,1,0.6682878637988087,false_positive,655
https://openalex.org/T13204,https://openalex.org/T13283,2015,2016,2020,0.7213475204444817,1,2,17,0.05555555555555555,34,2.0,19.0,0,1,0.6682878637988087,false_positive,656
https://openalex.org/T11083,https://openalex.org/T13283,2015,2016,2020,0.7213475204444817,1,2,17,0.05555555555555555,34,2.0,19.0,0,1,0.6682878637988087,false_positive,654
https://openalex.org/T10023,https://openalex.org/T13283,2015,2016,2020,0.7213475204444817,1,2,17,0.05555555555555555,34,2.0,19.0,0,1,0.6682878637988087,false_positive,653
https://openalex.org/T11970,https://openalex.org/T13937,2015,2016,2020,0.5979843021794247,2,9,8,0.13333333333333333,72,20.0,12.0,0,1,0.6679183877865137,false_positive,657
https://openalex.org/T11235,https://openalex.org/T12664,2015,2016,2020,0.667614104308886,2,10,3,0.18181818181818182,30,14.0,8.0,0,1,0.6668762029613499,false_positive,658
https://openalex.org/T10012,https://openalex.org/T13937,2015,2016,2020,0.5979843021794247,2,11,8,0.11764705882352941,88,32.0,12.0,0,1,0.6657552341899075,false_positive,659
https://openalex.org/T11879,https://openalex.org/T13664,2015,2016,2020,0.6814849176574682,2,2,9,0.2222222222222222,18,2.0,18.0,0,1,0.6656465160842661,false_positive,660
https://openalex.org/T12134,https://openalex.org/T13664,2015,2016,2020,0.6814849176574682,2,2,9,0.2222222222222222,18,2.0,18.0,0,1,0.6656465160842661,false_positive,661
https://openalex.org/T10015,https://openalex.org/T11629,2015,2016,2020,0.35295612386476116,1,36,2,0.02702702702702703,72,158.0,2.0,0,1,0.6654721482610816,false_positive,662
https://openalex.org/T12648,https://openalex.org/T12880,2015,2016,2020,0.36067376022224085,1,2,18,0.05263157894736842,36,2.0,26.0,0,1,0.6653516965031071,false_positive,665
https://openalex.org/T11590,https://openalex.org/T12880,2015,2016,2020,0.36067376022224085,1,2,18,0.05263157894736842,36,2.0,26.0,0,1,0.6653516965031071,false_positive,663
https://openalex.org/T11944,https://openalex.org/T12880,2015,2016,2020,0.36067376022224085,1,2,18,0.05263157894736842,36,2.0,26.0,0,1,0.6653516965031071,false_positive,664
https://openalex.org/T10066,https://openalex.org/T12640,2015,2016,2020,0.6814849176574682,2,12,2,0.16666666666666666,24,26.0,4.0,0,1,0.6653186761709282,false_positive,666
https://openalex.org/T10378,https://openalex.org/T10581,2015,2016,2020,1.279458146995729,2,2,6,0.3333333333333333,12,4.0,16.0,0,1,0.6648911366152964,false_positive,667
https://openalex.org/T11512,https://openalex.org/T12814,2015,2016,2020,1.0743036443092429,2,8,3,0.2222222222222222,24,10.0,4.0,0,1,0.6648458275552833,false_positive,668
https://openalex.org/T10885,https://openalex.org/T12267,2015,2016,2020,0.40242960438184466,1,25,3,0.037037037037037035,75,62.0,6.0,0,1,0.6647719412615208,false_positive,669
https://openalex.org/T10502,https://openalex.org/T12627,2015,2016,2020,0.8477065430650847,2,7,4,0.2222222222222222,28,8.0,12.0,0,1,0.6647148898260454,false_positive,670
https://openalex.org/T10052,https://openalex.org/T13114,2015,2016,2020,1.013230239864666,2,6,6,0.2,36,6.0,6.0,0,1,0.6644185077564786,false_positive,671
https://openalex.org/T10923,https://openalex.org/T11162,2015,2016,2020,0.7213475204444817,1,6,13,0.05555555555555555,78,6.0,28.0,0,1,0.664308720442089,false_positive,672
https://openalex.org/T10206,https://openalex.org/T11209,2015,2016,2020,0.7213475204444817,1,24,2,0.04,48,78.0,3.0,0,1,0.6637045297310573,false_positive,673
https://openalex.org/T10402,https://openalex.org/T11948,2015,2016,2020,0.5138983423697507,1,2,17,0.05555555555555555,34,2.0,24.0,0,1,0.6636035449883515,false_positive,674
https://openalex.org/T10018,https://openalex.org/T10502,2015,2016,2020,0.8477065430650847,2,8,7,0.15384615384615385,56,20.0,8.0,0,1,0.663305180843163,false_positive,675
https://openalex.org/T10887,https://openalex.org/T13283,2015,2016,2020,0.9605402309330919,2,23,17,0.05263157894736842,391,50.0,19.0,0,1,0.6632587551792836,false_positive,676
https://openalex.org/T10222,https://openalex.org/T11772,2015,2016,2020,0.7553857282466059,2,11,2,0.18181818181818182,22,16.0,2.0,0,1,0.6630757231763681,false_positive,677
https://openalex.org/T11468,https://openalex.org/T11710,2015,2016,2020,0.6295964561836069,2,10,6,0.14285714285714285,60,18.0,8.0,0,1,0.6629595503957462,false_positive,678
https://openalex.org/T10352,https://openalex.org/T10629,2015,2016,2020,0.45511961331341866,1,2,16,0.058823529411764705,32,2.0,28.0,0,1,0.6624814824098278,false_positive,679
https://openalex.org/T11071,https://openalex.org/T11235,2015,2016,2020,0.667614104308886,2,2,10,0.2,20,2.0,14.0,0,1,0.6614330570487521,false_positive,680
https://openalex.org/T11482,https://openalex.org/T11710,2015,2016,2020,0.6295964561836069,2,11,6,0.13333333333333333,66,26.0,8.0,0,1,0.6610267640670554,false_positive,681
https://openalex.org/T10235,https://openalex.org/T10629,2015,2016,2020,0.6213349345596119,1,8,16,0.043478260869565216,128,8.0,28.0,0,1,0.6606052684737209,false_positive,682
https://openalex.org/T12640,https://openalex.org/T13664,2015,2016,2020,0.6814849176574682,2,2,9,0.2222222222222222,18,4.0,18.0,0,1,0.660346835641054,false_positive,683
https://openalex.org/T10064,https://openalex.org/T10320,2015,2016,2020,0.7213475204444817,1,12,17,0.03571428571428571,204,16.0,31.0,0,1,0.6603395942944444,false_positive,684
https://openalex.org/T10885,https://openalex.org/T11629,2015,2016,2020,0.35295612386476116,1,25,2,0.038461538461538464,50,62.0,2.0,0,1,0.6597680944481664,false_positive,686
https://openalex.org/T10885,https://openalex.org/T12292,2015,2016,2020,0.35295612386476116,1,25,2,0.038461538461538464,50,62.0,2.0,0,1,0.6597680944481664,false_positive,687
https://openalex.org/T10885,https://openalex.org/T13126,2015,2016,2020,0.35295612386476116,1,25,2,0.038461538461538464,50,62.0,2.0,0,1,0.6597680944481664,false_positive,688
https://openalex.org/T10885,https://openalex.org/T11206,2015,2016,2020,0.35295612386476116,1,25,2,0.038461538461538464,50,62.0,2.0,0,1,0.6597680944481664,false_positive,685
https://openalex.org/T10540,https://openalex.org/T11162,2015,2016,2020,0.7213475204444817,1,2,13,0.07142857142857142,26,2.0,28.0,0,1,0.6597300269023146,false_positive,689
https://openalex.org/T11791,https://openalex.org/T12859,2015,2016,2020,0.5979843021794247,2,12,6,0.125,72,32.0,8.0,0,1,0.6584443144831736,false_positive,690
https://openalex.org/T10157,https://openalex.org/T11542,2015,2016,2020,0.7697775937575435,2,4,9,0.18181818181818182,36,5.0,10.0,0,1,0.6582327087107559,false_positive,691
https://openalex.org/T10526,https://openalex.org/T11948,2015,2016,2020,0.48089834696298783,1,2,17,0.05555555555555555,34,2.0,24.0,0,1,0.6578601954961514,false_positive,693
https://openalex.org/T11341,https://openalex.org/T11948,2015,2016,2020,0.48089834696298783,1,2,17,0.05555555555555555,34,2.0,24.0,0,1,0.6578601954961514,false_positive,694
https://openalex.org/T10112,https://openalex.org/T11948,2015,2016,2020,0.48089834696298783,1,2,17,0.05555555555555555,34,2.0,24.0,0,1,0.6578601954961514,false_positive,692
https://openalex.org/T10885,https://openalex.org/T11229,2015,2016,2020,0.43429448190325176,1,25,3,0.037037037037037035,75,62.0,4.0,0,1,0.6577694240924873,false_positive,695
https://openalex.org/T10519,https://openalex.org/T11948,2015,2016,2020,0.6213349345596119,1,4,17,0.05,68,8.0,24.0,0,1,0.6577418775364741,false_positive,696
https://openalex.org/T10206,https://openalex.org/T13204,2015,2016,2020,0.7213475204444817,1,24,2,0.04,48,78.0,2.0,0,1,0.6574261556490051,false_positive,701
https://openalex.org/T10206,https://openalex.org/T10254,2015,2016,2020,0.7213475204444817,1,24,2,0.04,48,78.0,2.0,0,1,0.6574261556490051,false_positive,697
https://openalex.org/T10206,https://openalex.org/T11922,2015,2016,2020,0.7213475204444817,1,24,2,0.04,48,78.0,2.0,0,1,0.6574261556490051,false_positive,699
https://openalex.org/T10206,https://openalex.org/T12805,2015,2016,2020,0.7213475204444817,1,24,2,0.04,48,78.0,2.0,0,1,0.6574261556490051,false_positive,700
https://openalex.org/T10206,https://openalex.org/T11238,2015,2016,2020,0.7213475204444817,1,24,2,0.04,48,78.0,2.0,0,1,0.6574261556490051,false_positive,698
https://openalex.org/T12010,https://openalex.org/T14153,2015,2016,2020,0.8268746032241814,2,9,4,0.18181818181818182,36,16.0,6.0,0,1,0.6566863228990333,false_positive,702
https://openalex.org/T11396,https://openalex.org/T11512,2015,2016,2020,0.9479818718025272,2,3,8,0.2222222222222222,24,3.0,10.0,0,1,0.65625473079969,false_positive,703
https://openalex.org/T10036,https://openalex.org/T12072,2015,2016,2020,0.8241657271545318,2,8,5,0.18181818181818182,40,10.0,6.0,0,1,0.6559345751518063,false_positive,704
https://openalex.org/T10885,https://openalex.org/T11764,2015,2016,2020,0.2790553132756236,1,25,3,0.037037037037037035,75,62.0,8.0,0,1,0.6558484007061842,false_positive,705
https://openalex.org/T11482,https://openalex.org/T12859,2015,2016,2020,0.5979843021794247,2,11,6,0.13333333333333333,66,26.0,8.0,0,1,0.6555056424203662,false_positive,706
https://openalex.org/T10018,https://openalex.org/T10657,2015,2016,2020,0.955143135254946,2,8,4,0.2,32,20.0,8.0,0,1,0.654426852841544,false_positive,707
https://openalex.org/T11235,https://openalex.org/T11700,2015,2016,2020,0.667614104308886,2,10,3,0.18181818181818182,30,14.0,6.0,0,1,0.6543208574493458,false_positive,708
https://openalex.org/T10074,https://openalex.org/T10320,2015,2016,2020,0.5138983423697507,1,7,17,0.043478260869565216,119,14.0,31.0,0,1,0.6533900258085428,false_positive,709
https://openalex.org/T10502,https://openalex.org/T11277,2015,2016,2020,0.8477065430650847,2,7,6,0.18181818181818182,42,8.0,6.0,0,1,0.6529212982412661,false_positive,711
https://openalex.org/T10502,https://openalex.org/T10923,2015,2016,2020,0.8477065430650847,2,7,6,0.18181818181818182,42,8.0,6.0,0,1,0.6529212982412661,false_positive,710
https://openalex.org/T10066,https://openalex.org/T11879,2015,2016,2020,0.6814849176574682,2,12,2,0.16666666666666666,24,26.0,2.0,0,1,0.6527351963937508,false_positive,712
https://openalex.org/T10066,https://openalex.org/T12134,2015,2016,2020,0.6814849176574682,2,12,2,0.16666666666666666,24,26.0,2.0,0,1,0.6527351963937508,false_positive,713
https://openalex.org/T11272,https://openalex.org/T11948,2015,2016,2020,0.48089834696298783,1,2,17,0.05555555555555555,34,4.0,24.0,0,1,0.6525015273200241,false_positive,714
https://openalex.org/T10887,https://openalex.org/T13976,2015,2016,2020,0.40242960438184466,1,23,2,0.041666666666666664,46,50.0,2.0,0,1,0.6523560146747002,false_positive,717
https://openalex.org/T10887,https://openalex.org/T11476,2015,2016,2020,0.40242960438184466,1,23,2,0.041666666666666664,46,50.0,2.0,0,1,0.6523560146747002,false_positive,716
https://openalex.org/T10887,https://openalex.org/T11187,2015,2016,2020,0.40242960438184466,1,23,2,0.041666666666666664,46,50.0,2.0,0,1,0.6523560146747002,false_positive,715
https://openalex.org/T11642,https://openalex.org/T11928,2015,2016,2020,0.7553857282466059,2,11,3,0.16666666666666666,33,26.0,4.0,0,1,0.6523549355360452,false_positive,718
https://openalex.org/T11289,https://openalex.org/T13937,2015,2016,2020,0.5979843021794247,2,6,8,0.16666666666666666,48,8.0,12.0,0,1,0.6514491389143939,false_positive,719
https://openalex.org/T11071,https://openalex.org/T12443,2015,2016,2020,0.667614104308886,2,2,8,0.25,16,2.0,20.0,0,1,0.6503008444079247,false_positive,720
https://openalex.org/T10015,https://openalex.org/T12267,2015,2016,2020,0.40242960438184466,1,36,3,0.02631578947368421,108,158.0,6.0,0,1,0.6490927156168637,false_positive,721
https://openalex.org/T11482,https://openalex.org/T12610,2015,2016,2020,0.8268746032241814,2,11,2,0.18181818181818182,22,26.0,2.0,0,1,0.648838286613243,false_positive,722
https://openalex.org/T11542,https://openalex.org/T13447,2015,2016,2020,0.8080757371781798,2,9,3,0.2,27,10.0,4.0,0,1,0.6483708504537251,false_positive,723
https://openalex.org/T10164,https://openalex.org/T10629,2015,2016,2020,0.3459762562611936,1,1,16,0.0625,16,1.0,28.0,0,1,0.6480818148083799,false_positive,724
https://openalex.org/T10191,https://openalex.org/T13114,2015,2016,2020,1.1764671337579005,2,4,6,0.25,24,4.0,6.0,0,1,0.6474692652217211,false_positive,725
https://openalex.org/T10050,https://openalex.org/T10629,2015,2016,2020,0.45511961331341866,1,5,16,0.05,80,5.0,28.0,0,1,0.6474001873967737,false_positive,726
https://openalex.org/T11235,https://openalex.org/T12574,2015,2016,2020,0.667614104308886,2,10,4,0.16666666666666666,40,14.0,4.0,0,1,0.6469338293778631,false_positive,727
https://openalex.org/T10885,https://openalex.org/T11470,2015,2016,2020,0.2790553132756236,1,25,2,0.038461538461538464,50,62.0,2.0,0,1,0.6467728123020134,false_positive,728
https://openalex.org/T10995,https://openalex.org/T11948,2015,2016,2020,0.45511961331341866,1,3,17,0.05263157894736842,51,3.0,24.0,0,1,0.6463304124758772,false_positive,729
https://openalex.org/T11542,https://openalex.org/T12679,2015,2016,2020,0.6753317406663657,2,9,4,0.18181818181818182,36,10.0,6.0,0,1,0.6461279142284626,false_positive,730
https://openalex.org/T10640,https://openalex.org/T13141,2015,2016,2020,0.872152004737665,2,6,6,0.2,36,6.0,7.0,0,1,0.6460027549944566,false_positive,731
https://openalex.org/T11744,https://openalex.org/T11981,2015,2016,2020,0.6753317406663657,2,6,8,0.16666666666666666,48,20.0,14.0,0,1,0.6454625283422258,false_positive,732
https://openalex.org/T10014,https://openalex.org/T11162,2015,2016,2020,0.6213349345596119,1,4,13,0.0625,52,4.0,28.0,0,1,0.6448263159625951,false_positive,733
https://openalex.org/T10496,https://openalex.org/T10629,2015,2016,2020,0.35295612386476116,1,2,16,0.058823529411764705,32,2.0,28.0,0,1,0.64452335989235,false_positive,734
https://openalex.org/T10018,https://openalex.org/T10660,2015,2016,2020,0.9690179556831694,2,8,4,0.2,32,20.0,6.0,0,1,0.644127601861176,false_positive,735
https://openalex.org/T10887,https://openalex.org/T11629,2015,2016,2020,0.35295612386476116,1,23,2,0.041666666666666664,46,50.0,2.0,0,1,0.6435945232694447,false_positive,736
https://openalex.org/T10887,https://openalex.org/T11772,2015,2016,2020,0.35295612386476116,1,23,2,0.041666666666666664,46,50.0,2.0,0,1,0.6435945232694447,false_positive,737
https://openalex.org/T10885,https://openalex.org/T12814,2015,2016,2020,0.35295612386476116,1,25,3,0.037037037037037035,75,62.0,4.0,0,1,0.643415133719914,false_positive,738
https://openalex.org/T10186,https://openalex.org/T10629,2015,2016,2020,0.3459762562611936,1,2,16,0.058823529411764705,32,2.0,28.0,0,1,0.6432807724752019,false_positive,739
https://openalex.org/T10434,https://openalex.org/T11764,2015,2016,2020,0.6960877046998699,2,9,3,0.2,27,14.0,8.0,0,1,0.6432514336261461,false_positive,740
https://openalex.org/T10102,https://openalex.org/T11542,2015,2016,2020,0.667614104308886,2,4,9,0.18181818181818182,36,4.0,10.0,0,1,0.642898695253135,false_positive,741
https://openalex.org/T11269,https://openalex.org/T11396,2015,2016,2020,0.9037695876210308,2,9,3,0.2,27,16.0,3.0,0,1,0.6426816308898048,false_positive,742
https://openalex.org/T10887,https://openalex.org/T12610,2015,2016,2020,0.3459762562611936,1,23,2,0.041666666666666664,46,50.0,2.0,0,1,0.6423504907203027,false_positive,743
https://openalex.org/T10018,https://openalex.org/T11277,2015,2016,2020,0.8477065430650847,2,8,6,0.16666666666666666,48,20.0,6.0,0,1,0.6423274418992845,false_positive,745
https://openalex.org/T10018,https://openalex.org/T10923,2015,2016,2020,0.8477065430650847,2,8,6,0.16666666666666666,48,20.0,6.0,0,1,0.6423274418992845,false_positive,744
https://openalex.org/T10012,https://openalex.org/T11928,2015,2016,2020,0.7872506057680129,2,11,3,0.16666666666666666,33,32.0,4.0,0,1,0.6417545590557205,false_positive,746
https://openalex.org/T11235,https://openalex.org/T12168,2015,2016,2020,0.667614104308886,2,10,3,0.18181818181818182,30,14.0,4.0,0,1,0.6415466586767554,false_positive,747
https://openalex.org/T11512,https://openalex.org/T12072,2015,2016,2020,0.7428273691160412,2,8,5,0.18181818181818182,40,10.0,6.0,0,1,0.6415452646630047,false_positive,748
https://openalex.org/T10715,https://openalex.org/T13937,2015,2016,2020,0.9003902478352355,2,2,8,0.25,16,2.0,12.0,0,1,0.6403947334692027,false_positive,749
https://openalex.org/T10560,https://openalex.org/T13283,2015,2016,2020,0.7213475204444817,1,6,17,0.045454545454545456,102,6.0,19.0,0,1,0.6397949465172158,false_positive,750
https://openalex.org/T10206,https://openalex.org/T12608,2015,2016,2020,0.6213349345596119,1,24,2,0.04,48,78.0,2.0,0,1,0.6397304672612946,false_positive,752
https://openalex.org/T10206,https://openalex.org/T11334,2015,2016,2020,0.6213349345596119,1,24,2,0.04,48,78.0,2.0,0,1,0.6397304672612946,false_positive,751
https://openalex.org/T11347,https://openalex.org/T13283,2015,2016,2020,0.5581106265512472,1,2,17,0.05555555555555555,34,2.0,19.0,0,1,0.6396194446644681,false_positive,754
https://openalex.org/T10249,https://openalex.org/T13283,2015,2016,2020,0.5581106265512472,1,2,17,0.05555555555555555,34,2.0,19.0,0,1,0.6396194446644681,false_positive,753
https://openalex.org/T11277,https://openalex.org/T12627,2015,2016,2020,0.8477065430650847,2,6,4,0.25,24,6.0,12.0,0,1,0.639565438991183,false_positive,756
https://openalex.org/T10923,https://openalex.org/T12627,2015,2016,2020,0.8477065430650847,2,6,4,0.25,24,6.0,12.0,0,1,0.639565438991183,false_positive,755
https://openalex.org/T10012,https://openalex.org/T11289,2015,2016,2020,0.5979843021794247,2,11,6,0.13333333333333333,66,32.0,8.0,0,1,0.63926370020196,false_positive,758
https://openalex.org/T10012,https://openalex.org/T10932,2015,2016,2020,0.5979843021794247,2,11,6,0.13333333333333333,66,32.0,8.0,0,1,0.63926370020196,false_positive,757
https://openalex.org/T10012,https://openalex.org/T12859,2015,2016,2020,0.5979843021794247,2,11,6,0.13333333333333333,66,32.0,8.0,0,1,0.63926370020196,false_positive,759
https://openalex.org/T10136,https://openalex.org/T10804,2015,2016,2020,0.43429448190325176,1,11,17,0.037037037037037035,187,14.0,34.0,0,1,0.6390767184738885,false_positive,760
https://openalex.org/T10269,https://openalex.org/T11928,2015,2016,2020,0.7553857282466059,2,9,3,0.2,27,10.0,4.0,0,1,0.638988522901148,false_positive,761
https://openalex.org/T11060,https://openalex.org/T13283,2015,2016,2020,0.5138983423697507,1,1,17,0.058823529411764705,17,1.0,19.0,0,1,0.6386723392068515,false_positive,762
https://openalex.org/T10084,https://openalex.org/T10629,2015,2016,2020,0.31465798044412485,1,2,16,0.058823529411764705,32,2.0,28.0,0,1,0.6376817784246296,false_positive,763
https://openalex.org/T10057,https://openalex.org/T12761,2015,2016,2020,0.870769592214268,2,8,5,0.18181818181818182,40,20.0,6.0,0,1,0.6371033835852139,false_positive,764
https://openalex.org/T10144,https://openalex.org/T10629,2015,2016,2020,0.35295612386476116,1,3,16,0.05555555555555555,48,4.0,28.0,0,1,0.6368007073868966,false_positive,765
https://openalex.org/T10492,https://openalex.org/T11948,2015,2016,2020,0.36067376022224085,1,2,17,0.05555555555555555,34,2.0,24.0,0,1,0.6365519108873771,false_positive,767
https://openalex.org/T10432,https://openalex.org/T11948,2015,2016,2020,0.36067376022224085,1,2,17,0.05555555555555555,34,2.0,24.0,0,1,0.6365519108873771,false_positive,766
https://openalex.org/T11809,https://openalex.org/T11948,2015,2016,2020,0.36067376022224085,1,2,17,0.05555555555555555,34,2.0,24.0,0,1,0.6365519108873771,false_positive,768
https://openalex.org/T10015,https://openalex.org/T10141,2015,2016,2020,0.40242960438184466,1,36,3,0.02631578947368421,108,158.0,4.0,0,1,0.6362327255290975,false_positive,769
https://openalex.org/T11642,https://openalex.org/T11772,2015,2016,2020,0.7553857282466059,2,11,2,0.18181818181818182,22,26.0,2.0,0,1,0.6360896655090434,false_positive,770
https://openalex.org/T11482,https://openalex.org/T12640,2015,2016,2020,0.6814849176574682,2,11,2,0.18181818181818182,22,26.0,4.0,0,1,0.6357715820458945,false_positive,771
https://openalex.org/T10467,https://openalex.org/T12880,2015,2016,2020,0.6213349345596119,1,9,18,0.038461538461538464,162,13.0,26.0,0,1,0.6355182659288551,false_positive,772
https://openalex.org/T11639,https://openalex.org/T12880,2015,2016,2020,0.36067376022224085,1,5,18,0.045454545454545456,90,6.0,26.0,0,1,0.6352039134850165,false_positive,773
https://openalex.org/T10923,https://openalex.org/T11277,2015,2016,2020,0.8477065430650847,2,6,6,0.2,36,6.0,6.0,0,1,0.6351866969948052,false_positive,774
https://openalex.org/T11235,https://openalex.org/T13555,2015,2016,2020,0.667614104308886,2,10,2,0.2,20,14.0,4.0,0,1,0.6349195843850218,false_positive,775
https://openalex.org/T10052,https://openalex.org/T10824,2015,2016,2020,0.9360179602764065,2,6,5,0.2222222222222222,30,6.0,6.0,0,1,0.6349080734531314,false_positive,776
https://openalex.org/T11710,https://openalex.org/T12859,2015,2016,2020,0.7998273358667889,2,6,6,0.2,36,8.0,8.0,0,1,0.6340527593395645,false_positive,777
https://openalex.org/T10010,https://openalex.org/T10629,2015,2016,2020,0.45511961331341866,1,7,16,0.045454545454545456,112,8.0,28.0,0,1,0.6338997728675899,false_positive,778
https://openalex.org/T10519,https://openalex.org/T11162,2015,2016,2020,0.6213349345596119,1,4,13,0.0625,52,8.0,28.0,0,1,0.6338883515427427,false_positive,779
https://openalex.org/T10836,https://openalex.org/T11162,2015,2016,2020,0.6213349345596119,1,7,13,0.05263157894736842,91,12.0,28.0,0,1,0.6338872214193714,false_positive,780
https://openalex.org/T10120,https://openalex.org/T10261,2015,2016,2020,0.2790553132756236,1,6,17,0.045454545454545456,102,10.0,32.0,0,1,0.6335918307298851,false_positive,781
https://openalex.org/T10008,https://openalex.org/T10629,2015,2016,2020,0.3459762562611936,1,4,16,0.05263157894736842,64,4.0,28.0,0,1,0.6331302048857272,false_positive,782
https://openalex.org/T10836,https://openalex.org/T11948,2015,2016,2020,0.6213349345596119,1,7,17,0.043478260869565216,119,12.0,24.0,0,1,0.6329972434908795,false_positive,783
https://openalex.org/T11871,https://openalex.org/T13309,2015,2016,2020,0.6213349345596119,1,15,9,0.043478260869565216,135,17.0,20.0,0,1,0.6325749260739125,false_positive,784
https://openalex.org/T10211,https://openalex.org/T10303,2015,2016,2020,0.750545005473521,2,8,5,0.18181818181818182,40,14.0,6.0,0,1,0.6319589165985751,false_positive,785
https://openalex.org/T11970,https://openalex.org/T12859,2015,2016,2020,0.5979843021794247,2,9,6,0.15384615384615385,54,20.0,8.0,0,1,0.6316944276331339,false_positive,786
https://openalex.org/T10397,https://openalex.org/T10629,2015,2016,2020,0.35295612386476116,1,3,16,0.05555555555555555,48,6.0,28.0,0,1,0.6312970613927172,false_positive,787
https://openalex.org/T10621,https://openalex.org/T12254,2015,2016,2020,0.6566437235409995,2,6,4,0.25,24,6.0,16.0,0,1,0.6311474107162338,false_positive,788
https://openalex.org/T12880,https://openalex.org/T13447,2015,2016,2020,0.6213349345596119,1,18,3,0.05,54,26.0,4.0,0,1,0.6305926237797943,false_positive,789
https://openalex.org/T10887,https://openalex.org/T11470,2015,2016,2020,0.2790553132756236,1,23,2,0.041666666666666664,46,50.0,2.0,0,1,0.6303276180866566,false_positive,790
https://openalex.org/T10885,https://openalex.org/T11048,2015,2016,2020,0.2790553132756236,1,25,3,0.037037037037037035,75,62.0,4.0,0,1,0.6301453883419953,false_positive,791
https://openalex.org/T10083,https://openalex.org/T10090,2015,2016,2020,0.7213475204444817,1,20,2,0.047619047619047616,40,52.0,2.0,0,1,0.6297091988375944,false_positive,792
https://openalex.org/T10320,https://openalex.org/T10521,2015,2016,2020,0.31066746727980593,1,17,18,0.029411764705882353,306,31.0,50.0,0,1,0.6292143973224978,false_positive,793
https://openalex.org/T10018,https://openalex.org/T10472,2015,2016,2020,0.955143135254946,2,8,4,0.2,32,20.0,4.0,0,1,0.6286777814785904,false_positive,794
https://openalex.org/T10206,https://openalex.org/T10487,2015,2016,2020,0.7213475204444817,1,24,4,0.037037037037037035,96,78.0,6.0,0,1,0.6283213548778261,false_positive,795
https://openalex.org/T10887,https://openalex.org/T12748,2015,2016,2020,0.48089834696298783,1,23,4,0.038461538461538464,92,50.0,4.0,0,1,0.6283142854848072,false_positive,796
https://openalex.org/T10467,https://openalex.org/T10853,2015,2016,2020,0.8668544662345119,2,9,2,0.2222222222222222,18,13.0,2.0,0,1,0.627562118150348,false_positive,797
https://openalex.org/T10102,https://openalex.org/T10629,2015,2016,2020,0.31465798044412485,1,4,16,0.05263157894736842,64,4.0,28.0,0,1,0.6274641554635955,false_positive,798
https://openalex.org/T10015,https://openalex.org/T10995,2015,2016,2020,0.3898712452512801,1,36,3,0.02631578947368421,108,158.0,3.0,0,1,0.6274512258089114,false_positive,799
https://openalex.org/T10036,https://openalex.org/T10689,2015,2016,2020,1.013230239864666,2,8,2,0.25,16,10.0,2.0,0,1,0.6269872952452449,false_positive,800
https://openalex.org/T11078,https://openalex.org/T11597,2015,2016,2020,1.4426950408889634,2,4,4,0.3333333333333333,16,4.0,4.0,0,1,0.6267404029841767,false_positive,801
https://openalex.org/T11468,https://openalex.org/T11772,2015,2016,2020,0.7553857282466059,2,10,2,0.2,20,18.0,2.0,0,1,0.6266997328932264,false_positive,802
https://openalex.org/T11981,https://openalex.org/T12694,2015,2016,2020,1.0673237767056754,2,8,2,0.25,16,14.0,2.0,0,1,0.6257139445079762,false_positive,803
https://openalex.org/T11981,https://openalex.org/T13765,2015,2016,2020,1.0673237767056754,2,8,2,0.25,16,14.0,2.0,0,1,0.6257139445079762,false_positive,804
https://openalex.org/T10211,https://openalex.org/T11986,2015,2016,2020,0.713629884087002,2,8,5,0.18181818181818182,40,14.0,6.0,0,1,0.6252678385743213,false_positive,805
https://openalex.org/T10002,https://openalex.org/T10018,2015,2016,2020,0.6213349345596119,1,16,8,0.043478260869565216,128,28.0,20.0,0,1,0.6249964953882662,false_positive,806
https://openalex.org/T10235,https://openalex.org/T13283,2015,2016,2020,0.7213475204444817,1,8,17,0.041666666666666664,136,8.0,19.0,0,1,0.6246470517513755,false_positive,807
https://openalex.org/T10434,https://openalex.org/T11048,2015,2016,2020,0.7341749265890423,2,9,3,0.2,27,14.0,4.0,0,1,0.62411910363057,false_positive,808
https://openalex.org/T11710,https://openalex.org/T11948,2015,2016,2020,0.48089834696298783,1,6,17,0.045454545454545456,102,8.0,24.0,0,1,0.6234167260389654,false_positive,809
https://openalex.org/T11482,https://openalex.org/T11879,2015,2016,2020,0.6814849176574682,2,11,2,0.18181818181818182,22,26.0,2.0,0,1,0.6227071679194561,false_positive,810
https://openalex.org/T11482,https://openalex.org/T12134,2015,2016,2020,0.6814849176574682,2,11,2,0.18181818181818182,22,26.0,2.0,0,1,0.6227071679194561,false_positive,811
https://openalex.org/T10120,https://openalex.org/T12859,2015,2016,2020,0.7599536602386114,2,6,6,0.2,36,10.0,8.0,0,1,0.621275337667142,false_positive,812
https://openalex.org/T10211,https://openalex.org/T11881,2015,2016,2020,0.750545005473521,2,8,4,0.2,32,14.0,6.0,0,1,0.6212505403170726,false_positive,813
https://openalex.org/T10352,https://openalex.org/T13283,2015,2016,2020,0.45511961331341866,1,2,17,0.05555555555555555,34,2.0,19.0,0,1,0.6209893464858025,false_positive,814
https://openalex.org/T11710,https://openalex.org/T12254,2015,2016,2020,0.6295964561836069,2,6,4,0.25,24,8.0,16.0,0,1,0.620677022084262,false_positive,815
https://openalex.org/T10353,https://openalex.org/T12646,2015,2016,2020,0.8157933735356595,2,7,4,0.2222222222222222,28,8.0,6.0,0,1,0.6204806971391463,false_positive,816
https://openalex.org/T10885,https://openalex.org/T11297,2015,2016,2020,0.3898712452512801,1,25,4,0.03571428571428571,100,62.0,4.0,0,1,0.6202614546671342,false_positive,817
https://openalex.org/T10885,https://openalex.org/T12820,2015,2016,2020,0.3898712452512801,1,25,4,0.03571428571428571,100,62.0,4.0,0,1,0.6202614546671342,false_positive,818
https://openalex.org/T10211,https://openalex.org/T10261,2015,2016,2020,0.318928988903801,1,8,17,0.041666666666666664,136,14.0,32.0,0,1,0.6200454766097092,false_positive,819
https://openalex.org/T10074,https://openalex.org/T10382,2015,2016,2020,0.814706547658322,2,7,5,0.2,35,14.0,6.0,0,1,0.6179415017583771,false_positive,820
https://openalex.org/T10052,https://openalex.org/T10378,2015,2016,2020,1.279458146995729,2,6,2,0.3333333333333333,12,6.0,4.0,0,1,0.6173800008558679,false_positive,821
https://openalex.org/T10609,https://openalex.org/T11239,2015,2016,2020,1.631586747071319,2,5,2,0.4,10,6.0,2.0,0,1,0.6171447590146789,false_positive,822
https://openalex.org/T10467,https://openalex.org/T11519,2015,2016,2020,0.8080757371781798,2,9,2,0.2222222222222222,18,13.0,2.0,0,1,0.6168350411232524,false_positive,823
https://openalex.org/T10526,https://openalex.org/T11162,2015,2016,2020,0.48089834696298783,1,2,13,0.07142857142857142,26,2.0,28.0,0,1,0.6166620918733441,false_positive,825
https://openalex.org/T10112,https://openalex.org/T11162,2015,2016,2020,0.48089834696298783,1,2,13,0.07142857142857142,26,2.0,28.0,0,1,0.6166620918733441,false_positive,824
https://openalex.org/T10120,https://openalex.org/T10621,2015,2016,2020,0.8010958695746122,2,6,6,0.2,36,10.0,6.0,0,1,0.6155978624319381,false_positive,826
https://openalex.org/T10269,https://openalex.org/T11772,2015,2016,2020,0.7553857282466059,2,9,2,0.2222222222222222,18,10.0,2.0,1,1,0.6155746732055265,true_positive,827
https://openalex.org/T10515,https://openalex.org/T11791,2015,2016,2020,0.4170323914242463,1,4,12,0.06666666666666667,48,6.0,32.0,0,1,0.6154244871246812,false_positive,828
https://openalex.org/T10885,https://openalex.org/T13748,2015,2016,2020,0.45511961331341866,1,25,5,0.034482758620689655,125,62.0,6.0,0,1,0.615133667160059,false_positive,829
https://openalex.org/T10120,https://openalex.org/T12254,2015,2016,2020,0.6250315695368172,2,6,4,0.25,24,10.0,16.0,0,1,0.6142372744835045,false_positive,830
https://openalex.org/T10064,https://openalex.org/T11791,2015,2016,2020,0.318928988903801,1,12,12,0.043478260869565216,144,16.0,32.0,0,1,0.6141530901221733,false_positive,831
https://openalex.org/T10522,https://openalex.org/T11287,2015,2016,2020,0.7213475204444817,1,8,13,0.05,104,8.0,20.0,0,1,0.6141260455066131,false_positive,832
https://openalex.org/T10765,https://openalex.org/T13283,2015,2016,2020,0.4170323914242463,1,2,17,0.05555555555555555,34,2.0,19.0,0,1,0.6140049234065613,false_positive,834
https://openalex.org/T10643,https://openalex.org/T13283,2015,2016,2020,0.4170323914242463,1,2,17,0.05555555555555555,34,2.0,19.0,0,1,0.6140049234065613,false_positive,833
https://openalex.org/T13283,https://openalex.org/T14313,2015,2016,2020,0.5138983423697507,1,17,1,0.058823529411764705,17,19.0,1.0,0,1,0.6139997895322942,false_positive,835
https://openalex.org/T10887,https://openalex.org/T11901,2015,2016,2020,0.40242960438184466,1,23,4,0.038461538461538464,92,50.0,4.0,0,1,0.6139787685724544,false_positive,837
https://openalex.org/T10887,https://openalex.org/T11273,2015,2016,2020,0.40242960438184466,1,23,4,0.038461538461538464,92,50.0,4.0,0,1,0.6139787685724544,false_positive,836
https://openalex.org/T10885,https://openalex.org/T12676,2015,2016,2020,0.35295612386476116,1,25,4,0.03571428571428571,100,62.0,4.0,0,1,0.6134877804973841,false_positive,839
https://openalex.org/T10885,https://openalex.org/T11273,2015,2016,2020,0.35295612386476116,1,25,4,0.03571428571428571,100,62.0,4.0,0,1,0.6134877804973841,false_positive,838
https://openalex.org/T10885,https://openalex.org/T14393,2015,2016,2020,0.35295612386476116,1,25,4,0.03571428571428571,100,62.0,4.0,0,1,0.6134877804973841,false_positive,840
https://openalex.org/T10587,https://openalex.org/T11287,2015,2016,2020,0.7213475204444817,1,6,13,0.05555555555555555,78,6.0,20.0,0,1,0.6126680980559384,false_positive,842
https://openalex.org/T10129,https://openalex.org/T11287,2015,2016,2020,0.7213475204444817,1,6,13,0.05555555555555555,78,6.0,20.0,0,1,0.6126680980559384,false_positive,841
https://openalex.org/T13283,https://openalex.org/T14374,2015,2016,2020,0.6213349345596119,1,17,5,0.047619047619047616,85,19.0,6.0,0,1,0.6125206866114399,false_positive,843
https://openalex.org/T12613,https://openalex.org/T12748,2015,2016,2020,0.713629884087002,2,9,4,0.18181818181818182,36,20.0,4.0,0,1,0.6123484600908474,false_positive,844
https://openalex.org/T10179,https://openalex.org/T10382,2015,2016,2020,0.814706547658322,2,7,5,0.2,35,16.0,6.0,0,1,0.612326054750926,false_positive,845
https://openalex.org/T10141,https://openalex.org/T11791,2015,2016,2020,0.40242960438184466,1,3,12,0.07142857142857142,36,4.0,32.0,0,1,0.6119896247478376,false_positive,846
https://openalex.org/T10382,https://openalex.org/T11948,2015,2016,2020,0.36067376022224085,1,5,17,0.047619047619047616,85,6.0,24.0,0,1,0.611757412160767,false_positive,848
https://openalex.org/T10303,https://openalex.org/T11948,2015,2016,2020,0.36067376022224085,1,5,17,0.047619047619047616,85,6.0,24.0,0,1,0.611757412160767,false_positive,847
https://openalex.org/T10887,https://openalex.org/T11297,2015,2016,2020,0.3898712452512801,1,23,4,0.038461538461538464,92,50.0,4.0,0,1,0.6116652779519368,false_positive,849
https://openalex.org/T10887,https://openalex.org/T12820,2015,2016,2020,0.3898712452512801,1,23,4,0.038461538461538464,92,50.0,4.0,0,1,0.6116652779519368,false_positive,850
https://openalex.org/T10320,https://openalex.org/T11612,2015,2016,2020,0.7213475204444817,1,17,2,0.05555555555555555,34,31.0,2.0,0,1,0.6116589607027889,false_positive,852
https://openalex.org/T10320,https://openalex.org/T11476,2015,2016,2020,0.7213475204444817,1,17,2,0.05555555555555555,34,31.0,2.0,0,1,0.6116589607027889,false_positive,851
https://openalex.org/T10282,https://openalex.org/T13283,2015,2016,2020,0.40242960438184466,1,2,17,0.05555555555555555,34,2.0,19.0,0,1,0.6113143970398045,false_positive,853
https://openalex.org/T11187,https://openalex.org/T13283,2015,2016,2020,0.40242960438184466,1,2,17,0.05555555555555555,34,2.0,19.0,0,1,0.6113143970398045,false_positive,854
https://openalex.org/T11270,https://openalex.org/T13283,2015,2016,2020,0.40242960438184466,1,2,17,0.05555555555555555,34,2.0,19.0,0,1,0.6113143970398045,false_positive,855
https://openalex.org/T11476,https://openalex.org/T13283,2015,2016,2020,0.40242960438184466,1,2,17,0.05555555555555555,34,2.0,19.0,0,1,0.6113143970398045,false_positive,856
https://openalex.org/T11337,https://openalex.org/T11791,2015,2016,2020,0.40242960438184466,1,2,12,0.07692307692307693,24,2.0,32.0,0,1,0.6109424739279927,false_positive,858
https://openalex.org/T11232,https://openalex.org/T11791,2015,2016,2020,0.40242960438184466,1,2,12,0.07692307692307693,24,2.0,32.0,0,1,0.6109424739279927,false_positive,857
https://openalex.org/T12947,https://openalex.org/T13283,2015,2016,2020,0.45511961331341866,1,3,17,0.05263157894736842,51,4.0,19.0,0,1,0.6108958182074713,false_positive,859
https://openalex.org/T10798,https://openalex.org/T10995,2015,2016,2020,0.8449908585646988,2,9,3,0.2,27,24.0,3.0,0,1,0.6098083667989117,false_positive,860
https://openalex.org/T10057,https://openalex.org/T10662,2015,2016,2020,0.8513268733274981,2,8,4,0.2,32,20.0,4.0,0,1,0.6096746247184343,false_positive,861
https://openalex.org/T10083,https://openalex.org/T11907,2015,2016,2020,0.7213475204444817,1,20,5,0.041666666666666664,100,52.0,8.0,0,1,0.609622767642289,false_positive,862
https://openalex.org/T10206,https://openalex.org/T10352,2015,2016,2020,0.45511961331341866,1,24,2,0.04,48,78.0,2.0,0,1,0.6094839008219843,false_positive,863
https://openalex.org/T10604,https://openalex.org/T10932,2015,2016,2020,0.5897227805554295,2,8,6,0.16666666666666666,48,20.0,8.0,0,1,0.608540798672905,false_positive,864
https://openalex.org/T10621,https://openalex.org/T11791,2015,2016,2020,0.31066746727980593,1,6,12,0.058823529411764705,72,6.0,32.0,0,1,0.6078892619279843,false_positive,865
https://openalex.org/T10915,https://openalex.org/T11287,2015,2016,2020,0.7213475204444817,1,2,13,0.07142857142857142,26,2.0,20.0,0,1,0.6078008905024037,false_positive,866
https://openalex.org/T10604,https://openalex.org/T10621,2015,2016,2020,0.6566437235409995,2,8,6,0.16666666666666666,48,20.0,6.0,0,1,0.6075766953962333,false_positive,867
https://openalex.org/T11986,https://openalex.org/T12859,2015,2016,2020,0.7599536602386114,2,5,6,0.2222222222222222,30,6.0,8.0,1,1,0.6069197470694139,true_positive,868
https://openalex.org/T10206,https://openalex.org/T11798,2015,2016,2020,0.43429448190325176,1,24,2,0.04,48,78.0,2.0,0,1,0.6056287643187581,false_positive,869
https://openalex.org/T10083,https://openalex.org/T10663,2015,2016,2020,0.48089834696298783,1,20,3,0.045454545454545456,60,52.0,8.0,0,1,0.6054400489040473,false_positive,870
https://openalex.org/T10303,https://openalex.org/T10932,2015,2016,2020,0.750545005473521,2,5,6,0.2222222222222222,30,6.0,8.0,0,1,0.6051756596175011,false_positive,871
https://openalex.org/T10887,https://openalex.org/T14393,2015,2016,2020,0.35295612386476116,1,23,4,0.038461538461538464,92,50.0,4.0,0,1,0.6048359569223077,false_positive,872
https://openalex.org/T11981,https://openalex.org/T13349,2015,2016,2020,0.8010958695746122,2,8,3,0.2222222222222222,24,14.0,4.0,0,1,0.6047756169942464,false_positive,873
https://openalex.org/T11235,https://openalex.org/T11287,2015,2016,2020,0.7213475204444817,1,10,13,0.045454545454545456,130,14.0,20.0,0,1,0.6038816793452099,false_positive,874
https://openalex.org/T10804,https://openalex.org/T11238,2015,2016,2020,0.7213475204444817,1,17,2,0.05555555555555555,34,34.0,2.0,0,1,0.6031748260101235,false_positive,875
https://openalex.org/T10052,https://openalex.org/T10191,2015,2016,2020,0.9360179602764065,2,6,4,0.25,24,6.0,4.0,0,1,0.6030119153655432,false_positive,876
https://openalex.org/T10932,https://openalex.org/T11710,2015,2016,2020,0.6295964561836069,2,6,6,0.2,36,8.0,8.0,1,1,0.6028786731993651,true_positive,877
https://openalex.org/T11289,https://openalex.org/T11710,2015,2016,2020,0.6295964561836069,2,6,6,0.2,36,8.0,8.0,0,1,0.6028786731993651,false_positive,878
https://openalex.org/T10522,https://openalex.org/T11205,2015,2016,2020,0.8513268733274981,2,8,2,0.25,16,8.0,2.0,0,1,0.6028442334396867,false_positive,879
https://openalex.org/T10522,https://openalex.org/T11210,2015,2016,2020,0.8513268733274981,2,8,2,0.25,16,8.0,2.0,0,1,0.6028442334396867,false_positive,880
https://openalex.org/T10804,https://openalex.org/T10821,2015,2016,2020,0.7213475204444817,1,17,4,0.05,68,34.0,6.0,0,1,0.6024797429043859,false_positive,881
https://openalex.org/T10206,https://openalex.org/T10765,2015,2016,2020,0.4170323914242463,1,24,2,0.04,48,78.0,2.0,0,1,0.6024231985702109,false_positive,883
https://openalex.org/T10206,https://openalex.org/T10643,2015,2016,2020,0.4170323914242463,1,24,2,0.04,48,78.0,2.0,0,1,0.6024231985702109,false_positive,882
https://openalex.org/T10320,https://openalex.org/T12254,2015,2016,2020,0.31066746727980593,1,17,4,0.05,68,31.0,16.0,0,1,0.6016989292282117,false_positive,884
https://openalex.org/T10057,https://openalex.org/T10261,2015,2016,2020,0.31066746727980593,1,8,17,0.041666666666666664,136,20.0,32.0,0,1,0.6016075043533693,false_positive,885
https://openalex.org/T10932,https://openalex.org/T11948,2015,2016,2020,0.36067376022224085,1,6,17,0.045454545454545456,102,8.0,24.0,0,1,0.6012635025393146,false_positive,886
https://openalex.org/T10211,https://openalex.org/T10591,2015,2016,2020,0.713629884087002,2,8,4,0.2,32,14.0,4.0,0,1,0.6011345998998349,false_positive,887
https://openalex.org/T10845,https://openalex.org/T13283,2015,2016,2020,0.40242960438184466,1,3,17,0.05263157894736842,51,4.0,19.0,0,1,0.6011287092838029,false_positive,888
https://openalex.org/T10798,https://openalex.org/T12748,2015,2016,2020,0.713629884087002,2,9,4,0.18181818181818182,36,24.0,4.0,0,1,0.6010291487981464,false_positive,889
https://openalex.org/T11542,https://openalex.org/T12648,2015,2016,2020,0.6753317406663657,2,9,2,0.2222222222222222,18,10.0,2.0,0,1,0.6007646154025308,false_positive,890
https://openalex.org/T11970,https://openalex.org/T12610,2015,2016,2020,0.8268746032241814,2,9,2,0.2222222222222222,18,20.0,2.0,0,1,0.600539224295315,false_positive,891
https://openalex.org/T10885,https://openalex.org/T11578,2015,2016,2020,0.2790553132756236,1,25,4,0.03571428571428571,100,62.0,4.0,0,1,0.5997970545461436,false_positive,892
https://openalex.org/T10158,https://openalex.org/T10552,2015,2016,2020,0.7213475204444817,1,9,6,0.07142857142857142,54,12.0,22.0,0,1,0.599723167546446,false_positive,893
https://openalex.org/T10206,https://openalex.org/T10282,2015,2016,2020,0.40242960438184466,1,24,2,0.04,48,78.0,2.0,0,1,0.5997045738611533,false_positive,894
https://openalex.org/T10206,https://openalex.org/T11270,2015,2016,2020,0.40242960438184466,1,24,2,0.04,48,78.0,2.0,0,1,0.5997045738611533,false_positive,895
https://openalex.org/T10083,https://openalex.org/T12442,2015,2016,2020,0.5581106265512472,1,20,2,0.047619047619047616,40,52.0,2.0,0,1,0.5997037311521207,false_positive,902
https://openalex.org/T10083,https://openalex.org/T10859,2015,2016,2020,0.5581106265512472,1,20,2,0.047619047619047616,40,52.0,2.0,0,1,0.5997037311521207,false_positive,900
https://openalex.org/T10083,https://openalex.org/T10107,2015,2016,2020,0.5581106265512472,1,20,2,0.047619047619047616,40,52.0,2.0,0,1,0.5997037311521207,false_positive,896
https://openalex.org/T10083,https://openalex.org/T10413,2015,2016,2020,0.5581106265512472,1,20,2,0.047619047619047616,40,52.0,2.0,0,1,0.5997037311521207,false_positive,897
https://openalex.org/T10083,https://openalex.org/T10440,2015,2016,2020,0.5581106265512472,1,20,2,0.047619047619047616,40,52.0,2.0,0,1,0.5997037311521207,false_positive,898
https://openalex.org/T10083,https://openalex.org/T10540,2015,2016,2020,0.5581106265512472,1,20,2,0.047619047619047616,40,52.0,2.0,0,1,0.5997037311521207,false_positive,899
https://openalex.org/T10083,https://openalex.org/T10913,2015,2016,2020,0.5581106265512472,1,20,2,0.047619047619047616,40,52.0,2.0,0,1,0.5997037311521207,false_positive,901
https://openalex.org/T10382,https://openalex.org/T12627,2015,2016,2020,0.814706547658322,2,5,4,0.2857142857142857,20,6.0,12.0,0,1,0.5985978078798536,false_positive,903
https://openalex.org/T12964,https://openalex.org/T13430,2015,2016,2020,1.1022332815225997,2,5,4,0.2857142857142857,20,6.0,4.0,0,1,0.5984115351435465,false_positive,904
https://openalex.org/T10211,https://openalex.org/T11791,2015,2016,2020,0.318928988903801,1,8,12,0.05263157894736842,96,14.0,32.0,0,1,0.5982095790385635,false_positive,905
https://openalex.org/T10798,https://openalex.org/T12202,2015,2016,2020,0.8745721025919916,2,9,2,0.2222222222222222,18,24.0,2.0,0,1,0.5980401273347972,false_positive,906
https://openalex.org/T10057,https://openalex.org/T10462,2015,2016,2020,0.7872506057680129,2,8,4,0.2,32,20.0,4.0,0,1,0.5977731989281618,false_positive,907
https://openalex.org/T10320,https://openalex.org/T12101,2015,2016,2020,0.7213475204444817,1,17,4,0.05,68,31.0,4.0,0,1,0.597578214361799,false_positive,908
https://openalex.org/T10303,https://openalex.org/T10683,2015,2016,2020,0.750545005473521,2,5,5,0.25,25,6.0,10.0,0,1,0.5975460041361478,false_positive,909
https://openalex.org/T10591,https://openalex.org/T11162,2015,2016,2020,0.36067376022224085,1,4,13,0.0625,52,4.0,28.0,0,1,0.5972438692836368,false_positive,911
https://openalex.org/T10472,https://openalex.org/T11162,2015,2016,2020,0.36067376022224085,1,4,13,0.0625,52,4.0,28.0,0,1,0.5972438692836368,false_positive,910
https://openalex.org/T10932,https://openalex.org/T12859,2015,2016,2020,0.5979843021794247,2,6,6,0.2,36,8.0,8.0,0,1,0.5969878743496497,false_positive,912
https://openalex.org/T11289,https://openalex.org/T12859,2015,2016,2020,0.5979843021794247,2,6,6,0.2,36,8.0,8.0,1,1,0.5969878743496497,true_positive,913
https://openalex.org/T10320,https://openalex.org/T10581,2015,2016,2020,0.43429448190325176,1,17,6,0.045454545454545456,102,31.0,16.0,0,1,0.5967380121538691,false_positive,914
https://openalex.org/T10621,https://openalex.org/T11162,2015,2016,2020,0.3459762562611936,1,6,13,0.05555555555555555,78,6.0,28.0,0,1,0.5965506626929925,false_positive,915
https://openalex.org/T10320,https://openalex.org/T11975,2015,2016,2020,0.7213475204444817,1,17,6,0.045454545454545456,102,31.0,8.0,0,1,0.5964629380555507,false_positive,916
https://openalex.org/T10594,https://openalex.org/T10751,2015,2016,2020,1.2042829971922593,3,3,4,0.75,12,4.0,4.0,0,1,0.5964602376317291,false_positive,917
https://openalex.org/T10637,https://openalex.org/T13283,2015,2016,2020,0.40242960438184466,1,4,17,0.05,68,4.0,19.0,0,1,0.5964555910731899,false_positive,918
https://openalex.org/T10799,https://openalex.org/T13283,2015,2016,2020,0.40242960438184466,1,4,17,0.05,68,4.0,19.0,0,1,0.5964555910731899,false_positive,919
https://openalex.org/T11273,https://openalex.org/T13283,2015,2016,2020,0.40242960438184466,1,4,17,0.05,68,4.0,19.0,0,1,0.5964555910731899,false_positive,920
https://openalex.org/T11948,https://openalex.org/T13937,2015,2016,2020,0.6213349345596119,1,17,8,0.041666666666666664,136,24.0,12.0,0,1,0.5963265774960077,false_positive,921
https://openalex.org/T13283,https://openalex.org/T14484,2015,2016,2020,0.45511961331341866,1,17,2,0.05555555555555555,34,19.0,2.0,0,1,0.5962605111661832,false_positive,922
https://openalex.org/T10885,https://openalex.org/T12072,2015,2016,2020,0.35295612386476116,1,25,5,0.034482758620689655,125,62.0,6.0,0,1,0.5961918931470596,false_positive,923
https://openalex.org/T11542,https://openalex.org/T12880,2015,2016,2020,0.36067376022224085,1,9,18,0.038461538461538464,162,10.0,26.0,0,1,0.5960814997110073,false_positive,924
https://openalex.org/T10320,https://openalex.org/T11791,2015,2016,2020,0.31066746727980593,1,17,12,0.03571428571428571,204,31.0,32.0,0,1,0.5956382944017842,false_positive,925
https://openalex.org/T10120,https://openalex.org/T11948,2015,2016,2020,0.36067376022224085,1,6,17,0.045454545454545456,102,10.0,24.0,0,1,0.5955633603268422,false_positive,926
https://openalex.org/T10857,https://openalex.org/T11791,2015,2016,2020,0.2790553132756236,1,4,12,0.06666666666666667,48,4.0,32.0,0,1,0.5955037381824972,false_positive,927
https://openalex.org/T11578,https://openalex.org/T11791,2015,2016,2020,0.2790553132756236,1,4,12,0.06666666666666667,48,4.0,32.0,0,1,0.5955037381824972,false_positive,928
https://openalex.org/T10382,https://openalex.org/T11162,2015,2016,2020,0.36067376022224085,1,5,13,0.058823529411764705,65,6.0,28.0,0,1,0.5955000443780069,false_positive,929
https://openalex.org/T10084,https://openalex.org/T13283,2015,2016,2020,0.31465798044412485,1,2,17,0.05555555555555555,34,2.0,19.0,0,1,0.5950047065394841,false_positive,930
https://openalex.org/T11071,https://openalex.org/T13283,2015,2016,2020,0.31465798044412485,1,2,17,0.05555555555555555,34,2.0,19.0,0,1,0.5950047065394841,false_positive,931
https://openalex.org/T12648,https://openalex.org/T13283,2015,2016,2020,0.31465798044412485,1,2,17,0.05555555555555555,34,2.0,19.0,0,1,0.5950047065394841,false_positive,932
https://openalex.org/T10015,https://openalex.org/T11881,2015,2016,2020,0.3898712452512801,1,36,4,0.02564102564102564,144,158.0,6.0,0,1,0.5943792334683845,false_positive,933
https://openalex.org/T10432,https://openalex.org/T11162,2015,2016,2020,0.36067376022224085,1,2,13,0.07142857142857142,26,2.0,28.0,0,1,0.5943700551625457,false_positive,934
https://openalex.org/T10064,https://openalex.org/T10261,2015,2016,2020,0.318928988903801,1,12,17,0.03571428571428571,204,16.0,32.0,0,1,0.5939618750239084,false_positive,935
https://openalex.org/T10002,https://openalex.org/T14311,2015,2016,2020,0.7213475204444817,1,16,2,0.058823529411764705,32,28.0,2.0,0,1,0.5939271749453078,false_positive,937
https://openalex.org/T10002,https://openalex.org/T11746,2015,2016,2020,0.7213475204444817,1,16,2,0.058823529411764705,32,28.0,2.0,0,1,0.5939271749453078,false_positive,936
https://openalex.org/T10683,https://openalex.org/T10932,2015,2016,2020,0.750545005473521,2,5,6,0.2222222222222222,30,10.0,8.0,0,1,0.5937858434930339,false_positive,938
https://openalex.org/T10604,https://openalex.org/T11407,2015,2016,2020,0.7657870805932245,2,8,4,0.2,32,20.0,4.0,0,1,0.5937599375431358,false_positive,939
https://openalex.org/T10015,https://openalex.org/T10184,2015,2016,2020,0.45511961331341866,1,36,4,0.02564102564102564,144,158.0,4.0,0,1,0.593090196594574,false_positive,940
https://openalex.org/T11948,https://openalex.org/T13604,2015,2016,2020,0.5138983423697507,1,17,2,0.05555555555555555,34,24.0,2.0,0,1,0.5929670554258656,false_positive,941
https://openalex.org/T10002,https://openalex.org/T10657,2015,2016,2020,0.6213349345596119,1,16,4,0.05263157894736842,64,28.0,8.0,0,1,0.592384819723074,false_positive,942
https://openalex.org/T10206,https://openalex.org/T11590,2015,2016,2020,0.36067376022224085,1,24,2,0.04,48,78.0,2.0,1,1,0.5918973972350939,true_positive,943
https://openalex.org/T10206,https://openalex.org/T11944,2015,2016,2020,0.36067376022224085,1,24,2,0.04,48,78.0,2.0,0,1,0.5918973972350939,false_positive,944
https://openalex.org/T10083,https://openalex.org/T11601,2015,2016,2020,0.5138983423697507,1,20,2,0.047619047619047616,40,52.0,2.0,0,1,0.5914357741162894,false_positive,946
https://openalex.org/T10083,https://openalex.org/T11434,2015,2016,2020,0.5138983423697507,1,20,2,0.047619047619047616,40,52.0,2.0,0,1,0.5914357741162894,false_positive,945
https://openalex.org/T10885,https://openalex.org/T13141,2015,2016,2020,0.45511961331341866,1,25,6,0.03333333333333333,150,62.0,7.0,0,1,0.5910788103896912,false_positive,947
https://openalex.org/T10887,https://openalex.org/T11578,2015,2016,2020,0.2790553132756236,1,23,4,0.038461538461538464,92,50.0,4.0,0,1,0.5910430608773903,false_positive,948
https://openalex.org/T12254,https://openalex.org/T13937,2015,2016,2020,0.5979843021794247,2,4,8,0.2,32,16.0,12.0,0,1,0.5908996203055762,false_positive,949
https://openalex.org/T10222,https://openalex.org/T10320,2015,2016,2020,0.31066746727980593,1,11,17,0.037037037037037035,187,16.0,31.0,0,1,0.5908907696144773,false_positive,950
https://openalex.org/T10120,https://openalex.org/T11791,2015,2016,2020,0.2790553132756236,1,6,12,0.058823529411764705,72,10.0,32.0,0,1,0.5906044927505698,false_positive,951
https://openalex.org/T10206,https://openalex.org/T10496,2015,2016,2020,0.35295612386476116,1,24,2,0.04,48,78.0,2.0,0,1,0.5904491962329107,false_positive,952
https://openalex.org/T10206,https://openalex.org/T10853,2015,2016,2020,0.35295612386476116,1,24,2,0.04,48,78.0,2.0,0,1,0.5904491962329107,false_positive,954
https://openalex.org/T10206,https://openalex.org/T10537,2015,2016,2020,0.35295612386476116,1,24,2,0.04,48,78.0,2.0,0,1,0.5904491962329107,false_positive,953
https://openalex.org/T12443,https://openalex.org/T12679,2015,2016,2020,0.6753317406663657,2,8,4,0.2,32,20.0,6.0,0,1,0.5903237380090575,false_positive,955
https://openalex.org/T10336,https://openalex.org/T11642,2015,2016,2020,0.3898712452512801,1,10,11,0.05,110,11.0,26.0,0,1,0.5902655560670359,false_positive,956
https://openalex.org/T11744,https://openalex.org/T12880,2015,2016,2020,0.36067376022224085,1,6,18,0.043478260869565216,108,20.0,26.0,0,1,0.5889095166083426,false_positive,957
https://openalex.org/T10182,https://openalex.org/T13447,2015,2016,2020,0.8080757371781798,2,7,3,0.25,21,8.0,4.0,0,1,0.5887572843926261,false_positive,958
https://openalex.org/T10206,https://openalex.org/T10397,2015,2016,2020,0.35295612386476116,1,24,3,0.038461538461538464,72,78.0,6.0,0,1,0.5886802423233656,false_positive,959
https://openalex.org/T10353,https://openalex.org/T12748,2015,2016,2020,0.713629884087002,2,7,4,0.2222222222222222,28,8.0,4.0,0,1,0.5881359769214396,false_positive,960
https://openalex.org/T10715,https://openalex.org/T11791,2015,2016,2020,0.2790553132756236,1,2,12,0.07692307692307693,24,2.0,32.0,0,1,0.5879474348879734,false_positive,962
https://openalex.org/T10602,https://openalex.org/T11791,2015,2016,2020,0.2790553132756236,1,2,12,0.07692307692307693,24,2.0,32.0,0,1,0.5879474348879734,false_positive,961
https://openalex.org/T11470,https://openalex.org/T11791,2015,2016,2020,0.2790553132756236,1,2,12,0.07692307692307693,24,2.0,32.0,0,1,0.5879474348879734,false_positive,963
https://openalex.org/T10261,https://openalex.org/T12816,2015,2016,2020,0.7213475204444817,1,17,5,0.047619047619047616,85,32.0,5.0,0,1,0.587439553871795,false_positive,964
https://openalex.org/T11970,https://openalex.org/T12640,2015,2016,2020,0.6814849176574682,2,9,2,0.2222222222222222,18,20.0,4.0,0,1,0.5868197748928022,false_positive,965
https://openalex.org/T13283,https://openalex.org/T13976,2015,2016,2020,0.40242960438184466,1,17,2,0.05555555555555555,34,19.0,2.0,0,1,0.586374771523807,false_positive,966
https://openalex.org/T10281,https://openalex.org/T12627,2015,2016,2020,0.9947966893327386,2,4,4,0.3333333333333333,16,8.0,12.0,0,1,0.5859092662780225,false_positive,967
https://openalex.org/T10885,https://openalex.org/T12592,2015,2016,2020,0.318928988903801,1,25,6,0.03333333333333333,150,62.0,10.0,0,1,0.5858152515865491,false_positive,968
https://openalex.org/T11071,https://openalex.org/T11744,2015,2016,2020,0.667614104308886,2,2,6,0.3333333333333333,12,2.0,20.0,0,1,0.5856115792764143,false_positive,969
https://openalex.org/T10798,https://openalex.org/T11825,2015,2016,2020,0.8080757371781798,2,9,2,0.2222222222222222,18,24.0,2.0,0,1,0.5855689157455243,false_positive,970
https://openalex.org/T11020,https://openalex.org/T11482,2015,2016,2020,0.45511961331341866,1,6,11,0.0625,66,6.0,26.0,0,1,0.585315732485997,false_positive,971
https://openalex.org/T12168,https://openalex.org/T13283,2015,2016,2020,0.31465798044412485,1,3,17,0.05263157894736842,51,4.0,19.0,0,1,0.5846819870791798,false_positive,972
https://openalex.org/T10878,https://openalex.org/T11162,2015,2016,2020,0.3459762562611936,1,9,13,0.047619047619047616,117,14.0,28.0,0,1,0.5842767947354283,false_positive,973
https://openalex.org/T12880,https://openalex.org/T13777,2015,2016,2020,0.45511961331341866,1,18,4,0.047619047619047616,72,26.0,4.0,0,1,0.5839571770210215,false_positive,974
https://openalex.org/T10206,https://openalex.org/T14153,2015,2016,2020,0.48089834696298783,1,24,4,0.037037037037037035,96,78.0,6.0,0,1,0.583786043976235,false_positive,976
https://openalex.org/T10206,https://openalex.org/T10344,2015,2016,2020,0.48089834696298783,1,24,4,0.037037037037037035,96,78.0,6.0,0,1,0.583786043976235,false_positive,975
https://openalex.org/T10640,https://openalex.org/T13283,2015,2016,2020,0.4170323914242463,1,6,17,0.045454545454545456,102,6.0,19.0,0,1,0.5837534868035611,false_positive,977
https://openalex.org/T13283,https://openalex.org/T13555,2015,2016,2020,0.31465798044412485,1,17,2,0.05555555555555555,34,19.0,4.0,0,1,0.5834264852564376,false_positive,978
https://openalex.org/T11871,https://openalex.org/T12945,2015,2016,2020,0.6213349345596119,1,15,1,0.06666666666666667,15,17.0,1.0,0,1,0.5824134275802503,false_positive,979
https://openalex.org/T12880,https://openalex.org/T12947,2015,2016,2020,0.36067376022224085,1,18,3,0.05,54,26.0,4.0,0,1,0.5823384054189472,false_positive,980
https://openalex.org/T10885,https://openalex.org/T11986,2015,2016,2020,0.2790553132756236,1,25,5,0.034482758620689655,125,62.0,6.0,0,1,0.5823056440022121,false_positive,981
https://openalex.org/T10621,https://openalex.org/T13283,2015,2016,2020,0.40242960438184466,1,6,17,0.045454545454545456,102,6.0,19.0,0,1,0.5809959925972126,false_positive,982
https://openalex.org/T10015,https://openalex.org/T12820,2015,2016,2020,0.3898712452512801,1,36,4,0.02564102564102564,144,158.0,4.0,0,1,0.5808090474618696,false_positive,985
https://openalex.org/T10015,https://openalex.org/T11297,2015,2016,2020,0.3898712452512801,1,36,4,0.02564102564102564,144,158.0,4.0,0,1,0.5808090474618696,false_positive,984
https://openalex.org/T10015,https://openalex.org/T10417,2015,2016,2020,0.3898712452512801,1,36,4,0.02564102564102564,144,158.0,4.0,0,1,0.5808090474618696,false_positive,983
https://openalex.org/T10031,https://openalex.org/T10066,2015,2016,2020,0.45511961331341866,1,2,12,0.07692307692307693,24,2.0,26.0,0,1,0.5803412394388471,false_positive,986
https://openalex.org/T10010,https://openalex.org/T13283,2015,2016,2020,0.45511961331341866,1,7,17,0.043478260869565216,119,8.0,19.0,0,1,0.5801712929075816,false_positive,987
https://openalex.org/T12574,https://openalex.org/T13283,2015,2016,2020,0.31465798044412485,1,4,17,0.05,68,4.0,19.0,0,1,0.5799508251477169,false_positive,988
https://openalex.org/T10057,https://openalex.org/T11791,2015,2016,2020,0.31066746727980593,1,8,12,0.05263157894736842,96,20.0,32.0,0,1,0.5794307121955177,false_positive,989
https://openalex.org/T10602,https://openalex.org/T11162,2015,2016,2020,0.2790553132756236,1,2,13,0.07142857142857142,26,2.0,28.0,0,1,0.5790053277116928,false_positive,990
https://openalex.org/T10715,https://openalex.org/T11162,2015,2016,2020,0.2790553132756236,1,2,13,0.07142857142857142,26,2.0,28.0,0,1,0.5790053277116928,false_positive,991
https://openalex.org/T11700,https://openalex.org/T13283,2015,2016,2020,0.31465798044412485,1,3,17,0.05263157894736842,51,6.0,19.0,0,1,0.5789108132073131,false_positive,992
https://openalex.org/T10320,https://openalex.org/T12056,2015,2016,2020,0.6213349345596119,1,17,4,0.05,68,31.0,4.0,0,1,0.5787718389354544,false_positive,994
https://openalex.org/T10320,https://openalex.org/T12002,2015,2016,2020,0.6213349345596119,1,17,4,0.05,68,31.0,4.0,0,1,0.5787718389354544,false_positive,993
https://openalex.org/T10261,https://openalex.org/T10537,2015,2016,2020,0.5581106265512472,1,17,2,0.05555555555555555,34,32.0,2.0,0,1,0.5782740964360471,false_positive,995
https://openalex.org/T10261,https://openalex.org/T11655,2015,2016,2020,0.5581106265512472,1,17,2,0.05555555555555555,34,32.0,2.0,0,1,0.5782740964360471,false_positive,996
https://openalex.org/T11449,https://openalex.org/T13013,2015,2016,2020,1.365358839940256,2,2,5,0.4,10,2.0,6.0,0,1,0.5782101319901052,false_positive,997
https://openalex.org/T10261,https://openalex.org/T10826,2015,2016,2020,0.5581106265512472,1,17,3,0.05263157894736842,51,32.0,4.0,0,1,0.5779812267269714,false_positive,998
https://openalex.org/T10083,https://openalex.org/T10660,2015,2016,2020,0.5138983423697507,1,20,4,0.043478260869565216,80,52.0,6.0,0,1,0.5777079822724527,false_positive,999
https://openalex.org/T11162,https://openalex.org/T11791,2015,2016,2020,0.2790553132756236,1,13,12,0.041666666666666664,156,28.0,32.0,0,1,0.5776995744065799,false_positive,1000
https://openalex.org/T11048,https://openalex.org/T11162,2015,2016,2020,0.2790553132756236,1,3,13,0.06666666666666667,39,4.0,28.0,0,1,0.5776926964194871,false_positive,1001
https://openalex.org/T10064,https://openalex.org/T11642,2015,2016,2020,0.318928988903801,1,12,11,0.045454545454545456,132,16.0,26.0,0,1,0.5776061406183567,false_positive,1003
https://openalex.org/T10064,https://openalex.org/T11482,2015,2016,2020,0.318928988903801,1,12,11,0.045454545454545456,132,16.0,26.0,0,1,0.5776061406183567,false_positive,1002
https://openalex.org/T11764,https://openalex.org/T11791,2015,2016,2020,0.2790553132756236,1,3,12,0.07142857142857142,36,8.0,32.0,0,1,0.5774843119433318,false_positive,1004
https://openalex.org/T10191,https://openalex.org/T10824,2015,2016,2020,0.9360179602764065,2,4,5,0.2857142857142857,20,4.0,6.0,0,1,0.5771950320732492,false_positive,1005
https://openalex.org/T10157,https://openalex.org/T13283,2015,2016,2020,0.31465798044412485,1,4,17,0.05,68,5.0,19.0,0,1,0.5770589530962007,false_positive,1006
https://openalex.org/T11981,https://openalex.org/T13051,2015,2016,2020,0.8010958695746122,2,8,2,0.25,16,14.0,2.0,1,1,0.5761946042030888,true_positive,1007
https://openalex.org/T10932,https://openalex.org/T11881,2015,2016,2020,0.750545005473521,2,6,4,0.25,24,8.0,6.0,0,1,0.5759846500924142,false_positive,1008
https://openalex.org/T12443,https://openalex.org/T12574,2015,2016,2020,0.667614104308886,2,8,4,0.2,32,20.0,4.0,0,1,0.575251080758629,false_positive,1009
https://openalex.org/T10206,https://openalex.org/T13447,2015,2016,2020,0.35295612386476116,1,24,3,0.038461538461538464,72,78.0,4.0,0,1,0.5750557058917425,false_positive,1010
https://openalex.org/T12443,https://openalex.org/T12880,2015,2016,2020,0.36067376022224085,1,8,18,0.04,144,20.0,26.0,0,1,0.5745466709825434,false_positive,1011
https://openalex.org/T10932,https://openalex.org/T11986,2015,2016,2020,0.6397290734978645,2,6,5,0.2222222222222222,30,8.0,6.0,0,1,0.5743373369613876,false_positive,1012
https://openalex.org/T12679,https://openalex.org/T13283,2015,2016,2020,0.31465798044412485,1,4,17,0.05,68,6.0,19.0,0,1,0.5741617904434024,false_positive,1013
https://openalex.org/T10184,https://openalex.org/T11482,2015,2016,2020,0.45511961331341866,1,4,11,0.07142857142857142,44,4.0,26.0,0,1,0.5740917703868126,false_positive,1014
https://openalex.org/T10182,https://openalex.org/T10537,2015,2016,2020,0.9110667504160084,2,7,2,0.2857142857142857,14,8.0,2.0,0,1,0.57405483722986,false_positive,1015
https://openalex.org/T10015,https://openalex.org/T14393,2015,2016,2020,0.35295612386476116,1,36,4,0.02564102564102564,144,158.0,4.0,0,1,0.5738151762008572,false_positive,1016
https://openalex.org/T10478,https://openalex.org/T10502,2015,2016,2020,0.8477065430650847,2,2,7,0.2857142857142857,14,2.0,8.0,0,1,0.573738810089342,false_positive,1017
https://openalex.org/T11970,https://openalex.org/T12134,2015,2016,2020,0.6814849176574682,2,9,2,0.2222222222222222,18,20.0,2.0,0,1,0.5731782942878848,false_positive,1018
https://openalex.org/T12664,https://openalex.org/T13283,2015,2016,2020,0.31465798044412485,1,3,17,0.05263157894736842,51,8.0,19.0,0,1,0.5731179954719302,false_positive,1019
https://openalex.org/T10320,https://openalex.org/T11434,2015,2016,2020,0.5138983423697507,1,17,2,0.05555555555555555,34,31.0,2.0,0,1,0.572785591374212,false_positive,1020
https://openalex.org/T10320,https://openalex.org/T11992,2015,2016,2020,0.5138983423697507,1,17,2,0.05555555555555555,34,31.0,2.0,0,1,0.572785591374212,false_positive,1022
https://openalex.org/T10320,https://openalex.org/T11601,2015,2016,2020,0.5138983423697507,1,17,2,0.05555555555555555,34,31.0,2.0,0,1,0.572785591374212,false_positive,1021
https://openalex.org/T10751,https://openalex.org/T11577,2015,2016,2020,0.7699885152890075,2,4,6,0.25,24,4.0,6.0,0,1,0.5725688252028426,false_positive,1023
https://openalex.org/T11948,https://openalex.org/T12529,2015,2016,2020,0.48089834696298783,1,17,4,0.05,68,24.0,4.0,0,1,0.5724163511811918,false_positive,1024
https://openalex.org/T10083,https://openalex.org/T10857,2015,2016,2020,0.5581106265512472,1,20,4,0.043478260869565216,80,52.0,4.0,0,1,0.5724110173837547,false_positive,1025
https://openalex.org/T10320,https://openalex.org/T10604,2015,2016,2020,0.31066746727980593,1,17,8,0.041666666666666664,136,31.0,20.0,0,1,0.5719891553468217,false_positive,1026
https://openalex.org/T10064,https://openalex.org/T10136,2015,2016,2020,0.7213475204444817,1,12,11,0.045454545454545456,132,16.0,14.0,0,1,0.5718431395850767,false_positive,1027
https://openalex.org/T10887,https://openalex.org/T11369,2015,2016,2020,0.3898712452512801,1,23,7,0.034482758620689655,161,50.0,10.0,0,1,0.5717232864524839,false_positive,1028
https://openalex.org/T12002,https://openalex.org/T12535,2015,2016,2020,0.6213349345596119,1,4,13,0.0625,52,4.0,17.0,0,1,0.5715934362560692,false_positive,1029
https://openalex.org/T12056,https://openalex.org/T12535,2015,2016,2020,0.6213349345596119,1,4,13,0.0625,52,4.0,17.0,0,1,0.5715934362560692,false_positive,1030
https://openalex.org/T10448,https://openalex.org/T11304,2015,2016,2020,1.1162212531024944,2,3,4,0.4,12,4.0,12.0,0,1,0.571377585296296,false_positive,1031
https://openalex.org/T12443,https://openalex.org/T12947,2015,2016,2020,0.713629884087002,2,8,3,0.2222222222222222,24,20.0,4.0,0,1,0.5710986574399669,false_positive,1032
https://openalex.org/T10320,https://openalex.org/T10429,2015,2016,2020,0.43429448190325176,1,17,3,0.05263157894736842,51,31.0,6.0,0,1,0.5710711788580239,false_positive,1033
https://openalex.org/T10220,https://openalex.org/T10500,2015,2016,2020,0.7213475204444817,1,2,11,0.08333333333333333,22,2.0,20.0,0,1,0.571037060208935,false_positive,1034
https://openalex.org/T10224,https://openalex.org/T11090,2015,2016,2020,1.631586747071319,2,2,4,0.5,8,2.0,6.0,0,1,0.5707284482619254,false_positive,1035
https://openalex.org/T11369,https://openalex.org/T11642,2015,2016,2020,0.3898712452512801,1,7,11,0.058823529411764705,77,10.0,26.0,0,1,0.5695653205316714,false_positive,1036
https://openalex.org/T10320,https://openalex.org/T11642,2015,2016,2020,0.31066746727980593,1,17,11,0.037037037037037035,187,31.0,26.0,0,1,0.5693658251304664,false_positive,1038
https://openalex.org/T10320,https://openalex.org/T11482,2015,2016,2020,0.31066746727980593,1,17,11,0.037037037037037035,187,31.0,26.0,0,1,0.5693658251304664,false_positive,1037
https://openalex.org/T10416,https://openalex.org/T13283,2015,2016,2020,0.31465798044412485,1,5,17,0.047619047619047616,85,6.0,19.0,0,1,0.5692936446116018,false_positive,1039
https://openalex.org/T10057,https://openalex.org/T11739,2015,2016,2020,0.8513268733274981,2,8,2,0.25,16,20.0,2.0,0,1,0.5683228131621982,false_positive,1041
https://openalex.org/T10057,https://openalex.org/T10323,2015,2016,2020,0.8513268733274981,2,8,2,0.25,16,20.0,2.0,0,1,0.5683228131621982,false_positive,1040
https://openalex.org/T11975,https://openalex.org/T12535,2015,2016,2020,0.6213349345596119,1,6,13,0.05555555555555555,78,8.0,17.0,0,1,0.5678699300491391,false_positive,1042
https://openalex.org/T10885,https://openalex.org/T11369,2015,2016,2020,0.3898712452512801,1,25,7,0.03225806451612903,175,62.0,10.0,0,1,0.5678604398013177,false_positive,1043
https://openalex.org/T10798,https://openalex.org/T12557,2015,2016,2020,0.713629884087002,2,9,2,0.2222222222222222,18,24.0,2.0,0,1,0.5676693737532681,false_positive,1044
https://openalex.org/T10018,https://openalex.org/T10478,2015,2016,2020,0.8477065430650847,2,8,2,0.25,16,20.0,2.0,0,1,0.5676330875867125,false_positive,1046
https://openalex.org/T10018,https://openalex.org/T10338,2015,2016,2020,0.8477065430650847,2,8,2,0.25,16,20.0,2.0,0,1,0.5676330875867125,false_positive,1045
https://openalex.org/T10015,https://openalex.org/T10683,2015,2016,2020,0.3898712452512801,1,36,5,0.025,180,158.0,10.0,0,1,0.567300014553087,false_positive,1047
https://openalex.org/T10799,https://openalex.org/T11901,2015,2016,2020,1.1237771248263264,2,4,4,0.3333333333333333,16,4.0,4.0,0,1,0.5672518301610776,false_positive,1048
https://openalex.org/T10158,https://openalex.org/T11287,2015,2016,2020,0.5138983423697507,1,9,13,0.047619047619047616,117,12.0,20.0,1,1,0.567200331772759,true_positive,1049
https://openalex.org/T10857,https://openalex.org/T10932,2015,2016,2020,0.6689265585269037,2,4,6,0.25,24,4.0,8.0,0,1,0.5670628605825636,false_positive,1050
https://openalex.org/T10320,https://openalex.org/T10400,2015,2016,2020,0.48089834696298783,1,17,2,0.05555555555555555,34,31.0,2.0,0,1,0.5665045805505363,false_positive,1051
https://openalex.org/T10320,https://openalex.org/T13429,2015,2016,2020,0.48089834696298783,1,17,2,0.05555555555555555,34,31.0,2.0,0,1,0.5665045805505363,false_positive,1052
https://openalex.org/T10068,https://openalex.org/T13283,2015,2016,2020,0.45511961331341866,1,8,17,0.041666666666666664,136,11.0,19.0,0,1,0.5663657019390999,false_positive,1053
https://openalex.org/T10044,https://openalex.org/T12254,2015,2016,2020,0.3459762562611936,1,16,4,0.05263157894736842,64,38.0,16.0,0,1,0.5659771511769748,false_positive,1054
https://openalex.org/T11577,https://openalex.org/T11642,2015,2016,2020,0.35295612386476116,1,6,11,0.0625,66,6.0,26.0,0,1,0.5659419633965561,false_positive,1055
https://openalex.org/T10643,https://openalex.org/T11871,2015,2016,2020,0.4170323914242463,1,2,15,0.0625,30,2.0,17.0,0,1,0.5657885436524192,false_positive,1056
https://openalex.org/T10765,https://openalex.org/T11871,2015,2016,2020,0.4170323914242463,1,2,15,0.0625,30,2.0,17.0,0,1,0.5657885436524192,false_positive,1057
https://openalex.org/T10770,https://openalex.org/T11871,2015,2016,2020,0.4170323914242463,1,2,15,0.0625,30,2.0,17.0,0,1,0.5657885436524192,false_positive,1058
https://openalex.org/T10429,https://openalex.org/T11304,2015,2016,2020,1.1162212531024944,2,3,4,0.4,12,6.0,12.0,0,1,0.5655589055644824,false_positive,1059
https://openalex.org/T10878,https://openalex.org/T11482,2015,2016,2020,0.3459762562611936,1,9,11,0.05263157894736842,99,14.0,26.0,0,1,0.5655339123608182,false_positive,1060
https://openalex.org/T10878,https://openalex.org/T11642,2015,2016,2020,0.3459762562611936,1,9,11,0.05263157894736842,99,14.0,26.0,1,1,0.5655339123608182,true_positive,1061
https://openalex.org/T12535,https://openalex.org/T13664,2015,2016,2020,0.45511961331341866,1,13,9,0.047619047619047616,117,17.0,18.0,0,1,0.56525397555648,false_positive,1062
https://openalex.org/T11289,https://openalex.org/T11407,2015,2016,2020,0.7657870805932245,2,6,4,0.25,24,8.0,4.0,0,1,0.5651627773948796,false_positive,1063
https://openalex.org/T10629,https://openalex.org/T11376,2015,2016,2020,0.6213349345596119,1,16,4,0.05263157894736842,64,28.0,4.0,0,1,0.5650851306967939,false_positive,1064
https://openalex.org/T10885,https://openalex.org/T11577,2015,2016,2020,0.35295612386476116,1,25,6,0.03333333333333333,150,62.0,6.0,0,1,0.5649077839681728,false_positive,1065
https://openalex.org/T10887,https://openalex.org/T13984,2015,2016,2020,0.35295612386476116,1,23,6,0.03571428571428571,138,50.0,6.0,0,1,0.564520113161194,false_positive,1066
https://openalex.org/T10243,https://openalex.org/T10629,2015,2016,2020,0.31465798044412485,1,12,16,0.037037037037037035,192,18.0,28.0,0,1,0.5642938479453072,false_positive,1067
https://openalex.org/T10083,https://openalex.org/T12676,2015,2016,2020,0.5138983423697507,1,20,4,0.043478260869565216,80,52.0,4.0,0,1,0.5639891894329842,false_positive,1068
https://openalex.org/T11948,https://openalex.org/T13104,2015,2016,2020,0.36067376022224085,1,17,2,0.05555555555555555,34,24.0,2.0,0,1,0.5639674639941185,false_positive,1069
https://openalex.org/T10261,https://openalex.org/T10277,2015,2016,2020,0.5581106265512472,1,17,4,0.05,68,32.0,4.0,0,1,0.5638460202478305,false_positive,1070
https://openalex.org/T10044,https://openalex.org/T10519,2015,2016,2020,0.6213349345596119,1,16,4,0.05263157894736842,64,38.0,8.0,0,1,0.5634643341448428,false_positive,1071
https://openalex.org/T10282,https://openalex.org/T11871,2015,2016,2020,0.40242960438184466,1,2,15,0.0625,30,2.0,17.0,0,1,0.563001130097551,false_positive,1072
https://openalex.org/T11270,https://openalex.org/T11871,2015,2016,2020,0.40242960438184466,1,2,15,0.0625,30,2.0,17.0,0,1,0.563001130097551,false_positive,1073
https://openalex.org/T10417,https://openalex.org/T11871,2015,2016,2020,0.43429448190325176,1,4,15,0.05555555555555555,60,4.0,17.0,0,1,0.5627883669259544,false_positive,1074
https://openalex.org/T10472,https://openalex.org/T10657,2015,2016,2020,0.955143135254946,2,4,4,0.3333333333333333,16,4.0,8.0,0,1,0.5626010825405243,false_positive,1075
https://openalex.org/T10591,https://openalex.org/T10683,2015,2016,2020,0.713629884087002,2,4,5,0.2857142857142857,20,4.0,10.0,0,1,0.5623270887578755,false_positive,1076
https://openalex.org/T10417,https://openalex.org/T11642,2015,2016,2020,0.3898712452512801,1,4,11,0.07142857142857142,44,4.0,26.0,0,1,0.5616610074141861,false_positive,1077
https://openalex.org/T11297,https://openalex.org/T11642,2015,2016,2020,0.3898712452512801,1,4,11,0.07142857142857142,44,4.0,26.0,0,1,0.5616610074141861,false_positive,1078
https://openalex.org/T10031,https://openalex.org/T11482,2015,2016,2020,0.45511961331341866,1,2,11,0.08333333333333333,22,2.0,26.0,0,1,0.5615344690939525,false_positive,1079
https://openalex.org/T10206,https://openalex.org/T10417,2015,2016,2020,0.43429448190325176,1,24,4,0.037037037037037035,96,78.0,4.0,0,1,0.5612281690172792,false_positive,1080
https://openalex.org/T10466,https://openalex.org/T10644,2015,2016,2020,1.344533708530089,2,3,4,0.4,12,4.0,4.0,0,1,0.5598921037634694,false_positive,1081
https://openalex.org/T10320,https://openalex.org/T10770,2015,2016,2020,0.43429448190325176,1,17,2,0.05555555555555555,34,31.0,2.0,0,1,0.5575982349469768,false_positive,1083
https://openalex.org/T10320,https://openalex.org/T10323,2015,2016,2020,0.43429448190325176,1,17,2,0.05555555555555555,34,31.0,2.0,0,1,0.5575982349469768,false_positive,1082
https://openalex.org/T10320,https://openalex.org/T11205,2015,2016,2020,0.43429448190325176,1,17,2,0.05555555555555555,34,31.0,2.0,0,1,0.5575982349469768,false_positive,1084
https://openalex.org/T10320,https://openalex.org/T11210,2015,2016,2020,0.43429448190325176,1,17,2,0.05555555555555555,34,31.0,2.0,0,1,0.5575982349469768,false_positive,1085
https://openalex.org/T10320,https://openalex.org/T12303,2015,2016,2020,0.43429448190325176,1,17,2,0.05555555555555555,34,31.0,2.0,0,1,0.5575982349469768,false_positive,1089
https://openalex.org/T10320,https://openalex.org/T12015,2015,2016,2020,0.43429448190325176,1,17,2,0.05555555555555555,34,31.0,2.0,0,1,0.5575982349469768,false_positive,1088
https://openalex.org/T10320,https://openalex.org/T11739,2015,2016,2020,0.43429448190325176,1,17,2,0.05555555555555555,34,31.0,2.0,0,1,0.5575982349469768,false_positive,1087
https://openalex.org/T10320,https://openalex.org/T11659,2015,2016,2020,0.43429448190325176,1,17,2,0.05555555555555555,34,31.0,2.0,0,1,0.5575982349469768,false_positive,1086
https://openalex.org/T11396,https://openalex.org/T11871,2015,2016,2020,0.3898712452512801,1,3,15,0.058823529411764705,45,3.0,17.0,0,1,0.5575311874198797,false_positive,1090
https://openalex.org/T10320,https://openalex.org/T11970,2015,2016,2020,0.31066746727980593,1,17,9,0.04,153,31.0,20.0,0,1,0.5573985329363985,false_positive,1091
https://openalex.org/T10066,https://openalex.org/T10320,2015,2016,2020,0.31066746727980593,1,12,17,0.03571428571428571,204,26.0,31.0,0,1,0.5565947027708954,false_positive,1092
https://openalex.org/T10631,https://openalex.org/T11287,2015,2016,2020,0.43429448190325176,1,4,13,0.0625,52,4.0,20.0,0,1,0.5565422225247939,false_positive,1093
https://openalex.org/T10521,https://openalex.org/T10798,2015,2016,2020,0.3898712452512801,1,18,9,0.038461538461538464,162,50.0,24.0,0,1,0.5561910126789873,false_positive,1094
https://openalex.org/T10320,https://openalex.org/T10887,2015,2016,2020,0.31066746727980593,1,17,23,0.02564102564102564,391,31.0,50.0,0,1,0.5558209507022284,false_positive,1095
https://openalex.org/T10206,https://openalex.org/T11901,2015,2016,2020,0.40242960438184466,1,24,4,0.037037037037037035,96,78.0,4.0,0,1,0.5551269381247985,false_positive,1096
https://openalex.org/T10002,https://openalex.org/T13604,2015,2016,2020,0.5138983423697507,1,16,2,0.058823529411764705,32,28.0,2.0,0,1,0.5545714221282648,false_positive,1098
https://openalex.org/T10002,https://openalex.org/T10402,2015,2016,2020,0.5138983423697507,1,16,2,0.058823529411764705,32,28.0,2.0,0,1,0.5545714221282648,false_positive,1097
https://openalex.org/T10044,https://openalex.org/T10836,2015,2016,2020,0.6213349345596119,1,16,7,0.045454545454545456,112,38.0,12.0,0,1,0.5544072139867748,false_positive,1099
https://openalex.org/T10895,https://openalex.org/T11880,2015,2016,2020,1.3426824550040934,2,3,4,0.4,12,6.0,4.0,0,1,0.5536840371185487,false_positive,1100
https://openalex.org/T10583,https://openalex.org/T11287,2015,2016,2020,0.43429448190325176,1,2,13,0.07142857142857142,26,2.0,20.0,0,1,0.5535950600727171,false_positive,1102
https://openalex.org/T10549,https://openalex.org/T11287,2015,2016,2020,0.43429448190325176,1,2,13,0.07142857142857142,26,2.0,20.0,0,1,0.5535950600727171,false_positive,1101
https://openalex.org/T10929,https://openalex.org/T11287,2015,2016,2020,0.43429448190325176,1,2,13,0.07142857142857142,26,2.0,20.0,0,1,0.5535950600727171,false_positive,1103
https://openalex.org/T10751,https://openalex.org/T11287,2015,2016,2020,0.4170323914242463,1,4,13,0.0625,52,4.0,20.0,0,1,0.5532319988692489,false_positive,1104
https://openalex.org/T10521,https://openalex.org/T11187,2015,2016,2020,0.5581106265512472,1,18,2,0.05263157894736842,36,50.0,2.0,0,1,0.5526220827571181,false_positive,1105
https://openalex.org/T10211,https://openalex.org/T11482,2015,2016,2020,0.318928988903801,1,8,11,0.05555555555555555,88,14.0,26.0,0,1,0.5524069012410064,false_positive,1106
https://openalex.org/T10211,https://openalex.org/T11642,2015,2016,2020,0.318928988903801,1,8,11,0.05555555555555555,88,14.0,26.0,0,1,0.5524069012410064,false_positive,1107
https://openalex.org/T11981,https://openalex.org/T12648,2015,2016,2020,0.6753317406663657,2,8,2,0.25,16,14.0,2.0,0,1,0.5521908567379341,false_positive,1108
https://openalex.org/T10015,https://openalex.org/T10062,2015,2016,2020,0.45511961331341866,1,36,5,0.025,180,158.0,6.0,0,1,0.5521833591333152,false_positive,1109
https://openalex.org/T10269,https://openalex.org/T11287,2015,2016,2020,0.40242960438184466,1,9,13,0.047619047619047616,117,10.0,20.0,0,1,0.5517173714693657,false_positive,1110
https://openalex.org/T11064,https://openalex.org/T11763,2015,2016,2020,1.531574161186449,2,2,4,0.5,8,2.0,6.0,0,1,0.5516088160856881,false_positive,1111
https://openalex.org/T10683,https://openalex.org/T11986,2015,2016,2020,0.713629884087002,2,5,5,0.25,25,10.0,6.0,0,1,0.5516013269514535,false_positive,1112
https://openalex.org/T10257,https://openalex.org/T11482,2015,2016,2020,0.40242960438184466,1,2,11,0.08333333333333333,22,2.0,26.0,0,1,0.5514381075098356,false_positive,1113
https://openalex.org/T10593,https://openalex.org/T11482,2015,2016,2020,0.40242960438184466,1,2,11,0.08333333333333333,22,2.0,26.0,0,1,0.5514381075098356,false_positive,1114
https://openalex.org/T10261,https://openalex.org/T10769,2015,2016,2020,0.4170323914242463,1,17,2,0.05555555555555555,34,32.0,2.0,0,1,0.5513577091695643,false_positive,1115
https://openalex.org/T11106,https://openalex.org/T12535,2015,2016,2020,0.5138983423697507,1,4,13,0.0625,52,4.0,17.0,0,1,0.5510565531435571,false_positive,1116
https://openalex.org/T10176,https://openalex.org/T11287,2015,2016,2020,0.43429448190325176,1,4,13,0.0625,52,6.0,20.0,0,1,0.5506805207358029,false_positive,1117
https://openalex.org/T10024,https://openalex.org/T10247,2015,2016,2020,1.0764545478730305,2,3,4,0.4,12,4.0,10.0,0,1,0.5499813200150296,false_positive,1118
https://openalex.org/T10062,https://openalex.org/T10604,2015,2016,2020,0.7213475204444817,1,5,8,0.08333333333333333,40,6.0,20.0,0,1,0.5497836956350332,false_positive,1119
https://openalex.org/T10206,https://openalex.org/T13117,2015,2016,2020,0.45511961331341866,1,24,5,0.03571428571428571,120,78.0,6.0,0,1,0.5494956296077199,false_positive,1120
https://openalex.org/T11948,https://openalex.org/T12044,2015,2016,2020,0.36067376022224085,1,17,4,0.05,68,24.0,4.0,0,1,0.5494312964242937,false_positive,1121
https://openalex.org/T10243,https://openalex.org/T10500,2015,2016,2020,0.4170323914242463,1,12,11,0.045454545454545456,132,18.0,20.0,0,1,0.5491884897182828,false_positive,1122
https://openalex.org/T10123,https://openalex.org/T11642,2015,2016,2020,0.3898712452512801,1,2,11,0.08333333333333333,22,2.0,26.0,0,1,0.5490251076062732,false_positive,1123
https://openalex.org/T10804,https://openalex.org/T11798,2015,2016,2020,0.43429448190325176,1,17,2,0.05555555555555555,34,34.0,2.0,0,1,0.5488042568243752,false_positive,1124
https://openalex.org/T10462,https://openalex.org/T12072,2015,2016,2020,0.7872506057680129,2,4,5,0.2857142857142857,20,4.0,6.0,0,1,0.5487855034525727,false_positive,1125
https://openalex.org/T10836,https://openalex.org/T11642,2015,2016,2020,0.31066746727980593,1,7,11,0.058823529411764705,77,12.0,26.0,0,1,0.5485623153798117,false_positive,1127
https://openalex.org/T10836,https://openalex.org/T11482,2015,2016,2020,0.31066746727980593,1,7,11,0.058823529411764705,77,12.0,26.0,0,1,0.5485623153798117,false_positive,1126
https://openalex.org/T10522,https://openalex.org/T11871,2015,2016,2020,0.43429448190325176,1,8,15,0.045454545454545456,120,8.0,17.0,0,1,0.5485414888283905,false_positive,1128
https://openalex.org/T10804,https://openalex.org/T10845,2015,2016,2020,0.43429448190325176,1,17,3,0.05263157894736842,51,34.0,4.0,0,1,0.5485069002567992,false_positive,1129
https://openalex.org/T10044,https://openalex.org/T11482,2015,2016,2020,0.3459762562611936,1,16,11,0.038461538461538464,176,38.0,26.0,0,1,0.5483431746498038,false_positive,1130
https://openalex.org/T10044,https://openalex.org/T11642,2015,2016,2020,0.3459762562611936,1,16,11,0.038461538461538464,176,38.0,26.0,0,1,0.5483431746498038,false_positive,1131
https://openalex.org/T10064,https://openalex.org/T10878,2015,2016,2020,0.5581106265512472,1,12,9,0.05,108,16.0,14.0,0,1,0.5483338335931188,false_positive,1132
https://openalex.org/T11871,https://openalex.org/T12496,2015,2016,2020,0.45511961331341866,1,15,2,0.0625,30,17.0,2.0,0,1,0.5482578311545603,false_positive,1133
https://openalex.org/T10317,https://openalex.org/T12535,2015,2016,2020,0.5138983423697507,1,2,13,0.07142857142857142,26,2.0,17.0,0,1,0.5481025357967457,false_positive,1134
https://openalex.org/T10015,https://openalex.org/T10923,2015,2016,2020,0.7213475204444817,1,36,6,0.024390243902439025,216,158.0,6.0,0,1,0.5480716745907216,false_positive,1135
https://openalex.org/T10243,https://openalex.org/T11744,2015,2016,2020,0.31465798044412485,1,12,6,0.058823529411764705,72,18.0,20.0,0,1,0.5480338234691993,false_positive,1136
https://openalex.org/T10519,https://openalex.org/T11289,2015,2016,2020,0.6295964561836069,2,4,6,0.25,24,8.0,8.0,0,1,0.5478287537471248,false_positive,1138
https://openalex.org/T10519,https://openalex.org/T10932,2015,2016,2020,0.6295964561836069,2,4,6,0.25,24,8.0,8.0,0,1,0.5478287537471248,false_positive,1137
https://openalex.org/T10519,https://openalex.org/T11710,2015,2016,2020,0.6295964561836069,2,4,6,0.25,24,8.0,8.0,0,1,0.5478287537471248,false_positive,1139
https://openalex.org/T10320,https://openalex.org/T10519,2015,2016,2020,0.31066746727980593,1,17,4,0.05,68,31.0,8.0,0,1,0.5469947194220707,false_positive,1140
https://openalex.org/T12443,https://openalex.org/T13555,2015,2016,2020,0.667614104308886,2,8,2,0.25,16,20.0,4.0,0,1,0.5469558772985351,false_positive,1141
https://openalex.org/T10521,https://openalex.org/T12140,2015,2016,2020,0.45511961331341866,1,18,2,0.05263157894736842,36,50.0,4.0,0,1,0.546691289515345,false_positive,1142
https://openalex.org/T10243,https://openalex.org/T11468,2015,2016,2020,0.45511961331341866,1,12,10,0.047619047619047616,120,18.0,18.0,0,1,0.5465642184299617,false_positive,1143
https://openalex.org/T10066,https://openalex.org/T11162,2015,2016,2020,0.2790553132756236,1,12,13,0.041666666666666664,156,26.0,28.0,0,1,0.5465637487682298,false_positive,1144
https://openalex.org/T11407,https://openalex.org/T11642,2015,2016,2020,0.31066746727980593,1,4,11,0.07142857142857142,44,4.0,26.0,0,1,0.5464683533906615,false_positive,1145
https://openalex.org/T11195,https://openalex.org/T12535,2015,2016,2020,0.5138983423697507,1,1,13,0.07692307692307693,13,1.0,17.0,0,1,0.5461862871582067,false_positive,1146
https://openalex.org/T10044,https://openalex.org/T11760,2015,2016,2020,0.6213349345596119,1,16,2,0.058823529411764705,32,38.0,2.0,0,1,0.5458643401837991,false_positive,1148
https://openalex.org/T10044,https://openalex.org/T10715,2015,2016,2020,0.6213349345596119,1,16,2,0.058823529411764705,32,38.0,2.0,0,1,0.5458643401837991,false_positive,1147
https://openalex.org/T11162,https://openalex.org/T13200,2015,2016,2020,0.9102392266268373,1,13,1,0.07692307692307693,13,28.0,1.0,0,1,0.5458200870192782,false_positive,1149
https://openalex.org/T10199,https://openalex.org/T10487,2015,2016,2020,1.531574161186449,2,2,4,0.5,8,4.0,6.0,0,1,0.545735130354611,false_positive,1150
https://openalex.org/T10206,https://openalex.org/T11093,2015,2016,2020,0.35295612386476116,1,24,4,0.037037037037037035,96,78.0,4.0,0,1,0.545621792035058,false_positive,1152
https://openalex.org/T10206,https://openalex.org/T11930,2015,2016,2020,0.35295612386476116,1,24,4,0.037037037037037035,96,78.0,4.0,0,1,0.545621792035058,false_positive,1153
https://openalex.org/T10206,https://openalex.org/T10272,2015,2016,2020,0.35295612386476116,1,24,4,0.037037037037037035,96,78.0,4.0,0,1,0.545621792035058,false_positive,1151
https://openalex.org/T10594,https://openalex.org/T11642,2015,2016,2020,0.35295612386476116,1,3,11,0.07692307692307693,33,4.0,26.0,0,1,0.5455194681146541,false_positive,1154
https://openalex.org/T10303,https://openalex.org/T11881,2015,2016,2020,0.750545005473521,2,5,4,0.2857142857142857,20,6.0,6.0,0,1,0.5453252712764886,false_positive,1155
https://openalex.org/T10629,https://openalex.org/T11024,2015,2016,2020,0.45511961331341866,1,16,3,0.05555555555555555,48,28.0,4.0,0,1,0.5452372955956724,false_positive,1157
https://openalex.org/T10002,https://openalex.org/T11129,2015,2016,2020,0.45511961331341866,1,16,3,0.05555555555555555,48,28.0,4.0,0,1,0.5452372955956724,false_positive,1156
https://openalex.org/T10036,https://openalex.org/T10500,2015,2016,2020,0.43429448190325176,1,8,11,0.05555555555555555,88,10.0,20.0,0,1,0.5447302350729304,false_positive,1158
https://openalex.org/T10261,https://openalex.org/T11162,2015,2016,2020,0.2790553132756236,1,17,13,0.034482758620689655,221,32.0,28.0,0,1,0.5445827797539919,false_positive,1159
https://openalex.org/T10044,https://openalex.org/T10604,2015,2016,2020,0.3459762562611936,1,16,8,0.043478260869565216,128,38.0,20.0,0,1,0.5444872028287479,false_positive,1160
https://openalex.org/T10074,https://openalex.org/T11992,2015,2016,2020,0.8477065430650847,2,7,2,0.2857142857142857,14,14.0,2.0,0,1,0.5443981241386141,false_positive,1161
https://openalex.org/T10064,https://openalex.org/T11970,2015,2016,2020,0.318928988903801,1,12,9,0.05,108,16.0,20.0,0,1,0.5439483690745515,false_positive,1162
https://openalex.org/T10519,https://openalex.org/T12254,2015,2016,2020,0.6295964561836069,2,4,4,0.3333333333333333,16,8.0,16.0,0,1,0.5437730865590693,false_positive,1163
https://openalex.org/T10269,https://openalex.org/T11970,2015,2016,2020,0.4170323914242463,1,9,9,0.058823529411764705,81,10.0,20.0,0,1,0.54376968749248,false_positive,1164
https://openalex.org/T10538,https://openalex.org/T11871,2015,2016,2020,0.3898712452512801,1,7,15,0.047619047619047616,105,7.0,17.0,0,1,0.5437216224812031,false_positive,1165
https://openalex.org/T10206,https://openalex.org/T11011,2015,2016,2020,0.35295612386476116,1,24,5,0.03571428571428571,120,78.0,8.0,0,1,0.5437170237492771,false_positive,1166
https://openalex.org/T10629,https://openalex.org/T11519,2015,2016,2020,0.45511961331341866,1,16,2,0.058823529411764705,32,28.0,2.0,0,1,0.5432720591345441,false_positive,1168
https://openalex.org/T10002,https://openalex.org/T11449,2015,2016,2020,0.45511961331341866,1,16,2,0.058823529411764705,32,28.0,2.0,0,1,0.5432720591345441,false_positive,1167
https://openalex.org/T10320,https://openalex.org/T10662,2015,2016,2020,0.43429448190325176,1,17,4,0.05,68,31.0,4.0,0,1,0.5430217860301794,false_positive,1169
https://openalex.org/T10775,https://openalex.org/T12072,2015,2016,2020,0.7872506057680129,2,4,5,0.2857142857142857,20,6.0,6.0,0,1,0.5429054807913234,false_positive,1170
https://openalex.org/T10538,https://openalex.org/T11213,2015,2016,2020,0.45511961331341866,1,7,12,0.05555555555555555,84,7.0,18.0,0,1,0.5426528690489026,false_positive,1171
https://openalex.org/T10804,https://openalex.org/T14374,2015,2016,2020,0.48089834696298783,1,17,5,0.047619047619047616,85,34.0,6.0,0,1,0.5426425395788318,false_positive,1172
https://openalex.org/T11287,https://openalex.org/T11354,2015,2016,2020,0.2790553132756236,1,13,3,0.06666666666666667,39,20.0,16.0,0,1,0.5424145615907136,false_positive,1173
https://openalex.org/T10062,https://openalex.org/T10773,2015,2016,2020,1.2352458628142324,2,5,2,0.4,10,6.0,2.0,1,1,0.5423293963308685,true_positive,1174
https://openalex.org/T11629,https://openalex.org/T11642,2015,2016,2020,0.35295612386476116,1,2,11,0.08333333333333333,22,2.0,26.0,0,1,0.5419191830679491,false_positive,1175
https://openalex.org/T10320,https://openalex.org/T11396,2015,2016,2020,0.3898712452512801,1,17,3,0.05263157894736842,51,31.0,3.0,0,1,0.5418337542958204,false_positive,1176
https://openalex.org/T10331,https://openalex.org/T12535,2015,2016,2020,0.48089834696298783,1,2,13,0.07142857142857142,26,2.0,17.0,0,1,0.5417489600054709,false_positive,1177
https://openalex.org/T10002,https://openalex.org/T12046,2015,2016,2020,0.35295612386476116,1,16,4,0.05263157894736842,64,28.0,8.0,0,1,0.5412711505354959,false_positive,1178
https://openalex.org/T10243,https://openalex.org/T12443,2015,2016,2020,0.31465798044412485,1,12,8,0.05263157894736842,96,18.0,20.0,0,1,0.5409702386075068,false_positive,1179
https://openalex.org/T11287,https://openalex.org/T14078,2015,2016,2020,0.5138983423697507,1,13,4,0.0625,52,20.0,10.0,0,1,0.5407726419784498,false_positive,1180
https://openalex.org/T11447,https://openalex.org/T13664,2015,2016,2020,0.45511961331341866,1,10,9,0.05555555555555555,90,13.0,18.0,0,1,0.5407658314331252,false_positive,1181
https://openalex.org/T11578,https://openalex.org/T11642,2015,2016,2020,0.2790553132756236,1,4,11,0.07142857142857142,44,4.0,26.0,0,1,0.5403787177886714,false_positive,1184
https://openalex.org/T10857,https://openalex.org/T11482,2015,2016,2020,0.2790553132756236,1,4,11,0.07142857142857142,44,4.0,26.0,0,1,0.5403787177886714,false_positive,1182
https://openalex.org/T10857,https://openalex.org/T11642,2015,2016,2020,0.2790553132756236,1,4,11,0.07142857142857142,44,4.0,26.0,0,1,0.5403787177886714,false_positive,1183
https://openalex.org/T10594,https://openalex.org/T11577,2015,2016,2020,0.7699885152890075,2,3,6,0.2857142857142857,18,4.0,6.0,0,1,0.5402070655418486,false_positive,1185
https://openalex.org/T10531,https://openalex.org/T12535,2015,2016,2020,0.45511961331341866,1,4,13,0.0625,52,4.0,17.0,0,1,0.5397420265901578,false_positive,1186
https://openalex.org/T10281,https://openalex.org/T10660,2015,2016,2020,0.9690179556831694,2,4,4,0.3333333333333333,16,8.0,6.0,0,1,0.5396800647498166,false_positive,1187
https://openalex.org/T10015,https://openalex.org/T10303,2015,2016,2020,0.3898712452512801,1,36,5,0.025,180,158.0,6.0,0,1,0.5396259361823457,false_positive,1188
https://openalex.org/T11020,https://openalex.org/T11213,2015,2016,2020,0.45511961331341866,1,6,12,0.058823529411764705,72,6.0,18.0,0,1,0.5395617664811003,false_positive,1189
https://openalex.org/T10467,https://openalex.org/T12443,2015,2016,2020,0.45511961331341866,1,9,8,0.0625,72,13.0,20.0,0,1,0.5392100238973923,false_positive,1190
https://openalex.org/T10344,https://openalex.org/T12196,2015,2016,2020,0.9360179602764065,2,4,4,0.3333333333333333,16,6.0,6.0,0,1,0.5392075940388891,false_positive,1191
https://openalex.org/T10261,https://openalex.org/T12640,2015,2016,2020,0.2790553132756236,1,17,2,0.05555555555555555,34,32.0,4.0,0,1,0.5386812063625714,false_positive,1192
https://openalex.org/T10057,https://openalex.org/T10066,2015,2016,2020,0.31066746727980593,1,8,12,0.05263157894736842,96,20.0,26.0,0,1,0.5380330423169886,false_positive,1193
https://openalex.org/T11161,https://openalex.org/T12101,2015,2016,2020,1.531574161186449,2,2,4,0.5,8,2.0,4.0,0,1,0.5377206149370116,false_positive,1194
https://openalex.org/T10417,https://openalex.org/T10500,2015,2016,2020,0.48089834696298783,1,4,11,0.07142857142857142,44,4.0,20.0,0,1,0.537571536876146,false_positive,1195
https://openalex.org/T10243,https://openalex.org/T13309,2015,2016,2020,0.31465798044412485,1,12,9,0.05,108,18.0,20.0,0,1,0.53723405820192,false_positive,1196
https://openalex.org/T10320,https://openalex.org/T11652,2015,2016,2020,0.48089834696298783,1,17,6,0.045454545454545456,102,31.0,6.0,0,1,0.5369471161525631,false_positive,1197
https://openalex.org/T10445,https://openalex.org/T12187,2015,2016,2020,1.531574161186449,2,4,2,0.5,8,4.0,2.0,0,1,0.5369211417122364,false_positive,1198
https://openalex.org/T12303,https://openalex.org/T12535,2015,2016,2020,0.45511961331341866,1,2,13,0.07142857142857142,26,2.0,17.0,0,1,0.5367761428747915,false_positive,1200
https://openalex.org/T10689,https://openalex.org/T12535,2015,2016,2020,0.45511961331341866,1,2,13,0.07142857142857142,26,2.0,17.0,0,1,0.5367761428747915,false_positive,1199
https://openalex.org/T10353,https://openalex.org/T12557,2015,2016,2020,0.713629884087002,2,7,2,0.2857142857142857,14,8.0,2.0,0,1,0.5362170751010084,false_positive,1201
https://openalex.org/T10351,https://openalex.org/T10394,2015,2016,2020,1.2022458674074694,2,5,2,0.4,10,6.0,2.0,0,1,0.5359633711387313,false_positive,1202
https://openalex.org/T10472,https://openalex.org/T12046,2015,2016,2020,0.814706547658322,2,4,4,0.3333333333333333,16,4.0,8.0,0,1,0.5356118212205531,false_positive,1203
https://openalex.org/T10336,https://openalex.org/T11213,2015,2016,2020,0.3898712452512801,1,10,12,0.047619047619047616,120,11.0,18.0,0,1,0.5356022919591525,false_positive,1204
https://openalex.org/T10068,https://openalex.org/T13309,2015,2016,2020,0.45511961331341866,1,8,9,0.0625,72,11.0,20.0,0,1,0.5355968966339077,false_positive,1205
https://openalex.org/T11871,https://openalex.org/T11880,2015,2016,2020,0.4170323914242463,1,15,4,0.05555555555555555,60,17.0,4.0,0,1,0.5353592968808198,false_positive,1206
https://openalex.org/T11287,https://openalex.org/T13779,2015,2016,2020,0.7213475204444817,1,13,2,0.07142857142857142,26,20.0,2.0,0,1,0.535281150778444,false_positive,1207
https://openalex.org/T10002,https://openalex.org/T13013,2015,2016,2020,0.45511961331341866,1,16,5,0.05,80,28.0,6.0,0,1,0.5348450269350973,false_positive,1208
https://openalex.org/T10804,https://openalex.org/T11944,2015,2016,2020,0.36067376022224085,1,17,2,0.05555555555555555,34,34.0,2.0,0,1,0.5346147262854692,false_positive,1210
https://openalex.org/T10804,https://openalex.org/T11590,2015,2016,2020,0.36067376022224085,1,17,2,0.05555555555555555,34,34.0,2.0,1,1,0.5346147262854692,true_positive,1209
https://openalex.org/T10591,https://openalex.org/T11986,2015,2016,2020,0.713629884087002,2,4,5,0.2857142857142857,20,4.0,6.0,0,1,0.5345958832881431,false_positive,1211
https://openalex.org/T12443,https://openalex.org/T12648,2015,2016,2020,0.6753317406663657,2,8,2,0.25,16,20.0,2.0,0,1,0.5345367271279878,false_positive,1212
https://openalex.org/T11881,https://openalex.org/T12646,2015,2016,2020,0.9102392266268373,2,4,4,0.3333333333333333,16,6.0,6.0,0,1,0.5342309090842984,false_positive,1213
https://openalex.org/T10036,https://openalex.org/T11871,2015,2016,2020,0.3898712452512801,1,8,15,0.045454545454545456,120,10.0,17.0,0,1,0.5340892896206523,false_positive,1214
https://openalex.org/T11512,https://openalex.org/T11871,2015,2016,2020,0.3898712452512801,1,8,15,0.045454545454545456,120,10.0,17.0,0,1,0.5340892896206523,false_positive,1215
https://openalex.org/T11871,https://openalex.org/T12761,2015,2016,2020,0.3898712452512801,1,15,5,0.05263157894736842,75,17.0,6.0,0,1,0.5340602438014859,false_positive,1217
https://openalex.org/T11871,https://openalex.org/T12072,2015,2016,2020,0.3898712452512801,1,15,5,0.05263157894736842,75,17.0,6.0,0,1,0.5340602438014859,false_positive,1216
https://openalex.org/T10804,https://openalex.org/T12196,2015,2016,2020,0.36067376022224085,1,17,4,0.05,68,34.0,6.0,0,1,0.5338923534504978,false_positive,1218
https://openalex.org/T10683,https://openalex.org/T11881,2015,2016,2020,0.750545005473521,2,5,4,0.2857142857142857,20,10.0,6.0,0,1,0.5335397033713812,false_positive,1219
https://openalex.org/T10064,https://openalex.org/T12254,2015,2016,2020,0.318928988903801,1,12,4,0.06666666666666667,48,16.0,16.0,0,1,0.5333023707788586,false_positive,1220
https://openalex.org/T10057,https://openalex.org/T11482,2015,2016,2020,0.31066746727980593,1,8,11,0.05555555555555555,88,20.0,26.0,0,1,0.5331579289635433,false_positive,1221
https://openalex.org/T10057,https://openalex.org/T11642,2015,2016,2020,0.31066746727980593,1,8,11,0.05555555555555555,88,20.0,26.0,0,1,0.5331579289635433,false_positive,1222
https://openalex.org/T10521,https://openalex.org/T10981,2015,2016,2020,0.45511961331341866,1,18,2,0.05263157894736842,36,50.0,2.0,0,1,0.5327797866323942,false_positive,1223
https://openalex.org/T10521,https://openalex.org/T12786,2015,2016,2020,0.45511961331341866,1,18,2,0.05263157894736842,36,50.0,2.0,0,1,0.5327797866323942,false_positive,1225
https://openalex.org/T10521,https://openalex.org/T12303,2015,2016,2020,0.45511961331341866,1,18,2,0.05263157894736842,36,50.0,2.0,0,1,0.5327797866323942,false_positive,1224
https://openalex.org/T11901,https://openalex.org/T12535,2015,2016,2020,0.4170323914242463,1,4,13,0.0625,52,4.0,17.0,0,1,0.532387805403385,false_positive,1226
https://openalex.org/T10002,https://openalex.org/T10120,2015,2016,2020,0.36067376022224085,1,16,6,0.047619047619047616,96,28.0,10.0,0,1,0.5321263720909649,false_positive,1227
https://openalex.org/T10044,https://openalex.org/T11970,2015,2016,2020,0.3459762562611936,1,16,9,0.041666666666666664,144,38.0,20.0,0,1,0.5319171033367296,false_positive,1228
https://openalex.org/T10044,https://openalex.org/T10275,2015,2016,2020,0.35295612386476116,1,16,8,0.043478260869565216,128,38.0,18.0,0,1,0.5319156599283752,false_positive,1229
https://openalex.org/T11235,https://openalex.org/T11369,2015,2016,2020,0.7213475204444817,1,10,7,0.0625,70,14.0,10.0,0,1,0.5317843286594497,false_positive,1230
https://openalex.org/T10010,https://openalex.org/T13309,2015,2016,2020,0.45511961331341866,1,7,9,0.06666666666666667,63,8.0,20.0,0,1,0.5316469511915218,false_positive,1231
https://openalex.org/T10182,https://openalex.org/T13309,2015,2016,2020,0.45511961331341866,1,7,9,0.06666666666666667,63,8.0,20.0,0,1,0.5316469511915218,false_positive,1232
https://openalex.org/T10688,https://openalex.org/T11871,2015,2016,2020,0.4170323914242463,1,10,15,0.041666666666666664,150,12.0,17.0,0,1,0.5316172837716951,false_positive,1233
https://openalex.org/T10136,https://openalex.org/T13283,2015,2016,2020,0.40242960438184466,1,11,17,0.037037037037037035,187,14.0,19.0,0,1,0.5316061234342697,false_positive,1234
https://openalex.org/T11922,https://openalex.org/T13309,2015,2016,2020,0.7213475204444817,1,2,9,0.1,18,2.0,20.0,0,1,0.5314389225722775,false_positive,1236
https://openalex.org/T10412,https://openalex.org/T11970,2015,2016,2020,0.7213475204444817,1,2,9,0.1,18,2.0,20.0,0,1,0.5314389225722775,false_positive,1235
https://openalex.org/T10206,https://openalex.org/T11639,2015,2016,2020,0.36067376022224085,1,24,5,0.03571428571428571,120,78.0,6.0,0,1,0.5312851729544975,false_positive,1237
https://openalex.org/T11048,https://openalex.org/T11482,2015,2016,2020,0.2790553132756236,1,3,11,0.07692307692307693,33,4.0,26.0,0,1,0.5312607035708995,false_positive,1238
https://openalex.org/T11048,https://openalex.org/T11642,2015,2016,2020,0.2790553132756236,1,3,11,0.07692307692307693,33,4.0,26.0,0,1,0.5312607035708995,false_positive,1239
https://openalex.org/T10320,https://openalex.org/T10836,2015,2016,2020,0.31066746727980593,1,17,7,0.043478260869565216,119,31.0,12.0,0,1,0.5312268097173526,false_positive,1240
https://openalex.org/T10261,https://openalex.org/T12592,2015,2016,2020,0.318928988903801,1,17,6,0.045454545454545456,102,32.0,10.0,0,1,0.5305744890623276,false_positive,1241
https://openalex.org/T11981,https://openalex.org/T13283,2015,2016,2020,0.31465798044412485,1,8,17,0.041666666666666664,136,14.0,19.0,0,1,0.5305626031400555,false_positive,1242
https://openalex.org/T10804,https://openalex.org/T12010,2015,2016,2020,0.36067376022224085,1,17,9,0.04,153,34.0,16.0,0,1,0.530424761643898,false_positive,1243
https://openalex.org/T10064,https://openalex.org/T13664,2015,2016,2020,0.318928988903801,1,12,9,0.05,108,16.0,18.0,0,1,0.5300250537700756,false_positive,1244
https://openalex.org/T10206,https://openalex.org/T13748,2015,2016,2020,0.35295612386476116,1,24,5,0.03571428571428571,120,78.0,6.0,0,1,0.5297927509389779,false_positive,1245
https://openalex.org/T10770,https://openalex.org/T12535,2015,2016,2020,0.4170323914242463,1,2,13,0.07142857142857142,26,2.0,17.0,0,1,0.5294158495043692,false_positive,1247
https://openalex.org/T10185,https://openalex.org/T12535,2015,2016,2020,0.4170323914242463,1,2,13,0.07142857142857142,26,2.0,17.0,0,1,0.5294158495043692,false_positive,1246
https://openalex.org/T10487,https://openalex.org/T13398,2015,2016,2020,0.7213475204444817,1,4,11,0.07142857142857142,44,6.0,13.0,0,1,0.5293475400130806,false_positive,1248
https://openalex.org/T10434,https://openalex.org/T12535,2015,2016,2020,0.45511961331341866,1,9,13,0.047619047619047616,117,14.0,17.0,0,1,0.5292356945468425,false_positive,1249
https://openalex.org/T10629,https://openalex.org/T11011,2015,2016,2020,0.35295612386476116,1,16,5,0.05,80,28.0,8.0,0,1,0.5290395627083858,false_positive,1250
https://openalex.org/T10261,https://openalex.org/T11020,2015,2016,2020,0.45511961331341866,1,17,6,0.045454545454545456,102,32.0,6.0,0,1,0.5290132690676398,false_positive,1251
https://openalex.org/T10154,https://openalex.org/T12010,2015,2016,2020,0.7213475204444817,1,5,9,0.07692307692307693,45,8.0,16.0,0,1,0.5287809444481685,false_positive,1252
https://openalex.org/T10320,https://openalex.org/T11468,2015,2016,2020,0.31066746727980593,1,17,10,0.038461538461538464,170,31.0,18.0,0,1,0.5287250024781542,false_positive,1253
https://openalex.org/T10462,https://openalex.org/T10500,2015,2016,2020,0.43429448190325176,1,4,11,0.07142857142857142,44,4.0,20.0,0,1,0.5285654329166862,false_positive,1254
https://openalex.org/T11209,https://openalex.org/T13309,2015,2016,2020,0.7213475204444817,1,2,9,0.1,18,3.0,20.0,0,1,0.5284846041392469,false_positive,1255
https://openalex.org/T10521,https://openalex.org/T12613,2015,2016,2020,0.3898712452512801,1,18,9,0.038461538461538464,162,50.0,20.0,0,1,0.5283970817546496,false_positive,1256
https://openalex.org/T10261,https://openalex.org/T10836,2015,2016,2020,0.31066746727980593,1,17,7,0.043478260869565216,119,32.0,12.0,0,1,0.5282723410182318,false_positive,1257
https://openalex.org/T10845,https://openalex.org/T12535,2015,2016,2020,0.4170323914242463,1,3,13,0.06666666666666667,39,4.0,17.0,0,1,0.5280746237917637,false_positive,1258
https://openalex.org/T10064,https://openalex.org/T11287,2015,2016,2020,0.318928988903801,1,12,13,0.041666666666666664,156,16.0,20.0,0,1,0.5280554652781684,false_positive,1259
https://openalex.org/T10320,https://openalex.org/T13114,2015,2016,2020,0.43429448190325176,1,17,6,0.045454545454545456,102,31.0,6.0,0,1,0.5279395301934093,false_positive,1260
https://openalex.org/T10206,https://openalex.org/T12592,2015,2016,2020,0.35295612386476116,1,24,6,0.034482758620689655,144,78.0,10.0,0,1,0.5278400481839843,false_positive,1261
https://openalex.org/T11207,https://openalex.org/T12964,2015,2016,2020,1.1022332815225997,2,2,5,0.4,10,2.0,6.0,0,1,0.5277556697779507,false_positive,1262
https://openalex.org/T11470,https://openalex.org/T11482,2015,2016,2020,0.2790553132756236,1,2,11,0.08333333333333333,22,2.0,26.0,0,1,0.5276452691370915,false_positive,1267
https://openalex.org/T10715,https://openalex.org/T11642,2015,2016,2020,0.2790553132756236,1,2,11,0.08333333333333333,22,2.0,26.0,0,1,0.5276452691370915,false_positive,1266
https://openalex.org/T10715,https://openalex.org/T11482,2015,2016,2020,0.2790553132756236,1,2,11,0.08333333333333333,22,2.0,26.0,0,1,0.5276452691370915,false_positive,1265
https://openalex.org/T11470,https://openalex.org/T11642,2015,2016,2020,0.2790553132756236,1,2,11,0.08333333333333333,22,2.0,26.0,0,1,0.5276452691370915,false_positive,1268
https://openalex.org/T10602,https://openalex.org/T11642,2015,2016,2020,0.2790553132756236,1,2,11,0.08333333333333333,22,2.0,26.0,0,1,0.5276452691370915,false_positive,1264
https://openalex.org/T10602,https://openalex.org/T11482,2015,2016,2020,0.2790553132756236,1,2,11,0.08333333333333333,22,2.0,26.0,0,1,0.5276452691370915,false_positive,1263
https://openalex.org/T11213,https://openalex.org/T12535,2015,2016,2020,0.45511961331341866,1,12,13,0.041666666666666664,156,18.0,17.0,0,1,0.5275606950103581,false_positive,1269
https://openalex.org/T10036,https://openalex.org/T10241,2015,2016,2020,0.5581106265512472,1,8,6,0.07692307692307693,48,10.0,18.0,0,1,0.5274612975866896,false_positive,1270
https://openalex.org/T10627,https://openalex.org/T11871,2015,2016,2020,0.3898712452512801,1,9,15,0.043478260869565216,135,12.0,17.0,0,1,0.5273080051379779,false_positive,1271
https://openalex.org/T10853,https://openalex.org/T11577,2015,2016,2020,0.8668544662345119,2,2,6,0.3333333333333333,12,2.0,6.0,0,1,0.527103703274533,false_positive,1272
https://openalex.org/T10269,https://openalex.org/T13664,2015,2016,2020,0.40242960438184466,1,9,9,0.058823529411764705,81,10.0,18.0,0,1,0.5270203700429062,false_positive,1273
https://openalex.org/T10629,https://openalex.org/T12926,2015,2016,2020,0.3459762562611936,1,16,1,0.0625,16,28.0,1.0,0,1,0.5270137736552867,false_positive,1274
https://openalex.org/T10857,https://openalex.org/T11287,2015,2016,2020,0.2790553132756236,1,4,13,0.0625,52,4.0,20.0,0,1,0.5266276050662656,false_positive,1275
https://openalex.org/T10303,https://openalex.org/T10798,2015,2016,2020,0.3898712452512801,1,5,9,0.07692307692307693,45,6.0,24.0,0,1,0.5263813053779095,false_positive,1276
https://openalex.org/T11744,https://openalex.org/T12679,2015,2016,2020,0.6753317406663657,2,6,4,0.25,24,20.0,6.0,0,1,0.5263745757907977,false_positive,1277
https://openalex.org/T10066,https://openalex.org/T10243,2015,2016,2020,0.5138983423697507,1,12,12,0.043478260869565216,144,26.0,18.0,0,1,0.5263647097526906,false_positive,1278
https://openalex.org/T10005,https://openalex.org/T13398,2015,2016,2020,0.7213475204444817,1,5,11,0.06666666666666667,55,10.0,13.0,0,1,0.5263481579815283,false_positive,1279
https://openalex.org/T10064,https://openalex.org/T11468,2015,2016,2020,0.318928988903801,1,12,10,0.047619047619047616,120,16.0,18.0,0,1,0.5261706256076454,false_positive,1280
https://openalex.org/T10012,https://openalex.org/T11162,2015,2016,2020,0.2790553132756236,1,11,13,0.043478260869565216,143,32.0,28.0,0,1,0.5255677261255675,false_positive,1281
https://openalex.org/T10521,https://openalex.org/T10769,2015,2016,2020,0.4170323914242463,1,18,2,0.05263157894736842,36,50.0,2.0,0,1,0.5254121365502608,false_positive,1282
https://openalex.org/T10002,https://openalex.org/T10492,2015,2016,2020,0.36067376022224085,1,16,2,0.058823529411764705,32,28.0,2.0,0,1,0.5250274841180202,false_positive,1283
https://openalex.org/T10031,https://openalex.org/T11213,2015,2016,2020,0.45511961331341866,1,2,12,0.07692307692307693,24,2.0,18.0,0,1,0.5250192646529752,false_positive,1284
https://openalex.org/T10417,https://openalex.org/T12820,2015,2016,2020,0.9037695876210308,2,4,4,0.3333333333333333,16,4.0,4.0,0,1,0.5249371547156656,false_positive,1285
https://openalex.org/T10556,https://openalex.org/T11287,2015,2016,2020,0.5138983423697507,1,7,13,0.05263157894736842,91,24.0,20.0,1,1,0.5247753028119707,true_positive,1286
https://openalex.org/T10261,https://openalex.org/T12134,2015,2016,2020,0.2790553132756236,1,17,2,0.05555555555555555,34,32.0,2.0,0,1,0.5247375854668817,false_positive,1291
https://openalex.org/T10261,https://openalex.org/T11879,2015,2016,2020,0.2790553132756236,1,17,2,0.05555555555555555,34,32.0,2.0,0,1,0.5247375854668817,false_positive,1290
https://openalex.org/T10261,https://openalex.org/T11470,2015,2016,2020,0.2790553132756236,1,17,2,0.05555555555555555,34,32.0,2.0,0,1,0.5247375854668817,false_positive,1289
https://openalex.org/T10261,https://openalex.org/T10602,2015,2016,2020,0.2790553132756236,1,17,2,0.05555555555555555,34,32.0,2.0,0,1,0.5247375854668817,false_positive,1287
https://openalex.org/T10261,https://openalex.org/T10715,2015,2016,2020,0.2790553132756236,1,17,2,0.05555555555555555,34,32.0,2.0,0,1,0.5247375854668817,false_positive,1288
https://openalex.org/T11235,https://openalex.org/T13309,2015,2016,2020,0.31465798044412485,1,10,9,0.05555555555555555,90,14.0,20.0,0,1,0.5246085676983969,false_positive,1292
https://openalex.org/T12114,https://openalex.org/T12535,2015,2016,2020,0.36926937306885504,1,9,13,0.047619047619047616,117,10.0,17.0,0,1,0.5244457355483035,false_positive,1293
https://openalex.org/T10261,https://openalex.org/T11048,2015,2016,2020,0.2790553132756236,1,17,3,0.05263157894736842,51,32.0,4.0,0,1,0.5244381121302396,false_positive,1294
https://openalex.org/T10050,https://openalex.org/T12535,2015,2016,2020,0.36926937306885504,1,5,13,0.058823529411764705,65,5.0,17.0,0,1,0.5242970150177927,false_positive,1295
https://openalex.org/T10521,https://openalex.org/T11764,2015,2016,2020,0.2790553132756236,1,18,3,0.05,54,50.0,8.0,0,1,0.5240764175216636,false_positive,1296
https://openalex.org/T10715,https://openalex.org/T11287,2015,2016,2020,0.2790553132756236,1,2,13,0.07142857142857142,26,2.0,20.0,0,1,0.5236517956167389,false_positive,1298
https://openalex.org/T10602,https://openalex.org/T11287,2015,2016,2020,0.2790553132756236,1,2,13,0.07142857142857142,26,2.0,20.0,0,1,0.5236517956167389,false_positive,1297
https://openalex.org/T10136,https://openalex.org/T11269,2015,2016,2020,0.3898712452512801,1,11,9,0.05263157894736842,99,14.0,16.0,0,1,0.5235383827435746,false_positive,1299
https://openalex.org/T10002,https://openalex.org/T10049,2015,2016,2020,0.35295612386476116,1,16,2,0.058823529411764705,32,28.0,2.0,0,1,0.5235330062411154,false_positive,1300
https://openalex.org/T10478,https://openalex.org/T10923,2015,2016,2020,0.8477065430650847,2,2,6,0.3333333333333333,12,2.0,6.0,0,1,0.5233965417348404,false_positive,1301
https://openalex.org/T10478,https://openalex.org/T11277,2015,2016,2020,0.8477065430650847,2,2,6,0.3333333333333333,12,2.0,6.0,0,1,0.5233965417348404,false_positive,1302
https://openalex.org/T11744,https://openalex.org/T13283,2015,2016,2020,0.31465798044412485,1,6,17,0.045454545454545456,102,20.0,19.0,0,1,0.5231529593664931,false_positive,1303
https://openalex.org/T10275,https://openalex.org/T10798,2015,2016,2020,0.35295612386476116,1,8,9,0.0625,72,18.0,24.0,0,1,0.5230575708114793,false_positive,1304
https://openalex.org/T11048,https://openalex.org/T11287,2015,2016,2020,0.2790553132756236,1,3,13,0.06666666666666667,39,4.0,20.0,0,1,0.5223089648318007,false_positive,1305
https://openalex.org/T10629,https://openalex.org/T12694,2015,2016,2020,0.3459762562611936,1,16,2,0.058823529411764705,32,28.0,2.0,0,1,0.5221810294835523,false_positive,1306
https://openalex.org/T10629,https://openalex.org/T13412,2015,2016,2020,0.3459762562611936,1,16,2,0.058823529411764705,32,28.0,2.0,0,1,0.5221810294835523,false_positive,1309
https://openalex.org/T10629,https://openalex.org/T12790,2015,2016,2020,0.3459762562611936,1,16,2,0.058823529411764705,32,28.0,2.0,0,1,0.5221810294835523,false_positive,1307
https://openalex.org/T10629,https://openalex.org/T12950,2015,2016,2020,0.3459762562611936,1,16,2,0.058823529411764705,32,28.0,2.0,0,1,0.5221810294835523,false_positive,1308
https://openalex.org/T10629,https://openalex.org/T14023,2015,2016,2020,0.3459762562611936,1,16,2,0.058823529411764705,32,28.0,2.0,0,1,0.5221810294835523,false_positive,1311
https://openalex.org/T10629,https://openalex.org/T13765,2015,2016,2020,0.3459762562611936,1,16,2,0.058823529411764705,32,28.0,2.0,0,1,0.5221810294835523,false_positive,1310
https://openalex.org/T10095,https://openalex.org/T10527,2015,2016,2020,1.4426950408889634,2,3,3,0.5,9,4.0,4.0,0,1,0.5220265357200173,false_positive,1312
https://openalex.org/T10243,https://openalex.org/T10637,2015,2016,2020,0.7213475204444817,1,12,4,0.06666666666666667,48,18.0,4.0,0,1,0.5215137766836879,false_positive,1313
https://openalex.org/T10382,https://openalex.org/T11682,2015,2016,2020,1.0551557211398157,2,5,2,0.4,10,6.0,4.0,0,1,0.5214626936235751,false_positive,1314
https://openalex.org/T11468,https://openalex.org/T11871,2015,2016,2020,0.45511961331341866,1,10,15,0.041666666666666664,150,18.0,17.0,0,1,0.521249695883634,false_positive,1315
https://openalex.org/T11177,https://openalex.org/T12613,2015,2016,2020,0.36067376022224085,1,9,9,0.058823529411764705,81,14.0,20.0,0,1,0.5210702837436524,false_positive,1316
https://openalex.org/T12196,https://openalex.org/T12679,2015,2016,2020,0.8415721071852287,2,4,4,0.3333333333333333,16,6.0,6.0,0,1,0.520943827709565,false_positive,1317
https://openalex.org/T10434,https://openalex.org/T11468,2015,2016,2020,0.4170323914242463,1,9,10,0.05555555555555555,90,14.0,18.0,0,1,0.5209230785560474,false_positive,1318
https://openalex.org/T10836,https://openalex.org/T11287,2015,2016,2020,0.31066746727980593,1,7,13,0.05263157894736842,91,12.0,20.0,0,1,0.5209154896010001,false_positive,1319
https://openalex.org/T10382,https://openalex.org/T10798,2015,2016,2020,0.36067376022224085,1,5,9,0.07692307692307693,45,6.0,24.0,0,1,0.5207266419652157,false_positive,1320
https://openalex.org/T10538,https://openalex.org/T13664,2015,2016,2020,0.45511961331341866,1,7,9,0.06666666666666667,63,7.0,18.0,0,1,0.520641695146472,false_positive,1321
https://openalex.org/T13530,https://openalex.org/T14296,2015,2016,2020,1.4426950408889634,2,2,4,0.5,8,2.0,4.0,0,1,0.520529225611703,false_positive,1322
https://openalex.org/T10002,https://openalex.org/T10857,2015,2016,2020,0.3898712452512801,1,16,4,0.05263157894736842,64,28.0,4.0,0,1,0.5205173431498031,false_positive,1323
https://openalex.org/T11307,https://openalex.org/T11871,2015,2016,2020,0.3898712452512801,1,10,15,0.041666666666666664,150,14.0,17.0,0,1,0.5204461283439893,false_positive,1324
https://openalex.org/T10640,https://openalex.org/T11468,2015,2016,2020,0.45511961331341866,1,6,10,0.06666666666666667,60,6.0,18.0,0,1,0.5204439256050045,false_positive,1325
https://openalex.org/T10211,https://openalex.org/T11287,2015,2016,2020,0.318928988903801,1,8,13,0.05,104,14.0,20.0,0,1,0.5202610207277756,false_positive,1326
https://openalex.org/T10417,https://openalex.org/T11213,2015,2016,2020,0.3898712452512801,1,4,12,0.06666666666666667,48,4.0,18.0,0,1,0.5201839779011294,false_positive,1327
https://openalex.org/T12368,https://openalex.org/T12535,2015,2016,2020,0.36926937306885504,1,2,13,0.07142857142857142,26,2.0,17.0,0,1,0.5201679945016453,false_positive,1331
https://openalex.org/T11798,https://openalex.org/T12535,2015,2016,2020,0.36926937306885504,1,2,13,0.07142857142857142,26,2.0,17.0,0,1,0.5201679945016453,false_positive,1328
https://openalex.org/T11918,https://openalex.org/T12535,2015,2016,2020,0.36926937306885504,1,2,13,0.07142857142857142,26,2.0,17.0,0,1,0.5201679945016453,false_positive,1329
https://openalex.org/T12135,https://openalex.org/T12535,2015,2016,2020,0.36926937306885504,1,2,13,0.07142857142857142,26,2.0,17.0,0,1,0.5201679945016453,false_positive,1330
https://openalex.org/T10243,https://openalex.org/T10683,2015,2016,2020,0.5138983423697507,1,12,5,0.0625,60,18.0,10.0,0,1,0.5201513897298635,false_positive,1332
https://openalex.org/T11273,https://openalex.org/T12535,2015,2016,2020,0.35295612386476116,1,4,13,0.0625,52,4.0,17.0,0,1,0.5199852097072698,false_positive,1333
https://openalex.org/T10502,https://openalex.org/T12535,2015,2016,2020,0.35295612386476116,1,7,13,0.05263157894736842,91,8.0,17.0,0,1,0.5199839942354134,false_positive,1334
https://openalex.org/T10182,https://openalex.org/T10243,2015,2016,2020,0.35295612386476116,1,7,12,0.05555555555555555,84,8.0,18.0,0,1,0.5199510379669263,false_positive,1335
https://openalex.org/T12656,https://openalex.org/T13916,2015,2016,2020,1.4426950408889634,2,4,2,0.5,8,4.0,2.0,0,1,0.5197265760798417,false_positive,1337
https://openalex.org/T10471,https://openalex.org/T12414,2015,2016,2020,1.4426950408889634,2,4,2,0.5,8,4.0,2.0,0,1,0.5197265760798417,false_positive,1336
https://openalex.org/T10050,https://openalex.org/T10243,2015,2016,2020,0.36926937306885504,1,5,12,0.0625,60,5.0,18.0,0,1,0.5196834121200418,false_positive,1338
https://openalex.org/T10804,https://openalex.org/T11639,2015,2016,2020,0.36067376022224085,1,17,5,0.047619047619047616,85,34.0,6.0,0,1,0.5194007584544195,false_positive,1339
https://openalex.org/T10206,https://openalex.org/T13141,2015,2016,2020,0.4170323914242463,1,24,6,0.034482758620689655,144,78.0,7.0,0,1,0.5192953602156174,false_positive,1340
https://openalex.org/T10402,https://openalex.org/T10798,2015,2016,2020,0.5138983423697507,1,2,9,0.1,18,2.0,24.0,0,1,0.5192063292314313,false_positive,1341
https://openalex.org/T10320,https://openalex.org/T11407,2015,2016,2020,0.31066746727980593,1,17,4,0.05,68,31.0,4.0,0,1,0.5191228023669707,false_positive,1342
https://openalex.org/T10064,https://openalex.org/T12292,2015,2016,2020,0.7213475204444817,1,12,2,0.07692307692307693,24,16.0,2.0,0,1,0.5188245239739878,false_positive,1343
https://openalex.org/T11443,https://openalex.org/T12535,2015,2016,2020,0.36926937306885504,1,3,13,0.06666666666666667,39,4.0,17.0,0,1,0.5188243670938026,false_positive,1344
https://openalex.org/T11162,https://openalex.org/T11354,2015,2016,2020,0.2790553132756236,1,13,3,0.06666666666666667,39,28.0,16.0,0,1,0.5187880998072335,false_positive,1345
https://openalex.org/T10044,https://openalex.org/T10526,2015,2016,2020,0.48089834696298783,1,16,2,0.058823529411764705,32,38.0,2.0,0,1,0.5187257933211874,false_positive,1347
https://openalex.org/T10044,https://openalex.org/T10112,2015,2016,2020,0.48089834696298783,1,16,2,0.058823529411764705,32,38.0,2.0,0,1,0.5187257933211874,false_positive,1346
https://openalex.org/T10500,https://openalex.org/T10581,2015,2016,2020,0.43429448190325176,1,11,6,0.0625,66,20.0,16.0,0,1,0.5184111807433209,false_positive,1348
https://openalex.org/T12535,https://openalex.org/T12859,2015,2016,2020,0.48089834696298783,1,13,6,0.05555555555555555,78,17.0,8.0,0,1,0.5182795812623348,false_positive,1349
https://openalex.org/T10878,https://openalex.org/T11970,2015,2016,2020,0.3459762562611936,1,9,9,0.058823529411764705,81,14.0,20.0,0,1,0.5182218755729466,false_positive,1350
https://openalex.org/T12254,https://openalex.org/T12859,2015,2016,2020,0.5979843021794247,2,4,6,0.25,24,16.0,8.0,0,1,0.5181117302780204,false_positive,1351
https://openalex.org/T12679,https://openalex.org/T14153,2015,2016,2020,0.8268746032241814,2,4,4,0.3333333333333333,16,6.0,6.0,0,1,0.5180953630088585,false_positive,1352
https://openalex.org/T10320,https://openalex.org/T11289,2015,2016,2020,0.31066746727980593,1,17,6,0.045454545454545456,102,31.0,8.0,0,1,0.5179654848310047,false_positive,1354
https://openalex.org/T10320,https://openalex.org/T11710,2015,2016,2020,0.31066746727980593,1,17,6,0.045454545454545456,102,31.0,8.0,0,1,0.5179654848310047,false_positive,1355
https://openalex.org/T10320,https://openalex.org/T10932,2015,2016,2020,0.31066746727980593,1,17,6,0.045454545454545456,102,31.0,8.0,0,1,0.5179654848310047,false_positive,1353
https://openalex.org/T10044,https://openalex.org/T13664,2015,2016,2020,0.3459762562611936,1,16,9,0.041666666666666664,144,38.0,18.0,0,1,0.5179519881132334,false_positive,1356
https://openalex.org/T12292,https://openalex.org/T12535,2015,2016,2020,0.35295612386476116,1,2,13,0.07142857142857142,26,2.0,17.0,0,1,0.5170059405150895,false_positive,1358
https://openalex.org/T11206,https://openalex.org/T12535,2015,2016,2020,0.35295612386476116,1,2,13,0.07142857142857142,26,2.0,17.0,0,1,0.5170059405150895,false_positive,1357
https://openalex.org/T10120,https://openalex.org/T11287,2015,2016,2020,0.2790553132756236,1,6,13,0.05555555555555555,78,10.0,20.0,0,1,0.5169190268599969,false_positive,1359
https://openalex.org/T11307,https://openalex.org/T11975,2015,2016,2020,0.7213475204444817,1,10,6,0.06666666666666667,60,14.0,8.0,0,1,0.5166542725114066,false_positive,1360
https://openalex.org/T10351,https://openalex.org/T12539,2015,2016,2020,1.1022332815225997,2,5,2,0.4,10,6.0,2.0,0,1,0.516606792285745,false_positive,1361
https://openalex.org/T10015,https://openalex.org/T10052,2015,2016,2020,0.5581106265512472,1,36,6,0.024390243902439025,216,158.0,6.0,0,1,0.5165299252580788,false_positive,1362
https://openalex.org/T10462,https://openalex.org/T10775,2015,2016,2020,0.7872506057680129,2,4,4,0.3333333333333333,16,4.0,6.0,0,1,0.5163362888062388,false_positive,1363
https://openalex.org/T10261,https://openalex.org/T11407,2015,2016,2020,0.31066746727980593,1,17,4,0.05,68,32.0,4.0,0,1,0.5161615285241391,false_positive,1364
https://openalex.org/T12279,https://openalex.org/T13883,2015,2016,2020,1.424137568996588,2,4,2,0.5,8,4.0,2.0,0,1,0.5161291733723186,false_positive,1365
https://openalex.org/T10434,https://openalex.org/T11287,2015,2016,2020,0.2790553132756236,1,9,13,0.047619047619047616,117,14.0,20.0,0,1,0.5160903060697678,false_positive,1366
https://openalex.org/T11629,https://openalex.org/T13984,2015,2016,2020,0.8080757371781798,2,2,6,0.3333333333333333,12,2.0,6.0,0,1,0.5157160284715522,false_positive,1367
https://openalex.org/T10044,https://openalex.org/T11129,2015,2016,2020,0.45511961331341866,1,16,3,0.05555555555555555,48,38.0,4.0,0,1,0.5157064293957458,false_positive,1368
https://openalex.org/T11269,https://openalex.org/T11871,2015,2016,2020,0.3898712452512801,1,9,15,0.043478260869565216,135,16.0,17.0,0,1,0.5154703710883747,false_positive,1369
https://openalex.org/T12010,https://openalex.org/T13309,2015,2016,2020,0.36067376022224085,1,9,9,0.058823529411764705,81,16.0,20.0,0,1,0.515148184408018,false_positive,1370
https://openalex.org/T10522,https://openalex.org/T11369,2015,2016,2020,0.7213475204444817,1,8,7,0.07142857142857142,56,8.0,10.0,0,1,0.5150978037740008,false_positive,1371
https://openalex.org/T11307,https://openalex.org/T13937,2015,2016,2020,0.5581106265512472,1,10,8,0.058823529411764705,80,14.0,12.0,0,1,0.5150946034768284,false_positive,1372
https://openalex.org/T10521,https://openalex.org/T11809,2015,2016,2020,0.36067376022224085,1,18,2,0.05263157894736842,36,50.0,2.0,0,1,0.5144906484635108,false_positive,1373
https://openalex.org/T10500,https://openalex.org/T11269,2015,2016,2020,0.43429448190325176,1,11,9,0.05263157894736842,99,20.0,16.0,0,1,0.5143846361663316,false_positive,1374
https://openalex.org/T10044,https://openalex.org/T11449,2015,2016,2020,0.45511961331341866,1,16,2,0.058823529411764705,32,38.0,2.0,0,1,0.5137273918695207,false_positive,1375
https://openalex.org/T10429,https://openalex.org/T10500,2015,2016,2020,0.43429448190325176,1,3,11,0.07692307692307693,33,6.0,20.0,0,1,0.5134980324706733,false_positive,1376
https://openalex.org/T10012,https://openalex.org/T10066,2015,2016,2020,0.2790553132756236,1,11,12,0.045454545454545456,132,32.0,26.0,0,1,0.5134926477341171,false_positive,1377
https://openalex.org/T10629,https://openalex.org/T11930,2015,2016,2020,0.35295612386476116,1,16,4,0.05263157894736842,64,28.0,4.0,0,1,0.5133603771926791,false_positive,1378
https://openalex.org/T10269,https://openalex.org/T11269,2015,2016,2020,0.40242960438184466,1,9,9,0.058823529411764705,81,10.0,16.0,0,1,0.5130429064207238,false_positive,1379
https://openalex.org/T10014,https://openalex.org/T10434,2015,2016,2020,0.7213475204444817,1,4,9,0.08333333333333333,36,4.0,14.0,0,1,0.5128441257829324,false_positive,1380
https://openalex.org/T10472,https://openalex.org/T10798,2015,2016,2020,0.36067376022224085,1,4,9,0.08333333333333333,36,4.0,24.0,0,1,0.5128407649743658,false_positive,1381
https://openalex.org/T12443,https://openalex.org/T13283,2015,2016,2020,0.31465798044412485,1,8,17,0.041666666666666664,136,20.0,19.0,0,1,0.5128081062803216,false_positive,1382
https://openalex.org/T10521,https://openalex.org/T12640,2015,2016,2020,0.2790553132756236,1,18,2,0.05263157894736842,36,50.0,4.0,0,1,0.5126505268152578,false_positive,1383
https://openalex.org/T10677,https://openalex.org/T12010,2015,2016,2020,0.7213475204444817,1,3,9,0.09090909090909091,27,4.0,16.0,0,1,0.5125205339334757,false_positive,1384
https://openalex.org/T10320,https://openalex.org/T10522,2015,2016,2020,0.43429448190325176,1,17,8,0.041666666666666664,136,31.0,8.0,0,1,0.5124814558076608,false_positive,1385
https://openalex.org/T10185,https://openalex.org/T10500,2015,2016,2020,0.4170323914242463,1,2,11,0.08333333333333333,22,2.0,20.0,0,1,0.5124500346555811,false_positive,1386
https://openalex.org/T10123,https://openalex.org/T11213,2015,2016,2020,0.3898712452512801,1,2,12,0.07692307692307693,24,2.0,18.0,0,1,0.5123727884429445,false_positive,1387
https://openalex.org/T10206,https://openalex.org/T10640,2015,2016,2020,0.4170323914242463,1,24,6,0.034482758620689655,144,78.0,6.0,0,1,0.5123020371853958,false_positive,1388
https://openalex.org/T11269,https://openalex.org/T11468,2015,2016,2020,0.40242960438184466,1,9,10,0.05555555555555555,90,16.0,18.0,0,1,0.5121685175749536,false_positive,1389
https://openalex.org/T10186,https://openalex.org/T13309,2015,2016,2020,0.6213349345596119,1,2,9,0.1,18,2.0,20.0,0,1,0.5120654311869374,false_positive,1390
https://openalex.org/T12010,https://openalex.org/T12443,2015,2016,2020,0.36067376022224085,1,9,8,0.0625,72,16.0,20.0,0,1,0.5120612727063845,false_positive,1391
https://openalex.org/T10044,https://openalex.org/T11710,2015,2016,2020,0.48089834696298783,1,16,6,0.047619047619047616,96,38.0,8.0,0,1,0.5118537551617407,false_positive,1392
https://openalex.org/T10044,https://openalex.org/T12046,2015,2016,2020,0.35295612386476116,1,16,4,0.05263157894736842,64,38.0,8.0,0,1,0.5117133830342981,false_positive,1393
https://openalex.org/T11213,https://openalex.org/T11447,2015,2016,2020,0.45511961331341866,1,12,10,0.047619047619047616,120,18.0,13.0,0,1,0.5116952713758571,false_positive,1394
https://openalex.org/T10320,https://openalex.org/T10538,2015,2016,2020,0.3898712452512801,1,17,7,0.043478260869565216,119,31.0,7.0,0,1,0.5116369096390827,false_positive,1395
https://openalex.org/T10621,https://openalex.org/T11213,2015,2016,2020,0.31066746727980593,1,6,12,0.058823529411764705,72,6.0,18.0,0,1,0.5116040495345004,false_positive,1396
https://openalex.org/T10336,https://openalex.org/T10587,2015,2016,2020,0.7213475204444817,1,10,6,0.06666666666666667,60,11.0,6.0,0,1,0.5115524474133387,false_positive,1397
https://openalex.org/T10261,https://openalex.org/T10320,2015,2016,2020,0.31066746727980593,1,17,17,0.030303030303030304,289,32.0,31.0,0,1,0.5114096304548347,false_positive,1398
https://openalex.org/T10591,https://openalex.org/T10798,2015,2016,2020,0.35295612386476116,1,4,9,0.08333333333333333,36,4.0,24.0,0,1,0.511343630765253,false_positive,1399
https://openalex.org/T10417,https://openalex.org/T10556,2015,2016,2020,0.5138983423697507,1,4,7,0.1,28,4.0,24.0,0,1,0.5110763841424877,false_positive,1400
https://openalex.org/T10804,https://openalex.org/T11880,2015,2016,2020,0.31465798044412485,1,17,4,0.05,68,34.0,4.0,0,1,0.5110100007002566,false_positive,1401
https://openalex.org/T11744,https://openalex.org/T12574,2015,2016,2020,0.667614104308886,2,6,4,0.25,24,20.0,4.0,0,1,0.5108984873088214,false_positive,1402
https://openalex.org/T10521,https://openalex.org/T10995,2015,2016,2020,0.3898712452512801,1,18,3,0.05,54,50.0,3.0,0,1,0.5106009640246246,false_positive,1403
https://openalex.org/T10261,https://openalex.org/T10857,2015,2016,2020,0.2790553132756236,1,17,4,0.05,68,32.0,4.0,0,1,0.5100298208845772,false_positive,1404
https://openalex.org/T10261,https://openalex.org/T11578,2015,2016,2020,0.2790553132756236,1,17,4,0.05,68,32.0,4.0,0,1,0.5100298208845772,false_positive,1405
https://openalex.org/T10416,https://openalex.org/T12168,2015,2016,2020,0.7955563274071127,2,5,3,0.3333333333333333,15,6.0,4.0,0,1,0.5097191132653663,false_positive,1406
https://openalex.org/T10136,https://openalex.org/T10637,2015,2016,2020,0.7213475204444817,1,11,4,0.07142857142857142,44,14.0,4.0,0,1,0.5096004702461433,false_positive,1407
https://openalex.org/T10261,https://openalex.org/T11986,2015,2016,2020,0.2790553132756236,1,17,5,0.047619047619047616,85,32.0,6.0,0,1,0.5094969751959323,false_positive,1408
https://openalex.org/T10243,https://openalex.org/T10519,2015,2016,2020,0.5138983423697507,1,12,4,0.06666666666666667,48,18.0,8.0,0,1,0.5092613391668052,false_positive,1409
https://openalex.org/T10012,https://openalex.org/T13283,2015,2016,2020,0.5581106265512472,1,11,17,0.037037037037037035,187,32.0,19.0,0,1,0.508496028901553,false_positive,1410
https://openalex.org/T10064,https://openalex.org/T10222,2015,2016,2020,0.318928988903801,1,12,11,0.045454545454545456,132,16.0,16.0,0,1,0.5082334936134373,false_positive,1411
https://openalex.org/T10472,https://openalex.org/T12529,2015,2016,2020,0.814706547658322,2,4,4,0.3333333333333333,16,4.0,4.0,0,1,0.5076699135630967,false_positive,1412
https://openalex.org/T10062,https://openalex.org/T10222,2015,2016,2020,0.45511961331341866,1,5,11,0.06666666666666667,55,6.0,16.0,0,1,0.5075577204790539,false_positive,1413
https://openalex.org/T10382,https://openalex.org/T12220,2015,2016,2020,1.0551557211398157,2,5,2,0.4,10,6.0,2.0,0,1,0.5074744800611151,false_positive,1414
https://openalex.org/T10500,https://openalex.org/T11871,2015,2016,2020,0.4170323914242463,1,11,15,0.04,165,20.0,17.0,0,1,0.5069294246952518,false_positive,1415
https://openalex.org/T10591,https://openalex.org/T12748,2015,2016,2020,0.8080757371781798,2,4,4,0.3333333333333333,16,4.0,4.0,0,1,0.5063831124330006,false_positive,1416
https://openalex.org/T10627,https://openalex.org/T13937,2015,2016,2020,0.5581106265512472,1,9,8,0.0625,72,12.0,12.0,0,1,0.5062427330947094,false_positive,1417
https://openalex.org/T10521,https://openalex.org/T10751,2015,2016,2020,0.4170323914242463,1,18,4,0.047619047619047616,72,50.0,4.0,0,1,0.5062073521200016,false_positive,1418
https://openalex.org/T10629,https://openalex.org/T11880,2015,2016,2020,0.31465798044412485,1,16,4,0.05263157894736842,64,28.0,4.0,0,1,0.505929519983445,false_positive,1419
https://openalex.org/T10932,https://openalex.org/T12613,2015,2016,2020,0.3898712452512801,1,6,9,0.07142857142857142,54,8.0,20.0,0,1,0.5059061069941346,false_positive,1420
https://openalex.org/T10064,https://openalex.org/T10211,2015,2016,2020,0.318928988903801,1,12,8,0.05263157894736842,96,16.0,14.0,0,1,0.5058184416440502,false_positive,1421
https://openalex.org/T10044,https://openalex.org/T13013,2015,2016,2020,0.45511961331341866,1,16,5,0.05,80,38.0,6.0,0,1,0.5052516704318418,false_positive,1422
https://openalex.org/T10521,https://openalex.org/T10725,2015,2016,2020,0.45511961331341866,1,18,7,0.041666666666666664,126,50.0,10.0,0,1,0.5050903434380846,false_positive,1423
https://openalex.org/T11542,https://openalex.org/T12010,2015,2016,2020,0.36067376022224085,1,9,9,0.058823529411764705,81,10.0,16.0,0,1,0.5049407969917473,false_positive,1424
https://openalex.org/T10627,https://openalex.org/T11269,2015,2016,2020,0.3898712452512801,1,9,9,0.058823529411764705,81,12.0,16.0,0,1,0.5046781744985959,false_positive,1425
https://openalex.org/T10184,https://openalex.org/T10222,2015,2016,2020,0.45511961331341866,1,4,11,0.07142857142857142,44,4.0,16.0,0,1,0.5046369396709344,false_positive,1426
https://openalex.org/T10878,https://openalex.org/T13664,2015,2016,2020,0.3459762562611936,1,9,9,0.058823529411764705,81,14.0,18.0,0,1,0.5042289946590505,false_positive,1427
https://openalex.org/T10320,https://openalex.org/T10621,2015,2016,2020,0.31066746727980593,1,17,6,0.045454545454545456,102,31.0,6.0,0,1,0.503972284994445,false_positive,1428
https://openalex.org/T10044,https://openalex.org/T11269,2015,2016,2020,0.3459762562611936,1,16,9,0.041666666666666664,144,38.0,16.0,0,1,0.5039587716926038,false_positive,1429
https://openalex.org/T10534,https://openalex.org/T11447,2015,2016,2020,0.7213475204444817,1,2,10,0.09090909090909091,20,2.0,13.0,0,1,0.5028225069438591,false_positive,1431
https://openalex.org/T10220,https://openalex.org/T11447,2015,2016,2020,0.7213475204444817,1,2,10,0.09090909090909091,20,2.0,13.0,0,1,0.5028225069438591,false_positive,1430
https://openalex.org/T10057,https://openalex.org/T10243,2015,2016,2020,0.4170323914242463,1,8,12,0.05263157894736842,96,20.0,18.0,0,1,0.5027488932705148,false_positive,1432
https://openalex.org/T10157,https://openalex.org/T10243,2015,2016,2020,0.31465798044412485,1,4,12,0.06666666666666667,48,5.0,18.0,0,1,0.5026308813689915,false_positive,1433
https://openalex.org/T11700,https://openalex.org/T12664,2015,2016,2020,1.2257247308601333,3,3,3,1.0,9,6.0,8.0,0,1,0.5024041821938735,false_positive,1434
https://openalex.org/T10222,https://openalex.org/T11354,2015,2016,2020,0.2790553132756236,1,11,3,0.07692307692307693,33,16.0,16.0,0,1,0.5022249572728539,false_positive,1435
https://openalex.org/T12535,https://openalex.org/T13398,2015,2016,2020,0.36926937306885504,1,13,11,0.043478260869565216,143,17.0,13.0,0,1,0.5016958577084321,false_positive,1436
https://openalex.org/T10064,https://openalex.org/T10467,2015,2016,2020,0.35295612386476116,1,12,9,0.05,108,16.0,13.0,0,1,0.5016638296451122,false_positive,1437
https://openalex.org/T10174,https://openalex.org/T11880,2015,2016,2020,1.3426824550040934,2,2,4,0.5,8,2.0,4.0,0,1,0.5011280916221138,false_positive,1438
https://openalex.org/T10261,https://openalex.org/T10621,2015,2016,2020,0.31066746727980593,1,17,6,0.045454545454545456,102,32.0,6.0,0,1,0.5010073933084072,false_positive,1439
https://openalex.org/T10057,https://openalex.org/T11287,2015,2016,2020,0.31066746727980593,1,8,13,0.05,104,20.0,20.0,0,1,0.5008786962347624,false_positive,1440
https://openalex.org/T10009,https://openalex.org/T10235,2015,2016,2020,0.7213475204444817,1,8,8,0.06666666666666667,64,10.0,8.0,0,1,0.5008596861146875,false_positive,1441
https://openalex.org/T10136,https://openalex.org/T10836,2015,2016,2020,0.40242960438184466,1,11,7,0.058823529411764705,77,14.0,12.0,0,1,0.5008449067700929,false_positive,1442
https://openalex.org/T10522,https://openalex.org/T11307,2015,2016,2020,0.4170323914242463,1,8,10,0.058823529411764705,80,8.0,14.0,0,1,0.5003794201533803,false_positive,1443
https://openalex.org/T10211,https://openalex.org/T11970,2015,2016,2020,0.318928988903801,1,8,9,0.0625,72,14.0,20.0,0,1,0.5003273773294373,false_positive,1444
https://openalex.org/T10878,https://openalex.org/T13937,2015,2016,2020,0.5581106265512472,1,9,8,0.0625,72,14.0,12.0,0,1,0.5003131096750071,false_positive,1445
https://openalex.org/T10836,https://openalex.org/T11213,2015,2016,2020,0.31066746727980593,1,7,12,0.05555555555555555,84,12.0,18.0,0,0,0.4998934126233277,true_negative,1446
https://openalex.org/T10206,https://openalex.org/T11577,2015,2016,2020,0.35295612386476116,1,24,6,0.034482758620689655,144,78.0,6.0,0,0,0.4998671651883373,true_negative,1447
https://openalex.org/T10044,https://openalex.org/T12646,2015,2016,2020,0.36067376022224085,1,16,4,0.05263157894736842,64,38.0,6.0,0,0,0.499212685096673,true_negative,1448
https://openalex.org/T12945,https://openalex.org/T13309,2015,2016,2020,0.6213349345596119,1,1,9,0.1111111111111111,9,1.0,20.0,0,0,0.49919212926924134,true_negative,1449
https://openalex.org/T10078,https://openalex.org/T10179,2015,2016,2020,0.45511961331341866,1,9,7,0.06666666666666667,63,16.0,16.0,0,0,0.4990946649952511,true_negative,1450
https://openalex.org/T10243,https://openalex.org/T11981,2015,2016,2020,0.31465798044412485,1,12,8,0.05263157894736842,96,18.0,14.0,0,0,0.499059744759204,true_negative,1451
https://openalex.org/T10320,https://openalex.org/T11213,2015,2016,2020,0.31066746727980593,1,17,12,0.03571428571428571,204,31.0,18.0,0,0,0.49882497838055545,true_negative,1452
https://openalex.org/T10066,https://openalex.org/T11354,2015,2016,2020,0.2790553132756236,1,12,3,0.07142857142857142,36,26.0,16.0,0,0,0.4988081378755224,true_negative,1453
https://openalex.org/T10857,https://openalex.org/T11213,2015,2016,2020,0.2790553132756236,1,4,12,0.06666666666666667,48,4.0,18.0,0,0,0.49868532055805714,true_negative,1454
https://openalex.org/T10521,https://openalex.org/T10715,2015,2016,2020,0.2790553132756236,1,18,2,0.05263157894736842,36,50.0,2.0,0,0,0.4986523768891193,true_negative,1456
https://openalex.org/T10521,https://openalex.org/T10602,2015,2016,2020,0.2790553132756236,1,18,2,0.05263157894736842,36,50.0,2.0,0,0,0.4986523768891193,true_negative,1455
https://openalex.org/T10521,https://openalex.org/T11879,2015,2016,2020,0.2790553132756236,1,18,2,0.05263157894736842,36,50.0,2.0,0,0,0.4986523768891193,true_negative,1458
https://openalex.org/T10521,https://openalex.org/T12134,2015,2016,2020,0.2790553132756236,1,18,2,0.05263157894736842,36,50.0,2.0,0,0,0.4986523768891193,true_negative,1459
https://openalex.org/T10521,https://openalex.org/T11470,2015,2016,2020,0.2790553132756236,1,18,2,0.05263157894736842,36,50.0,2.0,0,0,0.4986523768891193,true_negative,1457
https://openalex.org/T11011,https://openalex.org/T11305,2015,2016,2020,1.039008973514235,2,5,2,0.4,10,8.0,2.0,0,0,0.49841097251125926,true_negative,1460
https://openalex.org/T11011,https://openalex.org/T14144,2015,2016,2020,1.039008973514235,2,5,2,0.4,10,8.0,2.0,0,0,0.49841097251125926,true_negative,1461
https://openalex.org/T10303,https://openalex.org/T12613,2015,2016,2020,0.3898712452512801,1,5,9,0.07692307692307693,45,6.0,20.0,0,0,0.49840412546122426,true_negative,1462
https://openalex.org/T10015,https://openalex.org/T12592,2015,2016,2020,0.318928988903801,1,36,6,0.024390243902439025,216,158.0,10.0,0,0,0.49811194520799834,true_negative,1463
https://openalex.org/T10036,https://openalex.org/T11269,2015,2016,2020,0.3898712452512801,1,8,9,0.0625,72,10.0,16.0,0,0,0.4979556371166428,true_negative,1464
https://openalex.org/T10320,https://openalex.org/T11287,2015,2016,2020,0.31066746727980593,1,17,13,0.034482758620689655,221,31.0,20.0,0,0,0.4977990659817544,true_negative,1465
https://openalex.org/T10084,https://openalex.org/T10243,2015,2016,2020,0.31465798044412485,1,2,12,0.07692307692307693,24,2.0,18.0,0,0,0.497776256665384,true_negative,1466
https://openalex.org/T12535,https://openalex.org/T13429,2015,2016,2020,0.48089834696298783,1,13,2,0.07142857142857142,26,17.0,2.0,0,0,0.49756306867280786,true_negative,1467
https://openalex.org/T10243,https://openalex.org/T10688,2015,2016,2020,0.4170323914242463,1,12,10,0.047619047619047616,120,18.0,12.0,0,0,0.49730418431546447,true_negative,1468
https://openalex.org/T10036,https://openalex.org/T13937,2015,2016,2020,0.5581106265512472,1,8,8,0.06666666666666667,64,10.0,12.0,0,0,0.4971767564725425,true_negative,1469
https://openalex.org/T10062,https://openalex.org/T13664,2015,2016,2020,0.45511961331341866,1,5,9,0.07692307692307693,45,6.0,18.0,0,0,0.49706816280895005,true_negative,1470
https://openalex.org/T11744,https://openalex.org/T12947,2015,2016,2020,0.713629884087002,2,6,3,0.2857142857142857,18,20.0,4.0,0,0,0.496604614505613,true_negative,1471
https://openalex.org/T10066,https://openalex.org/T10683,2015,2016,2020,0.5138983423697507,1,12,5,0.0625,60,26.0,10.0,0,0,0.4964425799492723,true_negative,1472
https://openalex.org/T10090,https://openalex.org/T10275,2015,2016,2020,0.7213475204444817,1,2,8,0.1111111111111111,16,2.0,18.0,0,0,0.4962683325320829,true_negative,1473
https://openalex.org/T10044,https://openalex.org/T10995,2015,2016,2020,0.3898712452512801,1,16,3,0.05555555555555555,48,38.0,3.0,0,0,0.4960463914775192,true_negative,1474
https://openalex.org/T12046,https://openalex.org/T12529,2015,2016,2020,0.814706547658322,2,4,4,0.3333333333333333,16,8.0,4.0,0,0,0.495810717693444,true_negative,1475
https://openalex.org/T10243,https://openalex.org/T10467,2015,2016,2020,0.35295612386476116,1,12,9,0.05,108,18.0,13.0,0,0,0.49573399151037084,true_negative,1476
https://openalex.org/T11354,https://openalex.org/T11642,2015,2016,2020,0.2790553132756236,1,3,11,0.07692307692307693,33,16.0,26.0,0,0,0.49572194892257376,true_negative,1478
https://openalex.org/T11354,https://openalex.org/T11482,2015,2016,2020,0.2790553132756236,1,3,11,0.07692307692307693,33,16.0,26.0,0,0,0.49572194892257376,true_negative,1477
https://openalex.org/T10521,https://openalex.org/T12592,2015,2016,2020,0.318928988903801,1,18,6,0.043478260869565216,108,50.0,10.0,0,0,0.4955672058948431,true_negative,1479
https://openalex.org/T10136,https://openalex.org/T10627,2015,2016,2020,0.3898712452512801,1,11,9,0.05263157894736842,99,14.0,12.0,0,0,0.49555420460965166,true_negative,1480
https://openalex.org/T10066,https://openalex.org/T13398,2015,2016,2020,0.5138983423697507,1,12,11,0.045454545454545456,132,26.0,13.0,0,0,0.4954273593011381,true_negative,1481
https://openalex.org/T10044,https://openalex.org/T13104,2015,2016,2020,0.36067376022224085,1,16,2,0.058823529411764705,32,38.0,2.0,0,0,0.4953988086254268,true_negative,1483
https://openalex.org/T10044,https://openalex.org/T12202,2015,2016,2020,0.36067376022224085,1,16,2,0.058823529411764705,32,38.0,2.0,0,0,0.4953988086254268,true_negative,1482
https://openalex.org/T10158,https://openalex.org/T10269,2015,2016,2020,0.5581106265512472,1,9,9,0.058823529411764705,81,12.0,10.0,0,0,0.4953315482233907,true_negative,1484
https://openalex.org/T10434,https://openalex.org/T10725,2015,2016,2020,0.6213349345596119,1,9,7,0.06666666666666667,63,14.0,10.0,0,0,0.4952849782588427,true_negative,1485
https://openalex.org/T10521,https://openalex.org/T10591,2015,2016,2020,0.36067376022224085,1,18,4,0.047619047619047616,72,50.0,4.0,0,0,0.49526846849923506,true_negative,1486
https://openalex.org/T10222,https://openalex.org/T10878,2015,2016,2020,0.3459762562611936,1,11,9,0.05263157894736842,99,16.0,14.0,0,0,0.4951050283244198,true_negative,1487
https://openalex.org/T10275,https://openalex.org/T12613,2015,2016,2020,0.35295612386476116,1,8,9,0.0625,72,18.0,20.0,0,0,0.4950723888116055,true_negative,1488
https://openalex.org/T10066,https://openalex.org/T11468,2015,2016,2020,0.31066746727980593,1,12,10,0.047619047619047616,120,26.0,18.0,0,0,0.4949414167534616,true_negative,1489
https://openalex.org/T10660,https://openalex.org/T11878,2015,2016,2020,1.3426824550040934,2,4,2,0.5,8,6.0,2.0,0,0,0.4943944280779673,true_negative,1490
https://openalex.org/T10036,https://openalex.org/T10136,2015,2016,2020,0.3898712452512801,1,8,11,0.05555555555555555,88,10.0,14.0,0,0,0.49422517986816755,true_negative,1491
https://openalex.org/T13398,https://openalex.org/T14374,2015,2016,2020,0.5581106265512472,1,11,5,0.06666666666666667,55,13.0,6.0,0,0,0.49417082113378213,true_negative,1492
https://openalex.org/T10587,https://openalex.org/T10878,2015,2016,2020,0.5138983423697507,1,6,9,0.07142857142857142,54,6.0,14.0,0,0,0.49390802344425977,true_negative,1493
https://openalex.org/T10044,https://openalex.org/T11825,2015,2016,2020,0.35295612386476116,1,16,2,0.058823529411764705,32,38.0,2.0,0,0,0.49390096976525194,true_negative,1494
https://openalex.org/T10064,https://openalex.org/T13398,2015,2016,2020,0.35295612386476116,1,12,11,0.045454545454545456,132,16.0,13.0,0,0,0.4938380169971521,true_negative,1495
https://openalex.org/T10120,https://openalex.org/T11213,2015,2016,2020,0.2790553132756236,1,6,12,0.058823529411764705,72,10.0,18.0,0,0,0.49361059185607575,true_negative,1496
https://openalex.org/T10445,https://openalex.org/T11177,2015,2016,2020,0.6213349345596119,1,4,9,0.08333333333333333,36,4.0,14.0,0,0,0.49343464969449585,true_negative,1497
https://openalex.org/T10522,https://openalex.org/T11447,2015,2016,2020,0.4170323914242463,1,8,10,0.058823529411764705,80,8.0,13.0,0,0,0.49337938039390705,true_negative,1498
https://openalex.org/T10434,https://openalex.org/T11447,2015,2016,2020,0.45511961331341866,1,9,10,0.05555555555555555,90,14.0,13.0,0,0,0.4933263865002511,true_negative,1499
https://openalex.org/T10538,https://openalex.org/T11447,2015,2016,2020,0.45511961331341866,1,7,10,0.0625,70,7.0,13.0,0,0,0.49321801903239876,true_negative,1500
https://openalex.org/T10519,https://openalex.org/T11213,2015,2016,2020,0.31066746727980593,1,4,12,0.06666666666666667,48,8.0,18.0,0,0,0.49296188079974534,true_negative,1501
https://openalex.org/T10382,https://openalex.org/T12613,2015,2016,2020,0.36067376022224085,1,5,9,0.07692307692307693,45,6.0,20.0,0,0,0.49273732988404845,true_negative,1502
https://openalex.org/T11639,https://openalex.org/T13309,2015,2016,2020,0.36067376022224085,1,5,9,0.07692307692307693,45,6.0,20.0,0,0,0.49273732988404845,true_negative,1503
https://openalex.org/T10044,https://openalex.org/T12610,2015,2016,2020,0.3459762562611936,1,16,2,0.058823529411764705,32,38.0,2.0,0,0,0.4925464106040146,true_negative,1504
https://openalex.org/T10621,https://openalex.org/T11468,2015,2016,2020,0.31066746727980593,1,6,10,0.06666666666666667,60,6.0,18.0,0,0,0.49241740758054386,true_negative,1505
https://openalex.org/T11162,https://openalex.org/T11760,2015,2016,2020,0.6213349345596119,1,13,2,0.07142857142857142,26,28.0,2.0,0,0,0.4922080416343171,true_negative,1506
https://openalex.org/T11468,https://openalex.org/T13398,2015,2016,2020,0.45511961331341866,1,10,11,0.05,110,18.0,13.0,0,0,0.4921709565836383,true_negative,1507
https://openalex.org/T11287,https://openalex.org/T12592,2015,2016,2020,0.318928988903801,1,13,6,0.05555555555555555,78,20.0,10.0,0,0,0.491955721876004,true_negative,1508
https://openalex.org/T10031,https://openalex.org/T10222,2015,2016,2020,0.45511961331341866,1,2,11,0.08333333333333333,22,2.0,16.0,0,0,0.4918444448140668,true_negative,1509
https://openalex.org/T10158,https://openalex.org/T12422,2015,2016,2020,0.9102392266268373,1,9,3,0.09090909090909091,27,12.0,3.0,0,0,0.4918434101049526,true_negative,1510
https://openalex.org/T10064,https://openalex.org/T13937,2015,2016,2020,0.318928988903801,1,12,8,0.05263157894736842,96,16.0,12.0,0,0,0.49181858098254516,true_negative,1511
https://openalex.org/T10836,https://openalex.org/T11970,2015,2016,2020,0.31066746727980593,1,7,9,0.06666666666666667,63,12.0,20.0,0,0,0.49179165180544415,true_negative,1512
https://openalex.org/T10211,https://openalex.org/T11468,2015,2016,2020,0.318928988903801,1,8,10,0.058823529411764705,80,14.0,18.0,0,0,0.49154998589198984,true_negative,1513
https://openalex.org/T10627,https://openalex.org/T11304,2015,2016,2020,0.5581106265512472,1,9,4,0.08333333333333333,36,12.0,12.0,0,0,0.49125965223336343,true_negative,1514
https://openalex.org/T11986,https://openalex.org/T12613,2015,2016,2020,0.35295612386476116,1,5,9,0.07692307692307693,45,6.0,20.0,0,0,0.4912397041023918,true_negative,1515
https://openalex.org/T10521,https://openalex.org/T10836,2015,2016,2020,0.31066746727980593,1,18,7,0.041666666666666664,126,50.0,12.0,0,0,0.49105382410781084,true_negative,1516
https://openalex.org/T10074,https://openalex.org/T11690,2015,2016,2020,0.48089834696298783,1,7,9,0.06666666666666667,63,14.0,16.0,0,0,0.4909024803253907,true_negative,1517
https://openalex.org/T10044,https://openalex.org/T10857,2015,2016,2020,0.3898712452512801,1,16,4,0.05263157894736842,64,38.0,4.0,0,0,0.49088014338620983,true_negative,1518
https://openalex.org/T10602,https://openalex.org/T11213,2015,2016,2020,0.2790553132756236,1,2,12,0.07692307692307693,24,2.0,18.0,0,0,0.49086669602140665,true_negative,1519
https://openalex.org/T10715,https://openalex.org/T11213,2015,2016,2020,0.2790553132756236,1,2,12,0.07692307692307693,24,2.0,18.0,0,0,0.49086669602140665,true_negative,1520
https://openalex.org/T11334,https://openalex.org/T12443,2015,2016,2020,0.6213349345596119,1,2,8,0.1111111111111111,16,2.0,20.0,0,0,0.49085745618781684,true_negative,1521
https://openalex.org/T11472,https://openalex.org/T13398,2015,2016,2020,0.5581106265512472,1,2,11,0.08333333333333333,22,2.0,13.0,0,0,0.4908342675076344,true_negative,1523
https://openalex.org/T10212,https://openalex.org/T13398,2015,2016,2020,0.5581106265512472,1,2,11,0.08333333333333333,22,2.0,13.0,0,0,0.4908342675076344,true_negative,1522
https://openalex.org/T10619,https://openalex.org/T14078,2015,2016,2020,1.072008968920998,2,2,4,0.5,8,2.0,10.0,0,0,0.490593399671206,true_negative,1524
https://openalex.org/T12103,https://openalex.org/T14078,2015,2016,2020,1.072008968920998,2,2,4,0.5,8,2.0,10.0,0,0,0.490593399671206,true_negative,1525
https://openalex.org/T10857,https://openalex.org/T12613,2015,2016,2020,0.3898712452512801,1,4,9,0.08333333333333333,36,4.0,20.0,0,0,0.49051032256149946,true_negative,1526
https://openalex.org/T10878,https://openalex.org/T11269,2015,2016,2020,0.3459762562611936,1,9,9,0.058823529411764705,81,14.0,16.0,0,0,0.49022948581183423,true_negative,1527
https://openalex.org/T10044,https://openalex.org/T10434,2015,2016,2020,0.3459762562611936,1,16,9,0.041666666666666664,144,38.0,14.0,0,0,0.4899593507933756,true_negative,1528
https://openalex.org/T10939,https://openalex.org/T11881,2015,2016,2020,0.9102392266268373,2,3,4,0.4,12,4.0,6.0,0,0,0.4898856904481214,true_negative,1529
https://openalex.org/T12535,https://openalex.org/T13141,2015,2016,2020,0.36926937306885504,1,13,6,0.05555555555555555,78,17.0,7.0,0,0,0.4896213477617394,true_negative,1530
https://openalex.org/T10049,https://openalex.org/T11177,2015,2016,2020,0.7213475204444817,1,2,9,0.1,18,2.0,14.0,0,0,0.4894794458539851,true_negative,1531
https://openalex.org/T10621,https://openalex.org/T13664,2015,2016,2020,0.3459762562611936,1,6,9,0.07142857142857142,54,6.0,18.0,0,0,0.4893169806411041,true_negative,1532
https://openalex.org/T11213,https://openalex.org/T11369,2015,2016,2020,0.3898712452512801,1,12,7,0.05555555555555555,84,18.0,10.0,0,0,0.4892925551157374,true_negative,1533
https://openalex.org/T10184,https://openalex.org/T13664,2015,2016,2020,0.45511961331341866,1,4,9,0.08333333333333333,36,4.0,18.0,0,0,0.48917488387298114,true_negative,1534
https://openalex.org/T10826,https://openalex.org/T13309,2015,2016,2020,0.45511961331341866,1,3,9,0.09090909090909091,27,4.0,20.0,0,0,0.48885124004882113,true_negative,1535
https://openalex.org/T11287,https://openalex.org/T12264,2015,2016,2020,0.43429448190325176,1,13,3,0.06666666666666667,39,20.0,4.0,0,0,0.48864586212795097,true_negative,1536
https://openalex.org/T12535,https://openalex.org/T13748,2015,2016,2020,0.36926937306885504,1,13,5,0.058823529411764705,65,17.0,6.0,0,0,0.48824134932168106,true_negative,1537
https://openalex.org/T10382,https://openalex.org/T11690,2015,2016,2020,0.48089834696298783,1,5,9,0.07692307692307693,45,6.0,16.0,0,0,0.48807325168902144,true_negative,1538
https://openalex.org/T11482,https://openalex.org/T11765,2015,2016,2020,0.7213475204444817,1,11,4,0.07142857142857142,44,26.0,6.0,0,0,0.4880251075202674,true_negative,1539
https://openalex.org/T11162,https://openalex.org/T11287,2015,2016,2020,0.2790553132756236,1,13,13,0.04,169,28.0,20.0,0,0,0.48802502378924056,true_negative,1540
https://openalex.org/T10049,https://openalex.org/T10798,2015,2016,2020,0.35295612386476116,1,2,9,0.1,18,2.0,24.0,0,0,0.48797883535268527,true_negative,1541
https://openalex.org/T10320,https://openalex.org/T12114,2015,2016,2020,0.31066746727980593,1,17,9,0.04,153,31.0,10.0,0,0,0.48765092904167484,true_negative,1542
https://openalex.org/T10538,https://openalex.org/T11307,2015,2016,2020,0.3898712452512801,1,7,10,0.0625,70,7.0,14.0,0,0,0.48755573753920317,true_negative,1543
https://openalex.org/T10211,https://openalex.org/T10275,2015,2016,2020,0.35295612386476116,1,8,8,0.06666666666666667,64,14.0,18.0,0,0,0.48750102135257134,true_negative,1544
https://openalex.org/T10064,https://openalex.org/T10249,2015,2016,2020,0.5581106265512472,1,12,2,0.07692307692307693,24,16.0,2.0,0,0,0.4871515872822584,true_negative,1545
https://openalex.org/T10064,https://openalex.org/T11347,2015,2016,2020,0.5581106265512472,1,12,2,0.07692307692307693,24,16.0,2.0,0,0,0.4871515872822584,true_negative,1546
https://openalex.org/T10044,https://openalex.org/T10382,2015,2016,2020,0.36067376022224085,1,16,5,0.05,80,38.0,6.0,0,0,0.4869226829318415,true_negative,1547
https://openalex.org/T10275,https://openalex.org/T11690,2015,2016,2020,0.45511961331341866,1,8,9,0.0625,72,18.0,16.0,0,0,0.4869036934691817,true_negative,1548
https://openalex.org/T11106,https://openalex.org/T11269,2015,2016,2020,0.5138983423697507,1,4,9,0.08333333333333333,36,4.0,16.0,0,0,0.4865846495146072,true_negative,1549
https://openalex.org/T11287,https://openalex.org/T11764,2015,2016,2020,0.2790553132756236,1,13,3,0.06666666666666667,39,20.0,8.0,0,0,0.4865165966414715,true_negative,1550
https://openalex.org/T10500,https://openalex.org/T10627,2015,2016,2020,0.43429448190325176,1,11,9,0.05263157894736842,99,20.0,12.0,0,0,0.4863902621463923,true_negative,1551
https://openalex.org/T10211,https://openalex.org/T13664,2015,2016,2020,0.318928988903801,1,8,9,0.0625,72,14.0,18.0,0,0,0.48632993134306934,true_negative,1552
https://openalex.org/T10683,https://openalex.org/T13398,2015,2016,2020,0.5138983423697507,1,5,11,0.06666666666666667,55,10.0,13.0,0,0,0.4861097855832312,true_negative,1553
https://openalex.org/T10496,https://openalex.org/T11930,2015,2016,2020,1.2631953504915985,2,2,4,0.5,8,2.0,4.0,0,0,0.4857033564037558,true_negative,1554
https://openalex.org/T11162,https://openalex.org/T11710,2015,2016,2020,0.48089834696298783,1,13,6,0.05555555555555555,78,28.0,8.0,0,0,0.48567693868344763,true_negative,1555
https://openalex.org/T10243,https://openalex.org/T12592,2015,2016,2020,0.35295612386476116,1,12,6,0.058823529411764705,72,18.0,10.0,0,0,0.4856158775102755,true_negative,1556
https://openalex.org/T10836,https://openalex.org/T11468,2015,2016,2020,0.31066746727980593,1,7,10,0.0625,70,12.0,18.0,0,0,0.4853605493341729,true_negative,1557
https://openalex.org/T10129,https://openalex.org/T11369,2015,2016,2020,0.7213475204444817,1,6,7,0.08333333333333333,42,6.0,10.0,0,0,0.4852457374794809,true_negative,1558
https://openalex.org/T10044,https://openalex.org/T12044,2015,2016,2020,0.36067376022224085,1,16,4,0.05263157894736842,64,38.0,4.0,0,0,0.48521614135960095,true_negative,1560
https://openalex.org/T10044,https://openalex.org/T10472,2015,2016,2020,0.36067376022224085,1,16,4,0.05263157894736842,64,38.0,4.0,0,0,0.48521614135960095,true_negative,1559
https://openalex.org/T12044,https://openalex.org/T12613,2015,2016,2020,0.36067376022224085,1,4,9,0.08333333333333333,36,4.0,20.0,0,0,0.48484652398066297,true_negative,1562
https://openalex.org/T10472,https://openalex.org/T12613,2015,2016,2020,0.36067376022224085,1,4,9,0.08333333333333333,36,4.0,20.0,0,0,0.48484652398066297,true_negative,1561
https://openalex.org/T10146,https://openalex.org/T14078,2015,2016,2020,1.072008968920998,2,2,4,0.5,8,4.0,10.0,0,0,0.48466715083425843,true_negative,1563
https://openalex.org/T10521,https://openalex.org/T10538,2015,2016,2020,0.45511961331341866,1,18,7,0.041666666666666664,126,50.0,7.0,0,0,0.48409460718627334,true_negative,1564
https://openalex.org/T10044,https://openalex.org/T10096,2015,2016,2020,0.35295612386476116,1,16,4,0.05263157894736842,64,38.0,4.0,0,0,0.4837195765524347,true_negative,1565
https://openalex.org/T10591,https://openalex.org/T12613,2015,2016,2020,0.35295612386476116,1,4,9,0.08333333333333333,36,4.0,20.0,0,0,0.483350028785647,true_negative,1567
https://openalex.org/T10096,https://openalex.org/T12613,2015,2016,2020,0.35295612386476116,1,4,9,0.08333333333333333,36,4.0,20.0,0,0,0.483350028785647,true_negative,1566
https://openalex.org/T10519,https://openalex.org/T13398,2015,2016,2020,0.5138983423697507,1,4,11,0.07142857142857142,44,8.0,13.0,0,0,0.48319132339896165,true_negative,1568
https://openalex.org/T10062,https://openalex.org/T11269,2015,2016,2020,0.45511961331341866,1,5,9,0.07692307692307693,45,6.0,16.0,0,0,0.48307374583202256,true_negative,1569
https://openalex.org/T10500,https://openalex.org/T11512,2015,2016,2020,0.48089834696298783,1,11,8,0.05555555555555555,88,20.0,10.0,0,0,0.4829389523311913,true_negative,1570
https://openalex.org/T10010,https://openalex.org/T10467,2015,2016,2020,0.45511961331341866,1,7,9,0.06666666666666667,63,8.0,13.0,0,0,0.4826932425910766,true_negative,1571
https://openalex.org/T10211,https://openalex.org/T10222,2015,2016,2020,0.318928988903801,1,8,11,0.05555555555555555,88,14.0,16.0,0,0,0.4826028468028482,true_negative,1572
https://openalex.org/T11287,https://openalex.org/T11928,2015,2016,2020,0.40242960438184466,1,13,3,0.06666666666666667,39,20.0,4.0,0,0,0.48246605448682267,true_negative,1573
https://openalex.org/T10057,https://openalex.org/T11213,2015,2016,2020,0.31066746727980593,1,8,12,0.05263157894736842,96,20.0,18.0,0,0,0.48211087633169325,true_negative,1574
https://openalex.org/T11235,https://openalex.org/T11981,2015,2016,2020,0.31465798044412485,1,10,8,0.058823529411764705,80,14.0,14.0,0,0,0.4818532840766746,true_negative,1575
https://openalex.org/T12535,https://openalex.org/T12814,2015,2016,2020,0.35295612386476116,1,13,3,0.06666666666666667,39,17.0,4.0,0,0,0.48175896268888163,true_negative,1576
https://openalex.org/T11269,https://openalex.org/T11307,2015,2016,2020,0.3898712452512801,1,9,10,0.05555555555555555,90,16.0,14.0,0,0,0.48173973110631807,true_negative,1577
https://openalex.org/T10235,https://openalex.org/T13984,2015,2016,2020,0.7213475204444817,1,8,6,0.07692307692307693,48,8.0,6.0,0,0,0.4811074525339653,true_negative,1578
https://openalex.org/T10629,https://openalex.org/T13398,2015,2016,2020,0.31465798044412485,1,16,11,0.038461538461538464,176,28.0,13.0,0,0,0.48106895954533163,true_negative,1579
https://openalex.org/T10018,https://openalex.org/T10078,2015,2016,2020,0.45511961331341866,1,8,9,0.0625,72,20.0,16.0,0,0,0.4809799318359932,true_negative,1580
https://openalex.org/T10057,https://openalex.org/T11970,2015,2016,2020,0.31066746727980593,1,8,9,0.0625,72,20.0,20.0,0,0,0.48094318874037095,true_negative,1581
https://openalex.org/T10521,https://openalex.org/T11177,2015,2016,2020,0.36067376022224085,1,18,9,0.038461538461538464,162,50.0,14.0,0,0,0.48076730538701895,true_negative,1582
https://openalex.org/T10064,https://openalex.org/T11542,2015,2016,2020,0.35295612386476116,1,12,9,0.05,108,16.0,10.0,0,0,0.48067219091525154,true_negative,1583
https://openalex.org/T10062,https://openalex.org/T10878,2015,2016,2020,0.5138983423697507,1,5,9,0.07692307692307693,45,6.0,14.0,0,0,0.48048543025106394,true_negative,1584
https://openalex.org/T11162,https://openalex.org/T11213,2015,2016,2020,0.2790553132756236,1,13,12,0.041666666666666664,156,28.0,18.0,0,0,0.48033841753821716,true_negative,1585
https://openalex.org/T10243,https://openalex.org/T10522,2015,2016,2020,0.43429448190325176,1,12,8,0.05263157894736842,96,18.0,8.0,0,0,0.48028913134412876,true_negative,1586
https://openalex.org/T10995,https://openalex.org/T11881,2015,2016,2020,0.8449908585646988,2,3,4,0.4,12,3.0,6.0,0,0,0.48019478944163696,true_negative,1587
https://openalex.org/T11639,https://openalex.org/T12443,2015,2016,2020,0.36067376022224085,1,5,8,0.08333333333333333,40,6.0,20.0,0,0,0.4799523165806531,true_negative,1588
https://openalex.org/T10050,https://openalex.org/T10136,2015,2016,2020,0.36926937306885504,1,5,11,0.06666666666666667,55,5.0,14.0,0,0,0.47986956878548215,true_negative,1589
https://openalex.org/T10352,https://openalex.org/T13309,2015,2016,2020,0.45511961331341866,1,2,9,0.1,18,2.0,20.0,0,0,0.47981596096165796,true_negative,1590
https://openalex.org/T11519,https://openalex.org/T13309,2015,2016,2020,0.45511961331341866,1,2,9,0.1,18,2.0,20.0,0,0,0.47981596096165796,true_negative,1591
https://openalex.org/T11287,https://openalex.org/T11677,2015,2016,2020,0.43429448190325176,1,13,2,0.07142857142857142,26,20.0,2.0,0,0,0.4796334822324493,true_negative,1592
https://openalex.org/T10521,https://openalex.org/T11578,2015,2016,2020,0.2790553132756236,1,18,4,0.047619047619047616,72,50.0,4.0,0,0,0.47943759722830925,true_negative,1593
https://openalex.org/T10467,https://openalex.org/T13398,2015,2016,2020,0.35295612386476116,1,9,11,0.05263157894736842,99,13.0,13.0,0,0,0.4792392698581198,true_negative,1594
https://openalex.org/T10775,https://openalex.org/T13126,2015,2016,2020,1.2631953504915985,2,4,2,0.5,8,6.0,2.0,0,0,0.4789779580404763,true_negative,1595
https://openalex.org/T12196,https://openalex.org/T13309,2015,2016,2020,0.36067376022224085,1,4,9,0.08333333333333333,36,6.0,20.0,0,0,0.4789244291898403,true_negative,1596
https://openalex.org/T10066,https://openalex.org/T11269,2015,2016,2020,0.2790553132756236,1,12,9,0.05,108,26.0,16.0,0,0,0.4786839828467365,true_negative,1597
https://openalex.org/T10269,https://openalex.org/T10836,2015,2016,2020,0.40242960438184466,1,9,7,0.06666666666666667,63,10.0,12.0,0,0,0.47866850084499435,true_negative,1598
https://openalex.org/T10044,https://openalex.org/T10222,2015,2016,2020,0.3459762562611936,1,16,11,0.038461538461538464,176,38.0,16.0,0,0,0.47850365769846076,true_negative,1599
https://openalex.org/T10052,https://openalex.org/T13937,2015,2016,2020,0.5581106265512472,1,6,8,0.07692307692307693,48,6.0,12.0,0,0,0.47823321207772584,true_negative,1600
https://openalex.org/T10500,https://openalex.org/T10534,2015,2016,2020,0.7213475204444817,1,11,2,0.08333333333333333,22,20.0,2.0,0,0,0.4782282788564132,true_negative,1601
https://openalex.org/T10012,https://openalex.org/T10604,2015,2016,2020,0.2790553132756236,1,11,8,0.05555555555555555,88,32.0,20.0,0,0,0.47819254023463814,true_negative,1602
https://openalex.org/T11105,https://openalex.org/T11307,2015,2016,2020,0.5581106265512472,1,2,10,0.09090909090909091,20,2.0,14.0,1,0,0.4781522166429227,false_negative,1603
https://openalex.org/T11710,https://openalex.org/T13664,2015,2016,2020,0.318928988903801,1,6,9,0.07142857142857142,54,8.0,18.0,0,0,0.47814939414749436,true_negative,1604
https://openalex.org/T10202,https://openalex.org/T10522,2015,2016,2020,0.9102392266268373,1,3,8,0.1,24,3.0,8.0,0,0,0.47795172462626223,true_negative,1605
https://openalex.org/T10182,https://openalex.org/T13398,2015,2016,2020,0.35295612386476116,1,7,11,0.058823529411764705,77,8.0,13.0,0,0,0.4777931791034017,true_negative,1606
https://openalex.org/T10502,https://openalex.org/T11307,2015,2016,2020,0.35295612386476116,1,7,10,0.0625,70,8.0,14.0,0,0,0.4774382124079565,true_negative,1607
https://openalex.org/T10448,https://openalex.org/T11447,2015,2016,2020,0.5581106265512472,1,3,10,0.08333333333333333,30,4.0,13.0,0,0,0.4774145064617672,true_negative,1608
https://openalex.org/T10064,https://openalex.org/T10519,2015,2016,2020,0.318928988903801,1,12,4,0.06666666666666667,48,16.0,8.0,0,0,0.477363817053723,true_negative,1609
https://openalex.org/T11287,https://openalex.org/T13199,2015,2016,2020,0.43429448190325176,1,13,1,0.07692307692307693,13,20.0,1.0,0,0,0.4773024011874375,true_negative,1610
https://openalex.org/T12114,https://openalex.org/T12254,2015,2016,2020,0.31066746727980593,1,9,4,0.08333333333333333,36,10.0,16.0,0,0,0.477176984439107,true_negative,1611
https://openalex.org/T10222,https://openalex.org/T10836,2015,2016,2020,0.31066746727980593,1,11,7,0.058823529411764705,77,16.0,12.0,0,0,0.47711970242616486,true_negative,1612
https://openalex.org/T12535,https://openalex.org/T12676,2015,2016,2020,0.35295612386476116,1,13,4,0.0625,52,17.0,4.0,0,0,0.47653372596979016,true_negative,1613
https://openalex.org/T10336,https://openalex.org/T11369,2015,2016,2020,0.3898712452512801,1,10,7,0.0625,70,11.0,10.0,0,0,0.4763993880982949,true_negative,1614
https://openalex.org/T10434,https://openalex.org/T10878,2015,2016,2020,0.3459762562611936,1,9,9,0.058823529411764705,81,14.0,14.0,0,0,0.4762452851502843,true_negative,1615
https://openalex.org/T11407,https://openalex.org/T11468,2015,2016,2020,0.31066746727980593,1,4,10,0.07692307692307693,40,4.0,18.0,0,0,0.4760816627956311,true_negative,1616
https://openalex.org/T12574,https://openalex.org/T13309,2015,2016,2020,0.31465798044412485,1,4,9,0.08333333333333333,36,4.0,20.0,0,0,0.4759287326290162,true_negative,1619
https://openalex.org/T11880,https://openalex.org/T13309,2015,2016,2020,0.31465798044412485,1,4,9,0.08333333333333333,36,4.0,20.0,0,0,0.4759287326290162,true_negative,1618
https://openalex.org/T10102,https://openalex.org/T13309,2015,2016,2020,0.31465798044412485,1,4,9,0.08333333333333333,36,4.0,20.0,0,0,0.4759287326290162,true_negative,1617
https://openalex.org/T12535,https://openalex.org/T13487,2015,2016,2020,0.36926937306885504,1,13,2,0.07142857142857142,26,17.0,2.0,0,0,0.4759142574015031,true_negative,1620
https://openalex.org/T10009,https://openalex.org/T10322,2015,2016,2020,0.7213475204444817,1,8,4,0.09090909090909091,32,10.0,8.0,0,0,0.47589846497149146,true_negative,1621
https://openalex.org/T10336,https://openalex.org/T12763,2015,2016,2020,0.7213475204444817,1,10,2,0.09090909090909091,20,11.0,2.0,0,0,0.4756597270163358,true_negative,1624
https://openalex.org/T10336,https://openalex.org/T11339,2015,2016,2020,0.7213475204444817,1,10,2,0.09090909090909091,20,11.0,2.0,0,0,0.4756597270163358,true_negative,1623
https://openalex.org/T10336,https://openalex.org/T10915,2015,2016,2020,0.7213475204444817,1,10,2,0.09090909090909091,20,11.0,2.0,0,0,0.4756597270163358,true_negative,1622
https://openalex.org/T10123,https://openalex.org/T10556,2015,2016,2020,0.5138983423697507,1,2,7,0.125,14,2.0,24.0,0,0,0.47562134061998157,true_negative,1625
https://openalex.org/T10057,https://openalex.org/T10604,2015,2016,2020,0.31066746727980593,1,8,8,0.06666666666666667,64,20.0,20.0,0,0,0.47552068539044984,true_negative,1626
https://openalex.org/T10261,https://openalex.org/T13283,2015,2016,2020,0.5581106265512472,1,17,17,0.030303030303030304,289,32.0,19.0,0,0,0.47545553674484897,true_negative,1627
https://openalex.org/T11577,https://openalex.org/T13398,2015,2016,2020,0.35295612386476116,1,6,11,0.0625,66,6.0,13.0,0,0,0.475342789987431,true_negative,1628
https://openalex.org/T10621,https://openalex.org/T11269,2015,2016,2020,0.3459762562611936,1,6,9,0.07142857142857142,54,6.0,16.0,0,0,0.4753345383534781,true_negative,1629
https://openalex.org/T10176,https://openalex.org/T10878,2015,2016,2020,0.5581106265512472,1,4,9,0.08333333333333333,36,6.0,14.0,0,0,0.4752525746225141,true_negative,1630
https://openalex.org/T10184,https://openalex.org/T11269,2015,2016,2020,0.45511961331341866,1,4,9,0.08333333333333333,36,4.0,16.0,0,0,0.47519272377115,true_negative,1631
https://openalex.org/T10836,https://openalex.org/T11235,2015,2016,2020,0.40242960438184466,1,7,10,0.0625,70,12.0,14.0,0,0,0.47518630604531714,true_negative,1632
https://openalex.org/T10521,https://openalex.org/T11447,2015,2016,2020,0.45511961331341866,1,18,10,0.037037037037037035,180,50.0,13.0,0,0,0.47503285164671966,true_negative,1633
https://openalex.org/T10083,https://openalex.org/T10320,2015,2016,2020,0.5138983423697507,1,20,17,0.027777777777777776,340,52.0,31.0,0,0,0.4746899082403978,true_negative,1634
https://openalex.org/T10064,https://openalex.org/T10182,2015,2016,2020,0.35295612386476116,1,12,7,0.05555555555555555,84,16.0,8.0,0,0,0.47407796157367404,true_negative,1635
https://openalex.org/T10751,https://openalex.org/T11229,2015,2016,2020,0.8513268733274981,2,4,3,0.4,12,4.0,4.0,0,0,0.4740352314163401,true_negative,1636
https://openalex.org/T11287,https://openalex.org/T11772,2015,2016,2020,0.40242960438184466,1,13,2,0.07142857142857142,26,20.0,2.0,0,0,0.4734621204959834,true_negative,1637
https://openalex.org/T10243,https://openalex.org/T12664,2015,2016,2020,0.31465798044412485,1,12,3,0.07142857142857142,36,18.0,8.0,0,0,0.4734600418457759,true_negative,1638
https://openalex.org/T11901,https://openalex.org/T13398,2015,2016,2020,0.40242960438184466,1,4,11,0.07142857142857142,44,4.0,13.0,0,0,0.4734335789813177,true_negative,1639
https://openalex.org/T10202,https://openalex.org/T11491,2015,2016,2020,1.1764671337579005,2,3,3,0.5,9,3.0,4.0,0,0,0.4733555715007444,true_negative,1640
https://openalex.org/T12708,https://openalex.org/T14078,2015,2016,2020,1.072008968920998,2,2,4,0.5,8,8.0,10.0,0,0,0.47282923885075195,true_negative,1641
https://openalex.org/T12535,https://openalex.org/T13126,2015,2016,2020,0.35295612386476116,1,13,2,0.07142857142857142,26,17.0,2.0,0,0,0.4727561704322397,true_negative,1642
https://openalex.org/T11287,https://openalex.org/T12114,2015,2016,2020,0.31066746727980593,1,13,9,0.047619047619047616,117,20.0,10.0,0,0,0.472718565829625,true_negative,1643
https://openalex.org/T10029,https://openalex.org/T11312,2015,2016,2020,0.7213475204444817,1,10,2,0.09090909090909091,20,12.0,2.0,0,0,0.47270266778471026,true_negative,1649
https://openalex.org/T10029,https://openalex.org/T10894,2015,2016,2020,0.7213475204444817,1,10,2,0.09090909090909091,20,12.0,2.0,0,0,0.47270266778471026,true_negative,1647
https://openalex.org/T10029,https://openalex.org/T11311,2015,2016,2020,0.7213475204444817,1,10,2,0.09090909090909091,20,12.0,2.0,0,0,0.47270266778471026,true_negative,1648
https://openalex.org/T10029,https://openalex.org/T10087,2015,2016,2020,0.7213475204444817,1,10,2,0.09090909090909091,20,12.0,2.0,0,0,0.47270266778471026,true_negative,1644
https://openalex.org/T10029,https://openalex.org/T10421,2015,2016,2020,0.7213475204444817,1,10,2,0.09090909090909091,20,12.0,2.0,0,0,0.47270266778471026,true_negative,1645
https://openalex.org/T10029,https://openalex.org/T10801,2015,2016,2020,0.7213475204444817,1,10,2,0.09090909090909091,20,12.0,2.0,0,0,0.47270266778471026,true_negative,1646
https://openalex.org/T11011,https://openalex.org/T12443,2015,2016,2020,0.35295612386476116,1,5,8,0.08333333333333333,40,8.0,20.0,0,0,0.4725412583797999,true_negative,1650
https://openalex.org/T12592,https://openalex.org/T13664,2015,2016,2020,0.318928988903801,1,6,9,0.07142857142857142,54,10.0,18.0,0,0,0.4722341145221357,true_negative,1651
https://openalex.org/T10036,https://openalex.org/T11304,2015,2016,2020,0.5581106265512472,1,8,4,0.09090909090909091,32,10.0,12.0,0,0,0.4722254325441237,true_negative,1652
https://openalex.org/T10057,https://openalex.org/T11468,2015,2016,2020,0.31066746727980593,1,8,10,0.058823529411764705,80,20.0,18.0,0,0,0.47218450491144537,true_negative,1653
https://openalex.org/T10604,https://openalex.org/T11468,2015,2016,2020,0.31066746727980593,1,8,10,0.058823529411764705,80,20.0,18.0,0,0,0.47218450491144537,true_negative,1654
https://openalex.org/T10878,https://openalex.org/T12254,2015,2016,2020,0.3459762562611936,1,9,4,0.08333333333333333,36,14.0,16.0,0,0,0.4721834886123662,true_negative,1655
https://openalex.org/T10044,https://openalex.org/T10621,2015,2016,2020,0.3459762562611936,1,16,6,0.047619047619047616,96,38.0,6.0,0,0,0.47169671476176483,true_negative,1656
https://openalex.org/T12327,https://openalex.org/T12646,2015,2016,2020,0.8157933735356595,2,3,4,0.4,12,4.0,6.0,0,0,0.4715828034471941,true_negative,1657
https://openalex.org/T12046,https://openalex.org/T12613,2015,2016,2020,0.35295612386476116,1,4,9,0.08333333333333333,36,8.0,20.0,0,0,0.4715148522109096,true_negative,1658
https://openalex.org/T10353,https://openalex.org/T11177,2015,2016,2020,0.36067376022224085,1,7,9,0.06666666666666667,63,8.0,14.0,0,0,0.47138588820071226,true_negative,1659
https://openalex.org/T10042,https://openalex.org/T11447,2015,2016,2020,0.5581106265512472,1,2,10,0.09090909090909091,20,2.0,13.0,0,0,0.47116988361784035,true_negative,1660
https://openalex.org/T10662,https://openalex.org/T11269,2015,2016,2020,0.43429448190325176,1,4,9,0.08333333333333333,36,4.0,16.0,0,0,0.47116217123740717,true_negative,1661
https://openalex.org/T10064,https://openalex.org/T10932,2015,2016,2020,0.318928988903801,1,12,6,0.058823529411764705,72,16.0,8.0,0,0,0.47096894348165835,true_negative,1662
https://openalex.org/T10064,https://openalex.org/T12859,2015,2016,2020,0.318928988903801,1,12,6,0.058823529411764705,72,16.0,8.0,0,0,0.47096894348165835,true_negative,1664
https://openalex.org/T10064,https://openalex.org/T11710,2015,2016,2020,0.318928988903801,1,12,6,0.058823529411764705,72,16.0,8.0,0,0,0.47096894348165835,true_negative,1663
https://openalex.org/T10804,https://openalex.org/T13398,2015,2016,2020,0.31465798044412485,1,17,11,0.037037037037037035,187,34.0,13.0,0,0,0.4707236756151521,true_negative,1665
https://openalex.org/T10502,https://openalex.org/T11447,2015,2016,2020,0.35295612386476116,1,7,10,0.0625,70,8.0,13.0,0,0,0.4704569061627796,true_negative,1666
https://openalex.org/T10179,https://openalex.org/T10321,2015,2016,2020,0.7213475204444817,1,7,5,0.09090909090909091,35,16.0,12.0,0,0,0.47016335575922213,true_negative,1667
https://openalex.org/T11512,https://openalex.org/T11975,2015,2016,2020,0.6213349345596119,1,8,6,0.07692307692307693,48,10.0,8.0,0,0,0.4697935089806164,true_negative,1668
https://openalex.org/T10206,https://openalex.org/T10522,2015,2016,2020,0.43429448190325176,1,24,8,0.03225806451612903,192,78.0,8.0,0,0,0.46966922366323616,true_negative,1669
https://openalex.org/T10257,https://openalex.org/T11970,2015,2016,2020,0.40242960438184466,1,2,9,0.1,18,2.0,20.0,0,0,0.46961521701506437,true_negative,1670
https://openalex.org/T10593,https://openalex.org/T11970,2015,2016,2020,0.40242960438184466,1,2,9,0.1,18,2.0,20.0,0,0,0.46961521701506437,true_negative,1671
https://openalex.org/T10857,https://openalex.org/T11970,2015,2016,2020,0.2790553132756236,1,4,9,0.08333333333333333,36,4.0,20.0,0,0,0.46903921010415073,true_negative,1672
https://openalex.org/T11578,https://openalex.org/T11970,2015,2016,2020,0.2790553132756236,1,4,9,0.08333333333333333,36,4.0,20.0,0,0,0.46903921010415073,true_negative,1673
https://openalex.org/T10009,https://openalex.org/T11639,2015,2016,2020,0.7213475204444817,1,8,5,0.08333333333333333,40,10.0,6.0,0,0,0.46881413134727085,true_negative,1674
https://openalex.org/T10662,https://openalex.org/T11307,2015,2016,2020,0.4170323914242463,1,4,10,0.07692307692307693,40,4.0,14.0,0,0,0.46874816263129404,true_negative,1675
https://openalex.org/T11213,https://openalex.org/T11229,2015,2016,2020,0.43429448190325176,1,12,3,0.07142857142857142,36,18.0,4.0,0,0,0.46869609294466336,true_negative,1676
https://openalex.org/T10074,https://openalex.org/T10275,2015,2016,2020,0.33380820069533407,1,7,8,0.07142857142857142,56,14.0,18.0,0,0,0.46857173053757567,true_negative,1677
https://openalex.org/T11048,https://openalex.org/T11354,2015,2016,2020,0.7341749265890423,2,3,3,0.5,9,4.0,16.0,0,0,0.4685620179055403,true_negative,1678
https://openalex.org/T11930,https://openalex.org/T12443,2015,2016,2020,0.35295612386476116,1,4,8,0.09090909090909091,32,4.0,20.0,0,0,0.46795936241397834,true_negative,1679
https://openalex.org/T10050,https://openalex.org/T11235,2015,2016,2020,0.36926937306885504,1,5,10,0.07142857142857142,50,5.0,14.0,0,0,0.46781480586839663,true_negative,1680
https://openalex.org/T10688,https://openalex.org/T11512,2015,2016,2020,0.35295612386476116,1,10,8,0.058823529411764705,80,12.0,10.0,0,0,0.467254248850622,true_negative,1681
https://openalex.org/T10417,https://openalex.org/T10688,2015,2016,2020,0.48089834696298783,1,4,10,0.07692307692307693,40,4.0,12.0,0,0,0.4671504357747545,true_negative,1682
https://openalex.org/T10064,https://openalex.org/T13748,2015,2016,2020,0.35295612386476116,1,12,5,0.0625,60,16.0,6.0,0,0,0.4668997673800761,true_negative,1683
https://openalex.org/T11213,https://openalex.org/T11764,2015,2016,2020,0.2790553132756236,1,12,3,0.07142857142857142,36,18.0,8.0,0,0,0.4665744400553399,true_negative,1684
https://openalex.org/T12574,https://openalex.org/T12664,2015,2016,2020,0.667614104308886,2,4,3,0.4,12,4.0,8.0,0,0,0.4664051691449868,true_negative,1685
https://openalex.org/T10066,https://openalex.org/T10277,2015,2016,2020,0.5581106265512472,1,12,4,0.06666666666666667,48,26.0,4.0,0,0,0.46617435462299656,true_negative,1686
https://openalex.org/T10066,https://openalex.org/T14393,2015,2016,2020,0.5581106265512472,1,12,4,0.06666666666666667,48,26.0,4.0,0,0,0.46617435462299656,true_negative,1687
https://openalex.org/T11307,https://openalex.org/T12056,2015,2016,2020,0.6213349345596119,1,10,4,0.07692307692307693,40,14.0,4.0,0,0,0.4661414137785147,true_negative,1689
https://openalex.org/T11307,https://openalex.org/T12002,2015,2016,2020,0.6213349345596119,1,10,4,0.07692307692307693,40,14.0,4.0,0,0,0.4661414137785147,true_negative,1688
https://openalex.org/T10018,https://openalex.org/T10275,2015,2016,2020,0.33380820069533407,1,8,8,0.06666666666666667,64,20.0,18.0,0,0,0.46604426208190064,true_negative,1690
https://openalex.org/T10538,https://openalex.org/T10627,2015,2016,2020,0.3898712452512801,1,7,9,0.06666666666666667,63,7.0,12.0,0,0,0.466038383322657,true_negative,1691
https://openalex.org/T10222,https://openalex.org/T12592,2015,2016,2020,0.318928988903801,1,11,6,0.0625,66,16.0,10.0,0,0,0.46593697256163896,true_negative,1692
https://openalex.org/T10010,https://openalex.org/T11011,2015,2016,2020,0.7213475204444817,1,7,5,0.09090909090909091,35,8.0,8.0,0,0,0.46589897068879466,true_negative,1693
https://openalex.org/T10243,https://openalex.org/T10417,2015,2016,2020,0.43429448190325176,1,12,4,0.06666666666666667,48,18.0,4.0,0,0,0.4658625856312588,true_negative,1694
https://openalex.org/T12303,https://openalex.org/T13664,2015,2016,2020,0.45511961331341866,1,2,9,0.1,18,2.0,18.0,0,0,0.46585734945840457,true_negative,1695
https://openalex.org/T10068,https://openalex.org/T11542,2015,2016,2020,0.45511961331341866,1,8,9,0.0625,72,11.0,10.0,0,0,0.46570687849845915,true_negative,1696
https://openalex.org/T10878,https://openalex.org/T10932,2015,2016,2020,0.5581106265512472,1,9,6,0.07142857142857142,54,14.0,8.0,0,0,0.4655122024183354,true_negative,1697
https://openalex.org/T10878,https://openalex.org/T11289,2015,2016,2020,0.5581106265512472,1,9,6,0.07142857142857142,54,14.0,8.0,0,0,0.4655122024183354,true_negative,1698
https://openalex.org/T11304,https://openalex.org/T11447,2015,2016,2020,0.5581106265512472,1,4,10,0.07692307692307693,40,12.0,13.0,0,0,0.46542603430102664,true_negative,1699
https://openalex.org/T10066,https://openalex.org/T10640,2015,2016,2020,0.5138983423697507,1,12,6,0.058823529411764705,72,26.0,6.0,0,0,0.46518609860629945,true_negative,1700
https://openalex.org/T10203,https://openalex.org/T10627,2015,2016,2020,0.6213349345596119,1,3,9,0.09090909090909091,27,4.0,12.0,0,0,0.46516529020383,true_negative,1701
https://openalex.org/T10050,https://openalex.org/T10467,2015,2016,2020,0.45511961331341866,1,5,9,0.07692307692307693,45,5.0,13.0,0,0,0.4650878728006498,true_negative,1702
https://openalex.org/T10804,https://openalex.org/T12880,2015,2016,2020,0.36067376022224085,1,17,18,0.029411764705882353,306,34.0,26.0,0,0,0.4650701772581391,true_negative,1703
https://openalex.org/T10057,https://openalex.org/T11235,2015,2016,2020,0.4170323914242463,1,8,10,0.058823529411764705,80,20.0,14.0,0,0,0.4648577719913672,true_negative,1704
https://openalex.org/T11639,https://openalex.org/T12010,2015,2016,2020,0.36067376022224085,1,5,9,0.07692307692307693,45,6.0,16.0,0,0,0.46479347017582306,true_negative,1705
https://openalex.org/T10066,https://openalex.org/T10434,2015,2016,2020,0.2790553132756236,1,12,9,0.05,108,26.0,14.0,0,0,0.4647288820172732,true_negative,1706
https://openalex.org/T11928,https://openalex.org/T13664,2015,2016,2020,0.40242960438184466,1,3,9,0.09090909090909091,27,4.0,18.0,0,0,0.4646802072498352,true_negative,1707
https://openalex.org/T10222,https://openalex.org/T11020,2015,2016,2020,0.45511961331341866,1,11,6,0.0625,66,16.0,6.0,0,0,0.4643777977415263,true_negative,1708
https://openalex.org/T10845,https://openalex.org/T13398,2015,2016,2020,0.40242960438184466,1,3,11,0.07692307692307693,33,4.0,13.0,0,0,0.464304056120108,true_negative,1709
https://openalex.org/T11093,https://openalex.org/T13398,2015,2016,2020,0.35295612386476116,1,4,11,0.07142857142857142,44,4.0,13.0,0,0,0.4638687058285462,true_negative,1711
https://openalex.org/T10272,https://openalex.org/T13398,2015,2016,2020,0.35295612386476116,1,4,11,0.07142857142857142,44,4.0,13.0,0,0,0.4638687058285462,true_negative,1710
https://openalex.org/T10064,https://openalex.org/T11577,2015,2016,2020,0.35295612386476116,1,12,6,0.058823529411764705,72,16.0,6.0,0,0,0.4636046332596382,true_negative,1712
https://openalex.org/T11287,https://openalex.org/T12640,2015,2016,2020,0.2790553132756236,1,13,2,0.07142857142857142,26,20.0,4.0,0,0,0.4635555176918796,true_negative,1713
https://openalex.org/T12196,https://openalex.org/T12443,2015,2016,2020,0.36067376022224085,1,4,8,0.09090909090909091,32,6.0,20.0,0,0,0.4635482465345243,true_negative,1714
https://openalex.org/T12592,https://openalex.org/T13398,2015,2016,2020,0.35295612386476116,1,6,11,0.0625,66,10.0,13.0,0,0,0.4635277727106756,true_negative,1715
https://openalex.org/T10502,https://openalex.org/T10688,2015,2016,2020,0.35295612386476116,1,7,10,0.0625,70,8.0,12.0,0,0,0.46348714028651283,true_negative,1716
https://openalex.org/T10136,https://openalex.org/T10538,2015,2016,2020,0.3898712452512801,1,11,7,0.058823529411764705,77,14.0,7.0,0,0,0.4634703694418688,true_negative,1717
https://openalex.org/T11213,https://openalex.org/T11710,2015,2016,2020,0.31066746727980593,1,12,6,0.058823529411764705,72,18.0,8.0,0,0,0.46346794154486526,true_negative,1718
https://openalex.org/T10338,https://openalex.org/T11690,2015,2016,2020,0.5138983423697507,1,2,9,0.1,18,2.0,16.0,0,0,0.46327860731991216,true_negative,1720
https://openalex.org/T10317,https://openalex.org/T11269,2015,2016,2020,0.5138983423697507,1,2,9,0.1,18,2.0,16.0,0,0,0.46327860731991216,true_negative,1719
https://openalex.org/T10057,https://openalex.org/T10222,2015,2016,2020,0.31066746727980593,1,8,11,0.05555555555555555,88,20.0,16.0,0,0,0.4632686882558367,true_negative,1721
https://openalex.org/T10844,https://openalex.org/T11235,2015,2016,2020,0.48089834696298783,1,2,10,0.09090909090909091,20,2.0,14.0,0,0,0.4632177777495955,true_negative,1723
https://openalex.org/T10331,https://openalex.org/T11307,2015,2016,2020,0.48089834696298783,1,2,10,0.09090909090909091,20,2.0,14.0,1,0,0.4632177777495955,false_negative,1722
https://openalex.org/T10186,https://openalex.org/T10467,2015,2016,2020,0.6213349345596119,1,2,9,0.1,18,2.0,13.0,0,0,0.4631318231292721,true_negative,1724
https://openalex.org/T11986,https://openalex.org/T13664,2015,2016,2020,0.2790553132756236,1,5,9,0.07692307692307693,45,6.0,18.0,0,0,0.4629616033238053,true_negative,1725
https://openalex.org/T11162,https://openalex.org/T13937,2015,2016,2020,0.2790553132756236,1,13,8,0.05,104,28.0,12.0,0,0,0.46290490480069557,true_negative,1726
https://openalex.org/T10581,https://openalex.org/T11269,2015,2016,2020,0.43429448190325176,1,6,9,0.07142857142857142,54,16.0,16.0,0,0,0.4628759840101747,true_negative,1727
https://openalex.org/T11162,https://openalex.org/T11764,2015,2016,2020,0.2790553132756236,1,13,3,0.06666666666666667,39,28.0,8.0,0,0,0.4628620581009865,true_negative,1728
https://openalex.org/T10179,https://openalex.org/T10275,2015,2016,2020,0.33380820069533407,1,7,8,0.07142857142857142,56,16.0,18.0,0,0,0.4626698880040645,true_negative,1729
https://openalex.org/T10320,https://openalex.org/T11871,2015,2016,2020,0.3898712452512801,1,17,15,0.03225806451612903,255,31.0,17.0,0,0,0.46208855095441853,true_negative,1730
https://openalex.org/T10009,https://openalex.org/T10218,2015,2016,2020,0.7213475204444817,1,8,4,0.09090909090909091,32,10.0,6.0,0,0,0.4619526112892891,true_negative,1731
https://openalex.org/T11287,https://openalex.org/T11986,2015,2016,2020,0.2790553132756236,1,13,5,0.058823529411764705,65,20.0,6.0,0,0,0.4619074527265809,true_negative,1732
https://openalex.org/T10804,https://openalex.org/T11871,2015,2016,2020,0.43429448190325176,1,17,15,0.03225806451612903,255,34.0,17.0,0,0,0.46181786119875917,true_negative,1733
https://openalex.org/T10751,https://openalex.org/T11928,2015,2016,2020,0.7872506057680129,2,4,3,0.4,12,4.0,4.0,0,0,0.46164996845619055,true_negative,1734
https://openalex.org/T11590,https://openalex.org/T13309,2015,2016,2020,0.36067376022224085,1,2,9,0.1,18,2.0,20.0,0,0,0.46154889203797134,true_negative,1735
https://openalex.org/T12202,https://openalex.org/T12613,2015,2016,2020,0.36067376022224085,1,2,9,0.1,18,2.0,20.0,0,0,0.46154889203797134,true_negative,1737
https://openalex.org/T11944,https://openalex.org/T13309,2015,2016,2020,0.36067376022224085,1,2,9,0.1,18,2.0,20.0,0,0,0.46154889203797134,true_negative,1736
https://openalex.org/T10243,https://openalex.org/T12496,2015,2016,2020,0.45511961331341866,1,12,2,0.07692307692307693,24,18.0,2.0,0,0,0.4613055371358569,true_negative,1738
https://openalex.org/T11213,https://openalex.org/T12303,2015,2016,2020,0.45511961331341866,1,12,2,0.07692307692307693,24,18.0,2.0,0,0,0.4613055371358569,true_negative,1739
https://openalex.org/T10336,https://openalex.org/T11289,2015,2016,2020,0.3898712452512801,1,10,6,0.06666666666666667,60,11.0,8.0,0,0,0.4612926315029713,true_negative,1740
https://openalex.org/T10154,https://openalex.org/T10467,2015,2016,2020,0.48089834696298783,1,5,9,0.07692307692307693,45,8.0,13.0,0,0,0.461217816788333,true_negative,1741
https://openalex.org/T10338,https://openalex.org/T12627,2015,2016,2020,0.8477065430650847,2,2,4,0.5,8,2.0,12.0,0,0,0.461134075276498,true_negative,1742
https://openalex.org/T10478,https://openalex.org/T12627,2015,2016,2020,0.8477065430650847,2,2,4,0.5,8,2.0,12.0,0,0,0.461134075276498,true_negative,1743
https://openalex.org/T10010,https://openalex.org/T10129,2015,2016,2020,0.7213475204444817,1,7,6,0.08333333333333333,42,8.0,6.0,0,0,0.46095289290342895,true_negative,1744
https://openalex.org/T10024,https://openalex.org/T11690,2015,2016,2020,0.45511961331341866,1,3,9,0.09090909090909091,27,4.0,16.0,0,0,0.46092751116294695,true_negative,1745
https://openalex.org/T11981,https://openalex.org/T13398,2015,2016,2020,0.31465798044412485,1,8,11,0.05555555555555555,88,14.0,13.0,0,0,0.46084585712235476,true_negative,1746
https://openalex.org/T11270,https://openalex.org/T13398,2015,2016,2020,0.40242960438184466,1,2,11,0.08333333333333333,22,2.0,13.0,0,0,0.4606964402222527,true_negative,1748
https://openalex.org/T10282,https://openalex.org/T13398,2015,2016,2020,0.40242960438184466,1,2,11,0.08333333333333333,22,2.0,13.0,0,0,0.4606964402222527,true_negative,1747
https://openalex.org/T10136,https://openalex.org/T13141,2015,2016,2020,0.36926937306885504,1,11,6,0.0625,66,14.0,7.0,0,0,0.46066543087267803,true_negative,1749
https://openalex.org/T10102,https://openalex.org/T12443,2015,2016,2020,0.31465798044412485,1,4,8,0.09090909090909091,32,4.0,20.0,0,0,0.4605637190971183,true_negative,1750
https://openalex.org/T11880,https://openalex.org/T12443,2015,2016,2020,0.31465798044412485,1,4,8,0.09090909090909091,32,4.0,20.0,0,0,0.4605637190971183,true_negative,1751
https://openalex.org/T10222,https://openalex.org/T12114,2015,2016,2020,0.31066746727980593,1,11,9,0.05263157894736842,99,16.0,10.0,0,0,0.4603331795206373,true_negative,1752
https://openalex.org/T10049,https://openalex.org/T12613,2015,2016,2020,0.35295612386476116,1,2,9,0.1,18,2.0,20.0,0,0,0.46006008718528846,true_negative,1753
https://openalex.org/T11162,https://openalex.org/T11825,2015,2016,2020,0.45511961331341866,1,13,2,0.07142857142857142,26,28.0,2.0,0,0,0.4600300920795581,true_negative,1754
https://openalex.org/T10057,https://openalex.org/T10581,2015,2016,2020,0.43429448190325176,1,8,6,0.07692307692307693,48,20.0,16.0,0,0,0.45989172227727054,true_negative,1755
https://openalex.org/T10627,https://openalex.org/T11512,2015,2016,2020,0.3898712452512801,1,9,8,0.0625,72,12.0,10.0,0,0,0.45967431907462414,true_negative,1756
https://openalex.org/T10243,https://openalex.org/T11700,2015,2016,2020,0.31465798044412485,1,12,3,0.07142857142857142,36,18.0,6.0,0,0,0.4595229928252811,true_negative,1757
https://openalex.org/T11287,https://openalex.org/T11407,2015,2016,2020,0.31066746727980593,1,13,4,0.0625,52,20.0,4.0,0,0,0.45950213336302814,true_negative,1758
https://openalex.org/T11744,https://openalex.org/T13555,2015,2016,2020,0.667614104308886,2,6,2,0.3333333333333333,12,20.0,4.0,0,0,0.4594299726902121,true_negative,1759
https://openalex.org/T10416,https://openalex.org/T13398,2015,2016,2020,0.31465798044412485,1,5,11,0.06666666666666667,55,6.0,13.0,0,0,0.45938278035750724,true_negative,1760
https://openalex.org/T10064,https://openalex.org/T13447,2015,2016,2020,0.35295612386476116,1,12,3,0.07142857142857142,36,16.0,4.0,0,0,0.4588900885527626,true_negative,1761
https://openalex.org/T10136,https://openalex.org/T12761,2015,2016,2020,0.3898712452512801,1,11,5,0.06666666666666667,55,14.0,6.0,0,0,0.4586446147909887,true_negative,1763
https://openalex.org/T10136,https://openalex.org/T12072,2015,2016,2020,0.3898712452512801,1,11,5,0.06666666666666667,55,14.0,6.0,0,0,0.4586446147909887,true_negative,1762
https://openalex.org/T10845,https://openalex.org/T11901,2015,2016,2020,0.8194619958060909,2,3,4,0.4,12,4.0,4.0,0,0,0.4583600492141655,true_negative,1764
https://openalex.org/T10932,https://openalex.org/T11177,2015,2016,2020,0.36067376022224085,1,6,9,0.07142857142857142,54,8.0,14.0,0,0,0.45833337409571484,true_negative,1765
https://openalex.org/T10689,https://openalex.org/T11307,2015,2016,2020,0.45511961331341866,1,2,10,0.09090909090909091,20,2.0,14.0,0,0,0.4582449701670702,true_negative,1766
https://openalex.org/T10637,https://openalex.org/T13976,2015,2016,2020,1.1237771248263264,2,4,2,0.5,8,4.0,2.0,0,0,0.4579337736527169,true_negative,1767
https://openalex.org/T11443,https://openalex.org/T13398,2015,2016,2020,0.36926937306885504,1,3,11,0.07692307692307693,33,4.0,13.0,0,0,0.45790661492793855,true_negative,1768
https://openalex.org/T10379,https://openalex.org/T10878,2015,2016,2020,0.5581106265512472,1,2,9,0.1,18,2.0,14.0,0,0,0.45789319042595616,true_negative,1769
https://openalex.org/T11213,https://openalex.org/T11577,2015,2016,2020,0.35295612386476116,1,12,6,0.058823529411764705,72,18.0,6.0,0,0,0.45771146905339377,true_negative,1771
https://openalex.org/T10243,https://openalex.org/T11577,2015,2016,2020,0.35295612386476116,1,12,6,0.058823529411764705,72,18.0,6.0,0,0,0.45771146905339377,true_negative,1770
https://openalex.org/T10066,https://openalex.org/T11655,2015,2016,2020,0.5581106265512472,1,12,2,0.07692307692307693,24,26.0,2.0,0,0,0.45760108541019556,true_negative,1772
https://openalex.org/T11213,https://openalex.org/T12859,2015,2016,2020,0.2790553132756236,1,12,6,0.058823529411764705,72,18.0,8.0,0,0,0.4573704770946306,true_negative,1773
https://openalex.org/T11213,https://openalex.org/T11297,2015,2016,2020,0.3898712452512801,1,12,4,0.06666666666666667,48,18.0,4.0,0,0,0.45729106627429744,true_negative,1774
https://openalex.org/T11213,https://openalex.org/T12820,2015,2016,2020,0.3898712452512801,1,12,4,0.06666666666666667,48,18.0,4.0,0,0,0.45729106627429744,true_negative,1775
https://openalex.org/T11468,https://openalex.org/T13937,2015,2016,2020,0.318928988903801,1,10,8,0.058823529411764705,80,18.0,12.0,0,0,0.45692064834918444,true_negative,1776
https://openalex.org/T10024,https://openalex.org/T10275,2015,2016,2020,0.45511961331341866,1,3,8,0.1,24,4.0,18.0,0,0,0.45674530758276216,true_negative,1777
https://openalex.org/T10243,https://openalex.org/T12679,2015,2016,2020,0.31465798044412485,1,12,4,0.06666666666666667,48,18.0,6.0,0,0,0.4566972727521862,true_negative,1778
https://openalex.org/T10932,https://openalex.org/T11269,2015,2016,2020,0.2790553132756236,1,6,9,0.07142857142857142,54,8.0,16.0,0,0,0.4565052512213505,true_negative,1779
https://openalex.org/T12574,https://openalex.org/T13398,2015,2016,2020,0.31465798044412485,1,4,11,0.07142857142857142,44,4.0,13.0,0,0,0.4564822436969509,true_negative,1780
https://openalex.org/T11273,https://openalex.org/T11307,2015,2016,2020,0.35295612386476116,1,4,10,0.07692307692307693,40,4.0,14.0,0,0,0.4563811747715959,true_negative,1781
https://openalex.org/T10015,https://openalex.org/T11369,2015,2016,2020,0.3898712452512801,1,36,7,0.023809523809523808,252,158.0,10.0,0,0,0.45615353790428886,true_negative,1782
https://openalex.org/T10243,https://openalex.org/T11443,2015,2016,2020,0.36926937306885504,1,12,3,0.07142857142857142,36,18.0,4.0,0,0,0.45614653733768773,true_negative,1783
https://openalex.org/T10247,https://openalex.org/T10275,2015,2016,2020,0.45511961331341866,1,4,8,0.09090909090909091,32,10.0,18.0,0,0,0.4560684509282199,true_negative,1784
https://openalex.org/T10064,https://openalex.org/T10272,2015,2016,2020,0.35295612386476116,1,12,4,0.06666666666666667,48,16.0,4.0,0,0,0.4560649763165427,true_negative,1786
https://openalex.org/T10064,https://openalex.org/T10102,2015,2016,2020,0.35295612386476116,1,12,4,0.06666666666666667,48,16.0,4.0,0,0,0.4560649763165427,true_negative,1785
https://openalex.org/T10064,https://openalex.org/T11093,2015,2016,2020,0.35295612386476116,1,12,4,0.06666666666666667,48,16.0,4.0,0,0,0.4560649763165427,true_negative,1787
https://openalex.org/T11011,https://openalex.org/T11235,2015,2016,2020,0.35295612386476116,1,5,10,0.07142857142857142,50,8.0,14.0,0,0,0.45582436499175677,true_negative,1788
https://openalex.org/T11700,https://openalex.org/T13309,2015,2016,2020,0.31465798044412485,1,3,9,0.09090909090909091,27,6.0,20.0,0,0,0.45577141114853204,true_negative,1789
https://openalex.org/T10434,https://openalex.org/T11765,2015,2016,2020,0.6213349345596119,1,9,4,0.08333333333333333,36,14.0,6.0,0,0,0.4557145924667013,true_negative,1790
https://openalex.org/T10593,https://openalex.org/T13664,2015,2016,2020,0.40242960438184466,1,2,9,0.1,18,2.0,18.0,0,0,0.4556933962971718,true_negative,1792
https://openalex.org/T11772,https://openalex.org/T13664,2015,2016,2020,0.40242960438184466,1,2,9,0.1,18,2.0,18.0,0,0,0.4556933962971718,true_negative,1793
https://openalex.org/T10257,https://openalex.org/T13664,2015,2016,2020,0.40242960438184466,1,2,9,0.1,18,2.0,18.0,0,0,0.4556933962971718,true_negative,1791
https://openalex.org/T10269,https://openalex.org/T11668,2015,2016,2020,0.5581106265512472,1,9,4,0.08333333333333333,36,10.0,6.0,0,0,0.45530576284785923,true_negative,1795
https://openalex.org/T10269,https://openalex.org/T10371,2015,2016,2020,0.5581106265512472,1,9,4,0.08333333333333333,36,10.0,6.0,0,0,0.45530576284785923,true_negative,1794
https://openalex.org/T11578,https://openalex.org/T13664,2015,2016,2020,0.2790553132756236,1,4,9,0.08333333333333333,36,4.0,18.0,0,0,0.4551198125536144,true_negative,1797
https://openalex.org/T10857,https://openalex.org/T13664,2015,2016,2020,0.2790553132756236,1,4,9,0.08333333333333333,36,4.0,18.0,0,0,0.4551198125536144,true_negative,1796
https://openalex.org/T10015,https://openalex.org/T10057,2015,2016,2020,0.31066746727980593,1,36,8,0.023255813953488372,288,158.0,20.0,0,0,0.4549408716082624,true_negative,1798
https://openalex.org/T10662,https://openalex.org/T10688,2015,2016,2020,0.4170323914242463,1,4,10,0.07692307692307693,40,4.0,12.0,0,0,0.4548300035151004,true_negative,1799
https://openalex.org/T11048,https://openalex.org/T11970,2015,2016,2020,0.2790553132756236,1,3,9,0.09090909090909091,27,4.0,20.0,0,0,0.45479863991886105,true_negative,1800
https://openalex.org/T11235,https://openalex.org/T11542,2015,2016,2020,0.31465798044412485,1,10,9,0.05555555555555555,90,14.0,10.0,0,0,0.45474835904408334,true_negative,1801
https://openalex.org/T10136,https://openalex.org/T13748,2015,2016,2020,0.36926937306885504,1,11,5,0.06666666666666667,55,14.0,6.0,0,0,0.45467580916078415,true_negative,1802
https://openalex.org/T11207,https://openalex.org/T13430,2015,2016,2020,1.1022332815225997,2,2,4,0.5,8,2.0,4.0,0,0,0.45458187992902094,true_negative,1803
https://openalex.org/T10066,https://openalex.org/T13937,2015,2016,2020,0.2790553132756236,1,12,8,0.05263157894736842,96,26.0,12.0,0,0,0.4545543068283713,true_negative,1804
https://openalex.org/T10416,https://openalex.org/T11235,2015,2016,2020,0.31465798044412485,1,5,10,0.07142857142857142,50,6.0,14.0,0,0,0.4543326920017092,true_negative,1805
https://openalex.org/T11918,https://openalex.org/T13398,2015,2016,2020,0.36926937306885504,1,2,11,0.08333333333333333,22,2.0,13.0,0,0,0.4543065512315414,true_negative,1807
https://openalex.org/T11798,https://openalex.org/T13398,2015,2016,2020,0.36926937306885504,1,2,11,0.08333333333333333,22,2.0,13.0,0,0,0.4543065512315414,true_negative,1806
https://openalex.org/T12135,https://openalex.org/T13398,2015,2016,2020,0.36926937306885504,1,2,11,0.08333333333333333,22,2.0,13.0,0,0,0.4543065512315414,true_negative,1808
https://openalex.org/T12368,https://openalex.org/T13398,2015,2016,2020,0.36926937306885504,1,2,11,0.08333333333333333,22,2.0,13.0,0,0,0.4543065512315414,true_negative,1809
https://openalex.org/T10008,https://openalex.org/T12010,2015,2016,2020,0.3459762562611936,1,4,9,0.08333333333333333,36,4.0,16.0,0,0,0.4541168042340049,true_negative,1810
https://openalex.org/T10096,https://openalex.org/T10275,2015,2016,2020,0.35295612386476116,1,4,8,0.09090909090909091,32,4.0,18.0,0,0,0.45404460711921285,true_negative,1811
https://openalex.org/T10136,https://openalex.org/T10417,2015,2016,2020,0.43429448190325176,1,11,4,0.07142857142857142,44,14.0,4.0,0,0,0.4540142981044939,true_negative,1812
https://openalex.org/T10243,https://openalex.org/T10770,2015,2016,2020,0.4170323914242463,1,12,2,0.07692307692307693,24,18.0,2.0,0,0,0.4539659262529387,true_negative,1815
https://openalex.org/T10243,https://openalex.org/T10765,2015,2016,2020,0.4170323914242463,1,12,2,0.07692307692307693,24,18.0,2.0,0,0,0.4539659262529387,true_negative,1814
https://openalex.org/T10243,https://openalex.org/T10643,2015,2016,2020,0.4170323914242463,1,12,2,0.07692307692307693,24,18.0,2.0,0,0,0.4539659262529387,true_negative,1813
https://openalex.org/T10235,https://openalex.org/T11093,2015,2016,2020,0.7213475204444817,1,8,4,0.09090909090909091,32,8.0,4.0,0,0,0.4539389785695772,true_negative,1816
https://openalex.org/T10066,https://openalex.org/T11020,2015,2016,2020,0.45511961331341866,1,12,6,0.058823529411764705,72,26.0,6.0,0,0,0.45385229361616375,true_negative,1817
https://openalex.org/T10243,https://openalex.org/T10416,2015,2016,2020,0.31465798044412485,1,12,5,0.0625,60,18.0,6.0,0,0,0.4536212819318902,true_negative,1818
https://openalex.org/T10157,https://openalex.org/T13398,2015,2016,2020,0.31465798044412485,1,4,11,0.07142857142857142,44,5.0,13.0,0,0,0.45354128236088187,true_negative,1819
https://openalex.org/T11287,https://openalex.org/T11578,2015,2016,2020,0.2790553132756236,1,13,4,0.0625,52,20.0,4.0,0,0,0.4534127518185926,true_negative,1820
https://openalex.org/T10241,https://openalex.org/T10627,2015,2016,2020,0.5581106265512472,1,6,9,0.07142857142857142,54,18.0,12.0,0,0,0.45304763566340556,true_negative,1821
https://openalex.org/T10243,https://openalex.org/T13447,2015,2016,2020,0.35295612386476116,1,12,3,0.07142857142857142,36,18.0,4.0,0,0,0.45300624110710164,true_negative,1822
https://openalex.org/T10429,https://openalex.org/T10448,2015,2016,2020,1.1162212531024944,2,3,3,0.5,9,6.0,4.0,0,0,0.45288174401682874,true_negative,1823
https://openalex.org/T11639,https://openalex.org/T11744,2015,2016,2020,0.36067376022224085,1,5,6,0.1,30,6.0,20.0,0,0,0.45284239299701345,true_negative,1824
https://openalex.org/T10084,https://openalex.org/T13309,2015,2016,2020,0.31465798044412485,1,2,9,0.1,18,2.0,20.0,0,0,0.4526830646812399,true_negative,1825
https://openalex.org/T11071,https://openalex.org/T13309,2015,2016,2020,0.31465798044412485,1,2,9,0.1,18,2.0,20.0,0,0,0.4526830646812399,true_negative,1826
https://openalex.org/T10120,https://openalex.org/T11177,2015,2016,2020,0.36067376022224085,1,6,9,0.07142857142857142,54,10.0,14.0,0,0,0.45245069621305156,true_negative,1827
https://openalex.org/T10531,https://openalex.org/T13937,2015,2016,2020,0.5581106265512472,1,4,8,0.09090909090909091,32,4.0,12.0,0,0,0.4518823311397213,true_negative,1828
https://openalex.org/T10521,https://openalex.org/T12535,2015,2016,2020,0.45511961331341866,1,18,13,0.03333333333333333,234,50.0,17.0,0,0,0.45168820347317673,true_negative,1829
https://openalex.org/T11542,https://openalex.org/T12592,2015,2016,2020,0.35295612386476116,1,9,6,0.07142857142857142,54,10.0,10.0,0,0,0.4516486953947097,true_negative,1830
https://openalex.org/T10012,https://openalex.org/T10064,2015,2016,2020,0.318928988903801,1,11,12,0.045454545454545456,132,32.0,16.0,0,0,0.45138529991649773,true_negative,1831
https://openalex.org/T10157,https://openalex.org/T10467,2015,2016,2020,0.45511961331341866,1,4,9,0.08333333333333333,36,5.0,13.0,0,0,0.45136039074490375,true_negative,1832
https://openalex.org/T13309,https://openalex.org/T13398,2015,2016,2020,0.31465798044412485,1,9,11,0.05263157894736842,99,20.0,13.0,0,0,0.45119464472075116,true_negative,1833
https://openalex.org/T10853,https://openalex.org/T13398,2015,2016,2020,0.35295612386476116,1,2,11,0.08333333333333333,22,2.0,13.0,0,0,0.45116841378184275,true_negative,1835
https://openalex.org/T10537,https://openalex.org/T13398,2015,2016,2020,0.35295612386476116,1,2,11,0.08333333333333333,22,2.0,13.0,0,0,0.45116841378184275,true_negative,1834
https://openalex.org/T11519,https://openalex.org/T13398,2015,2016,2020,0.35295612386476116,1,2,11,0.08333333333333333,22,2.0,13.0,0,0,0.45116841378184275,true_negative,1836
https://openalex.org/T10519,https://openalex.org/T13664,2015,2016,2020,0.318928988903801,1,4,9,0.08333333333333333,36,8.0,18.0,0,0,0.45103580227133194,true_negative,1837
https://openalex.org/T10429,https://openalex.org/T11269,2015,2016,2020,0.43429448190325176,1,3,9,0.09090909090909091,27,6.0,16.0,0,0,0.4510329853638484,true_negative,1838
https://openalex.org/T10144,https://openalex.org/T12443,2015,2016,2020,0.35295612386476116,1,3,8,0.1,24,4.0,20.0,0,0,0.450965702899544,true_negative,1839
https://openalex.org/T10770,https://openalex.org/T11235,2015,2016,2020,0.4170323914242463,1,2,10,0.09090909090909091,20,2.0,14.0,0,0,0.4509132942507308,true_negative,1841
https://openalex.org/T11205,https://openalex.org/T11307,2015,2016,2020,0.4170323914242463,1,2,10,0.09090909090909091,20,2.0,14.0,0,0,0.4509132942507308,true_negative,1842
https://openalex.org/T11210,https://openalex.org/T11307,2015,2016,2020,0.4170323914242463,1,2,10,0.09090909090909091,20,2.0,14.0,0,0,0.4509132942507308,true_negative,1843
https://openalex.org/T10323,https://openalex.org/T11307,2015,2016,2020,0.4170323914242463,1,2,10,0.09090909090909091,20,2.0,14.0,0,0,0.4509132942507308,true_negative,1840
https://openalex.org/T10382,https://openalex.org/T11177,2015,2016,2020,0.36067376022224085,1,5,9,0.07692307692307693,45,6.0,14.0,0,0,0.45089307289088737,true_negative,1845
https://openalex.org/T10303,https://openalex.org/T11177,2015,2016,2020,0.36067376022224085,1,5,9,0.07692307692307693,45,6.0,14.0,0,0,0.45089307289088737,true_negative,1844
https://openalex.org/T10136,https://openalex.org/T10662,2015,2016,2020,0.4170323914242463,1,11,4,0.07142857142857142,44,14.0,4.0,0,0,0.4506941234099193,true_negative,1846
https://openalex.org/T10036,https://openalex.org/T11512,2015,2016,2020,0.3898712452512801,1,8,8,0.06666666666666667,64,10.0,10.0,0,0,0.4506810987856131,true_negative,1847
https://openalex.org/T12679,https://openalex.org/T13398,2015,2016,2020,0.31465798044412485,1,4,11,0.07142857142857142,44,6.0,13.0,0,0,0.4506035601152837,true_negative,1848
https://openalex.org/T11195,https://openalex.org/T11269,2015,2016,2020,0.5138983423697507,1,1,9,0.1111111111111111,9,1.0,16.0,0,0,0.4504994044435094,true_negative,1849
https://openalex.org/T10500,https://openalex.org/T10775,2015,2016,2020,0.43429448190325176,1,11,4,0.07142857142857142,44,20.0,6.0,0,0,0.4502600468196981,true_negative,1850
https://openalex.org/T11213,https://openalex.org/T14393,2015,2016,2020,0.35295612386476116,1,12,4,0.06666666666666667,48,18.0,4.0,0,0,0.450187215477701,true_negative,1853
https://openalex.org/T10243,https://openalex.org/T10272,2015,2016,2020,0.35295612386476116,1,12,4,0.06666666666666667,48,18.0,4.0,0,0,0.450187215477701,true_negative,1851
https://openalex.org/T10243,https://openalex.org/T11093,2015,2016,2020,0.35295612386476116,1,12,4,0.06666666666666667,48,18.0,4.0,0,0,0.450187215477701,true_negative,1852
https://openalex.org/T12664,https://openalex.org/T13309,2015,2016,2020,0.31465798044412485,1,3,9,0.09090909090909091,27,8.0,20.0,0,0,0.449894304431504,true_negative,1854
https://openalex.org/T10012,https://openalex.org/T10182,2015,2016,2020,0.5581106265512472,1,11,7,0.058823529411764705,77,32.0,8.0,0,0,0.4498608091007735,true_negative,1855
https://openalex.org/T11287,https://openalex.org/T11879,2015,2016,2020,0.2790553132756236,1,13,2,0.07142857142857142,26,20.0,2.0,0,0,0.44966103802450347,true_negative,1857
https://openalex.org/T11287,https://openalex.org/T12134,2015,2016,2020,0.2790553132756236,1,13,2,0.07142857142857142,26,20.0,2.0,0,0,0.44966103802450347,true_negative,1858
https://openalex.org/T11287,https://openalex.org/T11470,2015,2016,2020,0.2790553132756236,1,13,2,0.07142857142857142,26,20.0,2.0,0,0,0.44966103802450347,true_negative,1856
https://openalex.org/T11354,https://openalex.org/T11468,2015,2016,2020,0.4170323914242463,1,3,10,0.08333333333333333,30,16.0,18.0,0,0,0.4496096024880363,true_negative,1859
https://openalex.org/T10798,https://openalex.org/T11177,2015,2016,2020,0.36067376022224085,1,9,9,0.058823529411764705,81,24.0,14.0,0,0,0.4496021941249744,true_negative,1860
https://openalex.org/T10500,https://openalex.org/T12072,2015,2016,2020,0.43429448190325176,1,11,5,0.06666666666666667,55,20.0,6.0,0,0,0.4495549427473599,true_negative,1861
https://openalex.org/T10462,https://openalex.org/T11447,2015,2016,2020,0.35295612386476116,1,4,10,0.07692307692307693,40,4.0,13.0,0,0,0.44944295177142773,true_negative,1862
https://openalex.org/T11273,https://openalex.org/T11447,2015,2016,2020,0.35295612386476116,1,4,10,0.07692307692307693,40,4.0,13.0,0,0,0.44944295177142773,true_negative,1863
https://openalex.org/T10158,https://openalex.org/T11668,2015,2016,2020,0.5581106265512472,1,9,4,0.08333333333333333,36,12.0,6.0,0,0,0.44942970204586313,true_negative,1865
https://openalex.org/T10158,https://openalex.org/T10371,2015,2016,2020,0.5581106265512472,1,9,4,0.08333333333333333,36,12.0,6.0,0,0,0.44942970204586313,true_negative,1864
https://openalex.org/T10294,https://openalex.org/T10878,2015,2016,2020,0.5138983423697507,1,2,9,0.1,18,2.0,14.0,0,0,0.44938547465591644,true_negative,1866
https://openalex.org/T10773,https://openalex.org/T10878,2015,2016,2020,0.5138983423697507,1,2,9,0.1,18,2.0,14.0,0,0,0.44938547465591644,true_negative,1867
https://openalex.org/T10102,https://openalex.org/T11235,2015,2016,2020,0.31465798044412485,1,4,10,0.07692307692307693,40,4.0,14.0,0,0,0.4490140863514679,true_negative,1868
https://openalex.org/T10500,https://openalex.org/T13114,2015,2016,2020,0.43429448190325176,1,11,6,0.0625,66,20.0,6.0,0,0,0.4485974865974313,true_negative,1869
https://openalex.org/T10243,https://openalex.org/T13555,2015,2016,2020,0.31465798044412485,1,12,2,0.07692307692307693,24,18.0,4.0,0,0,0.4481519753547608,true_negative,1870
https://openalex.org/T10282,https://openalex.org/T11235,2015,2016,2020,0.40242960438184466,1,2,10,0.09090909090909091,20,2.0,14.0,0,0,0.44810776846239575,true_negative,1871
https://openalex.org/T10519,https://openalex.org/T10604,2015,2016,2020,0.31066746727980593,1,4,8,0.09090909090909091,32,8.0,20.0,0,0,0.44803548841107516,true_negative,1872
https://openalex.org/T10323,https://openalex.org/T11269,2015,2016,2020,0.43429448190325176,1,2,9,0.1,18,2.0,16.0,0,0,0.44795031904837773,true_negative,1873
https://openalex.org/T11269,https://openalex.org/T11512,2015,2016,2020,0.3898712452512801,1,9,8,0.0625,72,16.0,10.0,0,0,0.44791626646382804,true_negative,1874
https://openalex.org/T10015,https://openalex.org/T10538,2015,2016,2020,0.45511961331341866,1,36,7,0.023809523809523808,252,158.0,7.0,0,0,0.4478940691255427,true_negative,1875
https://openalex.org/T10066,https://openalex.org/T10120,2015,2016,2020,0.2790553132756236,1,12,6,0.058823529411764705,72,26.0,10.0,0,0,0.44773936165665884,true_negative,1876
https://openalex.org/T10627,https://openalex.org/T12101,2015,2016,2020,0.6213349345596119,1,9,4,0.08333333333333333,36,12.0,4.0,0,0,0.44771912668836217,true_negative,1877
https://openalex.org/T10064,https://openalex.org/T10537,2015,2016,2020,0.35295612386476116,1,12,2,0.07692307692307693,24,16.0,2.0,0,0,0.4475217646429787,true_negative,1878
https://openalex.org/T10064,https://openalex.org/T10853,2015,2016,2020,0.35295612386476116,1,12,2,0.07692307692307693,24,16.0,2.0,0,0,0.4475217646429787,true_negative,1879
https://openalex.org/T10064,https://openalex.org/T11519,2015,2016,2020,0.35295612386476116,1,12,2,0.07692307692307693,24,16.0,2.0,0,0,0.4475217646429787,true_negative,1880
https://openalex.org/T12168,https://openalex.org/T13398,2015,2016,2020,0.31465798044412485,1,3,11,0.07692307692307693,33,4.0,13.0,0,0,0.4474018648419592,true_negative,1881
https://openalex.org/T11744,https://openalex.org/T12648,2015,2016,2020,0.6753317406663657,2,6,2,0.3333333333333333,12,20.0,2.0,0,0,0.447037173069571,true_negative,1882
https://openalex.org/T11213,https://openalex.org/T11986,2015,2016,2020,0.2790553132756236,1,12,5,0.0625,60,18.0,6.0,0,0,0.44677938503067754,true_negative,1883
https://openalex.org/T11162,https://openalex.org/T12859,2015,2016,2020,0.2790553132756236,1,13,6,0.05555555555555555,78,28.0,8.0,0,0,0.44669811014373983,true_negative,1885
https://openalex.org/T11162,https://openalex.org/T11289,2015,2016,2020,0.2790553132756236,1,13,6,0.05555555555555555,78,28.0,8.0,0,0,0.44669811014373983,true_negative,1884
https://openalex.org/T10179,https://openalex.org/T10247,2015,2016,2020,0.7213475204444817,1,7,4,0.1,28,16.0,10.0,0,0,0.44665300564779814,true_negative,1886
https://openalex.org/T10522,https://openalex.org/T12039,2015,2016,2020,0.7213475204444817,1,8,3,0.1,24,8.0,4.0,0,0,0.446469575384968,true_negative,1888
https://openalex.org/T10522,https://openalex.org/T11733,2015,2016,2020,0.7213475204444817,1,8,3,0.1,24,8.0,4.0,0,0,0.446469575384968,true_negative,1887
https://openalex.org/T10222,https://openalex.org/T11764,2015,2016,2020,0.2790553132756236,1,11,3,0.07692307692307693,33,16.0,8.0,0,0,0.4464279807117965,true_negative,1889
https://openalex.org/T10434,https://openalex.org/T13937,2015,2016,2020,0.2790553132756236,1,9,8,0.0625,72,14.0,12.0,0,0,0.4463550834225242,true_negative,1890
https://openalex.org/T11468,https://openalex.org/T13141,2015,2016,2020,0.45511961331341866,1,10,6,0.06666666666666667,60,18.0,7.0,0,0,0.4463321837020634,true_negative,1891
https://openalex.org/T10461,https://openalex.org/T11690,2015,2016,2020,0.45511961331341866,1,2,9,0.1,18,4.0,16.0,0,0,0.4460837778817485,true_negative,1892
https://openalex.org/T10157,https://openalex.org/T11235,2015,2016,2020,0.31465798044412485,1,4,10,0.07692307692307693,40,5.0,14.0,0,0,0.446081750522187,true_negative,1893
https://openalex.org/T10604,https://openalex.org/T10878,2015,2016,2020,0.3459762562611936,1,8,9,0.0625,72,20.0,14.0,0,0,0.44599638812224635,true_negative,1894
https://openalex.org/T11470,https://openalex.org/T11970,2015,2016,2020,0.2790553132756236,1,2,9,0.1,18,2.0,20.0,0,0,0.44584377159304633,true_negative,1897
https://openalex.org/T10715,https://openalex.org/T11970,2015,2016,2020,0.2790553132756236,1,2,9,0.1,18,2.0,20.0,0,0,0.44584377159304633,true_negative,1896
https://openalex.org/T10602,https://openalex.org/T11970,2015,2016,2020,0.2790553132756236,1,2,9,0.1,18,2.0,20.0,0,0,0.44584377159304633,true_negative,1895
https://openalex.org/T10243,https://openalex.org/T12168,2015,2016,2020,0.31465798044412485,1,12,3,0.07142857142857142,36,18.0,4.0,0,0,0.4456489708757045,true_negative,1898
https://openalex.org/T11162,https://openalex.org/T12044,2015,2016,2020,0.36067376022224085,1,13,4,0.0625,52,28.0,4.0,0,0,0.4456157732617281,true_negative,1899
https://openalex.org/T11011,https://openalex.org/T11744,2015,2016,2020,0.35295612386476116,1,5,6,0.1,30,8.0,20.0,0,0,0.44549134869037776,true_negative,1900
https://openalex.org/T10500,https://openalex.org/T12386,2015,2016,2020,0.48089834696298783,1,11,4,0.07142857142857142,44,20.0,4.0,0,0,0.44535914096222085,true_negative,1901
https://openalex.org/T10397,https://openalex.org/T12443,2015,2016,2020,0.35295612386476116,1,3,8,0.1,24,6.0,20.0,0,0,0.4450998835322167,true_negative,1902
https://openalex.org/T10688,https://openalex.org/T12386,2015,2016,2020,0.48089834696298783,1,10,4,0.07692307692307693,40,12.0,4.0,0,0,0.44498404368623706,true_negative,1903
https://openalex.org/T12610,https://openalex.org/T13664,2015,2016,2020,0.3459762562611936,1,2,9,0.1,18,2.0,18.0,0,0,0.4448445164182709,true_negative,1904
https://openalex.org/T10030,https://openalex.org/T10275,2015,2016,2020,0.45511961331341866,1,2,8,0.1111111111111111,16,2.0,18.0,0,0,0.44481848450577177,true_negative,1905
https://openalex.org/T11141,https://openalex.org/T11542,2015,2016,2020,0.5138983423697507,1,4,9,0.08333333333333333,36,4.0,10.0,0,0,0.44480472636934015,true_negative,1906
https://openalex.org/T10144,https://openalex.org/T11235,2015,2016,2020,0.35295612386476116,1,3,10,0.08333333333333333,30,4.0,14.0,0,0,0.4448044400761634,true_negative,1907
https://openalex.org/T10243,https://openalex.org/T13487,2015,2016,2020,0.36926937306885504,1,12,2,0.07692307692307693,24,18.0,2.0,0,0,0.4447903118856708,true_negative,1911
https://openalex.org/T10243,https://openalex.org/T11918,2015,2016,2020,0.36926937306885504,1,12,2,0.07692307692307693,24,18.0,2.0,0,0,0.4447903118856708,true_negative,1908
https://openalex.org/T10243,https://openalex.org/T12135,2015,2016,2020,0.36926937306885504,1,12,2,0.07692307692307693,24,18.0,2.0,0,0,0.4447903118856708,true_negative,1909
https://openalex.org/T10243,https://openalex.org/T12368,2015,2016,2020,0.36926937306885504,1,12,2,0.07692307692307693,24,18.0,2.0,0,0,0.4447903118856708,true_negative,1910
https://openalex.org/T10222,https://openalex.org/T11577,2015,2016,2020,0.35295612386476116,1,11,6,0.0625,66,16.0,6.0,0,0,0.4447141458285929,true_negative,1912
https://openalex.org/T10050,https://openalex.org/T11542,2015,2016,2020,0.45511961331341866,1,5,9,0.07692307692307693,45,5.0,10.0,0,0,0.4442623052439189,true_negative,1913
https://openalex.org/T10012,https://openalex.org/T10211,2015,2016,2020,0.318928988903801,1,11,8,0.05555555555555555,88,32.0,14.0,0,0,0.4441497464677169,true_negative,1914
https://openalex.org/T10031,https://openalex.org/T10158,2015,2016,2020,0.5581106265512472,1,2,9,0.1,18,2.0,12.0,0,0,0.44402794961531467,true_negative,1915
https://openalex.org/T11205,https://openalex.org/T11447,2015,2016,2020,0.4170323914242463,1,2,10,0.09090909090909091,20,2.0,13.0,0,0,0.44399030576923154,true_negative,1916
https://openalex.org/T11210,https://openalex.org/T11447,2015,2016,2020,0.4170323914242463,1,2,10,0.09090909090909091,20,2.0,13.0,0,0,0.44399030576923154,true_negative,1917
https://openalex.org/T12648,https://openalex.org/T13398,2015,2016,2020,0.31465798044412485,1,2,11,0.08333333333333333,22,2.0,13.0,0,0,0.44381677367094113,true_negative,1920
https://openalex.org/T10084,https://openalex.org/T13398,2015,2016,2020,0.31465798044412485,1,2,11,0.08333333333333333,22,2.0,13.0,0,0,0.44381677367094113,true_negative,1918
https://openalex.org/T11071,https://openalex.org/T13398,2015,2016,2020,0.31465798044412485,1,2,11,0.08333333333333333,22,2.0,13.0,0,0,0.44381677367094113,true_negative,1919
https://openalex.org/T10775,https://openalex.org/T11447,2015,2016,2020,0.35295612386476116,1,4,10,0.07692307692307693,40,6.0,13.0,0,0,0.4435809367066639,true_negative,1921
https://openalex.org/T10462,https://openalex.org/T10627,2015,2016,2020,0.43429448190325176,1,4,9,0.08333333333333333,36,4.0,12.0,0,0,0.44337242003476096,true_negative,1922
https://openalex.org/T10521,https://openalex.org/T12114,2015,2016,2020,0.31066746727980593,1,18,9,0.038461538461538464,162,50.0,10.0,0,0,0.4432947708527228,true_negative,1923
https://openalex.org/T12443,https://openalex.org/T13398,2015,2016,2020,0.31465798044412485,1,8,11,0.05555555555555555,88,20.0,13.0,0,0,0.4432216449804427,true_negative,1924
https://openalex.org/T10472,https://openalex.org/T11177,2015,2016,2020,0.36067376022224085,1,4,9,0.08333333333333333,36,4.0,14.0,0,0,0.4430870441673973,true_negative,1925
https://openalex.org/T11764,https://openalex.org/T11970,2015,2016,2020,0.2790553132756236,1,3,9,0.09090909090909091,27,8.0,20.0,0,0,0.44306303701821936,true_negative,1926
https://openalex.org/T10066,https://openalex.org/T11764,2015,2016,2020,0.2790553132756236,1,12,3,0.07142857142857142,36,26.0,8.0,0,0,0.4430528928565249,true_negative,1927
https://openalex.org/T10066,https://openalex.org/T12114,2015,2016,2020,0.31066746727980593,1,12,9,0.05,108,26.0,10.0,0,0,0.44305266269638816,true_negative,1928
https://openalex.org/T10467,https://openalex.org/T12592,2015,2016,2020,0.35295612386476116,1,9,6,0.07142857142857142,54,13.0,10.0,0,0,0.4428530129119733,true_negative,1929
https://openalex.org/T10243,https://openalex.org/T12574,2015,2016,2020,0.31465798044412485,1,12,4,0.06666666666666667,48,18.0,4.0,0,0,0.4428386631024493,true_negative,1930
https://openalex.org/T12613,https://openalex.org/T13200,2015,2016,2020,0.9102392266268373,1,9,1,0.1111111111111111,9,20.0,1.0,0,0,0.4426869307010434,true_negative,1931
https://openalex.org/T10015,https://openalex.org/T10798,2015,2016,2020,0.3898712452512801,1,36,9,0.022727272727272728,324,158.0,24.0,0,0,0.4425842762491069,true_negative,1932
https://openalex.org/T10462,https://openalex.org/T10688,2015,2016,2020,0.35295612386476116,1,4,10,0.07692307692307693,40,4.0,12.0,0,0,0.44252434437796806,true_negative,1933
https://openalex.org/T13309,https://openalex.org/T13748,2015,2016,2020,0.6213349345596119,1,9,5,0.07692307692307693,45,20.0,6.0,0,0,0.4423276843946496,true_negative,1934
https://openalex.org/T10120,https://openalex.org/T10211,2015,2016,2020,0.36067376022224085,1,6,8,0.07692307692307693,48,10.0,14.0,0,0,0.44229569816810943,true_negative,1935
https://openalex.org/T10434,https://openalex.org/T10538,2015,2016,2020,0.45511961331341866,1,9,7,0.06666666666666667,63,14.0,7.0,0,0,0.4422792503450257,true_negative,1936
https://openalex.org/T10211,https://openalex.org/T12254,2015,2016,2020,0.318928988903801,1,8,4,0.09090909090909091,32,14.0,16.0,0,0,0.4421728207599134,true_negative,1937
https://openalex.org/T11213,https://openalex.org/T11407,2015,2016,2020,0.31066746727980593,1,12,4,0.06666666666666667,48,18.0,4.0,0,0,0.44207435436946446,true_negative,1938
https://openalex.org/T10136,https://openalex.org/T11443,2015,2016,2020,0.36926937306885504,1,11,3,0.07692307692307693,33,14.0,4.0,0,0,0.4419238705909085,true_negative,1939
https://openalex.org/T11162,https://openalex.org/T12202,2015,2016,2020,0.36067376022224085,1,13,2,0.07142857142857142,26,28.0,2.0,0,0,0.4418764187830028,true_negative,1941
https://openalex.org/T11162,https://openalex.org/T13104,2015,2016,2020,0.36067376022224085,1,13,2,0.07142857142857142,26,28.0,2.0,0,0,0.4418764187830028,true_negative,1943
https://openalex.org/T11162,https://openalex.org/T11809,2015,2016,2020,0.36067376022224085,1,13,2,0.07142857142857142,26,28.0,2.0,0,0,0.4418764187830028,true_negative,1940
https://openalex.org/T11162,https://openalex.org/T12557,2015,2016,2020,0.36067376022224085,1,13,2,0.07142857142857142,26,28.0,2.0,0,0,0.4418764187830028,true_negative,1942
https://openalex.org/T13398,https://openalex.org/T13447,2015,2016,2020,0.35295612386476116,1,11,3,0.07692307692307693,33,13.0,4.0,0,0,0.4417251315474033,true_negative,1944
https://openalex.org/T10243,https://openalex.org/T10853,2015,2016,2020,0.35295612386476116,1,12,2,0.07692307692307693,24,18.0,2.0,0,0,0.4416647056437249,true_negative,1946
https://openalex.org/T10243,https://openalex.org/T11519,2015,2016,2020,0.35295612386476116,1,12,2,0.07692307692307693,24,18.0,2.0,0,0,0.4416647056437249,true_negative,1947
https://openalex.org/T10243,https://openalex.org/T10537,2015,2016,2020,0.35295612386476116,1,12,2,0.07692307692307693,24,18.0,2.0,0,0,0.4416647056437249,true_negative,1945
https://openalex.org/T11235,https://openalex.org/T13141,2015,2016,2020,0.36926937306885504,1,10,6,0.06666666666666667,60,14.0,7.0,0,0,0.44158872669420174,true_negative,1948
https://openalex.org/T11700,https://openalex.org/T13398,2015,2016,2020,0.31465798044412485,1,3,11,0.07692307692307693,33,6.0,13.0,0,0,0.44154512092930376,true_negative,1949
https://openalex.org/T10269,https://openalex.org/T10277,2015,2016,2020,0.5581106265512472,1,9,4,0.08333333333333333,36,10.0,4.0,0,0,0.4414550688504248,true_negative,1950
https://openalex.org/T11213,https://openalex.org/T12640,2015,2016,2020,0.2790553132756236,1,12,2,0.07692307692307693,24,18.0,4.0,0,0,0.44132593940154924,true_negative,1951
https://openalex.org/T10857,https://openalex.org/T11269,2015,2016,2020,0.2790553132756236,1,4,9,0.08333333333333333,36,4.0,16.0,0,0,0.4412701926296613,true_negative,1952
https://openalex.org/T11468,https://openalex.org/T12592,2015,2016,2020,0.318928988903801,1,10,6,0.06666666666666667,60,18.0,10.0,0,0,0.44096761069182966,true_negative,1953
https://openalex.org/T10068,https://openalex.org/T10182,2015,2016,2020,0.45511961331341866,1,8,7,0.07142857142857142,56,11.0,8.0,0,0,0.4408099934820765,true_negative,1954
https://openalex.org/T10136,https://openalex.org/T12015,2015,2016,2020,0.43429448190325176,1,11,2,0.08333333333333333,22,14.0,2.0,0,0,0.4405689532622004,true_negative,1957
https://openalex.org/T10136,https://openalex.org/T11206,2015,2016,2020,0.43429448190325176,1,11,2,0.08333333333333333,22,14.0,2.0,0,0,0.4405689532622004,true_negative,1955
https://openalex.org/T10136,https://openalex.org/T11659,2015,2016,2020,0.43429448190325176,1,11,2,0.08333333333333333,22,14.0,2.0,0,0,0.4405689532622004,true_negative,1956
https://openalex.org/T11590,https://openalex.org/T12443,2015,2016,2020,0.36067376022224085,1,2,8,0.1111111111111111,16,2.0,20.0,0,0,0.44054412304503765,true_negative,1958
https://openalex.org/T11944,https://openalex.org/T12443,2015,2016,2020,0.36067376022224085,1,2,8,0.1111111111111111,16,2.0,20.0,0,0,0.44054412304503765,true_negative,1959
https://openalex.org/T11269,https://openalex.org/T13937,2015,2016,2020,0.2790553132756236,1,9,8,0.0625,72,16.0,12.0,0,0,0.44050111921729157,true_negative,1960
https://openalex.org/T10086,https://openalex.org/T11313,2015,2016,2020,0.7213475204444817,1,6,6,0.09090909090909091,36,8.0,6.0,0,0,0.44043246367056865,true_negative,1961
https://openalex.org/T11162,https://openalex.org/T12640,2015,2016,2020,0.2790553132756236,1,13,2,0.07142857142857142,26,28.0,4.0,0,0,0.44006060881963466,true_negative,1962
https://openalex.org/T10066,https://openalex.org/T11710,2015,2016,2020,0.31066746727980593,1,12,6,0.058823529411764705,72,26.0,8.0,0,0,0.4399738309030371,true_negative,1963
https://openalex.org/T11642,https://openalex.org/T13114,2015,2016,2020,0.48089834696298783,1,11,6,0.0625,66,26.0,6.0,0,0,0.43996238199001764,true_negative,1964
https://openalex.org/T10068,https://openalex.org/T10355,2015,2016,2020,0.6213349345596119,1,8,4,0.09090909090909091,32,11.0,6.0,0,0,0.43979478753417606,true_negative,1965
https://openalex.org/T11542,https://openalex.org/T14374,2015,2016,2020,0.45511961331341866,1,9,5,0.07692307692307693,45,10.0,6.0,0,0,0.4397509775602721,true_negative,1966
https://openalex.org/T10192,https://openalex.org/T10353,2015,2016,2020,0.7213475204444817,1,4,7,0.1,28,4.0,8.0,0,0,0.43963364450819137,true_negative,1967
https://openalex.org/T10683,https://openalex.org/T11177,2015,2016,2020,0.36067376022224085,1,5,9,0.07692307692307693,45,10.0,14.0,0,0,0.43917706830795344,true_negative,1968
https://openalex.org/T11235,https://openalex.org/T12386,2015,2016,2020,0.48089834696298783,1,10,4,0.07692307692307693,40,14.0,4.0,0,0,0.43913379856474694,true_negative,1969
https://openalex.org/T10496,https://openalex.org/T12443,2015,2016,2020,0.35295612386476116,1,2,8,0.1111111111111111,16,2.0,20.0,0,0,0.4390678238069906,true_negative,1970
https://openalex.org/T11162,https://openalex.org/T12610,2015,2016,2020,0.3459762562611936,1,13,2,0.07142857142857142,26,28.0,2.0,0,0,0.43906404563042,true_negative,1971
https://openalex.org/T10136,https://openalex.org/T11396,2015,2016,2020,0.3898712452512801,1,11,3,0.07692307692307693,33,14.0,3.0,0,0,0.43896490973830116,true_negative,1972
https://openalex.org/T10397,https://openalex.org/T11235,2015,2016,2020,0.35295612386476116,1,3,10,0.08333333333333333,30,6.0,14.0,0,0,0.43895468872675075,true_negative,1973
https://openalex.org/T10500,https://openalex.org/T12422,2015,2016,2020,0.48089834696298783,1,11,3,0.07692307692307693,33,20.0,3.0,0,0,0.43884545294081784,true_negative,1974
https://openalex.org/T11206,https://openalex.org/T11307,2015,2016,2020,0.35295612386476116,1,2,10,0.09090909090909091,20,2.0,14.0,0,0,0.43862834437410136,true_negative,1976
https://openalex.org/T10496,https://openalex.org/T11235,2015,2016,2020,0.35295612386476116,1,2,10,0.09090909090909091,20,2.0,14.0,0,0,0.43862834437410136,true_negative,1975
https://openalex.org/T11639,https://openalex.org/T11981,2015,2016,2020,0.36067376022224085,1,5,8,0.08333333333333333,40,6.0,14.0,0,0,0.4382557598470347,true_negative,1977
https://openalex.org/T12327,https://openalex.org/T12748,2015,2016,2020,0.713629884087002,2,3,4,0.4,12,4.0,4.0,0,0,0.4380412096606967,true_negative,1978
https://openalex.org/T11468,https://openalex.org/T13748,2015,2016,2020,0.45511961331341866,1,10,5,0.07142857142857142,50,18.0,6.0,0,0,0.43802339313626043,true_negative,1979
https://openalex.org/T10066,https://openalex.org/T11629,2015,2016,2020,0.45511961331341866,1,12,2,0.07692307692307693,24,26.0,2.0,0,0,0.4378315915652007,true_negative,1980
https://openalex.org/T11791,https://openalex.org/T12592,2015,2016,2020,0.318928988903801,1,12,6,0.058823529411764705,72,32.0,10.0,0,0,0.43782106270847937,true_negative,1981
https://openalex.org/T11269,https://openalex.org/T11652,2015,2016,2020,0.5138983423697507,1,9,6,0.07142857142857142,54,16.0,6.0,0,0,0.4372770014327368,true_negative,1982
https://openalex.org/T10136,https://openalex.org/T11739,2015,2016,2020,0.4170323914242463,1,11,2,0.08333333333333333,22,14.0,2.0,0,0,0.43726835713534784,true_negative,1984
https://openalex.org/T10136,https://openalex.org/T10323,2015,2016,2020,0.4170323914242463,1,11,2,0.08333333333333333,22,14.0,2.0,0,0,0.43726835713534784,true_negative,1983
https://openalex.org/T10434,https://openalex.org/T11247,2015,2016,2020,0.7213475204444817,1,9,2,0.1,18,14.0,2.0,0,0,0.43717091412247544,true_negative,1985
https://openalex.org/T11177,https://openalex.org/T11884,2015,2016,2020,0.6213349345596119,1,9,3,0.09090909090909091,27,14.0,4.0,0,0,0.43717003094301154,true_negative,1986
https://openalex.org/T10012,https://openalex.org/T12114,2015,2016,2020,0.43429448190325176,1,11,9,0.05263157894736842,99,32.0,10.0,0,0,0.4371407026918995,true_negative,1987
https://openalex.org/T10185,https://openalex.org/T10688,2015,2016,2020,0.4170323914242463,1,2,10,0.09090909090909091,20,2.0,12.0,0,0,0.4370889974428731,true_negative,1988
https://openalex.org/T10323,https://openalex.org/T10688,2015,2016,2020,0.4170323914242463,1,2,10,0.09090909090909091,20,2.0,12.0,0,0,0.4370889974428731,true_negative,1989
https://openalex.org/T11744,https://openalex.org/T12010,2015,2016,2020,0.36067376022224085,1,6,9,0.07142857142857142,54,20.0,16.0,0,0,0.43699438555878733,true_negative,1990
https://openalex.org/T10269,https://openalex.org/T11491,2015,2016,2020,0.5581106265512472,1,9,3,0.09090909090909091,27,10.0,4.0,0,0,0.4367644878137934,true_negative,1991
https://openalex.org/T11642,https://openalex.org/T12592,2015,2016,2020,0.318928988903801,1,11,6,0.0625,66,26.0,10.0,0,0,0.43657785388473747,true_negative,1993
https://openalex.org/T11482,https://openalex.org/T12592,2015,2016,2020,0.318928988903801,1,11,6,0.0625,66,26.0,10.0,0,0,0.43657785388473747,true_negative,1992
https://openalex.org/T10209,https://openalex.org/T10235,2015,2016,2020,0.6213349345596119,1,4,8,0.09090909090909091,32,4.0,8.0,0,0,0.4363504351343144,true_negative,1994
https://openalex.org/T10145,https://openalex.org/T10467,2015,2016,2020,0.48089834696298783,1,2,9,0.1,18,2.0,13.0,0,0,0.4361561200072322,true_negative,1995
https://openalex.org/T11213,https://openalex.org/T11578,2015,2016,2020,0.2790553132756236,1,12,4,0.06666666666666667,48,18.0,4.0,0,0,0.4360296121945951,true_negative,1996
https://openalex.org/T11690,https://openalex.org/T11907,2015,2016,2020,0.45511961331341866,1,9,5,0.07692307692307693,45,16.0,8.0,0,0,0.4360204809197846,true_negative,1997
https://openalex.org/T10688,https://openalex.org/T12072,2015,2016,2020,0.35295612386476116,1,10,5,0.07142857142857142,50,12.0,6.0,0,0,0.4360154365243113,true_negative,1998
https://openalex.org/T10688,https://openalex.org/T12422,2015,2016,2020,0.48089834696298783,1,10,3,0.08333333333333333,30,12.0,3.0,0,0,0.4359852004344478,true_negative,1999
https://openalex.org/T10467,https://openalex.org/T10609,2015,2016,2020,0.48089834696298783,1,9,5,0.07692307692307693,45,13.0,6.0,0,0,0.4359199385694825,true_negative,2000
https://openalex.org/T10275,https://openalex.org/T10321,2015,2016,2020,0.45511961331341866,1,8,5,0.08333333333333333,40,18.0,12.0,0,0,0.4357382785835053,true_negative,2001
https://openalex.org/T12664,https://openalex.org/T13398,2015,2016,2020,0.31465798044412485,1,3,11,0.07692307692307693,33,8.0,13.0,0,0,0.4357045949598996,true_negative,2002
https://openalex.org/T10158,https://openalex.org/T11597,2015,2016,2020,0.5581106265512472,1,9,4,0.08333333333333333,36,12.0,4.0,0,0,0.43561480489387167,true_negative,2004
https://openalex.org/T10158,https://openalex.org/T11266,2015,2016,2020,0.5581106265512472,1,9,4,0.08333333333333333,36,12.0,4.0,0,0,0.43561480489387167,true_negative,2003
https://openalex.org/T10123,https://openalex.org/T10158,2015,2016,2020,0.5138983423697507,1,2,9,0.1,18,2.0,12.0,0,0,0.43557086146586155,true_negative,2005
https://openalex.org/T11791,https://openalex.org/T12267,2015,2016,2020,0.40242960438184466,1,12,3,0.07142857142857142,36,32.0,6.0,0,0,0.4353256221565116,true_negative,2006
https://openalex.org/T10009,https://openalex.org/T10397,2015,2016,2020,0.6213349345596119,1,8,3,0.1,24,10.0,6.0,0,0,0.4352868764470098,true_negative,2007
https://openalex.org/T10878,https://openalex.org/T11765,2015,2016,2020,0.5138983423697507,1,9,4,0.08333333333333333,36,14.0,6.0,0,0,0.43511253792985805,true_negative,2008
https://openalex.org/T11482,https://openalex.org/T13984,2015,2016,2020,0.45511961331341866,1,11,6,0.0625,66,26.0,6.0,0,0,0.4350368956911571,true_negative,2009
https://openalex.org/T10235,https://openalex.org/T14334,2015,2016,2020,0.6213349345596119,1,8,4,0.09090909090909091,32,8.0,4.0,0,0,0.43476923902161224,true_negative,2010
https://openalex.org/T10102,https://openalex.org/T10467,2015,2016,2020,0.35295612386476116,1,4,9,0.08333333333333333,36,4.0,13.0,0,0,0.43471571651538504,true_negative,2011
https://openalex.org/T10272,https://openalex.org/T10467,2015,2016,2020,0.35295612386476116,1,4,9,0.08333333333333333,36,4.0,13.0,0,0,0.43471571651538504,true_negative,2012
https://openalex.org/T10026,https://openalex.org/T12072,2015,2016,2020,0.7213475204444817,1,6,5,0.1,30,6.0,6.0,0,0,0.4346429907592907,true_negative,2013
https://openalex.org/T10136,https://openalex.org/T11270,2015,2016,2020,0.40242960438184466,1,11,2,0.08333333333333333,22,14.0,2.0,0,0,0.434480551186175,true_negative,2015
https://openalex.org/T10136,https://openalex.org/T10282,2015,2016,2020,0.40242960438184466,1,11,2,0.08333333333333333,22,14.0,2.0,0,0,0.434480551186175,true_negative,2014
https://openalex.org/T10502,https://openalex.org/T11512,2015,2016,2020,0.35295612386476116,1,7,8,0.07142857142857142,56,8.0,10.0,0,0,0.4344134292041718,true_negative,2016
https://openalex.org/T13398,https://openalex.org/T13555,2015,2016,2020,0.31465798044412485,1,11,2,0.08333333333333333,22,13.0,4.0,0,0,0.43441091652660535,true_negative,2017
https://openalex.org/T10243,https://openalex.org/T11071,2015,2016,2020,0.31465798044412485,1,12,2,0.07692307692307693,24,18.0,2.0,0,0,0.43434536926857725,true_negative,2018
https://openalex.org/T10243,https://openalex.org/T12648,2015,2016,2020,0.31465798044412485,1,12,2,0.07692307692307693,24,18.0,2.0,0,0,0.43434536926857725,true_negative,2019
https://openalex.org/T10688,https://openalex.org/T10775,2015,2016,2020,0.35295612386476116,1,10,4,0.07692307692307693,40,12.0,6.0,0,0,0.4343092830158081,true_negative,2020
https://openalex.org/T10184,https://openalex.org/T10725,2015,2016,2020,0.6213349345596119,1,4,7,0.1,28,4.0,10.0,0,0,0.43430787073198457,true_negative,2021
https://openalex.org/T11020,https://openalex.org/T11369,2015,2016,2020,0.45511961331341866,1,6,7,0.08333333333333333,42,6.0,10.0,0,0,0.4339541845383388,true_negative,2023
https://openalex.org/T11313,https://openalex.org/T11369,2015,2016,2020,0.45511961331341866,1,6,7,0.08333333333333333,42,6.0,10.0,0,0,0.4339541845383388,true_negative,2024
https://openalex.org/T10621,https://openalex.org/T10725,2015,2016,2020,0.45511961331341866,1,6,7,0.08333333333333333,42,6.0,10.0,0,0,0.4339541845383388,true_negative,2022
https://openalex.org/T10066,https://openalex.org/T12859,2015,2016,2020,0.2790553132756236,1,12,6,0.058823529411764705,72,26.0,8.0,0,0,0.4339354716708234,true_negative,2025
https://openalex.org/T11590,https://openalex.org/T12010,2015,2016,2020,0.36067376022224085,1,2,9,0.1,18,2.0,16.0,1,0,0.4338609720862135,false_negative,2026
https://openalex.org/T11944,https://openalex.org/T12010,2015,2016,2020,0.36067376022224085,1,2,9,0.1,18,2.0,16.0,0,0,0.4338609720862135,true_negative,2027
https://openalex.org/T10500,https://openalex.org/T10845,2015,2016,2020,0.4170323914242463,1,11,3,0.07692307692307693,33,20.0,4.0,0,0,0.4335372824403615,true_negative,2028
https://openalex.org/T12443,https://openalex.org/T13141,2015,2016,2020,0.6213349345596119,1,8,6,0.07692307692307693,48,20.0,7.0,0,0,0.43350278493114597,true_negative,2029
https://openalex.org/T11235,https://openalex.org/T13748,2015,2016,2020,0.36926937306885504,1,10,5,0.07142857142857142,50,14.0,6.0,0,0,0.4332991333689213,true_negative,2030
https://openalex.org/T10015,https://openalex.org/T10036,2015,2016,2020,0.5581106265512472,1,36,8,0.023255813953488372,288,158.0,10.0,0,0,0.43324427351483025,true_negative,2031
https://openalex.org/T10500,https://openalex.org/T11901,2015,2016,2020,0.4170323914242463,1,11,4,0.07142857142857142,44,20.0,4.0,0,0,0.43314624553071224,true_negative,2032
https://openalex.org/T11447,https://openalex.org/T12072,2015,2016,2020,0.35295612386476116,1,10,5,0.07142857142857142,50,13.0,6.0,0,0,0.4331012629074483,true_negative,2033
https://openalex.org/T11542,https://openalex.org/T12279,2015,2016,2020,0.5138983423697507,1,9,4,0.08333333333333333,36,10.0,4.0,0,0,0.43300881878511666,true_negative,2034
https://openalex.org/T10222,https://openalex.org/T10594,2015,2016,2020,0.35295612386476116,1,11,3,0.07692307692307693,33,16.0,4.0,0,0,0.43297011329803753,true_negative,2035
https://openalex.org/T10688,https://openalex.org/T11901,2015,2016,2020,0.4170323914242463,1,10,4,0.07692307692307693,40,12.0,4.0,0,0,0.43277340835675515,true_negative,2036
https://openalex.org/T10604,https://openalex.org/T11765,2015,2016,2020,0.7213475204444817,1,8,4,0.09090909090909091,32,20.0,6.0,0,0,0.43264117012582287,true_negative,2037
https://openalex.org/T10222,https://openalex.org/T14393,2015,2016,2020,0.35295612386476116,1,11,4,0.07142857142857142,44,16.0,4.0,0,0,0.4325791972976827,true_negative,2038
https://openalex.org/T10218,https://openalex.org/T11512,2015,2016,2020,0.5581106265512472,1,4,8,0.09090909090909091,32,6.0,10.0,0,0,0.4322219447832115,true_negative,2039
https://openalex.org/T11470,https://openalex.org/T13664,2015,2016,2020,0.2790553132756236,1,2,9,0.1,18,2.0,18.0,0,0,0.43205260227903053,true_negative,2041
https://openalex.org/T10715,https://openalex.org/T13664,2015,2016,2020,0.2790553132756236,1,2,9,0.1,18,2.0,18.0,0,0,0.43205260227903053,true_negative,2040
https://openalex.org/T10010,https://openalex.org/T10397,2015,2016,2020,0.7213475204444817,1,7,3,0.1111111111111111,21,8.0,6.0,0,0,0.43204626248756395,true_negative,2042
https://openalex.org/T10500,https://openalex.org/T10844,2015,2016,2020,0.48089834696298783,1,11,2,0.08333333333333333,22,20.0,2.0,0,0,0.4319673228810482,true_negative,2043
https://openalex.org/T10500,https://openalex.org/T11885,2015,2016,2020,0.48089834696298783,1,11,2,0.08333333333333333,22,20.0,2.0,0,0,0.4319673228810482,true_negative,2044
https://openalex.org/T11690,https://openalex.org/T12046,2015,2016,2020,0.45511961331341866,1,9,4,0.08333333333333333,36,16.0,8.0,0,0,0.43183346315765453,true_negative,2046
https://openalex.org/T10078,https://openalex.org/T10281,2015,2016,2020,0.45511961331341866,1,9,4,0.08333333333333333,36,16.0,8.0,0,0,0.43183346315765453,true_negative,2045
https://openalex.org/T11206,https://openalex.org/T11447,2015,2016,2020,0.35295612386476116,1,2,10,0.09090909090909091,20,2.0,13.0,0,0,0.43174566312431967,true_negative,2047
https://openalex.org/T10538,https://openalex.org/T10637,2015,2016,2020,0.7213475204444817,1,7,4,0.1,28,7.0,4.0,0,0,0.43156362369276197,true_negative,2048
https://openalex.org/T10538,https://openalex.org/T10799,2015,2016,2020,0.7213475204444817,1,7,4,0.1,28,7.0,4.0,0,0,0.43156362369276197,true_negative,2049
https://openalex.org/T10222,https://openalex.org/T11986,2015,2016,2020,0.2790553132756236,1,11,5,0.06666666666666667,55,16.0,6.0,0,0,0.43154296741369796,true_negative,2050
https://openalex.org/T10222,https://openalex.org/T10769,2015,2016,2020,0.4170323914242463,1,11,2,0.08333333333333333,22,16.0,2.0,0,0,0.4314406975425213,true_negative,2051
https://openalex.org/T10084,https://openalex.org/T11235,2015,2016,2020,0.31465798044412485,1,2,10,0.09090909090909091,20,2.0,14.0,0,0,0.43132045500298166,true_negative,2052
https://openalex.org/T10352,https://openalex.org/T10467,2015,2016,2020,0.45511961331341866,1,2,9,0.1,18,2.0,13.0,0,0,0.43124043360325315,true_negative,2053
https://openalex.org/T13398,https://openalex.org/T13487,2015,2016,2020,0.36926937306885504,1,11,2,0.08333333333333333,22,13.0,2.0,0,0,0.4310718115999023,true_negative,2054
https://openalex.org/T10186,https://openalex.org/T12010,2015,2016,2020,0.3459762562611936,1,2,9,0.1,18,2.0,16.0,0,0,0.4310602131480328,true_negative,2055
https://openalex.org/T11482,https://openalex.org/T12114,2015,2016,2020,0.31066746727980593,1,11,9,0.05263157894736842,99,26.0,10.0,0,0,0.43104217392997396,true_negative,2056
https://openalex.org/T11642,https://openalex.org/T12114,2015,2016,2020,0.31066746727980593,1,11,9,0.05263157894736842,99,26.0,10.0,0,0,0.43104217392997396,true_negative,2057
https://openalex.org/T10467,https://openalex.org/T14374,2015,2016,2020,0.45511961331341866,1,9,5,0.07692307692307693,45,13.0,6.0,0,0,0.43100487929133463,true_negative,2058
https://openalex.org/T10596,https://openalex.org/T11542,2015,2016,2020,0.5138983423697507,1,3,9,0.09090909090909091,27,4.0,10.0,0,0,0.43070308978376676,true_negative,2059
https://openalex.org/T10688,https://openalex.org/T10845,2015,2016,2020,0.4170323914242463,1,10,3,0.08333333333333333,30,12.0,4.0,0,0,0.4306850737857597,true_negative,2060
https://openalex.org/T10336,https://openalex.org/T12820,2015,2016,2020,0.3898712452512801,1,10,4,0.07692307692307693,40,11.0,4.0,0,0,0.4305094664412936,true_negative,2062
https://openalex.org/T10336,https://openalex.org/T10417,2015,2016,2020,0.3898712452512801,1,10,4,0.07692307692307693,40,11.0,4.0,0,0,0.4305094664412936,true_negative,2061
https://openalex.org/T10212,https://openalex.org/T12114,2015,2016,2020,0.5581106265512472,1,2,9,0.1,18,2.0,10.0,0,0,0.43024933929634807,true_negative,2063
https://openalex.org/T11472,https://openalex.org/T12114,2015,2016,2020,0.5581106265512472,1,2,9,0.1,18,2.0,10.0,0,0,0.43024933929634807,true_negative,2064
https://openalex.org/T11235,https://openalex.org/T12422,2015,2016,2020,0.48089834696298783,1,10,3,0.08333333333333333,30,14.0,3.0,0,0,0.43016156958848917,true_negative,2065
https://openalex.org/T11162,https://openalex.org/T11578,2015,2016,2020,0.2790553132756236,1,13,4,0.0625,52,28.0,4.0,0,0,0.43001983019301354,true_negative,2066
https://openalex.org/T10751,https://openalex.org/T12114,2015,2016,2020,0.43429448190325176,1,4,9,0.08333333333333333,36,4.0,10.0,0,0,0.4295984334286978,true_negative,2067
https://openalex.org/T10416,https://openalex.org/T11981,2015,2016,2020,0.31465798044412485,1,5,8,0.08333333333333333,40,6.0,14.0,0,0,0.42948048335751776,true_negative,2068
https://openalex.org/T11764,https://openalex.org/T13664,2015,2016,2020,0.2790553132756236,1,3,9,0.09090909090909091,27,8.0,18.0,0,0,0.42929124915815425,true_negative,2069
https://openalex.org/T12168,https://openalex.org/T12574,2015,2016,2020,0.667614104308886,2,3,4,0.4,12,4.0,4.0,0,0,0.4292669463005194,true_negative,2070
https://openalex.org/T10027,https://openalex.org/T10528,2015,2016,2020,0.6213349345596119,1,8,4,0.09090909090909091,32,10.0,4.0,0,0,0.42894949768820567,true_negative,2072
https://openalex.org/T10009,https://openalex.org/T12279,2015,2016,2020,0.6213349345596119,1,8,4,0.09090909090909091,32,10.0,4.0,0,0,0.42894949768820567,true_negative,2071
https://openalex.org/T10036,https://openalex.org/T12101,2015,2016,2020,0.6213349345596119,1,8,4,0.09090909090909091,32,10.0,4.0,0,0,0.42894949768820567,true_negative,2073
https://openalex.org/T10502,https://openalex.org/T12101,2015,2016,2020,0.7213475204444817,1,7,4,0.1,28,8.0,4.0,0,0,0.4286565896255151,true_negative,2074
https://openalex.org/T10269,https://openalex.org/T10515,2015,2016,2020,0.4170323914242463,1,9,4,0.08333333333333333,36,10.0,6.0,0,0,0.42830014946628875,true_negative,2075
https://openalex.org/T12816,https://openalex.org/T13984,2015,2016,2020,0.7213475204444817,1,5,6,0.1,30,5.0,6.0,0,0,0.428168826269334,true_negative,2076
https://openalex.org/T10136,https://openalex.org/T11918,2015,2016,2020,0.36926937306885504,1,11,2,0.08333333333333333,22,14.0,2.0,0,0,0.4281655950365814,true_negative,2077
https://openalex.org/T10136,https://openalex.org/T12368,2015,2016,2020,0.36926937306885504,1,11,2,0.08333333333333333,22,14.0,2.0,0,0,0.4281655950365814,true_negative,2079
https://openalex.org/T10136,https://openalex.org/T13487,2015,2016,2020,0.36926937306885504,1,11,2,0.08333333333333333,22,14.0,2.0,0,0,0.4281655950365814,true_negative,2080
https://openalex.org/T10136,https://openalex.org/T12135,2015,2016,2020,0.36926937306885504,1,11,2,0.08333333333333333,22,14.0,2.0,0,0,0.4281655950365814,true_negative,2078
https://openalex.org/T10505,https://openalex.org/T10725,2015,2016,2020,0.45511961331341866,1,6,7,0.08333333333333333,42,8.0,10.0,0,0,0.42813708940777967,true_negative,2081
https://openalex.org/T10102,https://openalex.org/T11744,2015,2016,2020,0.31465798044412485,1,4,6,0.1111111111111111,24,4.0,20.0,0,0,0.4279637412370255,true_negative,2082
https://openalex.org/T10066,https://openalex.org/T10593,2015,2016,2020,0.40242960438184466,1,12,2,0.07692307692307693,24,26.0,2.0,0,0,0.4277893860680482,true_negative,2084
https://openalex.org/T10066,https://openalex.org/T10257,2015,2016,2020,0.40242960438184466,1,12,2,0.07692307692307693,24,26.0,2.0,0,0,0.4277893860680482,true_negative,2083
https://openalex.org/T10166,https://openalex.org/T12816,2015,2016,2020,0.7213475204444817,1,6,5,0.1,30,6.0,5.0,0,0,0.42777519188672203,true_negative,2085
https://openalex.org/T10174,https://openalex.org/T10895,2015,2016,2020,1.3426824550040934,2,2,3,0.6666666666666666,6,2.0,6.0,0,0,0.4277249274036423,true_negative,2086
https://openalex.org/T11213,https://openalex.org/T12134,2015,2016,2020,0.2790553132756236,1,12,2,0.07692307692307693,24,18.0,2.0,0,0,0.4275666938496707,true_negative,2089
https://openalex.org/T11213,https://openalex.org/T11470,2015,2016,2020,0.2790553132756236,1,12,2,0.07692307692307693,24,18.0,2.0,0,0,0.4275666938496707,true_negative,2087
https://openalex.org/T11213,https://openalex.org/T11879,2015,2016,2020,0.2790553132756236,1,12,2,0.07692307692307693,24,18.0,2.0,0,0,0.4275666938496707,true_negative,2088
https://openalex.org/T11468,https://openalex.org/T12859,2015,2016,2020,0.318928988903801,1,10,6,0.06666666666666667,60,18.0,8.0,0,0,0.4272109939670571,true_negative,2090
https://openalex.org/T10158,https://openalex.org/T10417,2015,2016,2020,0.5138983423697507,1,9,4,0.08333333333333333,36,12.0,4.0,0,0,0.42719483221650484,true_negative,2091
https://openalex.org/T10158,https://openalex.org/T12820,2015,2016,2020,0.5138983423697507,1,9,4,0.08333333333333333,36,12.0,4.0,0,0,0.42719483221650484,true_negative,2092
https://openalex.org/T11341,https://openalex.org/T12046,2015,2016,2020,0.814706547658322,2,2,4,0.5,8,2.0,8.0,0,0,0.42717015534617175,true_negative,2093
https://openalex.org/T10078,https://openalex.org/T10663,2015,2016,2020,0.45511961331341866,1,9,3,0.09090909090909091,27,16.0,8.0,0,0,0.427166928640788,true_negative,2094
https://openalex.org/T10621,https://openalex.org/T12114,2015,2016,2020,0.31066746727980593,1,6,9,0.07142857142857142,54,6.0,10.0,0,0,0.42698419083813066,true_negative,2095
https://openalex.org/T11744,https://openalex.org/T13398,2015,2016,2020,0.31465798044412485,1,6,11,0.0625,66,20.0,13.0,0,0,0.42690683546945685,true_negative,2096
https://openalex.org/T10688,https://openalex.org/T11885,2015,2016,2020,0.48089834696298783,1,10,2,0.09090909090909091,20,12.0,2.0,0,0,0.4265392700786953,true_negative,2098
https://openalex.org/T10688,https://openalex.org/T10844,2015,2016,2020,0.48089834696298783,1,10,2,0.09090909090909091,20,12.0,2.0,0,0,0.4265392700786953,true_negative,2097
https://openalex.org/T10096,https://openalex.org/T10211,2015,2016,2020,0.35295612386476116,1,4,8,0.09090909090909091,32,4.0,14.0,0,0,0.42645032615557016,true_negative,2099
https://openalex.org/T11880,https://openalex.org/T12114,2015,2016,2020,0.4170323914242463,1,4,9,0.08333333333333333,36,4.0,10.0,0,0,0.4263173933789794,true_negative,2100
https://openalex.org/T11162,https://openalex.org/T12134,2015,2016,2020,0.2790553132756236,1,13,2,0.07142857142857142,26,28.0,2.0,0,0,0.4263107097549927,true_negative,2103
https://openalex.org/T11162,https://openalex.org/T11470,2015,2016,2020,0.2790553132756236,1,13,2,0.07142857142857142,26,28.0,2.0,0,0,0.4263107097549927,true_negative,2101
https://openalex.org/T11162,https://openalex.org/T11879,2015,2016,2020,0.2790553132756236,1,13,2,0.07142857142857142,26,28.0,2.0,0,0,0.4263107097549927,true_negative,2102
https://openalex.org/T11791,https://openalex.org/T13984,2015,2016,2020,0.40242960438184466,1,12,6,0.058823529411764705,72,32.0,6.0,0,0,0.42624551820797607,true_negative,2104
https://openalex.org/T10066,https://openalex.org/T10621,2015,2016,2020,0.31066746727980593,1,12,6,0.058823529411764705,72,26.0,6.0,0,0,0.42622457933087793,true_negative,2105
https://openalex.org/T10627,https://openalex.org/T10775,2015,2016,2020,0.43429448190325176,1,9,4,0.08333333333333333,36,12.0,6.0,0,0,0.4257757442341724,true_negative,2106
https://openalex.org/T11791,https://openalex.org/T12114,2015,2016,2020,0.31066746727980593,1,12,9,0.05,108,32.0,10.0,0,0,0.4255718032329866,true_negative,2107
https://openalex.org/T10012,https://openalex.org/T10826,2015,2016,2020,0.5581106265512472,1,11,3,0.07692307692307693,33,32.0,4.0,0,0,0.42550425584773005,true_negative,2108
https://openalex.org/T10049,https://openalex.org/T10275,2015,2016,2020,0.35295612386476116,1,2,8,0.1111111111111111,16,2.0,18.0,0,0,0.4253253822114849,true_negative,2109
https://openalex.org/T10878,https://openalex.org/T12264,2015,2016,2020,0.5581106265512472,1,9,3,0.09090909090909091,27,14.0,4.0,0,0,0.4251313697282785,true_negative,2110
https://openalex.org/T10008,https://openalex.org/T11981,2015,2016,2020,0.3459762562611936,1,4,8,0.09090909090909091,32,4.0,14.0,0,0,0.42512536432151316,true_negative,2111
https://openalex.org/T10157,https://openalex.org/T11744,2015,2016,2020,0.31465798044412485,1,4,6,0.1111111111111111,24,5.0,20.0,0,0,0.4250628233573504,true_negative,2112
https://openalex.org/T10123,https://openalex.org/T10336,2015,2016,2020,0.3898712452512801,1,2,10,0.09090909090909091,20,2.0,11.0,0,0,0.42505041162926677,true_negative,2113
https://openalex.org/T10602,https://openalex.org/T10604,2015,2016,2020,0.2790553132756236,1,2,8,0.1111111111111111,16,2.0,20.0,0,0,0.42498960909797673,true_negative,2114
https://openalex.org/T10751,https://openalex.org/T13937,2015,2016,2020,0.4170323914242463,1,4,8,0.09090909090909091,32,4.0,12.0,0,0,0.42492136742700387,true_negative,2115
https://openalex.org/T10434,https://openalex.org/T11577,2015,2016,2020,0.4170323914242463,1,9,6,0.07142857142857142,54,14.0,6.0,0,0,0.42465116484923593,true_negative,2116
https://openalex.org/T10222,https://openalex.org/T11407,2015,2016,2020,0.31066746727980593,1,11,4,0.07142857142857142,44,16.0,4.0,0,0,0.4245386361376685,true_negative,2117
https://openalex.org/T10235,https://openalex.org/T11214,2015,2016,2020,0.7213475204444817,1,8,2,0.1111111111111111,16,8.0,2.0,0,0,0.42443545064188987,true_negative,2118
https://openalex.org/T10235,https://openalex.org/T13591,2015,2016,2020,0.7213475204444817,1,8,2,0.1111111111111111,16,8.0,2.0,0,0,0.42443545064188987,true_negative,2120
https://openalex.org/T10235,https://openalex.org/T12783,2015,2016,2020,0.7213475204444817,1,8,2,0.1111111111111111,16,8.0,2.0,0,0,0.42443545064188987,true_negative,2119
https://openalex.org/T10036,https://openalex.org/T10538,2015,2016,2020,0.3898712452512801,1,8,7,0.07142857142857142,56,10.0,7.0,0,0,0.42441463629259046,true_negative,2121
https://openalex.org/T11970,https://openalex.org/T12114,2015,2016,2020,0.31066746727980593,1,9,9,0.058823529411764705,81,20.0,10.0,0,0,0.4241718153698586,true_negative,2122
https://openalex.org/T11542,https://openalex.org/T11577,2015,2016,2020,0.35295612386476116,1,9,6,0.07142857142857142,54,10.0,6.0,0,0,0.4240869175914159,true_negative,2124
https://openalex.org/T10269,https://openalex.org/T11577,2015,2016,2020,0.35295612386476116,1,9,6,0.07142857142857142,54,10.0,6.0,0,0,0.4240869175914159,true_negative,2123
https://openalex.org/T11791,https://openalex.org/T12745,2015,2016,2020,0.40242960438184466,1,12,2,0.07692307692307693,24,32.0,4.0,0,0,0.42408355179081453,true_negative,2125
https://openalex.org/T10627,https://openalex.org/T11161,2015,2016,2020,0.6213349345596119,1,9,2,0.1,18,12.0,2.0,0,0,0.42394907995282055,true_negative,2126
https://openalex.org/T11901,https://openalex.org/T12114,2015,2016,2020,0.40242960438184466,1,4,9,0.08333333333333333,36,4.0,10.0,0,0,0.42354685603511516,true_negative,2127
https://openalex.org/T11700,https://openalex.org/T12574,2015,2016,2020,0.667614104308886,2,3,4,0.4,12,6.0,4.0,0,0,0.42346567773836635,true_negative,2128
https://openalex.org/T10066,https://openalex.org/T11986,2015,2016,2020,0.2790553132756236,1,12,5,0.0625,60,26.0,6.0,0,0,0.4234635549743886,true_negative,2129
https://openalex.org/T12601,https://openalex.org/T13937,2015,2016,2020,0.5581106265512472,1,2,8,0.1111111111111111,16,2.0,12.0,0,0,0.42319385944251214,true_negative,2132
https://openalex.org/T10215,https://openalex.org/T13937,2015,2016,2020,0.5581106265512472,1,2,8,0.1111111111111111,16,2.0,12.0,0,0,0.42319385944251214,true_negative,2130
https://openalex.org/T11105,https://openalex.org/T13937,2015,2016,2020,0.5581106265512472,1,2,8,0.1111111111111111,16,2.0,12.0,0,0,0.42319385944251214,true_negative,2131
https://openalex.org/T10057,https://openalex.org/T12254,2015,2016,2020,0.31066746727980593,1,8,4,0.09090909090909091,32,20.0,16.0,0,0,0.42313375491889493,true_negative,2133
https://openalex.org/T10500,https://openalex.org/T12303,2015,2016,2020,0.43429448190325176,1,11,2,0.08333333333333333,22,20.0,2.0,0,0,0.42311164245034466,true_negative,2137
https://openalex.org/T10500,https://openalex.org/T11206,2015,2016,2020,0.43429448190325176,1,11,2,0.08333333333333333,22,20.0,2.0,0,0,0.42311164245034466,true_negative,2134
https://openalex.org/T10500,https://openalex.org/T12015,2015,2016,2020,0.43429448190325176,1,11,2,0.08333333333333333,22,20.0,2.0,0,0,0.42311164245034466,true_negative,2136
https://openalex.org/T10500,https://openalex.org/T11659,2015,2016,2020,0.43429448190325176,1,11,2,0.08333333333333333,22,20.0,2.0,0,0,0.42311164245034466,true_negative,2135
https://openalex.org/T10804,https://openalex.org/T13283,2015,2016,2020,0.31465798044412485,1,17,17,0.030303030303030304,289,34.0,19.0,0,0,0.42287175265905813,true_negative,2138
https://openalex.org/T10640,https://openalex.org/T10683,2015,2016,2020,0.5138983423697507,1,6,5,0.1,30,6.0,10.0,0,0,0.42262880815168896,true_negative,2139
https://openalex.org/T10120,https://openalex.org/T10725,2015,2016,2020,0.45511961331341866,1,6,7,0.08333333333333333,42,10.0,10.0,0,0,0.42233979093350604,true_negative,2140
https://openalex.org/T11313,https://openalex.org/T11668,2015,2016,2020,0.7213475204444817,1,6,4,0.1111111111111111,24,6.0,6.0,0,0,0.42222587421125607,true_negative,2141
https://openalex.org/T11542,https://openalex.org/T11639,2015,2016,2020,0.36067376022224085,1,9,5,0.07692307692307693,45,10.0,6.0,0,0,0.421772476688832,true_negative,2142
https://openalex.org/T10012,https://openalex.org/T10269,2015,2016,2020,0.35295612386476116,1,11,9,0.05263157894736842,99,32.0,10.0,0,0,0.4216688263108944,true_negative,2143
https://openalex.org/T10036,https://openalex.org/T10203,2015,2016,2020,0.6213349345596119,1,8,3,0.1,24,10.0,4.0,0,0,0.4215738354068066,true_negative,2144
https://openalex.org/T10627,https://openalex.org/T12761,2015,2016,2020,0.3898712452512801,1,9,5,0.07692307692307693,45,12.0,6.0,0,0,0.4215162800834693,true_negative,2145
https://openalex.org/T11272,https://openalex.org/T12046,2015,2016,2020,0.814706547658322,2,2,4,0.5,8,4.0,8.0,0,0,0.42137630231903633,true_negative,2146
https://openalex.org/T10836,https://openalex.org/T12254,2015,2016,2020,0.31066746727980593,1,7,4,0.1,28,12.0,16.0,0,0,0.42125848518522835,true_negative,2147
https://openalex.org/T11235,https://openalex.org/T12679,2015,2016,2020,0.31465798044412485,1,10,4,0.07692307692307693,40,14.0,6.0,0,0,0.4212253065173784,true_negative,2148
https://openalex.org/T11289,https://openalex.org/T12114,2015,2016,2020,0.31066746727980593,1,6,9,0.07142857142857142,54,8.0,10.0,0,0,0.4211910055111107,true_negative,2150
https://openalex.org/T10932,https://openalex.org/T12114,2015,2016,2020,0.31066746727980593,1,6,9,0.07142857142857142,54,8.0,10.0,0,0,0.4211910055111107,true_negative,2149
https://openalex.org/T11710,https://openalex.org/T12114,2015,2016,2020,0.31066746727980593,1,6,9,0.07142857142857142,54,8.0,10.0,0,0,0.4211910055111107,true_negative,2151
https://openalex.org/T10269,https://openalex.org/T12267,2015,2016,2020,0.40242960438184466,1,9,3,0.09090909090909091,27,10.0,6.0,0,0,0.4208774187227085,true_negative,2152
https://openalex.org/T11235,https://openalex.org/T11885,2015,2016,2020,0.48089834696298783,1,10,2,0.09090909090909091,20,14.0,2.0,0,0,0.4207476888488686,true_negative,2153
https://openalex.org/T12592,https://openalex.org/T13937,2015,2016,2020,0.318928988903801,1,6,8,0.07692307692307693,48,10.0,12.0,0,0,0.4206112425960422,true_negative,2154
https://openalex.org/T10688,https://openalex.org/T11273,2015,2016,2020,0.35295612386476116,1,10,4,0.07692307692307693,40,12.0,4.0,0,0,0.4206041012014341,true_negative,2155
https://openalex.org/T10688,https://openalex.org/T12676,2015,2016,2020,0.35295612386476116,1,10,4,0.07692307692307693,40,12.0,4.0,0,0,0.4206041012014341,true_negative,2156
https://openalex.org/T12443,https://openalex.org/T13748,2015,2016,2020,0.6213349345596119,1,8,5,0.08333333333333333,40,20.0,6.0,0,0,0.42039422096611995,true_negative,2157
https://openalex.org/T11542,https://openalex.org/T13748,2015,2016,2020,0.35295612386476116,1,9,5,0.07692307692307693,45,10.0,6.0,0,0,0.4203118228323706,true_negative,2158
https://openalex.org/T10621,https://openalex.org/T10836,2015,2016,2020,0.31066746727980593,1,6,7,0.08333333333333333,42,6.0,12.0,0,0,0.4202160237172839,true_negative,2159
https://openalex.org/T10492,https://openalex.org/T11177,2015,2016,2020,0.36067376022224085,1,2,9,0.1,18,2.0,14.0,0,0,0.42015942977695947,true_negative,2160
https://openalex.org/T11468,https://openalex.org/T13984,2015,2016,2020,0.35295612386476116,1,10,6,0.06666666666666667,60,18.0,6.0,0,0,0.4199877147992662,true_negative,2161
https://openalex.org/T11354,https://openalex.org/T11970,2015,2016,2020,0.2790553132756236,1,3,9,0.09090909090909091,27,16.0,20.0,0,0,0.41979398244717125,true_negative,2162
https://openalex.org/T11970,https://openalex.org/T12452,2015,2016,2020,0.7213475204444817,1,9,2,0.1,18,20.0,2.0,0,0,0.41974722282087185,true_negative,2163
https://openalex.org/T10826,https://openalex.org/T11542,2015,2016,2020,0.45511961331341866,1,3,9,0.09090909090909091,27,4.0,10.0,0,0,0.4195503535242823,true_negative,2164
https://openalex.org/T11880,https://openalex.org/T11981,2015,2016,2020,0.31465798044412485,1,4,8,0.09090909090909091,32,4.0,14.0,0,0,0.4191938237883993,true_negative,2166
https://openalex.org/T10102,https://openalex.org/T11981,2015,2016,2020,0.31465798044412485,1,4,8,0.09090909090909091,32,4.0,14.0,0,0,0.4191938237883993,true_negative,2165
https://openalex.org/T10012,https://openalex.org/T12592,2015,2016,2020,0.318928988903801,1,11,6,0.0625,66,32.0,10.0,0,0,0.41916019614705835,true_negative,2167
https://openalex.org/T10222,https://openalex.org/T12640,2015,2016,2020,0.2790553132756236,1,11,2,0.08333333333333333,22,16.0,4.0,0,0,0.4189466846168658,true_negative,2168
https://openalex.org/T10222,https://openalex.org/T11048,2015,2016,2020,0.2790553132756236,1,11,3,0.07692307692307693,33,16.0,4.0,0,0,0.4189413903133188,true_negative,2169
https://openalex.org/T10066,https://openalex.org/T11407,2015,2016,2020,0.31066746727980593,1,12,4,0.06666666666666667,48,26.0,4.0,0,0,0.4188181768620265,true_negative,2170
https://openalex.org/T10068,https://openalex.org/T10557,2015,2016,2020,0.6213349345596119,1,8,3,0.1,24,11.0,4.0,0,0,0.41868452901943487,true_negative,2171
https://openalex.org/T10009,https://openalex.org/T12207,2015,2016,2020,0.7213475204444817,1,8,2,0.1111111111111111,16,10.0,2.0,0,0,0.41865158092397525,true_negative,2173
https://openalex.org/T10009,https://openalex.org/T11977,2015,2016,2020,0.7213475204444817,1,8,2,0.1111111111111111,16,10.0,2.0,0,0,0.41865158092397525,true_negative,2172
https://openalex.org/T10012,https://openalex.org/T10062,2015,2016,2020,0.45511961331341866,1,11,5,0.06666666666666667,55,32.0,6.0,0,0,0.41857668289656,true_negative,2174
https://openalex.org/T10222,https://openalex.org/T10857,2015,2016,2020,0.2790553132756236,1,11,4,0.07142857142857142,44,16.0,4.0,0,0,0.41855379092182005,true_negative,2175
https://openalex.org/T10222,https://openalex.org/T11578,2015,2016,2020,0.2790553132756236,1,11,4,0.07142857142857142,44,16.0,4.0,0,0,0.41855379092182005,true_negative,2176
https://openalex.org/T10688,https://openalex.org/T12814,2015,2016,2020,0.35295612386476116,1,10,3,0.08333333333333333,30,12.0,4.0,0,0,0.41853116045048266,true_negative,2177
https://openalex.org/T10164,https://openalex.org/T12010,2015,2016,2020,0.3459762562611936,1,1,9,0.1111111111111111,9,1.0,16.0,0,0,0.4184768035506713,true_negative,2178
https://openalex.org/T10602,https://openalex.org/T11269,2015,2016,2020,0.2790553132756236,1,2,9,0.1,18,2.0,16.0,0,0,0.4183659665593522,true_negative,2179
https://openalex.org/T10715,https://openalex.org/T11269,2015,2016,2020,0.2790553132756236,1,2,9,0.1,18,2.0,16.0,0,0,0.4183659665593522,true_negative,2180
https://openalex.org/T11177,https://openalex.org/T12187,2015,2016,2020,0.6213349345596119,1,9,2,0.1,18,14.0,2.0,0,0,0.41816702273531114,true_negative,2181
https://openalex.org/T10182,https://openalex.org/T12592,2015,2016,2020,0.35295612386476116,1,7,6,0.08333333333333333,42,8.0,10.0,0,0,0.418113410525115,true_negative,2182
https://openalex.org/T11542,https://openalex.org/T12664,2015,2016,2020,0.31465798044412485,1,9,3,0.09090909090909091,27,10.0,8.0,0,0,0.41792049137277615,true_negative,2183
https://openalex.org/T10269,https://openalex.org/T11655,2015,2016,2020,0.5581106265512472,1,9,2,0.1,18,10.0,2.0,0,0,0.4177660231140596,true_negative,2184
https://openalex.org/T11447,https://openalex.org/T12676,2015,2016,2020,0.35295612386476116,1,10,4,0.07692307692307693,40,13.0,4.0,0,0,0.4177166413864896,true_negative,2185
https://openalex.org/T11542,https://openalex.org/T12196,2015,2016,2020,0.36067376022224085,1,9,4,0.08333333333333333,36,10.0,6.0,0,0,0.41762096533358556,true_negative,2186
https://openalex.org/T11642,https://openalex.org/T11764,2015,2016,2020,0.2790553132756236,1,11,3,0.07692307692307693,33,26.0,8.0,0,0,0.41733753493918824,true_negative,2188
https://openalex.org/T11482,https://openalex.org/T11764,2015,2016,2020,0.2790553132756236,1,11,3,0.07692307692307693,33,26.0,8.0,0,0,0.41733753493918824,true_negative,2187
https://openalex.org/T10027,https://openalex.org/T11093,2015,2016,2020,0.5581106265512472,1,8,4,0.09090909090909091,32,10.0,4.0,0,0,0.416969502704022,true_negative,2190
https://openalex.org/T10009,https://openalex.org/T11266,2015,2016,2020,0.5581106265512472,1,8,4,0.09090909090909091,32,10.0,4.0,0,0,0.416969502704022,true_negative,2189
https://openalex.org/T10123,https://openalex.org/T10417,2015,2016,2020,0.9037695876210308,2,2,4,0.5,8,2.0,4.0,0,0,0.416717345226539,true_negative,2191
https://openalex.org/T10123,https://openalex.org/T12820,2015,2016,2020,0.9037695876210308,2,2,4,0.5,8,2.0,4.0,0,0,0.416717345226539,true_negative,2192
https://openalex.org/T10157,https://openalex.org/T11981,2015,2016,2020,0.31465798044412485,1,4,8,0.09090909090909091,32,5.0,14.0,0,0,0.41630908912348197,true_negative,2193
https://openalex.org/T11970,https://openalex.org/T12592,2015,2016,2020,0.318928988903801,1,9,6,0.07142857142857142,54,20.0,10.0,0,0,0.4160452571466808,true_negative,2194
https://openalex.org/T11235,https://openalex.org/T11443,2015,2016,2020,0.36926937306885504,1,10,3,0.08333333333333333,30,14.0,4.0,0,0,0.4158434682506087,true_negative,2195
https://openalex.org/T11289,https://openalex.org/T11369,2015,2016,2020,0.3898712452512801,1,6,7,0.08333333333333333,42,8.0,10.0,0,0,0.41578146951342454,true_negative,2196
https://openalex.org/T11642,https://openalex.org/T13984,2015,2016,2020,0.35295612386476116,1,11,6,0.0625,66,26.0,6.0,0,0,0.41565152425201896,true_negative,2197
https://openalex.org/T11447,https://openalex.org/T12814,2015,2016,2020,0.35295612386476116,1,10,3,0.08333333333333333,30,13.0,4.0,0,0,0.41564772252740567,true_negative,2198
https://openalex.org/T10066,https://openalex.org/T11048,2015,2016,2020,0.2790553132756236,1,12,3,0.07142857142857142,36,26.0,4.0,0,0,0.4156180887117395,true_negative,2199
https://openalex.org/T11928,https://openalex.org/T12114,2015,2016,2020,0.43429448190325176,1,3,9,0.09090909090909091,27,4.0,10.0,0,0,0.4156179940041759,true_negative,2202
https://openalex.org/T11229,https://openalex.org/T12114,2015,2016,2020,0.43429448190325176,1,3,9,0.09090909090909091,27,4.0,10.0,0,0,0.4156179940041759,true_negative,2201
https://openalex.org/T10594,https://openalex.org/T12114,2015,2016,2020,0.43429448190325176,1,3,9,0.09090909090909091,27,4.0,10.0,0,0,0.4156179940041759,true_negative,2200
https://openalex.org/T10015,https://openalex.org/T12613,2015,2016,2020,0.3898712452512801,1,36,9,0.022727272727272728,324,158.0,20.0,0,0,0.4151568595852282,true_negative,2203
https://openalex.org/T10068,https://openalex.org/T13117,2015,2016,2020,0.45511961331341866,1,8,5,0.08333333333333333,40,11.0,6.0,0,0,0.41496745602446833,true_negative,2204
https://openalex.org/T11307,https://openalex.org/T12676,2015,2016,2020,0.35295612386476116,1,10,4,0.07692307692307693,40,14.0,4.0,0,0,0.4148348115939839,true_negative,2206
https://openalex.org/T11235,https://openalex.org/T11930,2015,2016,2020,0.35295612386476116,1,10,4,0.07692307692307693,40,14.0,4.0,0,0,0.4148348115939839,true_negative,2205
https://openalex.org/T10604,https://openalex.org/T10836,2015,2016,2020,0.31066746727980593,1,8,7,0.07142857142857142,56,20.0,12.0,0,0,0.41465328419005343,true_negative,2208
https://openalex.org/T10057,https://openalex.org/T10836,2015,2016,2020,0.31066746727980593,1,8,7,0.07142857142857142,56,20.0,12.0,0,0,0.41465328419005343,true_negative,2207
https://openalex.org/T10416,https://openalex.org/T11542,2015,2016,2020,0.31465798044412485,1,5,9,0.07692307692307693,45,6.0,10.0,0,0,0.41464472936301894,true_negative,2209
https://openalex.org/T10688,https://openalex.org/T11739,2015,2016,2020,0.4170323914242463,1,10,2,0.09090909090909091,20,12.0,2.0,0,0,0.41445681490017255,true_negative,2210
https://openalex.org/T11483,https://openalex.org/T11588,2015,2016,2020,1.344533708530089,2,2,3,0.6666666666666666,6,2.0,4.0,0,0,0.4144241976020427,true_negative,2211
https://openalex.org/T10604,https://openalex.org/T13937,2015,2016,2020,0.2790553132756236,1,8,8,0.06666666666666667,64,20.0,12.0,0,0,0.41421850044812897,true_negative,2212
https://openalex.org/T10272,https://openalex.org/T11542,2015,2016,2020,0.35295612386476116,1,4,9,0.08333333333333333,36,4.0,10.0,0,0,0.41419706280565094,true_negative,2213
https://openalex.org/T11093,https://openalex.org/T11542,2015,2016,2020,0.35295612386476116,1,4,9,0.08333333333333333,36,4.0,10.0,0,0,0.41419706280565094,true_negative,2214
https://openalex.org/T10211,https://openalex.org/T12592,2015,2016,2020,0.318928988903801,1,8,6,0.07692307692307693,48,14.0,10.0,0,0,0.4140615077513658,true_negative,2215
https://openalex.org/T10521,https://openalex.org/T11948,2015,2016,2020,0.36067376022224085,1,18,17,0.029411764705882353,306,50.0,24.0,0,0,0.41399964016400376,true_negative,2216
https://openalex.org/T10467,https://openalex.org/T10677,2015,2016,2020,0.48089834696298783,1,9,3,0.09090909090909091,27,13.0,4.0,0,0,0.4134232172672228,true_negative,2217
https://openalex.org/T10621,https://openalex.org/T12592,2015,2016,2020,0.40242960438184466,1,6,6,0.09090909090909091,36,6.0,10.0,0,0,0.4130692989179617,true_negative,2218
https://openalex.org/T10057,https://openalex.org/T10522,2015,2016,2020,0.4170323914242463,1,8,8,0.06666666666666667,64,20.0,8.0,0,0,0.41303487890504104,true_negative,2219
https://openalex.org/T11307,https://openalex.org/T11396,2015,2016,2020,0.3898712452512801,1,10,3,0.08333333333333333,30,14.0,3.0,0,0,0.41292992438131787,true_negative,2220
https://openalex.org/T10066,https://openalex.org/T11578,2015,2016,2020,0.2790553132756236,1,12,4,0.06666666666666667,48,26.0,4.0,0,0,0.4128561185322499,true_negative,2222
https://openalex.org/T10066,https://openalex.org/T10857,2015,2016,2020,0.2790553132756236,1,12,4,0.06666666666666667,48,26.0,4.0,0,0,0.4128561185322499,true_negative,2221
https://openalex.org/T11235,https://openalex.org/T12947,2015,2016,2020,0.35295612386476116,1,10,3,0.08333333333333333,30,14.0,4.0,0,0,0.4127700480066861,true_negative,2223
https://openalex.org/T10472,https://openalex.org/T11272,2015,2016,2020,0.814706547658322,2,4,2,0.5,8,4.0,4.0,0,0,0.41274588497019166,true_negative,2224
https://openalex.org/T10211,https://openalex.org/T10353,2015,2016,2020,0.35295612386476116,1,8,7,0.07142857142857142,56,14.0,8.0,0,0,0.41270946420035787,true_negative,2225
https://openalex.org/T10078,https://openalex.org/T10090,2015,2016,2020,0.6213349345596119,1,9,2,0.1,18,16.0,2.0,0,0,0.4124073676366532,true_negative,2226
https://openalex.org/T10144,https://openalex.org/T11744,2015,2016,2020,0.35295612386476116,1,3,6,0.125,18,4.0,20.0,0,0,0.4123746780806471,true_negative,2227
https://openalex.org/T10336,https://openalex.org/T10769,2015,2016,2020,0.3898712452512801,1,10,2,0.09090909090909091,20,11.0,2.0,0,0,0.41221905756660215,true_negative,2228
https://openalex.org/T10434,https://openalex.org/T12859,2015,2016,2020,0.2790553132756236,1,9,6,0.07142857142857142,54,14.0,8.0,0,0,0.4122112195763594,true_negative,2231
https://openalex.org/T10434,https://openalex.org/T11289,2015,2016,2020,0.2790553132756236,1,9,6,0.07142857142857142,54,14.0,8.0,0,0,0.4122112195763594,true_negative,2230
https://openalex.org/T10434,https://openalex.org/T10932,2015,2016,2020,0.2790553132756236,1,9,6,0.07142857142857142,54,14.0,8.0,0,0,0.4122112195763594,true_negative,2229
https://openalex.org/T10158,https://openalex.org/T11532,2015,2016,2020,0.5581106265512472,1,9,2,0.1,18,12.0,2.0,0,0,0.41200798012269446,true_negative,2233
https://openalex.org/T10158,https://openalex.org/T11355,2015,2016,2020,0.5581106265512472,1,9,2,0.1,18,12.0,2.0,0,0,0.41200798012269446,true_negative,2232
https://openalex.org/T10141,https://openalex.org/T12745,2015,2016,2020,1.312668831008682,2,3,2,0.6666666666666666,6,4.0,4.0,0,0,0.41194955176970627,true_negative,2234
https://openalex.org/T10012,https://openalex.org/T10537,2015,2016,2020,0.5581106265512472,1,11,2,0.08333333333333333,22,32.0,2.0,0,0,0.41187989314275897,true_negative,2235
https://openalex.org/T10057,https://openalex.org/T12114,2015,2016,2020,0.31066746727980593,1,8,9,0.0625,72,20.0,10.0,0,0,0.4118600651890696,true_negative,2236
https://openalex.org/T10604,https://openalex.org/T12114,2015,2016,2020,0.31066746727980593,1,8,9,0.0625,72,20.0,10.0,0,0,0.4118600651890696,true_negative,2237
https://openalex.org/T10467,https://openalex.org/T13748,2015,2016,2020,0.35295612386476116,1,9,5,0.07692307692307693,45,13.0,6.0,0,0,0.41166825820833386,true_negative,2238
https://openalex.org/T10012,https://openalex.org/T10120,2015,2016,2020,0.2790553132756236,1,11,6,0.0625,66,32.0,10.0,0,0,0.4116423511030931,true_negative,2239
https://openalex.org/T10434,https://openalex.org/T10621,2015,2016,2020,0.3459762562611936,1,9,6,0.07142857142857142,54,14.0,6.0,0,0,0.41123140586567036,true_negative,2240
https://openalex.org/T11642,https://openalex.org/T12820,2015,2016,2020,0.3898712452512801,1,11,4,0.07142857142857142,44,26.0,4.0,0,0,0.41065133069812143,true_negative,2241
https://openalex.org/T11791,https://openalex.org/T12489,2015,2016,2020,0.40242960438184466,1,12,2,0.07692307692307693,24,32.0,2.0,0,0,0.41046691401569846,true_negative,2242
https://openalex.org/T11177,https://openalex.org/T11986,2015,2016,2020,0.36067376022224085,1,9,5,0.07692307692307693,45,14.0,6.0,0,0,0.4102478199959823,true_negative,2243
https://openalex.org/T11269,https://openalex.org/T12761,2015,2016,2020,0.3898712452512801,1,9,5,0.07692307692307693,45,16.0,6.0,0,0,0.4099936601409244,true_negative,2245
https://openalex.org/T11269,https://openalex.org/T12072,2015,2016,2020,0.3898712452512801,1,9,5,0.07692307692307693,45,16.0,6.0,0,0,0.4099936601409244,true_negative,2244
https://openalex.org/T10604,https://openalex.org/T11354,2015,2016,2020,0.2790553132756236,1,8,3,0.1,24,20.0,16.0,0,0,0.4098359525780089,true_negative,2246
https://openalex.org/T11482,https://openalex.org/T11629,2015,2016,2020,0.45511961331341866,1,11,2,0.08333333333333333,22,26.0,2.0,0,0,0.4097489669093278,true_negative,2247
https://openalex.org/T10141,https://openalex.org/T10269,2015,2016,2020,0.40242960438184466,1,3,9,0.09090909090909091,27,4.0,10.0,0,0,0.4096219273567643,true_negative,2248
https://openalex.org/T10845,https://openalex.org/T12114,2015,2016,2020,0.40242960438184466,1,3,9,0.09090909090909091,27,4.0,10.0,0,0,0.4096219273567643,true_negative,2249
https://openalex.org/T10862,https://openalex.org/T11512,2015,2016,2020,0.5581106265512472,1,2,8,0.1111111111111111,16,2.0,10.0,0,0,0.40958547200966555,true_negative,2251
https://openalex.org/T10023,https://openalex.org/T10027,2015,2016,2020,0.5581106265512472,1,2,8,0.1111111111111111,16,2.0,10.0,0,0,0.40958547200966555,true_negative,2250
https://openalex.org/T11542,https://openalex.org/T13883,2015,2016,2020,0.5138983423697507,1,9,2,0.1,18,10.0,2.0,0,0,0.40944076504917254,true_negative,2253
https://openalex.org/T11542,https://openalex.org/T12241,2015,2016,2020,0.5138983423697507,1,9,2,0.1,18,10.0,2.0,0,0,0.40944076504917254,true_negative,2252
https://openalex.org/T10078,https://openalex.org/T10472,2015,2016,2020,0.48089834696298783,1,9,4,0.08333333333333333,36,16.0,4.0,0,0,0.40941928490409324,true_negative,2254
https://openalex.org/T10071,https://openalex.org/T13984,2015,2016,2020,0.7213475204444817,1,4,6,0.1111111111111111,24,4.0,6.0,0,0,0.40940389360208984,true_negative,2255
https://openalex.org/T10446,https://openalex.org/T10646,2015,2016,2020,0.7213475204444817,1,4,6,0.1111111111111111,24,4.0,6.0,0,0,0.40940389360208984,true_negative,2257
https://openalex.org/T10272,https://openalex.org/T10560,2015,2016,2020,0.7213475204444817,1,4,6,0.1111111111111111,24,4.0,6.0,0,0,0.40940389360208984,true_negative,2256
https://openalex.org/T10353,https://openalex.org/T10683,2015,2016,2020,0.35295612386476116,1,7,5,0.09090909090909091,35,8.0,10.0,0,0,0.40935428650087424,true_negative,2258
https://openalex.org/T10030,https://openalex.org/T10179,2015,2016,2020,0.45511961331341866,1,2,7,0.125,14,2.0,16.0,0,0,0.40920760944923634,true_negative,2259
https://openalex.org/T10887,https://openalex.org/T11948,2015,2016,2020,0.48089834696298783,1,23,17,0.02564102564102564,391,50.0,24.0,0,0,0.40915180276058766,true_negative,2260
https://openalex.org/T11307,https://openalex.org/T11739,2015,2016,2020,0.4170323914242463,1,10,2,0.09090909090909091,20,14.0,2.0,0,0,0.40871236511511283,true_negative,2261
https://openalex.org/T10646,https://openalex.org/T11742,2015,2016,2020,0.7213475204444817,1,6,4,0.1111111111111111,24,6.0,4.0,0,0,0.40862656246358875,true_negative,2264
https://openalex.org/T10026,https://openalex.org/T12002,2015,2016,2020,0.7213475204444817,1,6,4,0.1111111111111111,24,6.0,4.0,0,0,0.40862656246358875,true_negative,2262
https://openalex.org/T10166,https://openalex.org/T14334,2015,2016,2020,0.7213475204444817,1,6,4,0.1111111111111111,24,6.0,4.0,0,0,0.40862656246358875,true_negative,2263
https://openalex.org/T10467,https://openalex.org/T12947,2015,2016,2020,0.45511961331341866,1,9,3,0.09090909090909091,27,13.0,4.0,0,0,0.40857808362467174,true_negative,2265
https://openalex.org/T10594,https://openalex.org/T11229,2015,2016,2020,0.8513268733274981,2,3,3,0.5,9,4.0,4.0,0,0,0.4083040848526829,true_negative,2266
https://openalex.org/T11235,https://openalex.org/T11880,2015,2016,2020,0.31465798044412485,1,10,4,0.07692307692307693,40,14.0,4.0,0,0,0.4076354847089755,true_negative,2267
https://openalex.org/T10036,https://openalex.org/T10775,2015,2016,2020,0.43429448190325176,1,8,4,0.09090909090909091,32,10.0,6.0,1,0,0.40724769523227344,false_negative,2268
https://openalex.org/T10012,https://openalex.org/T10519,2015,2016,2020,0.318928988903801,1,11,4,0.07142857142857142,44,32.0,8.0,0,0,0.4072111903342771,true_negative,2269
https://openalex.org/T11981,https://openalex.org/T12231,2015,2016,2020,0.7213475204444817,1,8,2,0.1111111111111111,16,14.0,2.0,0,0,0.4071521542601782,true_negative,2270
https://openalex.org/T10323,https://openalex.org/T10662,2015,2016,2020,0.8513268733274981,2,2,4,0.5,8,2.0,4.0,0,0,0.40685530829764516,true_negative,2271
https://openalex.org/T10397,https://openalex.org/T11744,2015,2016,2020,0.35295612386476116,1,3,6,0.125,18,6.0,20.0,0,0,0.40663904568202314,true_negative,2272
https://openalex.org/T11269,https://openalex.org/T12859,2015,2016,2020,0.2790553132756236,1,9,6,0.07142857142857142,54,16.0,8.0,0,0,0.4064762880394882,true_negative,2274
https://openalex.org/T11269,https://openalex.org/T11289,2015,2016,2020,0.2790553132756236,1,9,6,0.07142857142857142,54,16.0,8.0,0,0,0.4064762880394882,true_negative,2273
https://openalex.org/T10878,https://openalex.org/T11187,2015,2016,2020,0.5581106265512472,1,9,2,0.1,18,14.0,2.0,0,0,0.40627392177297733,true_negative,2275
https://openalex.org/T10878,https://openalex.org/T11190,2015,2016,2020,0.5581106265512472,1,9,2,0.1,18,14.0,2.0,0,0,0.40627392177297733,true_negative,2276
https://openalex.org/T11407,https://openalex.org/T12114,2015,2016,2020,0.31066746727980593,1,4,9,0.08333333333333333,36,4.0,10.0,0,0,0.40625355000941427,true_negative,2277
https://openalex.org/T11791,https://openalex.org/T11986,2015,2016,2020,0.2790553132756236,1,12,5,0.0625,60,32.0,6.0,0,0,0.40619190478089845,true_negative,2278
https://openalex.org/T11177,https://openalex.org/T11881,2015,2016,2020,0.36067376022224085,1,9,4,0.08333333333333333,36,14.0,6.0,0,0,0.40613007091338776,true_negative,2279
https://openalex.org/T11177,https://openalex.org/T12646,2015,2016,2020,0.36067376022224085,1,9,4,0.08333333333333333,36,14.0,6.0,0,0,0.40613007091338776,true_negative,2280
https://openalex.org/T10662,https://openalex.org/T11739,2015,2016,2020,0.8513268733274981,2,4,2,0.5,8,4.0,2.0,0,0,0.4060794889724941,true_negative,2281
https://openalex.org/T10275,https://openalex.org/T12627,2015,2016,2020,0.33380820069533407,1,8,4,0.09090909090909091,32,18.0,12.0,0,0,0.40606842308372826,true_negative,2282
https://openalex.org/T11235,https://openalex.org/T11270,2015,2016,2020,0.40242960438184466,1,10,2,0.09090909090909091,20,14.0,2.0,0,0,0.40597527406900386,true_negative,2283
https://openalex.org/T10012,https://openalex.org/T10184,2015,2016,2020,0.45511961331341866,1,11,4,0.07142857142857142,44,32.0,4.0,0,0,0.40569924861192935,true_negative,2284
https://openalex.org/T10012,https://openalex.org/T11710,2015,2016,2020,0.318928988903801,1,11,6,0.0625,66,32.0,8.0,0,0,0.40559031051046907,true_negative,2285
https://openalex.org/T10235,https://openalex.org/T11590,2015,2016,2020,0.6213349345596119,1,8,2,0.1111111111111111,16,8.0,2.0,0,0,0.40558622724146426,true_negative,2286
https://openalex.org/T10235,https://openalex.org/T11944,2015,2016,2020,0.6213349345596119,1,8,2,0.1111111111111111,16,8.0,2.0,0,0,0.40558622724146426,true_negative,2287
https://openalex.org/T10036,https://openalex.org/T12761,2015,2016,2020,0.3898712452512801,1,8,5,0.08333333333333333,40,10.0,6.0,0,0,0.4055802567155182,true_negative,2288
https://openalex.org/T10222,https://openalex.org/T11879,2015,2016,2020,0.2790553132756236,1,11,2,0.08333333333333333,22,16.0,2.0,0,0,0.40537888703323777,true_negative,2292
https://openalex.org/T10222,https://openalex.org/T10715,2015,2016,2020,0.2790553132756236,1,11,2,0.08333333333333333,22,16.0,2.0,0,0,0.40537888703323777,true_negative,2290
https://openalex.org/T10222,https://openalex.org/T11470,2015,2016,2020,0.2790553132756236,1,11,2,0.08333333333333333,22,16.0,2.0,0,0,0.40537888703323777,true_negative,2291
https://openalex.org/T10222,https://openalex.org/T12134,2015,2016,2020,0.2790553132756236,1,11,2,0.08333333333333333,22,16.0,2.0,0,0,0.40537888703323777,true_negative,2293
https://openalex.org/T10222,https://openalex.org/T10602,2015,2016,2020,0.2790553132756236,1,11,2,0.08333333333333333,22,16.0,2.0,0,0,0.40537888703323777,true_negative,2289
https://openalex.org/T10066,https://openalex.org/T10715,2015,2016,2020,0.2790553132756236,1,12,2,0.07692307692307693,24,26.0,2.0,0,0,0.4045203641246259,true_negative,2295
https://openalex.org/T10066,https://openalex.org/T11470,2015,2016,2020,0.2790553132756236,1,12,2,0.07692307692307693,24,26.0,2.0,0,0,0.4045203641246259,true_negative,2296
https://openalex.org/T10066,https://openalex.org/T10602,2015,2016,2020,0.2790553132756236,1,12,2,0.07692307692307693,24,26.0,2.0,0,0,0.4045203641246259,true_negative,2294
https://openalex.org/T11468,https://openalex.org/T12496,2015,2016,2020,0.45511961331341866,1,10,2,0.09090909090909091,20,18.0,2.0,0,0,0.4044013404362174,true_negative,2297
https://openalex.org/T11542,https://openalex.org/T11700,2015,2016,2020,0.31465798044412485,1,9,3,0.09090909090909091,27,10.0,6.0,0,0,0.40436279973585426,true_negative,2298
https://openalex.org/T10798,https://openalex.org/T10932,2015,2016,2020,0.3898712452512801,1,9,6,0.07142857142857142,54,24.0,8.0,0,0,0.4043452337235221,true_negative,2299
https://openalex.org/T10227,https://openalex.org/T10285,2015,2016,2020,1.3426824550040934,2,3,2,0.6666666666666666,6,4.0,2.0,0,0,0.4040513821508992,true_negative,2300
https://openalex.org/T10557,https://openalex.org/T12028,2015,2016,2020,1.3426824550040934,2,3,2,0.6666666666666666,6,4.0,2.0,0,0,0.4040513821508992,true_negative,2302
https://openalex.org/T10227,https://openalex.org/T13004,2015,2016,2020,1.3426824550040934,2,3,2,0.6666666666666666,6,4.0,2.0,0,0,0.4040513821508992,true_negative,2301
https://openalex.org/T11577,https://openalex.org/T12592,2015,2016,2020,0.35295612386476116,1,6,6,0.09090909090909091,36,6.0,10.0,0,0,0.4037887843153998,true_negative,2303
https://openalex.org/T11642,https://openalex.org/T14393,2015,2016,2020,0.35295612386476116,1,11,4,0.07142857142857142,44,26.0,4.0,0,0,0.4037330165776099,true_negative,2304
https://openalex.org/T10371,https://openalex.org/T11313,2015,2016,2020,0.7213475204444817,1,4,6,0.1111111111111111,24,6.0,6.0,0,0,0.4036811955915794,true_negative,2305
https://openalex.org/T10867,https://openalex.org/T11652,2015,2016,2020,0.7213475204444817,1,4,6,0.1111111111111111,24,6.0,6.0,0,0,0.4036811955915794,true_negative,2306
https://openalex.org/T10643,https://openalex.org/T12114,2015,2016,2020,0.4170323914242463,1,2,9,0.1,18,2.0,10.0,0,0,0.4036286174685949,true_negative,2307
https://openalex.org/T10765,https://openalex.org/T12114,2015,2016,2020,0.4170323914242463,1,2,9,0.1,18,2.0,10.0,0,0,0.4036286174685949,true_negative,2308
https://openalex.org/T11443,https://openalex.org/T12114,2015,2016,2020,0.36926937306885504,1,3,9,0.09090909090909091,27,4.0,10.0,0,0,0.4034105417883499,true_negative,2309
https://openalex.org/T11468,https://openalex.org/T14393,2015,2016,2020,0.35295612386476116,1,10,4,0.07692307692307693,40,18.0,4.0,0,0,0.4033674813329394,true_negative,2310
https://openalex.org/T10434,https://openalex.org/T10751,2015,2016,2020,0.4170323914242463,1,9,4,0.08333333333333333,36,14.0,4.0,0,0,0.40317989605019644,true_negative,2311
https://openalex.org/T10086,https://openalex.org/T11597,2015,2016,2020,0.7213475204444817,1,6,4,0.1111111111111111,24,8.0,4.0,0,0,0.40290731750157194,true_negative,2312
https://openalex.org/T10275,https://openalex.org/T10683,2015,2016,2020,0.35295612386476116,1,8,5,0.08333333333333333,40,18.0,10.0,0,0,0.402802738694863,true_negative,2313
https://openalex.org/T10120,https://openalex.org/T11710,2015,2016,2020,0.48089834696298783,1,6,6,0.09090909090909091,36,10.0,8.0,0,0,0.4028003365875838,true_negative,2314
https://openalex.org/T11482,https://openalex.org/T11986,2015,2016,2020,0.2790553132756236,1,11,5,0.06666666666666667,55,26.0,6.0,0,0,0.40271684422987136,true_negative,2315
https://openalex.org/T10269,https://openalex.org/T10751,2015,2016,2020,0.35295612386476116,1,9,4,0.08333333333333333,36,10.0,4.0,0,0,0.40262421360483824,true_negative,2316
https://openalex.org/T10688,https://openalex.org/T13126,2015,2016,2020,0.35295612386476116,1,10,2,0.09090909090909091,20,12.0,2.0,0,0,0.40243713917250795,true_negative,2318
https://openalex.org/T10688,https://openalex.org/T12292,2015,2016,2020,0.35295612386476116,1,10,2,0.09090909090909091,20,12.0,2.0,0,0,0.40243713917250795,true_negative,2317
https://openalex.org/T10269,https://openalex.org/T12745,2015,2016,2020,0.40242960438184466,1,9,2,0.1,18,10.0,4.0,0,0,0.4020766869677448,true_negative,2319
https://openalex.org/T12010,https://openalex.org/T13117,2015,2016,2020,0.3459762562611936,1,9,5,0.07692307692307693,45,16.0,6.0,0,0,0.4017756335141712,true_negative,2320
https://openalex.org/T10212,https://openalex.org/T10836,2015,2016,2020,0.5581106265512472,1,2,7,0.125,14,2.0,12.0,0,0,0.40148397711312145,true_negative,2321
https://openalex.org/T10182,https://openalex.org/T13117,2015,2016,2020,0.45511961331341866,1,7,5,0.09090909090909091,35,8.0,6.0,0,0,0.40147537043444376,true_negative,2322
https://openalex.org/T10275,https://openalex.org/T10353,2015,2016,2020,0.35295612386476116,1,8,7,0.07142857142857142,56,18.0,8.0,0,0,0.40126059816673826,true_negative,2323
https://openalex.org/T12168,https://openalex.org/T12664,2015,2016,2020,0.667614104308886,2,3,3,0.5,9,4.0,8.0,0,0,0.4009255459150102,true_negative,2324
https://openalex.org/T10282,https://openalex.org/T12114,2015,2016,2020,0.40242960438184466,1,2,9,0.1,18,2.0,10.0,0,0,0.4009024884204406,true_negative,2325
https://openalex.org/T11270,https://openalex.org/T12114,2015,2016,2020,0.40242960438184466,1,2,9,0.1,18,2.0,10.0,0,0,0.4009024884204406,true_negative,2326
https://openalex.org/T10211,https://openalex.org/T12859,2015,2016,2020,0.318928988903801,1,8,6,0.07692307692307693,48,14.0,8.0,0,0,0.4005428594600818,true_negative,2328
https://openalex.org/T10211,https://openalex.org/T11289,2015,2016,2020,0.318928988903801,1,8,6,0.07692307692307693,48,14.0,8.0,0,0,0.4005428594600818,true_negative,2327
https://openalex.org/T11181,https://openalex.org/T11975,2015,2016,2020,0.7213475204444817,1,3,6,0.125,18,4.0,8.0,0,0,0.40031444198330424,true_negative,2330
https://openalex.org/T10101,https://openalex.org/T11975,2015,2016,2020,0.7213475204444817,1,3,6,0.125,18,4.0,8.0,0,0,0.40031444198330424,true_negative,2329
https://openalex.org/T10432,https://openalex.org/T10591,2015,2016,2020,0.8157933735356595,2,2,4,0.5,8,2.0,4.0,0,0,0.400215013136424,true_negative,2331
https://openalex.org/T10057,https://openalex.org/T11652,2015,2016,2020,0.48089834696298783,1,8,6,0.07692307692307693,48,20.0,6.0,0,0,0.4002047758361741,true_negative,2332
https://openalex.org/T11341,https://openalex.org/T12529,2015,2016,2020,0.814706547658322,2,2,4,0.5,8,2.0,4.0,0,0,0.40001247669686313,true_negative,2333
https://openalex.org/T10036,https://openalex.org/T11161,2015,2016,2020,0.6213349345596119,1,8,2,0.1111111111111111,16,10.0,2.0,0,0,0.39988076147709395,true_negative,2335
https://openalex.org/T10027,https://openalex.org/T11457,2015,2016,2020,0.6213349345596119,1,8,2,0.1111111111111111,16,10.0,2.0,0,0,0.39988076147709395,true_negative,2334
https://openalex.org/T11235,https://openalex.org/T12368,2015,2016,2020,0.36926937306885504,1,10,2,0.09090909090909091,20,14.0,2.0,0,0,0.3997817403858183,true_negative,2338
https://openalex.org/T11235,https://openalex.org/T11918,2015,2016,2020,0.36926937306885504,1,10,2,0.09090909090909091,20,14.0,2.0,0,0,0.3997817403858183,true_negative,2336
https://openalex.org/T11235,https://openalex.org/T12135,2015,2016,2020,0.36926937306885504,1,10,2,0.09090909090909091,20,14.0,2.0,0,0,0.3997817403858183,true_negative,2337
https://openalex.org/T11235,https://openalex.org/T13487,2015,2016,2020,0.36926937306885504,1,10,2,0.09090909090909091,20,14.0,2.0,0,0,0.3997817403858183,true_negative,2339
https://openalex.org/T11944,https://openalex.org/T11981,2015,2016,2020,0.36067376022224085,1,2,8,0.1111111111111111,16,2.0,14.0,0,0,0.3996402478953777,true_negative,2341
https://openalex.org/T11590,https://openalex.org/T11981,2015,2016,2020,0.36067376022224085,1,2,8,0.1111111111111111,16,2.0,14.0,0,0,0.3996402478953777,true_negative,2340
https://openalex.org/T10078,https://openalex.org/T11272,2015,2016,2020,0.48089834696298783,1,9,2,0.1,18,16.0,4.0,0,0,0.3996184456431279,true_negative,2342
https://openalex.org/T11447,https://openalex.org/T13126,2015,2016,2020,0.35295612386476116,1,10,2,0.09090909090909091,20,13.0,2.0,0,0,0.39958838347575387,true_negative,2344
https://openalex.org/T11447,https://openalex.org/T12292,2015,2016,2020,0.35295612386476116,1,10,2,0.09090909090909091,20,13.0,2.0,0,0,0.39958838347575387,true_negative,2343
https://openalex.org/T10591,https://openalex.org/T11809,2015,2016,2020,0.8157933735356595,2,4,2,0.5,8,4.0,2.0,0,0,0.3994433288541689,true_negative,2345
https://openalex.org/T11313,https://openalex.org/T14078,2015,2016,2020,0.45511961331341866,1,6,4,0.1111111111111111,24,6.0,10.0,0,0,0.3993107934303905,true_negative,2347
https://openalex.org/T11020,https://openalex.org/T14078,2015,2016,2020,0.45511961331341866,1,6,4,0.1111111111111111,24,6.0,10.0,0,0,0.3993107934303905,true_negative,2346
https://openalex.org/T11273,https://openalex.org/T11512,2015,2016,2020,0.35295612386476116,1,4,8,0.09090909090909091,32,4.0,10.0,0,0,0.3993065103856248,true_negative,2348
https://openalex.org/T10472,https://openalex.org/T11341,2015,2016,2020,0.814706547658322,2,4,2,0.5,8,4.0,2.0,0,0,0.3992409229907011,true_negative,2349
https://openalex.org/T11578,https://openalex.org/T13937,2015,2016,2020,0.2790553132756236,1,4,8,0.09090909090909091,32,4.0,12.0,0,0,0.39897701723234597,true_negative,2351
https://openalex.org/T10857,https://openalex.org/T13937,2015,2016,2020,0.2790553132756236,1,4,8,0.09090909090909091,32,4.0,12.0,0,0,0.39897701723234597,true_negative,2350
https://openalex.org/T10434,https://openalex.org/T11229,2015,2016,2020,0.4170323914242463,1,9,3,0.09090909090909091,27,14.0,4.0,0,0,0.39860576890288896,true_negative,2353
https://openalex.org/T10434,https://openalex.org/T10594,2015,2016,2020,0.4170323914242463,1,9,3,0.09090909090909091,27,14.0,4.0,0,0,0.39860576890288896,true_negative,2352
https://openalex.org/T10012,https://openalex.org/T13984,2015,2016,2020,0.35295612386476116,1,11,6,0.0625,66,32.0,6.0,0,0,0.3984782789908665,true_negative,2354
https://openalex.org/T11542,https://openalex.org/T14484,2015,2016,2020,0.45511961331341866,1,9,2,0.1,18,10.0,2.0,0,0,0.39845325320510927,true_negative,2355
https://openalex.org/T10836,https://openalex.org/T13141,2015,2016,2020,0.4170323914242463,1,7,6,0.08333333333333333,42,12.0,7.0,0,0,0.39838037334596693,true_negative,2356
https://openalex.org/T10049,https://openalex.org/T10211,2015,2016,2020,0.35295612386476116,1,2,8,0.1111111111111111,16,2.0,14.0,0,0,0.3982034570933458,true_negative,2357
https://openalex.org/T10269,https://openalex.org/T10594,2015,2016,2020,0.35295612386476116,1,9,3,0.09090909090909091,27,10.0,4.0,0,0,0.39805218606875414,true_negative,2358
https://openalex.org/T10120,https://openalex.org/T10505,2015,2016,2020,0.45511961331341866,1,6,6,0.09090909090909091,36,10.0,8.0,0,0,0.39799522759525213,true_negative,2359
https://openalex.org/T10322,https://openalex.org/T11652,2015,2016,2020,0.7213475204444817,1,4,6,0.1111111111111111,24,8.0,6.0,0,0,0.3979845856161194,true_negative,2360
https://openalex.org/T10275,https://openalex.org/T10502,2015,2016,2020,0.33380820069533407,1,8,7,0.07142857142857142,56,18.0,8.0,0,0,0.39769418357960057,true_negative,2361
https://openalex.org/T10580,https://openalex.org/T11369,2015,2016,2020,0.45511961331341866,1,4,7,0.1,28,6.0,10.0,0,0,0.39721873967115223,true_negative,2362
https://openalex.org/T10068,https://openalex.org/T12028,2015,2016,2020,0.6213349345596119,1,8,2,0.1111111111111111,16,11.0,2.0,0,0,0.39703807826784077,true_negative,2363
https://openalex.org/T11700,https://openalex.org/T11981,2015,2016,2020,0.31465798044412485,1,3,8,0.1,24,6.0,14.0,0,0,0.39693924857675195,true_negative,2364
https://openalex.org/T10186,https://openalex.org/T11981,2015,2016,2020,0.3459762562611936,1,2,8,0.1111111111111111,16,2.0,14.0,0,0,0.39690552447566624,true_negative,2365
https://openalex.org/T11307,https://openalex.org/T13126,2015,2016,2020,0.35295612386476116,1,10,2,0.09090909090909091,20,14.0,2.0,0,0,0.3967464046319386,true_negative,2367
https://openalex.org/T11307,https://openalex.org/T12292,2015,2016,2020,0.35295612386476116,1,10,2,0.09090909090909091,20,14.0,2.0,0,0,0.3967464046319386,true_negative,2366
https://openalex.org/T10769,https://openalex.org/T13937,2015,2016,2020,0.4170323914242463,1,2,8,0.1111111111111111,16,2.0,12.0,0,0,0.39670572439651514,true_negative,2368
https://openalex.org/T10594,https://openalex.org/T11928,2015,2016,2020,0.7872506057680129,2,3,3,0.5,9,4.0,4.0,0,0,0.3963420653360259,true_negative,2369
https://openalex.org/T10522,https://openalex.org/T10662,2015,2016,2020,0.4170323914242463,1,8,4,0.09090909090909091,32,8.0,4.0,0,0,0.3962676511679642,true_negative,2370
https://openalex.org/T10218,https://openalex.org/T10538,2015,2016,2020,0.5581106265512472,1,4,7,0.1,28,6.0,7.0,0,0,0.3962513608750758,true_negative,2371
https://openalex.org/T11020,https://openalex.org/T13984,2015,2016,2020,0.45511961331341866,1,6,6,0.09090909090909091,36,6.0,6.0,0,0,0.39594517937570795,true_negative,2373
https://openalex.org/T11020,https://openalex.org/T11313,2015,2016,2020,0.45511961331341866,1,6,6,0.09090909090909091,36,6.0,6.0,0,0,0.39594517937570795,true_negative,2372
https://openalex.org/T10057,https://openalex.org/T10538,2015,2016,2020,0.3898712452512801,1,8,7,0.07142857142857142,56,20.0,7.0,0,0,0.39573319184367534,true_negative,2374
https://openalex.org/T10057,https://openalex.org/T10502,2015,2016,2020,0.35295612386476116,1,8,7,0.07142857142857142,56,20.0,8.0,0,0,0.3955754872720652,true_negative,2375
https://openalex.org/T11542,https://openalex.org/T11880,2015,2016,2020,0.31465798044412485,1,9,4,0.08333333333333333,36,10.0,4.0,0,0,0.3954935741852008,true_negative,2376
https://openalex.org/T11542,https://openalex.org/T12574,2015,2016,2020,0.31465798044412485,1,9,4,0.08333333333333333,36,10.0,4.0,0,0,0.3954935741852008,true_negative,2377
https://openalex.org/T11590,https://openalex.org/T11744,2015,2016,2020,0.36067376022224085,1,2,6,0.14285714285714285,12,2.0,20.0,0,0,0.39532568355975645,true_negative,2378
https://openalex.org/T10026,https://openalex.org/T10527,2015,2016,2020,0.7213475204444817,1,6,3,0.125,18,6.0,4.0,0,0,0.39529207963002866,true_negative,2379
https://openalex.org/T11710,https://openalex.org/T13114,2015,2016,2020,0.48089834696298783,1,6,6,0.09090909090909091,36,8.0,6.0,0,0,0.3950594021991497,true_negative,2380
https://openalex.org/T10519,https://openalex.org/T13937,2015,2016,2020,0.318928988903801,1,4,8,0.09090909090909091,32,8.0,12.0,0,0,0.39503155706112875,true_negative,2381
https://openalex.org/T10434,https://openalex.org/T11986,2015,2016,2020,0.2790553132756236,1,9,5,0.07692307692307693,45,14.0,6.0,0,0,0.3950077330291062,true_negative,2382
https://openalex.org/T10519,https://openalex.org/T12114,2015,2016,2020,0.31066746727980593,1,4,9,0.08333333333333333,36,8.0,10.0,0,0,0.39486336385209864,true_negative,2383
https://openalex.org/T11798,https://openalex.org/T12114,2015,2016,2020,0.36926937306885504,1,2,9,0.1,18,2.0,10.0,0,0,0.39473491840224534,true_negative,2384
https://openalex.org/T11918,https://openalex.org/T12114,2015,2016,2020,0.36926937306885504,1,2,9,0.1,18,2.0,10.0,0,0,0.39473491840224534,true_negative,2385
https://openalex.org/T10467,https://openalex.org/T12659,2015,2016,2020,0.48089834696298783,1,9,2,0.1,18,13.0,2.0,0,0,0.3947285076881267,true_negative,2386
https://openalex.org/T10467,https://openalex.org/T13083,2015,2016,2020,0.48089834696298783,1,9,2,0.1,18,13.0,2.0,0,0,0.3947285076881267,true_negative,2387
https://openalex.org/T10241,https://openalex.org/T12859,2015,2016,2020,0.5581106265512472,1,6,6,0.09090909090909091,36,18.0,8.0,0,0,0.39442693156032066,true_negative,2388
https://openalex.org/T11272,https://openalex.org/T12529,2015,2016,2020,0.814706547658322,2,2,4,0.5,8,4.0,4.0,0,0,0.39433340285641233,true_negative,2389
https://openalex.org/T10211,https://openalex.org/T12046,2015,2016,2020,0.35295612386476116,1,8,4,0.09090909090909091,32,14.0,8.0,0,0,0.3941399272618267,true_negative,2390
https://openalex.org/T11269,https://openalex.org/T11764,2015,2016,2020,0.2790553132756236,1,9,3,0.09090909090909091,27,16.0,8.0,0,0,0.3940982810747796,true_negative,2391
https://openalex.org/T10467,https://openalex.org/T11093,2015,2016,2020,0.35295612386476116,1,9,4,0.08333333333333333,36,13.0,4.0,0,0,0.39409710261740205,true_negative,2392
https://openalex.org/T10496,https://openalex.org/T11744,2015,2016,2020,0.35295612386476116,1,2,6,0.14285714285714285,12,2.0,20.0,0,0,0.39389422730101065,true_negative,2393
https://openalex.org/T10036,https://openalex.org/T10462,2015,2016,2020,0.43429448190325176,1,8,4,0.09090909090909091,32,10.0,4.0,0,0,0.3938019954515078,true_negative,2394
https://openalex.org/T10824,https://openalex.org/T12859,2015,2016,2020,0.48089834696298783,1,5,6,0.1,30,6.0,8.0,0,0,0.3936799475585537,true_negative,2395
https://openalex.org/T10010,https://openalex.org/T10950,2015,2016,2020,0.7213475204444817,1,7,2,0.125,14,8.0,2.0,0,0,0.39354026300004247,true_negative,2396
https://openalex.org/T10353,https://openalex.org/T11362,2015,2016,2020,0.7213475204444817,1,7,2,0.125,14,8.0,2.0,0,0,0.39354026300004247,true_negative,2397
https://openalex.org/T10502,https://openalex.org/T11612,2015,2016,2020,0.7213475204444817,1,7,2,0.125,14,8.0,2.0,0,0,0.39354026300004247,true_negative,2398
https://openalex.org/T10074,https://openalex.org/T10281,2015,2016,2020,0.48089834696298783,1,7,4,0.1,28,14.0,8.0,0,0,0.3933686885472127,true_negative,2399
https://openalex.org/T12267,https://openalex.org/T12489,2015,2016,2020,1.312668831008682,2,3,2,0.6666666666666666,6,6.0,2.0,0,0,0.39278153917816405,true_negative,2400
https://openalex.org/T11177,https://openalex.org/T12044,2015,2016,2020,0.36067376022224085,1,9,4,0.08333333333333333,36,14.0,4.0,0,0,0.3926968248159672,true_negative,2401
https://openalex.org/T10627,https://openalex.org/T11396,2015,2016,2020,0.3898712452512801,1,9,3,0.09090909090909091,27,12.0,3.0,0,0,0.39254000044411375,true_negative,2402
https://openalex.org/T10531,https://openalex.org/T12859,2015,2016,2020,0.5581106265512472,1,4,6,0.1111111111111111,24,4.0,8.0,0,0,0.3924165927950629,true_negative,2403
https://openalex.org/T10725,https://openalex.org/T11297,2015,2016,2020,0.5581106265512472,1,7,4,0.1,28,10.0,4.0,0,0,0.39226702580407247,true_negative,2404
https://openalex.org/T10522,https://openalex.org/T10845,2015,2016,2020,0.43429448190325176,1,8,3,0.1,24,8.0,4.0,0,0,0.3922614576693231,true_negative,2405
https://openalex.org/T10353,https://openalex.org/T11881,2015,2016,2020,0.45511961331341866,1,7,4,0.1,28,8.0,6.0,0,0,0.39220981454678977,true_negative,2406
https://openalex.org/T10538,https://openalex.org/T12761,2015,2016,2020,0.3898712452512801,1,7,5,0.09090909090909091,35,7.0,6.0,0,0,0.39218877777064814,true_negative,2408
https://openalex.org/T10538,https://openalex.org/T12072,2015,2016,2020,0.3898712452512801,1,7,5,0.09090909090909091,35,7.0,6.0,0,0,0.39218877777064814,true_negative,2407
https://openalex.org/T11078,https://openalex.org/T12964,2015,2016,2020,0.7213475204444817,1,4,5,0.125,20,4.0,6.0,0,0,0.3919858500708694,true_negative,2411
https://openalex.org/T10014,https://openalex.org/T10062,2015,2016,2020,0.7213475204444817,1,4,5,0.125,20,4.0,6.0,0,0,0.3919858500708694,true_negative,2409
https://openalex.org/T10184,https://openalex.org/T10303,2015,2016,2020,0.7213475204444817,1,4,5,0.125,20,4.0,6.0,0,0,0.3919858500708694,true_negative,2410
https://openalex.org/T10932,https://openalex.org/T12592,2015,2016,2020,0.318928988903801,1,6,6,0.09090909090909091,36,8.0,10.0,0,0,0.3917786553085869,true_negative,2412
https://openalex.org/T11710,https://openalex.org/T12592,2015,2016,2020,0.318928988903801,1,6,6,0.09090909090909091,36,8.0,10.0,0,0,0.3917786553085869,true_negative,2414
https://openalex.org/T11289,https://openalex.org/T12592,2015,2016,2020,0.318928988903801,1,6,6,0.09090909090909091,36,8.0,10.0,0,0,0.3917786553085869,true_negative,2413
https://openalex.org/T10853,https://openalex.org/T11542,2015,2016,2020,0.35295612386476116,1,2,9,0.1,18,2.0,10.0,0,0,0.39171289362136374,true_negative,2416
https://openalex.org/T10537,https://openalex.org/T11542,2015,2016,2020,0.35295612386476116,1,2,9,0.1,18,2.0,10.0,0,0,0.39171289362136374,true_negative,2415
https://openalex.org/T10057,https://openalex.org/T13114,2015,2016,2020,0.43429448190325176,1,8,6,0.07692307692307693,48,20.0,6.0,0,0,0.39155140276115924,true_negative,2417
https://openalex.org/T11071,https://openalex.org/T11981,2015,2016,2020,0.31465798044412485,1,2,8,0.1111111111111111,16,2.0,14.0,0,0,0.39109985265839203,true_negative,2419
https://openalex.org/T10084,https://openalex.org/T11981,2015,2016,2020,0.31465798044412485,1,2,8,0.1111111111111111,16,2.0,14.0,0,0,0.39109985265839203,true_negative,2418
https://openalex.org/T11542,https://openalex.org/T12168,2015,2016,2020,0.31465798044412485,1,9,3,0.09090909090909091,27,10.0,4.0,0,0,0.39094952710273156,true_negative,2420
https://openalex.org/T11297,https://openalex.org/T11369,2015,2016,2020,0.3898712452512801,1,4,7,0.1,28,4.0,10.0,0,0,0.3907866137876461,true_negative,2421
https://openalex.org/T11642,https://openalex.org/T12640,2015,2016,2020,0.2790553132756236,1,11,2,0.08333333333333333,22,26.0,4.0,0,0,0.390384136772499,true_negative,2422
https://openalex.org/T10505,https://openalex.org/T10621,2015,2016,2020,0.45511961331341866,1,6,6,0.09090909090909091,36,8.0,6.0,0,0,0.39028628774283414,true_negative,2423
https://openalex.org/T11269,https://openalex.org/T11928,2015,2016,2020,0.40242960438184466,1,9,3,0.09090909090909091,27,16.0,4.0,0,0,0.39023242642087647,true_negative,2424
https://openalex.org/T11482,https://openalex.org/T11578,2015,2016,2020,0.2790553132756236,1,11,4,0.07142857142857142,44,26.0,4.0,0,0,0.3900000505586873,true_negative,2425
https://openalex.org/T10154,https://openalex.org/T12196,2015,2016,2020,0.7213475204444817,1,5,4,0.125,20,8.0,6.0,0,0,0.38979873659577746,true_negative,2426
https://openalex.org/T10798,https://openalex.org/T12046,2015,2016,2020,0.35295612386476116,1,9,4,0.08333333333333333,36,24.0,8.0,0,0,0.3896997619204076,true_negative,2427
https://openalex.org/T10235,https://openalex.org/T12781,2015,2016,2020,0.6213349345596119,1,8,1,0.125,8,8.0,1.0,0,0,0.38968157129862896,true_negative,2428
https://openalex.org/T11235,https://openalex.org/T12648,2015,2016,2020,0.31465798044412485,1,10,2,0.09090909090909091,20,14.0,2.0,0,0,0.38965196305979555,true_negative,2429
https://openalex.org/T11369,https://openalex.org/T12708,2015,2016,2020,0.5138983423697507,1,7,2,0.125,14,10.0,8.0,0,0,0.3895438530565146,true_negative,2430
https://openalex.org/T10560,https://openalex.org/T12964,2015,2016,2020,0.48089834696298783,1,6,5,0.1,30,6.0,6.0,0,0,0.3894512515655411,true_negative,2431
https://openalex.org/T11652,https://openalex.org/T12761,2015,2016,2020,0.48089834696298783,1,6,5,0.1,30,6.0,6.0,0,0,0.3894512515655411,true_negative,2432
https://openalex.org/T11642,https://openalex.org/T12610,2015,2016,2020,0.3459762562611936,1,11,2,0.08333333333333333,22,26.0,2.0,0,0,0.38942183230681127,true_negative,2433
https://openalex.org/T10120,https://openalex.org/T13114,2015,2016,2020,0.48089834696298783,1,6,6,0.09090909090909091,36,10.0,6.0,0,0,0.38940500914122167,true_negative,2434
https://openalex.org/T11269,https://openalex.org/T11986,2015,2016,2020,0.2790553132756236,1,9,5,0.07692307692307693,45,16.0,6.0,0,0,0.3893536035223214,true_negative,2435
https://openalex.org/T12443,https://openalex.org/T13117,2015,2016,2020,0.45511961331341866,1,8,5,0.08333333333333333,40,20.0,6.0,0,0,0.389311684497845,true_negative,2436
https://openalex.org/T10836,https://openalex.org/T13984,2015,2016,2020,0.40242960438184466,1,7,6,0.08333333333333333,42,12.0,6.0,0,0,0.38899050018931486,true_negative,2437
https://openalex.org/T10269,https://openalex.org/T11337,2015,2016,2020,0.40242960438184466,1,9,2,0.1,18,10.0,2.0,0,0,0.3886897618367263,true_negative,2439
https://openalex.org/T10269,https://openalex.org/T11232,2015,2016,2020,0.40242960438184466,1,9,2,0.1,18,10.0,2.0,0,0,0.3886897618367263,true_negative,2438
https://openalex.org/T10269,https://openalex.org/T12489,2015,2016,2020,0.40242960438184466,1,9,2,0.1,18,10.0,2.0,0,0,0.3886897618367263,true_negative,2440
https://openalex.org/T10467,https://openalex.org/T11060,2015,2016,2020,0.5138983423697507,1,9,1,0.1111111111111111,9,13.0,1.0,0,0,0.38818026028937885,true_negative,2441
https://openalex.org/T10467,https://openalex.org/T14313,2015,2016,2020,0.5138983423697507,1,9,1,0.1111111111111111,9,13.0,1.0,0,0,0.38818026028937885,true_negative,2442
https://openalex.org/T11177,https://openalex.org/T12327,2015,2016,2020,0.36067376022224085,1,9,3,0.09090909090909091,27,14.0,4.0,0,0,0.38816427771536655,true_negative,2443
https://openalex.org/T10009,https://openalex.org/T12023,2015,2016,2020,0.5581106265512472,1,8,2,0.1111111111111111,16,10.0,2.0,0,0,0.38816077730785886,true_negative,2444
https://openalex.org/T10027,https://openalex.org/T10401,2015,2016,2020,0.5581106265512472,1,8,2,0.1111111111111111,16,10.0,2.0,1,0,0.38816077730785886,false_negative,2445
https://openalex.org/T10027,https://openalex.org/T11623,2015,2016,2020,0.5581106265512472,1,8,2,0.1111111111111111,16,10.0,2.0,0,0,0.38816077730785886,true_negative,2446
https://openalex.org/T10170,https://openalex.org/T10725,2015,2016,2020,0.5581106265512472,1,2,7,0.125,14,2.0,10.0,0,0,0.3881039768917535,true_negative,2447
https://openalex.org/T11369,https://openalex.org/T13779,2015,2016,2020,0.7213475204444817,1,7,2,0.125,14,10.0,2.0,0,0,0.3878936711539706,true_negative,2448
https://openalex.org/T11289,https://openalex.org/T11354,2015,2016,2020,0.2790553132756236,1,6,3,0.125,18,8.0,16.0,0,0,0.3878829755956079,true_negative,2450
https://openalex.org/T10932,https://openalex.org/T11354,2015,2016,2020,0.2790553132756236,1,6,3,0.125,18,8.0,16.0,0,0,0.3878829755956079,true_negative,2449
https://openalex.org/T10211,https://openalex.org/T10519,2015,2016,2020,0.318928988903801,1,8,4,0.09090909090909091,32,14.0,8.0,0,0,0.38784919962312775,true_negative,2451
https://openalex.org/T10068,https://openalex.org/T10826,2015,2016,2020,0.45511961331341866,1,8,3,0.1,24,11.0,4.0,0,0,0.3876438584056906,true_negative,2452
https://openalex.org/T10068,https://openalex.org/T13447,2015,2016,2020,0.45511961331341866,1,8,3,0.1,24,11.0,4.0,0,0,0.3876438584056906,true_negative,2453
https://openalex.org/T12648,https://openalex.org/T12679,2015,2016,2020,0.6753317406663657,2,2,4,0.5,8,2.0,6.0,0,0,0.38755019118412554,true_negative,2454
https://openalex.org/T10141,https://openalex.org/T10836,2015,2016,2020,0.40242960438184466,1,3,7,0.1111111111111111,21,4.0,12.0,0,0,0.38729826317424143,true_negative,2455
https://openalex.org/T10434,https://openalex.org/T12303,2015,2016,2020,0.45511961331341866,1,9,2,0.1,18,14.0,2.0,0,0,0.3871391678754,true_negative,2456
https://openalex.org/T10084,https://openalex.org/T11744,2015,2016,2020,0.31465798044412485,1,2,6,0.14285714285714285,12,2.0,20.0,0,0,0.3868180840118595,true_negative,2457
https://openalex.org/T10012,https://openalex.org/T14393,2015,2016,2020,0.35295612386476116,1,11,4,0.07142857142857142,44,32.0,4.0,0,0,0.3867263075045684,true_negative,2458
https://openalex.org/T10353,https://openalex.org/T12046,2015,2016,2020,0.35295612386476116,1,7,4,0.1,28,8.0,8.0,0,0,0.3866655959045215,true_negative,2459
https://openalex.org/T10202,https://openalex.org/T11369,2015,2016,2020,0.45511961331341866,1,3,7,0.1111111111111111,21,3.0,10.0,0,0,0.38653100289494635,true_negative,2460
https://openalex.org/T10179,https://openalex.org/T10502,2015,2016,2020,0.33380820069533407,1,7,7,0.07692307692307693,49,16.0,8.0,0,0,0.38647386248248755,true_negative,2461
https://openalex.org/T10062,https://openalex.org/T10587,2015,2016,2020,0.5138983423697507,1,5,6,0.1,30,6.0,6.0,0,0,0.3864518112207961,true_negative,2462
https://openalex.org/T10078,https://openalex.org/T11341,2015,2016,2020,0.48089834696298783,1,9,2,0.1,18,16.0,2.0,0,0,0.3862604936508933,true_negative,2463
https://openalex.org/T11981,https://openalex.org/T13117,2015,2016,2020,0.3459762562611936,1,8,5,0.08333333333333333,40,14.0,6.0,0,0,0.3860878272096327,true_negative,2464
https://openalex.org/T11542,https://openalex.org/T13555,2015,2016,2020,0.31465798044412485,1,9,2,0.1,18,10.0,4.0,0,0,0.38580832072538795,true_negative,2465
https://openalex.org/T10012,https://openalex.org/T11986,2015,2016,2020,0.2790553132756236,1,11,5,0.06666666666666667,55,32.0,6.0,0,0,0.38572524955369053,true_negative,2466
https://openalex.org/T11468,https://openalex.org/T11629,2015,2016,2020,0.35295612386476116,1,10,2,0.09090909090909091,20,18.0,2.0,0,0,0.3854497300111673,true_negative,2467
https://openalex.org/T10836,https://openalex.org/T10932,2015,2016,2020,0.31066746727980593,1,7,6,0.08333333333333333,42,12.0,8.0,0,0,0.3853741180703869,true_negative,2468
https://openalex.org/T10836,https://openalex.org/T11710,2015,2016,2020,0.31066746727980593,1,7,6,0.08333333333333333,42,12.0,8.0,0,0,0.3853741180703869,true_negative,2470
https://openalex.org/T10836,https://openalex.org/T11289,2015,2016,2020,0.31066746727980593,1,7,6,0.08333333333333333,42,12.0,8.0,0,0,0.3853741180703869,true_negative,2469
https://openalex.org/T12574,https://openalex.org/T13555,2015,2016,2020,0.667614104308886,2,4,2,0.5,8,4.0,4.0,0,0,0.3853669361370569,true_negative,2471
https://openalex.org/T10640,https://openalex.org/T13748,2015,2016,2020,0.45511961331341866,1,6,5,0.1,30,6.0,6.0,0,0,0.3847028053529497,true_negative,2472
https://openalex.org/T10084,https://openalex.org/T11542,2015,2016,2020,0.31465798044412485,1,2,9,0.1,18,2.0,10.0,0,0,0.3846510681093442,true_negative,2473
https://openalex.org/T11071,https://openalex.org/T11542,2015,2016,2020,0.31465798044412485,1,2,9,0.1,18,2.0,10.0,0,0,0.3846510681093442,true_negative,2474
https://openalex.org/T10086,https://openalex.org/T10397,2015,2016,2020,0.6213349345596119,1,6,3,0.125,18,8.0,6.0,0,0,0.3845008115818816,true_negative,2475
https://openalex.org/T10086,https://openalex.org/T12279,2015,2016,2020,0.6213349345596119,1,6,4,0.1111111111111111,24,8.0,4.0,0,0,0.3843756767430086,true_negative,2476
https://openalex.org/T10353,https://openalex.org/T10382,2015,2016,2020,0.36067376022224085,1,7,5,0.09090909090909091,35,8.0,6.0,0,0,0.38398918223521733,true_negative,2477
https://openalex.org/T11710,https://openalex.org/T11986,2015,2016,2020,0.48089834696298783,1,6,5,0.1,30,8.0,6.0,0,0,0.3838261976597039,true_negative,2478
https://openalex.org/T10587,https://openalex.org/T11765,2015,2016,2020,0.5138983423697507,1,6,4,0.1111111111111111,24,6.0,6.0,0,0,0.3835025075507292,true_negative,2479
https://openalex.org/T10074,https://openalex.org/T10663,2015,2016,2020,0.48089834696298783,1,7,3,0.1111111111111111,21,14.0,8.0,0,0,0.38335069048716947,true_negative,2480
https://openalex.org/T10502,https://openalex.org/T10657,2015,2016,2020,0.33380820069533407,1,7,4,0.1,28,8.0,8.0,0,0,0.3831458910437911,true_negative,2481
https://openalex.org/T10502,https://openalex.org/T12046,2015,2016,2020,0.33380820069533407,1,7,4,0.1,28,8.0,8.0,0,0,0.3831458910437911,true_negative,2482
https://openalex.org/T11048,https://openalex.org/T13937,2015,2016,2020,0.2790553132756236,1,3,8,0.1,24,4.0,12.0,0,0,0.38268657407592627,true_negative,2483
https://openalex.org/T10120,https://openalex.org/T10683,2015,2016,2020,0.36067376022224085,1,6,5,0.1,30,10.0,10.0,0,0,0.38263102858834686,true_negative,2484
https://openalex.org/T10621,https://openalex.org/T10932,2015,2016,2020,0.31066746727980593,1,6,6,0.09090909090909091,36,6.0,8.0,0,0,0.3825969915782132,true_negative,2485
https://openalex.org/T10621,https://openalex.org/T11710,2015,2016,2020,0.31066746727980593,1,6,6,0.09090909090909091,36,6.0,8.0,0,0,0.3825969915782132,true_negative,2486
https://openalex.org/T12114,https://openalex.org/T13487,2015,2016,2020,0.36926937306885504,1,9,2,0.1,18,10.0,2.0,0,0,0.38259009079718387,true_negative,2489
https://openalex.org/T12114,https://openalex.org/T12135,2015,2016,2020,0.36926937306885504,1,9,2,0.1,18,10.0,2.0,0,0,0.38259009079718387,true_negative,2487
https://openalex.org/T12114,https://openalex.org/T12368,2015,2016,2020,0.36926937306885504,1,9,2,0.1,18,10.0,2.0,0,0,0.38259009079718387,true_negative,2488
https://openalex.org/T10182,https://openalex.org/T13748,2015,2016,2020,0.35295612386476116,1,7,5,0.09090909090909091,35,8.0,6.0,0,0,0.38257280357200113,true_negative,2490
https://openalex.org/T10502,https://openalex.org/T12072,2015,2016,2020,0.35295612386476116,1,7,5,0.09090909090909091,35,8.0,6.0,0,0,0.38257280357200113,true_negative,2492
https://openalex.org/T10353,https://openalex.org/T11986,2015,2016,2020,0.35295612386476116,1,7,5,0.09090909090909091,35,8.0,6.0,0,0,0.38257280357200113,true_negative,2491
https://openalex.org/T12010,https://openalex.org/T12947,2015,2016,2020,0.36067376022224085,1,9,3,0.09090909090909091,27,16.0,4.0,0,0,0.38254616545979425,true_negative,2493
https://openalex.org/T10323,https://openalex.org/T10581,2015,2016,2020,0.43429448190325176,1,2,6,0.14285714285714285,12,2.0,16.0,0,0,0.38229296432852194,true_negative,2494
https://openalex.org/T10120,https://openalex.org/T11354,2015,2016,2020,0.2790553132756236,1,6,3,0.125,18,10.0,16.0,0,0,0.38226639100068316,true_negative,2495
https://openalex.org/T10824,https://openalex.org/T12676,2015,2016,2020,0.7213475204444817,1,5,4,0.125,20,6.0,4.0,0,0,0.38214777766469515,true_negative,2496
https://openalex.org/T10604,https://openalex.org/T11710,2015,2016,2020,0.31066746727980593,1,8,6,0.07692307692307693,48,20.0,8.0,0,0,0.38206857001209,true_negative,2500
https://openalex.org/T10057,https://openalex.org/T11289,2015,2016,2020,0.31066746727980593,1,8,6,0.07692307692307693,48,20.0,8.0,0,0,0.38206857001209,true_negative,2498
https://openalex.org/T10057,https://openalex.org/T10932,2015,2016,2020,0.31066746727980593,1,8,6,0.07692307692307693,48,20.0,8.0,0,0,0.38206857001209,true_negative,2497
https://openalex.org/T10057,https://openalex.org/T11710,2015,2016,2020,0.31066746727980593,1,8,6,0.07692307692307693,48,20.0,8.0,0,0,0.38206857001209,true_negative,2499
https://openalex.org/T10078,https://openalex.org/T11007,2015,2016,2020,0.45511961331341866,1,9,2,0.1,18,16.0,2.0,0,0,0.3815266405980424,true_negative,2502
https://openalex.org/T10078,https://openalex.org/T10811,2015,2016,2020,0.45511961331341866,1,9,2,0.1,18,16.0,2.0,0,0,0.3815266405980424,true_negative,2501
https://openalex.org/T10164,https://openalex.org/T11981,2015,2016,2020,0.3459762562611936,1,1,8,0.125,8,1.0,14.0,0,0,0.3815023407004902,true_negative,2503
https://openalex.org/T12557,https://openalex.org/T12748,2015,2016,2020,0.713629884087002,2,2,4,0.5,8,2.0,4.0,0,0,0.38133397977543687,true_negative,2504
https://openalex.org/T10074,https://openalex.org/T10857,2015,2016,2020,0.5581106265512472,1,7,4,0.1,28,14.0,4.0,0,0,0.38101733739270255,true_negative,2505
https://openalex.org/T11542,https://openalex.org/T11590,2015,2016,2020,0.36067376022224085,1,9,2,0.1,18,10.0,2.0,0,0,0.3810148998331254,true_negative,2506
https://openalex.org/T11542,https://openalex.org/T11944,2015,2016,2020,0.36067376022224085,1,9,2,0.1,18,10.0,2.0,0,0,0.3810148998331254,true_negative,2507
https://openalex.org/T10798,https://openalex.org/T11986,2015,2016,2020,0.35295612386476116,1,9,5,0.07692307692307693,45,24.0,6.0,0,0,0.3804751373516476,true_negative,2508
https://openalex.org/T11986,https://openalex.org/T12254,2015,2016,2020,0.2790553132756236,1,5,4,0.125,20,6.0,16.0,1,0,0.3804069494384581,false_negative,2509
https://openalex.org/T10351,https://openalex.org/T10560,2015,2016,2020,0.48089834696298783,1,5,6,0.1,30,6.0,6.0,0,0,0.3803947300402935,true_negative,2510
https://openalex.org/T11986,https://openalex.org/T13114,2015,2016,2020,0.48089834696298783,1,5,6,0.1,30,6.0,6.0,0,0,0.3803947300402935,true_negative,2511
https://openalex.org/T10619,https://openalex.org/T11369,2015,2016,2020,0.5138983423697507,1,2,7,0.125,14,2.0,10.0,0,0,0.37998405077234654,true_negative,2512
https://openalex.org/T11981,https://openalex.org/T12664,2015,2016,2020,0.31465798044412485,1,8,3,0.1,24,14.0,8.0,0,0,0.37992758121564624,true_negative,2513
https://openalex.org/T10382,https://openalex.org/T10502,2015,2016,2020,0.33380820069533407,1,5,7,0.09090909090909091,35,6.0,8.0,0,0,0.37982454476014665,true_negative,2514
https://openalex.org/T10596,https://openalex.org/T11011,2015,2016,2020,0.7213475204444817,1,3,5,0.14285714285714285,15,4.0,8.0,0,0,0.3794137035560469,true_negative,2515
https://openalex.org/T10275,https://openalex.org/T10657,2015,2016,2020,0.33380820069533407,1,8,4,0.09090909090909091,32,18.0,8.0,0,0,0.379363839027043,true_negative,2516
https://openalex.org/T10929,https://openalex.org/T12264,2015,2016,2020,1.1556420023477334,2,2,3,0.6666666666666666,6,2.0,4.0,0,0,0.3793370941049762,true_negative,2517
https://openalex.org/T11512,https://openalex.org/T12676,2015,2016,2020,0.35295612386476116,1,8,4,0.09090909090909091,32,10.0,4.0,0,0,0.37883163065426817,true_negative,2518
https://openalex.org/T10275,https://openalex.org/T10923,2015,2016,2020,0.33380820069533407,1,8,6,0.07692307692307693,48,18.0,6.0,0,0,0.3786942077653338,true_negative,2519
https://openalex.org/T10275,https://openalex.org/T11277,2015,2016,2020,0.33380820069533407,1,8,6,0.07692307692307693,48,18.0,6.0,0,0,0.3786942077653338,true_negative,2520
https://openalex.org/T10052,https://openalex.org/T10429,2015,2016,2020,0.5581106265512472,1,6,3,0.125,18,6.0,6.0,0,0,0.37851504361743615,true_negative,2521
https://openalex.org/T10191,https://openalex.org/T12859,2015,2016,2020,0.48089834696298783,1,4,6,0.1111111111111111,24,4.0,8.0,0,0,0.37821917709063935,true_negative,2522
https://openalex.org/T11970,https://openalex.org/T11986,2015,2016,2020,0.2790553132756236,1,9,5,0.07692307692307693,45,20.0,6.0,0,0,0.37813548088692195,true_negative,2523
https://openalex.org/T11269,https://openalex.org/T11739,2015,2016,2020,0.43429448190325176,1,9,2,0.1,18,16.0,2.0,0,0,0.37771875518703135,true_negative,2524
https://openalex.org/T10434,https://openalex.org/T10857,2015,2016,2020,0.2790553132756236,1,9,4,0.08333333333333333,36,14.0,4.0,0,0,0.3776911791713362,true_negative,2525
https://openalex.org/T10434,https://openalex.org/T11578,2015,2016,2020,0.2790553132756236,1,9,4,0.08333333333333333,36,14.0,4.0,0,0,0.3776911791713362,true_negative,2526
https://openalex.org/T11642,https://openalex.org/T11879,2015,2016,2020,0.2790553132756236,1,11,2,0.08333333333333333,22,26.0,2.0,0,0,0.37714095906103384,true_negative,2527
https://openalex.org/T11642,https://openalex.org/T12134,2015,2016,2020,0.2790553132756236,1,11,2,0.08333333333333333,22,26.0,2.0,0,0,0.37714095906103384,true_negative,2528
https://openalex.org/T11577,https://openalex.org/T13984,2015,2016,2020,0.35295612386476116,1,6,6,0.09090909090909091,36,6.0,6.0,0,0,0.3771389221099648,true_negative,2529
https://openalex.org/T11901,https://openalex.org/T12592,2015,2016,2020,0.40242960438184466,1,4,6,0.1111111111111111,24,4.0,10.0,0,0,0.37706273044799055,true_negative,2533
https://openalex.org/T10637,https://openalex.org/T12592,2015,2016,2020,0.40242960438184466,1,4,6,0.1111111111111111,24,4.0,10.0,0,0,0.37706273044799055,true_negative,2530
https://openalex.org/T10799,https://openalex.org/T12592,2015,2016,2020,0.40242960438184466,1,4,6,0.1111111111111111,24,4.0,10.0,0,0,0.37706273044799055,true_negative,2531
https://openalex.org/T11273,https://openalex.org/T12592,2015,2016,2020,0.40242960438184466,1,4,6,0.1111111111111111,24,4.0,10.0,0,0,0.37706273044799055,true_negative,2532
https://openalex.org/T10211,https://openalex.org/T10215,2015,2016,2020,0.5581106265512472,1,8,2,0.1111111111111111,16,14.0,2.0,0,0,0.3769558070596396,true_negative,2534
https://openalex.org/T10211,https://openalex.org/T12601,2015,2016,2020,0.5581106265512472,1,8,2,0.1111111111111111,16,14.0,2.0,0,0,0.3769558070596396,true_negative,2535
https://openalex.org/T10604,https://openalex.org/T12859,2015,2016,2020,0.2790553132756236,1,8,6,0.07692307692307693,48,20.0,8.0,0,0,0.37629094271654867,true_negative,2536
https://openalex.org/T10202,https://openalex.org/T12576,2015,2016,2020,1.1764671337579005,2,3,2,0.6666666666666666,6,3.0,2.0,0,0,0.37617776131724373,true_negative,2537
https://openalex.org/T10275,https://openalex.org/T11986,2015,2016,2020,0.35295612386476116,1,8,5,0.08333333333333333,40,18.0,6.0,0,0,0.37617689400117904,true_negative,2538
https://openalex.org/T10824,https://openalex.org/T13114,2015,2016,2020,0.45511961331341866,1,5,6,0.1,30,6.0,6.0,0,0,0.37568876030889503,true_negative,2539
https://openalex.org/T10643,https://openalex.org/T10836,2015,2016,2020,0.4170323914242463,1,2,7,0.125,14,2.0,12.0,0,0,0.3754701507041404,true_negative,2540
https://openalex.org/T10765,https://openalex.org/T10836,2015,2016,2020,0.4170323914242463,1,2,7,0.125,14,2.0,12.0,0,0,0.3754701507041404,true_negative,2541
https://openalex.org/T10885,https://openalex.org/T11871,2015,2016,2020,0.45511961331341866,1,25,15,0.02564102564102564,375,62.0,17.0,0,0,0.37454432464762955,true_negative,2542
https://openalex.org/T10211,https://openalex.org/T10857,2015,2016,2020,0.3898712452512801,1,8,4,0.09090909090909091,32,14.0,4.0,0,0,0.374422907675799,true_negative,2543
https://openalex.org/T10146,https://openalex.org/T11369,2015,2016,2020,0.5138983423697507,1,2,7,0.125,14,4.0,10.0,0,0,0.3744118826110123,true_negative,2544
https://openalex.org/T10012,https://openalex.org/T11629,2015,2016,2020,0.35295612386476116,1,11,2,0.08333333333333333,22,32.0,2.0,0,0,0.37390899324885923,true_negative,2545
https://openalex.org/T10012,https://openalex.org/T11772,2015,2016,2020,0.35295612386476116,1,11,2,0.08333333333333333,22,32.0,2.0,0,0,0.37390899324885923,true_negative,2546
https://openalex.org/T10018,https://openalex.org/T12046,2015,2016,2020,0.33380820069533407,1,8,4,0.09090909090909091,32,20.0,8.0,0,0,0.3737952826389332,true_negative,2547
https://openalex.org/T10073,https://openalex.org/T12964,2015,2016,2020,0.6213349345596119,1,4,5,0.125,20,4.0,6.0,0,0,0.3736421969396527,true_negative,2548
https://openalex.org/T10012,https://openalex.org/T12640,2015,2016,2020,0.2790553132756236,1,11,2,0.08333333333333333,22,32.0,4.0,0,0,0.373587423413374,true_negative,2549
https://openalex.org/T10012,https://openalex.org/T11048,2015,2016,2020,0.2790553132756236,1,11,3,0.07692307692307693,33,32.0,4.0,0,0,0.3735823337813543,true_negative,2550
https://openalex.org/T10502,https://openalex.org/T10775,2015,2016,2020,0.35295612386476116,1,7,4,0.1,28,8.0,6.0,0,0,0.3734712827907255,true_negative,2551
https://openalex.org/T11491,https://openalex.org/T12576,2015,2016,2020,1.1764671337579005,2,3,2,0.6666666666666666,6,4.0,2.0,0,0,0.3733987363320714,true_negative,2552
https://openalex.org/T10185,https://openalex.org/T10522,2015,2016,2020,0.43429448190325176,1,2,8,0.1111111111111111,16,2.0,8.0,0,0,0.37336336757701505,true_negative,2553
https://openalex.org/T11266,https://openalex.org/T11668,2015,2016,2020,0.7213475204444817,1,4,4,0.14285714285714285,16,4.0,6.0,0,0,0.37324492216497274,true_negative,2555
https://openalex.org/T10528,https://openalex.org/T11668,2015,2016,2020,0.7213475204444817,1,4,4,0.14285714285714285,16,4.0,6.0,0,0,0.37324492216497274,true_negative,2554
https://openalex.org/T10012,https://openalex.org/T11578,2015,2016,2020,0.2790553132756236,1,11,4,0.07142857142857142,44,32.0,4.0,0,0,0.3732097458018301,true_negative,2557
https://openalex.org/T10012,https://openalex.org/T10857,2015,2016,2020,0.2790553132756236,1,11,4,0.07142857142857142,44,32.0,4.0,0,0,0.3732097458018301,true_negative,2556
https://openalex.org/T10074,https://openalex.org/T12676,2015,2016,2020,0.5138983423697507,1,7,4,0.1,28,14.0,4.0,0,0,0.3729553083789233,true_negative,2558
https://openalex.org/T12592,https://openalex.org/T12859,2015,2016,2020,0.318928988903801,1,6,6,0.09090909090909091,36,10.0,8.0,0,0,0.3729539452563931,true_negative,2559
https://openalex.org/T11071,https://openalex.org/T12574,2015,2016,2020,0.667614104308886,2,2,4,0.5,8,2.0,4.0,0,0,0.3729417755253905,true_negative,2560
https://openalex.org/T10282,https://openalex.org/T10836,2015,2016,2020,0.40242960438184466,1,2,7,0.125,14,2.0,12.0,0,0,0.3728153140390412,true_negative,2561
https://openalex.org/T11975,https://openalex.org/T14406,2015,2016,2020,0.9102392266268373,1,6,1,0.16666666666666666,6,8.0,1.0,0,0,0.372627826611357,true_negative,2562
https://openalex.org/T11354,https://openalex.org/T11764,2015,2016,2020,0.6960877046998699,2,3,3,0.5,9,16.0,8.0,0,0,0.3724263527614892,true_negative,2563
https://openalex.org/T11269,https://openalex.org/T11578,2015,2016,2020,0.2790553132756236,1,9,4,0.08333333333333333,36,16.0,4.0,0,0,0.3721324536117389,true_negative,2564
https://openalex.org/T11269,https://openalex.org/T11772,2015,2016,2020,0.40242960438184466,1,9,2,0.1,18,16.0,2.0,0,0,0.37192147373060064,true_negative,2565
https://openalex.org/T10036,https://openalex.org/T11396,2015,2016,2020,0.3898712452512801,1,8,3,0.1,24,10.0,3.0,0,0,0.3719107707371887,true_negative,2566
https://openalex.org/T10086,https://openalex.org/T10867,2015,2016,2020,0.48089834696298783,1,6,4,0.1111111111111111,24,8.0,6.0,0,0,0.37190583801844473,true_negative,2567
https://openalex.org/T12072,https://openalex.org/T13114,2015,2016,2020,0.43429448190325176,1,5,6,0.1,30,6.0,6.0,0,0,0.37190410398346224,true_negative,2568
https://openalex.org/T10057,https://openalex.org/T10429,2015,2016,2020,0.43429448190325176,1,8,3,0.1,24,20.0,6.0,0,0,0.371886661329453,true_negative,2569
https://openalex.org/T12443,https://openalex.org/T12608,2015,2016,2020,0.6213349345596119,1,8,2,0.1111111111111111,16,20.0,2.0,0,0,0.3717863589669222,true_negative,2570
https://openalex.org/T11206,https://openalex.org/T11512,2015,2016,2020,0.35295612386476116,1,2,8,0.1111111111111111,16,2.0,10.0,0,0,0.3716924116519868,true_negative,2571
https://openalex.org/T11764,https://openalex.org/T13937,2015,2016,2020,0.2790553132756236,1,3,8,0.1,24,8.0,12.0,0,0,0.3715436662041206,true_negative,2572
https://openalex.org/T12134,https://openalex.org/T13937,2015,2016,2020,0.2790553132756236,1,2,8,0.1111111111111111,16,2.0,12.0,0,0,0.3713716173805251,true_negative,2576
https://openalex.org/T11879,https://openalex.org/T13937,2015,2016,2020,0.2790553132756236,1,2,8,0.1111111111111111,16,2.0,12.0,0,0,0.3713716173805251,true_negative,2575
https://openalex.org/T10602,https://openalex.org/T13937,2015,2016,2020,0.2790553132756236,1,2,8,0.1111111111111111,16,2.0,12.0,0,0,0.3713716173805251,true_negative,2573
https://openalex.org/T11470,https://openalex.org/T13937,2015,2016,2020,0.2790553132756236,1,2,8,0.1111111111111111,16,2.0,12.0,0,0,0.3713716173805251,true_negative,2574
https://openalex.org/T10467,https://openalex.org/T10537,2015,2016,2020,0.35295612386476116,1,9,2,0.1,18,13.0,2.0,0,0,0.3712601722989516,true_negative,2577
https://openalex.org/T10522,https://openalex.org/T12015,2015,2016,2020,0.43429448190325176,1,8,2,0.1111111111111111,16,8.0,2.0,0,0,0.3711089959310989,true_negative,2582
https://openalex.org/T10522,https://openalex.org/T11798,2015,2016,2020,0.43429448190325176,1,8,2,0.1111111111111111,16,8.0,2.0,0,0,0.3711089959310989,true_negative,2581
https://openalex.org/T10522,https://openalex.org/T10770,2015,2016,2020,0.43429448190325176,1,8,2,0.1111111111111111,16,8.0,2.0,0,0,0.3711089959310989,true_negative,2578
https://openalex.org/T10522,https://openalex.org/T11659,2015,2016,2020,0.43429448190325176,1,8,2,0.1111111111111111,16,8.0,2.0,0,0,0.3711089959310989,true_negative,2580
https://openalex.org/T10522,https://openalex.org/T11206,2015,2016,2020,0.43429448190325176,1,8,2,0.1111111111111111,16,8.0,2.0,0,0,0.3711089959310989,true_negative,2579
https://openalex.org/T11106,https://openalex.org/T11652,2015,2016,2020,0.5138983423697507,1,4,6,0.1111111111111111,24,4.0,6.0,0,0,0.3711011653755351,true_negative,2583
https://openalex.org/T10102,https://openalex.org/T10182,2015,2016,2020,0.35295612386476116,1,4,7,0.1,28,4.0,8.0,0,0,0.3708267712745291,true_negative,2584
https://openalex.org/T10462,https://openalex.org/T10502,2015,2016,2020,0.35295612386476116,1,4,7,0.1,28,4.0,8.0,0,0,0.3708267712745291,true_negative,2585
https://openalex.org/T13309,https://openalex.org/T14484,2015,2016,2020,0.45511961331341866,1,9,2,0.1,18,20.0,2.0,0,0,0.3703972420070972,true_negative,2586
https://openalex.org/T10323,https://openalex.org/T10522,2015,2016,2020,0.4170323914242463,1,2,8,0.1111111111111111,16,2.0,8.0,0,0,0.370233047607618,true_negative,2587
https://openalex.org/T10798,https://openalex.org/T10857,2015,2016,2020,0.3898712452512801,1,9,4,0.08333333333333333,36,24.0,4.0,0,0,0.37006918828552676,true_negative,2588
https://openalex.org/T11304,https://openalex.org/T12859,2015,2016,2020,0.5581106265512472,1,4,6,0.1111111111111111,24,12.0,8.0,0,0,0.37004014063009855,true_negative,2589
https://openalex.org/T10798,https://openalex.org/T13604,2015,2016,2020,0.5138983423697507,1,9,2,0.1,18,24.0,2.0,0,0,0.36997682376867636,true_negative,2590
https://openalex.org/T11177,https://openalex.org/T12202,2015,2016,2020,0.36067376022224085,1,9,2,0.1,18,14.0,2.0,0,0,0.369891501159628,true_negative,2591
https://openalex.org/T11177,https://openalex.org/T12557,2015,2016,2020,0.36067376022224085,1,9,2,0.1,18,14.0,2.0,0,0,0.369891501159628,true_negative,2592
https://openalex.org/T11177,https://openalex.org/T13104,2015,2016,2020,0.36067376022224085,1,9,2,0.1,18,14.0,2.0,0,0,0.369891501159628,true_negative,2593
https://openalex.org/T10145,https://openalex.org/T10677,2015,2016,2020,1.1022332815225997,2,2,3,0.6666666666666666,6,2.0,4.0,0,0,0.36962406697243744,true_negative,2594
https://openalex.org/T10057,https://openalex.org/T10519,2015,2016,2020,0.31066746727980593,1,8,4,0.09090909090909091,32,20.0,8.0,0,0,0.3695994051332255,true_negative,2595
https://openalex.org/T10660,https://openalex.org/T12627,2015,2016,2020,0.5138983423697507,1,4,4,0.14285714285714285,16,6.0,12.0,0,0,0.3693290988348666,true_negative,2596
https://openalex.org/T10010,https://openalex.org/T12947,2015,2016,2020,0.45511961331341866,1,7,3,0.1111111111111111,21,8.0,4.0,0,0,0.3690690718283842,true_negative,2597
https://openalex.org/T10353,https://openalex.org/T10939,2015,2016,2020,0.45511961331341866,1,7,3,0.1111111111111111,21,8.0,4.0,0,0,0.3690690718283842,true_negative,2598
https://openalex.org/T10057,https://openalex.org/T10621,2015,2016,2020,0.31066746727980593,1,8,6,0.07692307692307693,48,20.0,6.0,0,0,0.36893676378753687,true_negative,2599
https://openalex.org/T12554,https://openalex.org/T13984,2015,2016,2020,0.7213475204444817,1,2,6,0.14285714285714285,12,2.0,6.0,0,0,0.3688919201714106,true_negative,2600
https://openalex.org/T11700,https://openalex.org/T12168,2015,2016,2020,0.667614104308886,2,3,3,0.5,9,6.0,4.0,0,0,0.36880733493079404,true_negative,2601
https://openalex.org/T10024,https://openalex.org/T10461,2015,2016,2020,1.0764545478730305,2,3,2,0.6666666666666666,6,4.0,4.0,0,0,0.36834790996386585,true_negative,2602
https://openalex.org/T10434,https://openalex.org/T12640,2015,2016,2020,0.2790553132756236,1,9,2,0.1,18,14.0,4.0,0,0,0.368176364342995,true_negative,2603
https://openalex.org/T10102,https://openalex.org/T12592,2015,2016,2020,0.35295612386476116,1,4,6,0.1111111111111111,24,4.0,10.0,0,0,0.36808385265902127,true_negative,2604
https://openalex.org/T11093,https://openalex.org/T12592,2015,2016,2020,0.35295612386476116,1,4,6,0.1111111111111111,24,4.0,10.0,0,0,0.36808385265902127,true_negative,2606
https://openalex.org/T10272,https://openalex.org/T12592,2015,2016,2020,0.35295612386476116,1,4,6,0.1111111111111111,24,4.0,10.0,0,0,0.36808385265902127,true_negative,2605
https://openalex.org/T10522,https://openalex.org/T11739,2015,2016,2020,0.4170323914242463,1,8,2,0.1111111111111111,16,8.0,2.0,0,0,0.36798647748668323,true_negative,2607
https://openalex.org/T10646,https://openalex.org/T11959,2015,2016,2020,0.7213475204444817,1,6,2,0.14285714285714285,12,6.0,2.0,0,0,0.3673958370472024,true_negative,2612
https://openalex.org/T10646,https://openalex.org/T11084,2015,2016,2020,0.7213475204444817,1,6,2,0.14285714285714285,12,6.0,2.0,0,0,0.3673958370472024,true_negative,2611
https://openalex.org/T10026,https://openalex.org/T10251,2015,2016,2020,0.7213475204444817,1,6,2,0.14285714285714285,12,6.0,2.0,0,0,0.3673958370472024,true_negative,2608
https://openalex.org/T11313,https://openalex.org/T12023,2015,2016,2020,0.7213475204444817,1,6,2,0.14285714285714285,12,6.0,2.0,0,0,0.3673958370472024,true_negative,2613
https://openalex.org/T10026,https://openalex.org/T10325,2015,2016,2020,0.7213475204444817,1,6,2,0.14285714285714285,12,6.0,2.0,0,0,0.3673958370472024,true_negative,2609
https://openalex.org/T10129,https://openalex.org/T12241,2015,2016,2020,0.7213475204444817,1,6,2,0.14285714285714285,12,6.0,2.0,0,0,0.3673958370472024,true_negative,2610
https://openalex.org/T10472,https://openalex.org/T10502,2015,2016,2020,0.33380820069533407,1,4,7,0.1,28,4.0,8.0,0,0,0.3673648863528432,true_negative,2614
https://openalex.org/T10878,https://openalex.org/T12610,2015,2016,2020,0.3459762562611936,1,9,2,0.1,18,14.0,2.0,0,0,0.36723582524094817,true_negative,2616
https://openalex.org/T10434,https://openalex.org/T12610,2015,2016,2020,0.3459762562611936,1,9,2,0.1,18,14.0,2.0,0,0,0.36723582524094817,true_negative,2615
https://openalex.org/T10416,https://openalex.org/T14374,2015,2016,2020,0.48089834696298783,1,5,5,0.1111111111111111,25,6.0,6.0,0,0,0.36653352255313926,true_negative,2617
https://openalex.org/T10538,https://openalex.org/T10862,2015,2016,2020,0.5581106265512472,1,7,2,0.125,14,7.0,2.0,0,0,0.36648322430608377,true_negative,2618
https://openalex.org/T10538,https://openalex.org/T13429,2015,2016,2020,0.5581106265512472,1,7,2,0.125,14,7.0,2.0,0,0,0.36648322430608377,true_negative,2619
https://openalex.org/T10074,https://openalex.org/T10657,2015,2016,2020,0.33380820069533407,1,7,4,0.1,28,14.0,8.0,0,0,0.3664733915394124,true_negative,2620
https://openalex.org/T10074,https://openalex.org/T12046,2015,2016,2020,0.33380820069533407,1,7,4,0.1,28,14.0,8.0,0,0,0.3664733915394124,true_negative,2621
https://openalex.org/T11577,https://openalex.org/T13748,2015,2016,2020,0.35295612386476116,1,6,5,0.1,30,6.0,6.0,0,0,0.3661068924686485,true_negative,2622
https://openalex.org/T11577,https://openalex.org/T11764,2015,2016,2020,0.4170323914242463,1,6,3,0.125,18,6.0,8.0,0,0,0.36600665257184545,true_negative,2623
https://openalex.org/T12640,https://openalex.org/T13937,2015,2016,2020,0.2790553132756236,1,2,8,0.1111111111111111,16,4.0,12.0,0,0,0.3658512214813015,true_negative,2624
https://openalex.org/T10120,https://openalex.org/T11289,2015,2016,2020,0.2790553132756236,1,6,6,0.09090909090909091,36,10.0,8.0,0,0,0.36574299651844255,true_negative,2625
https://openalex.org/T10052,https://openalex.org/T10448,2015,2016,2020,0.5581106265512472,1,6,3,0.125,18,6.0,4.0,0,0,0.36543314432189644,true_negative,2626
https://openalex.org/T10179,https://openalex.org/T10923,2015,2016,2020,0.33380820069533407,1,7,6,0.08333333333333333,42,16.0,6.0,0,0,0.365336642690398,true_negative,2627
https://openalex.org/T10179,https://openalex.org/T11277,2015,2016,2020,0.33380820069533407,1,7,6,0.08333333333333333,42,16.0,6.0,0,0,0.365336642690398,true_negative,2628
https://openalex.org/T10798,https://openalex.org/T12044,2015,2016,2020,0.36067376022224085,1,9,4,0.08333333333333333,36,24.0,4.0,0,0,0.3648003338162007,true_negative,2629
https://openalex.org/T10050,https://openalex.org/T13117,2015,2016,2020,0.45511961331341866,1,5,5,0.1111111111111111,25,5.0,6.0,0,0,0.36464211901461696,true_negative,2630
https://openalex.org/T10560,https://openalex.org/T13430,2015,2016,2020,0.48089834696298783,1,6,4,0.1111111111111111,24,6.0,4.0,0,0,0.36439635209854637,true_negative,2631
https://openalex.org/T12010,https://openalex.org/T12648,2015,2016,2020,0.36067376022224085,1,9,2,0.1,18,16.0,2.0,0,0,0.36438035384140216,true_negative,2632
https://openalex.org/T11407,https://openalex.org/T12254,2015,2016,2020,0.31066746727980593,1,4,4,0.14285714285714285,16,4.0,16.0,0,0,0.3642048772315784,true_negative,2633
https://openalex.org/T10351,https://openalex.org/T10528,2015,2016,2020,0.6213349345596119,1,5,4,0.125,20,6.0,4.0,0,0,0.36398890094648745,true_negative,2634
https://openalex.org/T10923,https://openalex.org/T12046,2015,2016,2020,0.33380820069533407,1,6,4,0.1111111111111111,24,6.0,8.0,0,0,0.36388803402886793,true_negative,2635
https://openalex.org/T11277,https://openalex.org/T12046,2015,2016,2020,0.33380820069533407,1,6,4,0.1111111111111111,24,6.0,8.0,0,0,0.36388803402886793,true_negative,2636
https://openalex.org/T10400,https://openalex.org/T11975,2015,2016,2020,0.6213349345596119,1,2,6,0.14285714285714285,12,2.0,8.0,0,0,0.3638666552513965,true_negative,2637
https://openalex.org/T11369,https://openalex.org/T11491,2015,2016,2020,0.45511961331341866,1,7,3,0.1111111111111111,21,10.0,4.0,0,0,0.36356310799816194,true_negative,2638
https://openalex.org/T10057,https://openalex.org/T11901,2015,2016,2020,0.4170323914242463,1,8,4,0.09090909090909091,32,20.0,4.0,0,0,0.3627704131563668,true_negative,2639
https://openalex.org/T11269,https://openalex.org/T12640,2015,2016,2020,0.2790553132756236,1,9,2,0.1,18,16.0,4.0,0,0,0.36267606291437543,true_negative,2640
https://openalex.org/T10751,https://openalex.org/T11354,2015,2016,2020,0.4170323914242463,1,4,3,0.16666666666666666,12,4.0,16.0,0,0,0.3625911855404003,true_negative,2641
https://openalex.org/T10054,https://openalex.org/T12761,2015,2016,2020,0.5581106265512472,1,4,5,0.125,20,4.0,6.0,0,0,0.36222705786035264,true_negative,2642
https://openalex.org/T11981,https://openalex.org/T12947,2015,2016,2020,0.36067376022224085,1,8,3,0.1,24,14.0,4.0,0,0,0.3621290480879577,true_negative,2643
https://openalex.org/T11975,https://openalex.org/T12391,2015,2016,2020,0.7213475204444817,1,6,2,0.14285714285714285,12,8.0,2.0,0,0,0.3619005171502511,true_negative,2645
https://openalex.org/T11975,https://openalex.org/T13717,2015,2016,2020,0.7213475204444817,1,6,2,0.14285714285714285,12,8.0,2.0,0,0,0.3619005171502511,true_negative,2646
https://openalex.org/T10505,https://openalex.org/T10929,2015,2016,2020,0.7213475204444817,1,6,2,0.14285714285714285,12,8.0,2.0,0,0,0.3619005171502511,true_negative,2644
https://openalex.org/T13117,https://openalex.org/T14374,2015,2016,2020,0.45511961331341866,1,5,5,0.1111111111111111,25,6.0,6.0,0,0,0.36189887519644703,true_negative,2647
https://openalex.org/T10353,https://openalex.org/T10472,2015,2016,2020,0.36067376022224085,1,7,4,0.1,28,8.0,4.0,0,0,0.36184509069957177,true_negative,2648
https://openalex.org/T10353,https://openalex.org/T12044,2015,2016,2020,0.36067376022224085,1,7,4,0.1,28,8.0,4.0,0,0,0.36184509069957177,true_negative,2649
https://openalex.org/T12820,https://openalex.org/T14078,2015,2016,2020,0.5138983423697507,1,4,4,0.14285714285714285,16,4.0,10.0,0,0,0.36184166839935816,true_negative,2651
https://openalex.org/T10417,https://openalex.org/T14078,2015,2016,2020,0.5138983423697507,1,4,4,0.14285714285714285,16,4.0,10.0,0,0,0.36184166839935816,true_negative,2650
https://openalex.org/T10417,https://openalex.org/T11289,2015,2016,2020,0.3898712452512801,1,4,6,0.1111111111111111,24,4.0,8.0,0,0,0.3617473659872439,true_negative,2652
https://openalex.org/T12010,https://openalex.org/T12950,2015,2016,2020,0.3459762562611936,1,9,2,0.1,18,16.0,2.0,0,0,0.3617415301173536,true_negative,2655
https://openalex.org/T12010,https://openalex.org/T13765,2015,2016,2020,0.3459762562611936,1,9,2,0.1,18,16.0,2.0,0,0,0.3617415301173536,true_negative,2657
https://openalex.org/T12010,https://openalex.org/T12694,2015,2016,2020,0.3459762562611936,1,9,2,0.1,18,16.0,2.0,0,0,0.3617415301173536,true_negative,2654
https://openalex.org/T11269,https://openalex.org/T12610,2015,2016,2020,0.3459762562611936,1,9,2,0.1,18,16.0,2.0,0,0,0.3617415301173536,true_negative,2653
https://openalex.org/T12010,https://openalex.org/T14023,2015,2016,2020,0.3459762562611936,1,9,2,0.1,18,16.0,2.0,0,0,0.3617415301173536,true_negative,2658
https://openalex.org/T12010,https://openalex.org/T13412,2015,2016,2020,0.3459762562611936,1,9,2,0.1,18,16.0,2.0,0,0,0.3617415301173536,true_negative,2656
https://openalex.org/T10836,https://openalex.org/T12267,2015,2016,2020,0.40242960438184466,1,7,3,0.1111111111111111,21,12.0,6.0,0,0,0.3615696785789645,true_negative,2659
https://openalex.org/T10580,https://openalex.org/T12422,2015,2016,2020,0.9102392266268373,1,4,3,0.16666666666666666,12,6.0,3.0,0,0,0.3614798882698606,true_negative,2660
https://openalex.org/T10154,https://openalex.org/T10609,2015,2016,2020,0.48089834696298783,1,5,5,0.1111111111111111,25,8.0,6.0,0,0,0.361043739456562,true_negative,2661
https://openalex.org/T10836,https://openalex.org/T11880,2015,2016,2020,0.4170323914242463,1,7,4,0.1,28,12.0,4.0,0,0,0.36099525366345264,true_negative,2662
https://openalex.org/T10179,https://openalex.org/T10657,2015,2016,2020,0.33380820069533407,1,7,4,0.1,28,16.0,8.0,0,0,0.36098399583868074,true_negative,2663
https://openalex.org/T10179,https://openalex.org/T12046,2015,2016,2020,0.33380820069533407,1,7,4,0.1,28,16.0,8.0,0,0,0.36098399583868074,true_negative,2664
https://openalex.org/T10211,https://openalex.org/T10995,2015,2016,2020,0.3898712452512801,1,8,3,0.1,24,14.0,3.0,0,0,0.36089819246794347,true_negative,2665
https://openalex.org/T11981,https://openalex.org/T12574,2015,2016,2020,0.31465798044412485,1,8,4,0.09090909090909091,32,14.0,4.0,0,0,0.36084812586477405,true_negative,2666
https://openalex.org/T10211,https://openalex.org/T12327,2015,2016,2020,0.35295612386476116,1,8,3,0.1,24,14.0,4.0,0,0,0.3607460824417269,true_negative,2667
https://openalex.org/T10012,https://openalex.org/T10602,2015,2016,2020,0.2790553132756236,1,11,2,0.08333333333333333,22,32.0,2.0,0,0,0.360577020086275,true_negative,2668
https://openalex.org/T10012,https://openalex.org/T10715,2015,2016,2020,0.2790553132756236,1,11,2,0.08333333333333333,22,32.0,2.0,0,0,0.360577020086275,true_negative,2669
https://openalex.org/T10012,https://openalex.org/T11470,2015,2016,2020,0.2790553132756236,1,11,2,0.08333333333333333,22,32.0,2.0,0,0,0.360577020086275,true_negative,2670
https://openalex.org/T10012,https://openalex.org/T11879,2015,2016,2020,0.2790553132756236,1,11,2,0.08333333333333333,22,32.0,2.0,0,0,0.360577020086275,true_negative,2671
https://openalex.org/T10012,https://openalex.org/T12134,2015,2016,2020,0.2790553132756236,1,11,2,0.08333333333333333,22,32.0,2.0,0,0,0.360577020086275,true_negative,2672
https://openalex.org/T10353,https://openalex.org/T10591,2015,2016,2020,0.35295612386476116,1,7,4,0.1,28,8.0,4.0,0,0,0.36046259666867203,true_negative,2675
https://openalex.org/T10182,https://openalex.org/T10272,2015,2016,2020,0.35295612386476116,1,7,4,0.1,28,8.0,4.0,0,0,0.36046259666867203,true_negative,2673
https://openalex.org/T10502,https://openalex.org/T11273,2015,2016,2020,0.35295612386476116,1,7,4,0.1,28,8.0,4.0,0,0,0.36046259666867203,true_negative,2676
https://openalex.org/T10182,https://openalex.org/T11093,2015,2016,2020,0.35295612386476116,1,7,4,0.1,28,8.0,4.0,0,0,0.36046259666867203,true_negative,2674
https://openalex.org/T10275,https://openalex.org/T10461,2015,2016,2020,0.45511961331341866,1,8,2,0.1111111111111111,16,18.0,4.0,0,0,0.36033997571911686,true_negative,2677
https://openalex.org/T11911,https://openalex.org/T12137,2015,2016,2020,0.7213475204444817,1,4,4,0.14285714285714285,16,4.0,4.0,0,0,0.360239587159715,true_negative,2680
https://openalex.org/T11742,https://openalex.org/T11911,2015,2016,2020,0.7213475204444817,1,4,4,0.14285714285714285,16,4.0,4.0,0,0,0.360239587159715,true_negative,2679
https://openalex.org/T11106,https://openalex.org/T11901,2015,2016,2020,0.7213475204444817,1,4,4,0.14285714285714285,16,4.0,4.0,0,0,0.360239587159715,true_negative,2678
https://openalex.org/T11880,https://openalex.org/T13141,2015,2016,2020,0.4170323914242463,1,4,6,0.1111111111111111,24,4.0,7.0,0,0,0.36015265646240674,true_negative,2681
https://openalex.org/T10519,https://openalex.org/T10640,2015,2016,2020,0.5138983423697507,1,4,6,0.1111111111111111,24,8.0,6.0,0,0,0.3600988158321788,true_negative,2682
https://openalex.org/T11639,https://openalex.org/T12816,2015,2016,2020,0.48089834696298783,1,5,5,0.1111111111111111,25,6.0,5.0,0,0,0.36005652818717393,true_negative,2683
https://openalex.org/T10677,https://openalex.org/T13083,2015,2016,2020,1.1022332815225997,2,3,2,0.6666666666666666,6,4.0,2.0,0,0,0.36001491402553015,true_negative,2684
https://openalex.org/T10052,https://openalex.org/T10531,2015,2016,2020,0.45511961331341866,1,6,4,0.1111111111111111,24,6.0,4.0,0,0,0.359773380426665,true_negative,2685
https://openalex.org/T10775,https://openalex.org/T11652,2015,2016,2020,0.48089834696298783,1,4,6,0.1111111111111111,24,6.0,6.0,0,0,0.3596607241214001,true_negative,2686
https://openalex.org/T10086,https://openalex.org/T12315,2015,2016,2020,0.48089834696298783,1,6,4,0.1111111111111111,24,8.0,4.0,0,0,0.3589204420594571,true_negative,2688
https://openalex.org/T10086,https://openalex.org/T11376,2015,2016,2020,0.48089834696298783,1,6,4,0.1111111111111111,24,8.0,4.0,0,0,0.3589204420594571,true_negative,2687
https://openalex.org/T11710,https://openalex.org/T12748,2015,2016,2020,0.48089834696298783,1,6,4,0.1111111111111111,24,8.0,4.0,0,0,0.3589204420594571,true_negative,2689
https://openalex.org/T11578,https://openalex.org/T12254,2015,2016,2020,0.2790553132756236,1,4,4,0.14285714285714285,16,4.0,16.0,0,0,0.3585406448848508,true_negative,2691
https://openalex.org/T10857,https://openalex.org/T12254,2015,2016,2020,0.2790553132756236,1,4,4,0.14285714285714285,16,4.0,16.0,0,0,0.3585406448848508,true_negative,2690
https://openalex.org/T10836,https://openalex.org/T11901,2015,2016,2020,0.40242960438184466,1,7,4,0.1,28,12.0,4.0,0,0,0.3583840328459743,true_negative,2692
https://openalex.org/T10725,https://openalex.org/T10915,2015,2016,2020,0.5581106265512472,1,7,2,0.125,14,10.0,2.0,0,0,0.3582624917377216,true_negative,2693
https://openalex.org/T10725,https://openalex.org/T11848,2015,2016,2020,0.5581106265512472,1,7,2,0.125,14,10.0,2.0,0,0,0.3582624917377216,true_negative,2694
https://openalex.org/T13309,https://openalex.org/T13555,2015,2016,2020,0.31465798044412485,1,9,2,0.1,18,20.0,4.0,0,0,0.35811262021340967,true_negative,2695
https://openalex.org/T10769,https://openalex.org/T11369,2015,2016,2020,0.3898712452512801,1,2,7,0.125,14,2.0,10.0,0,0,0.3575734408864987,true_negative,2696
https://openalex.org/T10604,https://openalex.org/T11986,2015,2016,2020,0.2790553132756236,1,8,5,0.08333333333333333,40,20.0,6.0,0,0,0.35734543675205044,true_negative,2697
https://openalex.org/T10502,https://openalex.org/T12529,2015,2016,2020,0.33380820069533407,1,7,4,0.1,28,8.0,4.0,0,0,0.35704256059630557,true_negative,2698
https://openalex.org/T10604,https://openalex.org/T11764,2015,2016,2020,0.2790553132756236,1,8,3,0.1,24,20.0,8.0,0,0,0.35694300541396995,true_negative,2699
https://openalex.org/T10462,https://openalex.org/T13114,2015,2016,2020,0.43429448190325176,1,4,6,0.1111111111111111,24,4.0,6.0,0,0,0.3567952783262775,true_negative,2700
https://openalex.org/T10275,https://openalex.org/T12748,2015,2016,2020,0.35295612386476116,1,8,4,0.09090909090909091,32,18.0,4.0,0,0,0.3567749491191673,true_negative,2702
https://openalex.org/T10275,https://openalex.org/T10591,2015,2016,2020,0.35295612386476116,1,8,4,0.09090909090909091,32,18.0,4.0,0,0,0.3567749491191673,true_negative,2701
https://openalex.org/T10100,https://openalex.org/T12761,2015,2016,2020,0.5581106265512472,1,4,5,0.125,20,6.0,6.0,0,0,0.35676544882877625,true_negative,2703
https://openalex.org/T10120,https://openalex.org/T10303,2015,2016,2020,0.36067376022224085,1,6,5,0.1,30,10.0,6.0,0,0,0.35654250060596365,true_negative,2704
https://openalex.org/T10591,https://openalex.org/T10932,2015,2016,2020,0.36067376022224085,1,4,6,0.1111111111111111,24,4.0,8.0,0,0,0.356529934678436,true_negative,2705
https://openalex.org/T10867,https://openalex.org/T11011,2015,2016,2020,0.48089834696298783,1,4,5,0.125,20,6.0,8.0,1,0,0.3558606632659359,false_negative,2706
https://openalex.org/T10057,https://openalex.org/T10845,2015,2016,2020,0.4170323914242463,1,8,3,0.1,24,20.0,4.0,0,0,0.35582363264424954,true_negative,2707
https://openalex.org/T10184,https://openalex.org/T10515,2015,2016,2020,0.6213349345596119,1,4,4,0.14285714285714285,16,4.0,6.0,0,0,0.35526583918178806,true_negative,2708
https://openalex.org/T10184,https://openalex.org/T11765,2015,2016,2020,0.6213349345596119,1,4,4,0.14285714285714285,16,4.0,6.0,0,0,0.35526583918178806,true_negative,2709
https://openalex.org/T10434,https://openalex.org/T10715,2015,2016,2020,0.2790553132756236,1,9,2,0.1,18,14.0,2.0,0,0,0.355247535440307,true_negative,2711
https://openalex.org/T10434,https://openalex.org/T10602,2015,2016,2020,0.2790553132756236,1,9,2,0.1,18,14.0,2.0,0,0,0.355247535440307,true_negative,2710
https://openalex.org/T10434,https://openalex.org/T12134,2015,2016,2020,0.2790553132756236,1,9,2,0.1,18,14.0,2.0,0,0,0.355247535440307,true_negative,2714
https://openalex.org/T10434,https://openalex.org/T11879,2015,2016,2020,0.2790553132756236,1,9,2,0.1,18,14.0,2.0,0,0,0.355247535440307,true_negative,2713
https://openalex.org/T10434,https://openalex.org/T11470,2015,2016,2020,0.2790553132756236,1,9,2,0.1,18,14.0,2.0,0,0,0.355247535440307,true_negative,2712
https://openalex.org/T12592,https://openalex.org/T13748,2015,2016,2020,0.35295612386476116,1,6,5,0.1,30,10.0,6.0,0,0,0.3551689905255033,true_negative,2715
https://openalex.org/T10580,https://openalex.org/T11313,2015,2016,2020,0.45511961331341866,1,4,6,0.1111111111111111,24,6.0,6.0,0,0,0.35506426992877566,true_negative,2716
https://openalex.org/T10371,https://openalex.org/T11266,2015,2016,2020,0.7213475204444817,1,4,4,0.14285714285714285,16,6.0,4.0,0,0,0.35479127448510656,true_negative,2719
https://openalex.org/T10371,https://openalex.org/T10528,2015,2016,2020,0.7213475204444817,1,4,4,0.14285714285714285,16,6.0,4.0,0,0,0.35479127448510656,true_negative,2718
https://openalex.org/T10218,https://openalex.org/T12315,2015,2016,2020,0.7213475204444817,1,4,4,0.14285714285714285,16,6.0,4.0,0,0,0.35479127448510656,true_negative,2717
https://openalex.org/T11907,https://openalex.org/T12046,2015,2016,2020,0.45511961331341866,1,5,4,0.125,20,8.0,8.0,0,0,0.35460529451631945,true_negative,2720
https://openalex.org/T11981,https://openalex.org/T12168,2015,2016,2020,0.31465798044412485,1,8,3,0.1,24,14.0,4.0,0,0,0.35391771121370974,true_negative,2721
https://openalex.org/T10382,https://openalex.org/T10923,2015,2016,2020,0.33380820069533407,1,5,6,0.1,30,6.0,6.0,0,0,0.3538690368884515,true_negative,2722
https://openalex.org/T10382,https://openalex.org/T11277,2015,2016,2020,0.33380820069533407,1,5,6,0.1,30,6.0,6.0,0,0,0.3538690368884515,true_negative,2723
https://openalex.org/T12613,https://openalex.org/T13104,2015,2016,2020,0.36067376022224085,1,9,2,0.1,18,20.0,2.0,0,0,0.35346527147110496,true_negative,2724
https://openalex.org/T10640,https://openalex.org/T11880,2015,2016,2020,0.4170323914242463,1,6,4,0.1111111111111111,24,6.0,4.0,0,0,0.3529906555131891,true_negative,2725
https://openalex.org/T10836,https://openalex.org/T11472,2015,2016,2020,0.5581106265512472,1,7,2,0.125,14,12.0,2.0,0,0,0.3528275900607282,true_negative,2726
https://openalex.org/T10836,https://openalex.org/T12496,2015,2016,2020,0.5581106265512472,1,7,2,0.125,14,12.0,2.0,0,0,0.3528275900607282,true_negative,2727
https://openalex.org/T10725,https://openalex.org/T12140,2015,2016,2020,0.45511961331341866,1,7,2,0.125,14,10.0,4.0,0,0,0.3527727919846957,true_negative,2728
https://openalex.org/T11187,https://openalex.org/T11289,2015,2016,2020,0.5581106265512472,1,2,6,0.14285714285714285,12,2.0,8.0,0,0,0.35258205466819914,true_negative,2731
https://openalex.org/T10689,https://openalex.org/T12859,2015,2016,2020,0.5581106265512472,1,2,6,0.14285714285714285,12,2.0,8.0,0,0,0.35258205466819914,true_negative,2729
https://openalex.org/T11105,https://openalex.org/T12859,2015,2016,2020,0.5581106265512472,1,2,6,0.14285714285714285,12,2.0,8.0,0,0,0.35258205466819914,true_negative,2730
https://openalex.org/T10096,https://openalex.org/T10683,2015,2016,2020,0.35295612386476116,1,4,5,0.125,20,4.0,10.0,0,0,0.3513778613834906,true_negative,2732
https://openalex.org/T10775,https://openalex.org/T13114,2015,2016,2020,0.43429448190325176,1,4,6,0.1111111111111111,24,6.0,6.0,0,0,0.35137044767169023,true_negative,2733
https://openalex.org/T10057,https://openalex.org/T12676,2015,2016,2020,0.35295612386476116,1,8,4,0.09090909090909091,32,20.0,4.0,0,0,0.35135025871515246,true_negative,2735
https://openalex.org/T10057,https://openalex.org/T11273,2015,2016,2020,0.35295612386476116,1,8,4,0.09090909090909091,32,20.0,4.0,0,0,0.35135025871515246,true_negative,2734
https://openalex.org/T10519,https://openalex.org/T12592,2015,2016,2020,0.318928988903801,1,4,6,0.1111111111111111,24,8.0,10.0,0,0,0.35107790816138873,true_negative,2736
https://openalex.org/T11512,https://openalex.org/T13126,2015,2016,2020,0.35295612386476116,1,8,2,0.1111111111111111,16,10.0,2.0,0,0,0.351071231993228,true_negative,2738
https://openalex.org/T11512,https://openalex.org/T12292,2015,2016,2020,0.35295612386476116,1,8,2,0.1111111111111111,16,10.0,2.0,0,0,0.351071231993228,true_negative,2737
https://openalex.org/T10502,https://openalex.org/T12814,2015,2016,2020,0.35295612386476116,1,7,3,0.1111111111111111,21,8.0,4.0,0,0,0.35079801745198763,true_negative,2739
https://openalex.org/T11744,https://openalex.org/T14374,2015,2016,2020,0.48089834696298783,1,6,5,0.1,30,20.0,6.0,0,0,0.35076961960849923,true_negative,2740
https://openalex.org/T11369,https://openalex.org/T12103,2015,2016,2020,0.5138983423697507,1,7,2,0.125,14,10.0,2.0,0,0,0.35040937205978206,true_negative,2741
https://openalex.org/T10621,https://openalex.org/T11901,2015,2016,2020,0.40242960438184466,1,6,4,0.1111111111111111,24,6.0,4.0,0,0,0.3504055847516868,true_negative,2745
https://openalex.org/T10621,https://openalex.org/T10637,2015,2016,2020,0.40242960438184466,1,6,4,0.1111111111111111,24,6.0,4.0,0,0,0.3504055847516868,true_negative,2742
https://openalex.org/T10621,https://openalex.org/T10799,2015,2016,2020,0.40242960438184466,1,6,4,0.1111111111111111,24,6.0,4.0,0,0,0.3504055847516868,true_negative,2743
https://openalex.org/T10621,https://openalex.org/T11273,2015,2016,2020,0.40242960438184466,1,6,4,0.1111111111111111,24,6.0,4.0,0,0,0.3504055847516868,true_negative,2744
https://openalex.org/T12072,https://openalex.org/T12761,2015,2016,2020,0.3898712452512801,1,5,5,0.1111111111111111,25,6.0,6.0,0,0,0.35028392901912925,true_negative,2746
https://openalex.org/T10275,https://openalex.org/T12327,2015,2016,2020,0.35295612386476116,1,8,3,0.1,24,18.0,4.0,0,0,0.34987993992913247,true_negative,2747
https://openalex.org/T11269,https://openalex.org/T12134,2015,2016,2020,0.2790553132756236,1,9,2,0.1,18,16.0,2.0,0,0,0.3498334381107409,true_negative,2750
https://openalex.org/T11269,https://openalex.org/T11879,2015,2016,2020,0.2790553132756236,1,9,2,0.1,18,16.0,2.0,0,0,0.3498334381107409,true_negative,2749
https://openalex.org/T11269,https://openalex.org/T11470,2015,2016,2020,0.2790553132756236,1,9,2,0.1,18,16.0,2.0,0,0,0.3498334381107409,true_negative,2748
https://openalex.org/T11354,https://openalex.org/T13937,2015,2016,2020,0.2790553132756236,1,3,8,0.1,24,16.0,12.0,0,0,0.3496724463382487,true_negative,2751
https://openalex.org/T12010,https://openalex.org/T12926,2015,2016,2020,0.3459762562611936,1,9,1,0.1111111111111111,9,16.0,1.0,0,0,0.34957136276552914,true_negative,2752
https://openalex.org/T10322,https://openalex.org/T12315,2015,2016,2020,0.7213475204444817,1,4,4,0.14285714285714285,16,8.0,4.0,0,0,0.3493803627079388,true_negative,2753
https://openalex.org/T10836,https://openalex.org/T10845,2015,2016,2020,0.40242960438184466,1,7,3,0.1111111111111111,21,12.0,4.0,0,0,0.3487447934491643,true_negative,2754
https://openalex.org/T10272,https://openalex.org/T11639,2015,2016,2020,0.48089834696298783,1,4,5,0.125,20,4.0,6.0,0,0,0.34849539955765124,true_negative,2755
https://openalex.org/T11097,https://openalex.org/T11639,2015,2016,2020,0.48089834696298783,1,4,5,0.125,20,4.0,6.0,0,0,0.34849539955765124,true_negative,2756
https://openalex.org/T10382,https://openalex.org/T10663,2015,2016,2020,0.48089834696298783,1,5,3,0.14285714285714285,15,6.0,8.0,0,0,0.3484324017842824,true_negative,2757
https://openalex.org/T10538,https://openalex.org/T12303,2015,2016,2020,0.45511961331341866,1,7,2,0.125,14,7.0,2.0,0,0,0.34812370282445043,true_negative,2758
https://openalex.org/T10018,https://openalex.org/T12529,2015,2016,2020,0.33380820069533407,1,8,4,0.09090909090909091,32,20.0,4.0,0,0,0.3479696387613812,true_negative,2759
https://openalex.org/T11407,https://openalex.org/T11710,2015,2016,2020,0.31066746727980593,1,4,6,0.1111111111111111,24,4.0,8.0,0,0,0.3476732097116327,true_negative,2760
https://openalex.org/T11289,https://openalex.org/T11986,2015,2016,2020,0.2790553132756236,1,6,5,0.1,30,8.0,6.0,0,0,0.34749873026650646,true_negative,2761
https://openalex.org/T10074,https://openalex.org/T10107,2015,2016,2020,0.5581106265512472,1,7,2,0.125,14,14.0,2.0,0,0,0.3474304999982354,true_negative,2762
https://openalex.org/T10074,https://openalex.org/T10859,2015,2016,2020,0.5581106265512472,1,7,2,0.125,14,14.0,2.0,0,0,0.3474304999982354,true_negative,2766
https://openalex.org/T10074,https://openalex.org/T12442,2015,2016,2020,0.5581106265512472,1,7,2,0.125,14,14.0,2.0,0,0,0.3474304999982354,true_negative,2768
https://openalex.org/T10074,https://openalex.org/T10413,2015,2016,2020,0.5581106265512472,1,7,2,0.125,14,14.0,2.0,0,0,0.3474304999982354,true_negative,2763
https://openalex.org/T10074,https://openalex.org/T10440,2015,2016,2020,0.5581106265512472,1,7,2,0.125,14,14.0,2.0,0,0,0.3474304999982354,true_negative,2764
https://openalex.org/T10074,https://openalex.org/T10540,2015,2016,2020,0.5581106265512472,1,7,2,0.125,14,14.0,2.0,0,0,0.3474304999982354,true_negative,2765
https://openalex.org/T10074,https://openalex.org/T10913,2015,2016,2020,0.5581106265512472,1,7,2,0.125,14,14.0,2.0,0,0,0.3474304999982354,true_negative,2767
https://openalex.org/T11011,https://openalex.org/T11266,2015,2016,2020,0.5581106265512472,1,5,4,0.125,20,8.0,4.0,0,0,0.3473064069302445,true_negative,2769
https://openalex.org/T11313,https://openalex.org/T11491,2015,2016,2020,0.45511961331341866,1,6,3,0.125,18,6.0,4.0,0,0,0.34709740623823465,true_negative,2770
https://openalex.org/T10057,https://openalex.org/T10400,2015,2016,2020,0.48089834696298783,1,8,2,0.1111111111111111,16,20.0,2.0,0,0,0.3466953287446191,true_negative,2771
https://openalex.org/T10057,https://openalex.org/T13429,2015,2016,2020,0.48089834696298783,1,8,2,0.1111111111111111,16,20.0,2.0,0,0,0.3466953287446191,true_negative,2772
https://openalex.org/T11981,https://openalex.org/T13555,2015,2016,2020,0.31465798044412485,1,8,2,0.1111111111111111,16,14.0,4.0,0,0,0.34626334126057695,true_negative,2773
https://openalex.org/T10580,https://openalex.org/T14078,2015,2016,2020,0.45511961331341866,1,4,4,0.14285714285714285,16,6.0,10.0,0,0,0.3459847798336537,true_negative,2774
https://openalex.org/T10556,https://openalex.org/T12820,2015,2016,2020,0.5138983423697507,1,7,4,0.1,28,24.0,4.0,0,0,0.3456630046485,true_negative,2775
https://openalex.org/T10010,https://openalex.org/T11519,2015,2016,2020,0.45511961331341866,1,7,2,0.125,14,8.0,2.0,0,0,0.3454371647184891,true_negative,2776
https://openalex.org/T10182,https://openalex.org/T14484,2015,2016,2020,0.45511961331341866,1,7,2,0.125,14,8.0,2.0,0,0,0.3454371647184891,true_negative,2777
https://openalex.org/T10303,https://openalex.org/T11986,2015,2016,2020,0.36067376022224085,1,5,5,0.1111111111111111,25,6.0,6.0,0,0,0.3451424261608693,true_negative,2778
https://openalex.org/T10120,https://openalex.org/T11881,2015,2016,2020,0.36067376022224085,1,6,4,0.1111111111111111,24,10.0,6.0,0,0,0.34499505641902745,true_negative,2779
https://openalex.org/T10057,https://openalex.org/T11396,2015,2016,2020,0.3898712452512801,1,8,3,0.1,24,20.0,3.0,0,0,0.3446528909871057,true_negative,2780
https://openalex.org/T10057,https://openalex.org/T12814,2015,2016,2020,0.35295612386476116,1,8,3,0.1,24,20.0,4.0,0,0,0.34450393713146643,true_negative,2781
https://openalex.org/T10433,https://openalex.org/T13013,2015,2016,2020,0.7213475204444817,1,2,5,0.16666666666666666,10,2.0,6.0,0,0,0.34443339404191137,true_negative,2783
https://openalex.org/T12955,https://openalex.org/T12964,2015,2016,2020,0.7213475204444817,1,2,5,0.16666666666666666,10,2.0,6.0,0,0,0.34443339404191137,true_negative,2785
https://openalex.org/T11435,https://openalex.org/T12072,2015,2016,2020,0.7213475204444817,1,2,5,0.16666666666666666,10,2.0,6.0,0,0,0.34443339404191137,true_negative,2784
https://openalex.org/T10060,https://openalex.org/T13013,2015,2016,2020,0.7213475204444817,1,2,5,0.16666666666666666,10,2.0,6.0,0,0,0.34443339404191137,true_negative,2782
https://openalex.org/T10039,https://openalex.org/T11090,2015,2016,2020,0.5581106265512472,1,4,4,0.14285714285714285,16,4.0,6.0,0,0,0.3441036896132498,true_negative,2786
https://openalex.org/T10054,https://openalex.org/T10100,2015,2016,2020,0.5581106265512472,1,4,4,0.14285714285714285,16,4.0,6.0,0,0,0.3441036896132498,true_negative,2787
https://openalex.org/T10531,https://openalex.org/T10824,2015,2016,2020,0.45511961331341866,1,4,5,0.125,20,4.0,6.0,0,0,0.34396498910448003,true_negative,2788
https://openalex.org/T12748,https://openalex.org/T13013,2015,2016,2020,0.45511961331341866,1,4,5,0.125,20,4.0,6.0,0,0,0.34396498910448003,true_negative,2790
https://openalex.org/T10591,https://openalex.org/T13013,2015,2016,2020,0.45511961331341866,1,4,5,0.125,20,4.0,6.0,0,0,0.34396498910448003,true_negative,2789
https://openalex.org/T10057,https://openalex.org/T11407,2015,2016,2020,0.31066746727980593,1,8,4,0.09090909090909091,32,20.0,4.0,0,0,0.3439044490711986,true_negative,2791
https://openalex.org/T10677,https://openalex.org/T12196,2015,2016,2020,0.7213475204444817,1,3,4,0.16666666666666666,12,4.0,6.0,0,0,0.34386151628735145,true_negative,2793
https://openalex.org/T10144,https://openalex.org/T10821,2015,2016,2020,0.7213475204444817,1,3,4,0.16666666666666666,12,4.0,6.0,1,0,0.34386151628735145,false_negative,2792
https://openalex.org/T10321,https://openalex.org/T12046,2015,2016,2020,0.45511961331341866,1,5,4,0.125,20,12.0,8.0,0,0,0.3438246346610636,true_negative,2794
https://openalex.org/T10050,https://openalex.org/T10157,2015,2016,2020,0.45511961331341866,1,5,4,0.125,20,5.0,5.0,0,0,0.3436022514659661,true_negative,2795
https://openalex.org/T10775,https://openalex.org/T12761,2015,2016,2020,0.48089834696298783,1,4,5,0.125,20,6.0,6.0,0,0,0.34312944239979615,true_negative,2796
https://openalex.org/T11289,https://openalex.org/T11297,2015,2016,2020,0.3898712452512801,1,6,4,0.1111111111111111,24,8.0,4.0,0,0,0.3428257024187226,true_negative,2797
https://openalex.org/T11289,https://openalex.org/T12820,2015,2016,2020,0.3898712452512801,1,6,4,0.1111111111111111,24,8.0,4.0,0,0,0.3428257024187226,true_negative,2798
https://openalex.org/T10472,https://openalex.org/T12627,2015,2016,2020,0.33380820069533407,1,4,4,0.14285714285714285,16,4.0,12.0,0,0,0.34271917941507657,true_negative,2799
https://openalex.org/T12529,https://openalex.org/T12627,2015,2016,2020,0.33380820069533407,1,4,4,0.14285714285714285,16,4.0,12.0,0,0,0.34271917941507657,true_negative,2800
https://openalex.org/T10798,https://openalex.org/T13104,2015,2016,2020,0.36067376022224085,1,9,2,0.1,18,24.0,2.0,0,0,0.342700866801773,true_negative,2801
https://openalex.org/T14334,https://openalex.org/T14393,2015,2016,2020,0.6213349345596119,1,4,4,0.14285714285714285,16,4.0,4.0,0,0,0.34254458205999,true_negative,2803
https://openalex.org/T10209,https://openalex.org/T14393,2015,2016,2020,0.6213349345596119,1,4,4,0.14285714285714285,16,4.0,4.0,0,0,0.34254458205999,true_negative,2802
https://openalex.org/T10751,https://openalex.org/T13984,2015,2016,2020,0.35295612386476116,1,4,6,0.1111111111111111,24,4.0,6.0,0,0,0.34243702578415747,true_negative,2806
https://openalex.org/T10102,https://openalex.org/T11577,2015,2016,2020,0.35295612386476116,1,4,6,0.1111111111111111,24,4.0,6.0,0,0,0.34243702578415747,true_negative,2804
https://openalex.org/T10272,https://openalex.org/T11577,2015,2016,2020,0.35295612386476116,1,4,6,0.1111111111111111,24,4.0,6.0,0,0,0.34243702578415747,true_negative,2805
https://openalex.org/T11093,https://openalex.org/T11577,2015,2016,2020,0.35295612386476116,1,4,6,0.1111111111111111,24,4.0,6.0,0,0,0.34243702578415747,true_negative,2807
https://openalex.org/T10018,https://openalex.org/T10030,2015,2016,2020,0.45511961331341866,1,8,2,0.1111111111111111,16,20.0,2.0,0,0,0.34217602876681763,true_negative,2808
https://openalex.org/T10018,https://openalex.org/T10811,2015,2016,2020,0.45511961331341866,1,8,2,0.1111111111111111,16,20.0,2.0,0,0,0.34217602876681763,true_negative,2809
https://openalex.org/T10018,https://openalex.org/T11007,2015,2016,2020,0.45511961331341866,1,8,2,0.1111111111111111,16,20.0,2.0,0,0,0.34217602876681763,true_negative,2810
https://openalex.org/T10836,https://openalex.org/T11407,2015,2016,2020,0.31066746727980593,1,7,4,0.1,28,12.0,4.0,0,0,0.3421720355628598,true_negative,2811
https://openalex.org/T11097,https://openalex.org/T12816,2015,2016,2020,0.48089834696298783,1,4,5,0.125,20,4.0,5.0,0,0,0.3421649836794752,true_negative,2813
https://openalex.org/T10272,https://openalex.org/T12816,2015,2016,2020,0.48089834696298783,1,4,5,0.125,20,4.0,5.0,0,0,0.3421649836794752,true_negative,2812
https://openalex.org/T11376,https://openalex.org/T12816,2015,2016,2020,0.48089834696298783,1,4,5,0.125,20,4.0,5.0,0,0,0.3421649836794752,true_negative,2814
https://openalex.org/T10857,https://openalex.org/T12859,2015,2016,2020,0.2790553132756236,1,4,6,0.1111111111111111,24,4.0,8.0,1,0,0.34212773198024005,false_negative,2816
https://openalex.org/T11578,https://openalex.org/T12859,2015,2016,2020,0.2790553132756236,1,4,6,0.1111111111111111,24,4.0,8.0,0,0,0.34212773198024005,true_negative,2817
https://openalex.org/T10857,https://openalex.org/T11289,2015,2016,2020,0.2790553132756236,1,4,6,0.1111111111111111,24,4.0,8.0,0,0,0.34212773198024005,true_negative,2815
https://openalex.org/T11986,https://openalex.org/T12046,2015,2016,2020,0.35295612386476116,1,5,4,0.125,20,6.0,8.0,0,0,0.3419857177265556,true_negative,2818
https://openalex.org/T10202,https://openalex.org/T11020,2015,2016,2020,0.45511961331341866,1,3,6,0.125,18,3.0,6.0,0,0,0.3418635740978242,true_negative,2819
https://openalex.org/T10202,https://openalex.org/T11313,2015,2016,2020,0.45511961331341866,1,3,6,0.125,18,3.0,6.0,0,0,0.3418635740978242,true_negative,2820
https://openalex.org/T11577,https://openalex.org/T14393,2015,2016,2020,0.35295612386476116,1,6,4,0.1111111111111111,24,6.0,4.0,0,0,0.34171327658638023,true_negative,2821
https://openalex.org/T10211,https://openalex.org/T10492,2015,2016,2020,0.36067376022224085,1,8,2,0.1111111111111111,16,14.0,2.0,0,0,0.34168790903534324,true_negative,2823
https://openalex.org/T10211,https://openalex.org/T11809,2015,2016,2020,0.36067376022224085,1,8,2,0.1111111111111111,16,14.0,2.0,0,0,0.34168790903534324,true_negative,2824
https://openalex.org/T10211,https://openalex.org/T10432,2015,2016,2020,0.36067376022224085,1,8,2,0.1111111111111111,16,14.0,2.0,0,0,0.34168790903534324,true_negative,2822
https://openalex.org/T10157,https://openalex.org/T13117,2015,2016,2020,0.45511961331341866,1,4,5,0.125,20,5.0,6.0,0,0,0.34129374180193134,true_negative,2825
https://openalex.org/T10157,https://openalex.org/T14374,2015,2016,2020,0.45511961331341866,1,4,5,0.125,20,5.0,6.0,0,0,0.34129374180193134,true_negative,2826
https://openalex.org/T10074,https://openalex.org/T10472,2015,2016,2020,0.33380820069533407,1,7,4,0.1,28,14.0,4.0,0,0,0.3408782452252434,true_negative,2827
https://openalex.org/T10074,https://openalex.org/T12529,2015,2016,2020,0.33380820069533407,1,7,4,0.1,28,14.0,4.0,0,0,0.3408782452252434,true_negative,2828
https://openalex.org/T10247,https://openalex.org/T11907,2015,2016,2020,0.45511961331341866,1,4,5,0.125,20,10.0,8.0,0,0,0.34055313419038,true_negative,2829
https://openalex.org/T10211,https://openalex.org/T11825,2015,2016,2020,0.35295612386476116,1,8,2,0.1111111111111111,16,14.0,2.0,0,0,0.34034135588671116,true_negative,2830
https://openalex.org/T10211,https://openalex.org/T12557,2015,2016,2020,0.35295612386476116,1,8,2,0.1111111111111111,16,14.0,2.0,0,0,0.34034135588671116,true_negative,2831
https://openalex.org/T11369,https://openalex.org/T12626,2015,2016,2020,0.45511961331341866,1,7,2,0.125,14,10.0,2.0,0,0,0.3400937155802403,true_negative,2835
https://openalex.org/T10725,https://openalex.org/T12786,2015,2016,2020,0.45511961331341866,1,7,2,0.125,14,10.0,2.0,0,0,0.3400937155802403,true_negative,2833
https://openalex.org/T11369,https://openalex.org/T12576,2015,2016,2020,0.45511961331341866,1,7,2,0.125,14,10.0,2.0,0,0,0.3400937155802403,true_negative,2834
https://openalex.org/T10725,https://openalex.org/T10981,2015,2016,2020,0.45511961331341866,1,7,2,0.125,14,10.0,2.0,0,0,0.3400937155802403,true_negative,2832
https://openalex.org/T10096,https://openalex.org/T12039,2015,2016,2020,0.7213475204444817,1,4,3,0.16666666666666666,12,4.0,4.0,0,0,0.3398679840472063,true_negative,2837
https://openalex.org/T10096,https://openalex.org/T11733,2015,2016,2020,0.7213475204444817,1,4,3,0.16666666666666666,12,4.0,4.0,0,0,0.3398679840472063,true_negative,2836
https://openalex.org/T10074,https://openalex.org/T11434,2015,2016,2020,0.5138983423697507,1,7,2,0.125,14,14.0,2.0,0,0,0.33968913565676806,true_negative,2838
https://openalex.org/T10074,https://openalex.org/T11601,2015,2016,2020,0.5138983423697507,1,7,2,0.125,14,14.0,2.0,0,0,0.33968913565676806,true_negative,2839
https://openalex.org/T11639,https://openalex.org/T14393,2015,2016,2020,0.48089834696298783,1,5,4,0.125,20,6.0,4.0,0,0,0.3391400177789632,true_negative,2840
https://openalex.org/T11981,https://openalex.org/T12950,2015,2016,2020,0.3459762562611936,1,8,2,0.1111111111111111,16,14.0,2.0,0,0,0.3391257429027375,true_negative,2842
https://openalex.org/T11981,https://openalex.org/T12790,2015,2016,2020,0.3459762562611936,1,8,2,0.1111111111111111,16,14.0,2.0,0,0,0.3391257429027375,true_negative,2841
https://openalex.org/T11981,https://openalex.org/T13412,2015,2016,2020,0.3459762562611936,1,8,2,0.1111111111111111,16,14.0,2.0,0,0,0.3391257429027375,true_negative,2843
https://openalex.org/T11981,https://openalex.org/T14023,2015,2016,2020,0.3459762562611936,1,8,2,0.1111111111111111,16,14.0,2.0,0,0,0.3391257429027375,true_negative,2844
https://openalex.org/T10472,https://openalex.org/T11277,2015,2016,2020,0.33380820069533407,1,4,6,0.1111111111111111,24,4.0,6.0,0,0,0.3390973333350315,true_negative,2846
https://openalex.org/T10472,https://openalex.org/T10923,2015,2016,2020,0.33380820069533407,1,4,6,0.1111111111111111,24,4.0,6.0,0,0,0.3390973333350315,true_negative,2845
https://openalex.org/T10331,https://openalex.org/T12859,2015,2016,2020,0.48089834696298783,1,2,6,0.14285714285714285,12,2.0,8.0,0,0,0.33902166906771947,true_negative,2848
https://openalex.org/T10112,https://openalex.org/T11710,2015,2016,2020,0.48089834696298783,1,2,6,0.14285714285714285,12,2.0,8.0,0,0,0.33902166906771947,true_negative,2847
https://openalex.org/T10526,https://openalex.org/T11710,2015,2016,2020,0.48089834696298783,1,2,6,0.14285714285714285,12,2.0,8.0,0,0,0.33902166906771947,true_negative,2849
https://openalex.org/T10275,https://openalex.org/T11682,2015,2016,2020,0.33380820069533407,1,8,2,0.1111111111111111,16,18.0,4.0,0,0,0.3389277477114018,true_negative,2850
https://openalex.org/T10382,https://openalex.org/T12046,2015,2016,2020,0.33380820069533407,1,5,4,0.125,20,6.0,8.0,0,0,0.33864815997417613,true_negative,2851
https://openalex.org/T11753,https://openalex.org/T12467,2015,2016,2020,1.8204784532536746,2,2,2,1.0,4,2.0,2.0,0,0,0.3385631236970952,true_negative,2852
https://openalex.org/T13389,https://openalex.org/T13901,2015,2016,2020,1.8204784532536746,2,2,2,1.0,4,2.0,2.0,0,0,0.3385631236970952,true_negative,2853
https://openalex.org/T10057,https://openalex.org/T12303,2015,2016,2020,0.43429448190325176,1,8,2,0.1111111111111111,16,20.0,2.0,0,0,0.33854590374444465,true_negative,2854
https://openalex.org/T10519,https://openalex.org/T12859,2015,2016,2020,0.318928988903801,1,4,6,0.1111111111111111,24,8.0,8.0,0,0,0.33842789553243446,true_negative,2855
https://openalex.org/T10604,https://openalex.org/T11578,2015,2016,2020,0.2790553132756236,1,8,4,0.09090909090909091,32,20.0,4.0,0,0,0.33838790119078843,true_negative,2857
https://openalex.org/T10604,https://openalex.org/T10857,2015,2016,2020,0.2790553132756236,1,8,4,0.09090909090909091,32,20.0,4.0,0,0,0.33838790119078843,true_negative,2856
https://openalex.org/T11277,https://openalex.org/T12529,2015,2016,2020,0.33380820069533407,1,6,4,0.1111111111111111,24,6.0,4.0,0,0,0.33837701039702894,true_negative,2859
https://openalex.org/T10923,https://openalex.org/T12529,2015,2016,2020,0.33380820069533407,1,6,4,0.1111111111111111,24,6.0,4.0,0,0,0.33837701039702894,true_negative,2858
https://openalex.org/T10049,https://openalex.org/T10353,2015,2016,2020,0.35295612386476116,1,2,7,0.125,14,2.0,8.0,0,0,0.33836778728571887,true_negative,2860
https://openalex.org/T10857,https://openalex.org/T11354,2015,2016,2020,0.2790553132756236,1,4,3,0.16666666666666666,12,4.0,16.0,0,0,0.33821432618369623,true_negative,2861
https://openalex.org/T10836,https://openalex.org/T12745,2015,2016,2020,0.40242960438184466,1,7,2,0.125,14,12.0,4.0,0,0,0.33816059574021184,true_negative,2862
https://openalex.org/T12296,https://openalex.org/T12816,2015,2016,2020,0.7213475204444817,1,2,5,0.16666666666666666,10,2.0,5.0,0,0,0.3381384685128573,true_negative,2864
https://openalex.org/T10038,https://openalex.org/T12816,2015,2016,2020,0.7213475204444817,1,2,5,0.16666666666666666,10,2.0,5.0,0,0,0.3381384685128573,true_negative,2863
https://openalex.org/T11476,https://openalex.org/T12592,2015,2016,2020,0.40242960438184466,1,2,6,0.14285714285714285,12,2.0,10.0,0,0,0.3379199377196003,true_negative,2866
https://openalex.org/T11187,https://openalex.org/T12592,2015,2016,2020,0.40242960438184466,1,2,6,0.14285714285714285,12,2.0,10.0,0,0,0.3379199377196003,true_negative,2865
https://openalex.org/T10281,https://openalex.org/T10382,2015,2016,2020,0.48089834696298783,1,4,5,0.125,20,8.0,6.0,0,0,0.33780326812277506,true_negative,2867
https://openalex.org/T12816,https://openalex.org/T14093,2015,2016,2020,0.7213475204444817,1,5,2,0.16666666666666666,10,5.0,2.0,0,0,0.3370597612934313,true_negative,2868
https://openalex.org/T10502,https://openalex.org/T11682,2015,2016,2020,0.33380820069533407,1,7,2,0.125,14,8.0,4.0,0,0,0.33685507954886246,true_negative,2870
https://openalex.org/T10502,https://openalex.org/T11272,2015,2016,2020,0.33380820069533407,1,7,2,0.125,14,8.0,4.0,0,0,0.33685507954886246,true_negative,2869
https://openalex.org/T10932,https://openalex.org/T11764,2015,2016,2020,0.2790553132756236,1,6,3,0.125,18,8.0,8.0,0,0,0.33620920018519707,true_negative,2871
https://openalex.org/T11289,https://openalex.org/T11764,2015,2016,2020,0.2790553132756236,1,6,3,0.125,18,8.0,8.0,0,0,0.33620920018519707,true_negative,2872
https://openalex.org/T10030,https://openalex.org/T10321,2015,2016,2020,0.45511961331341866,1,2,5,0.16666666666666666,10,2.0,12.0,0,0,0.33575021079479833,true_negative,2873
https://openalex.org/T10179,https://openalex.org/T10472,2015,2016,2020,0.33380820069533407,1,7,4,0.1,28,16.0,4.0,0,0,0.3355691633753563,true_negative,2874
https://openalex.org/T10179,https://openalex.org/T12529,2015,2016,2020,0.33380820069533407,1,7,4,0.1,28,16.0,4.0,0,0,0.3355691633753563,true_negative,2875
https://openalex.org/T10057,https://openalex.org/T11210,2015,2016,2020,0.4170323914242463,1,8,2,0.1111111111111111,16,20.0,2.0,0,0,0.3355511835211032,true_negative,2879
https://openalex.org/T10057,https://openalex.org/T11205,2015,2016,2020,0.4170323914242463,1,8,2,0.1111111111111111,16,20.0,2.0,0,0,0.3355511835211032,true_negative,2878
https://openalex.org/T10057,https://openalex.org/T10770,2015,2016,2020,0.4170323914242463,1,8,2,0.1111111111111111,16,20.0,2.0,0,0,0.3355511835211032,true_negative,2877
https://openalex.org/T10057,https://openalex.org/T10185,2015,2016,2020,0.4170323914242463,1,8,2,0.1111111111111111,16,20.0,2.0,0,0,0.3355511835211032,true_negative,2876
https://openalex.org/T10015,https://openalex.org/T12114,2015,2016,2020,0.31066746727980593,1,36,9,0.022727272727272728,324,158.0,10.0,0,0,0.3353247997015082,true_negative,2880
https://openalex.org/T10338,https://openalex.org/T10502,2015,2016,2020,0.33380820069533407,1,2,7,0.125,14,2.0,8.0,0,0,0.33504755972992767,true_negative,2881
https://openalex.org/T12945,https://openalex.org/T13141,2015,2016,2020,0.6213349345596119,1,1,6,0.16666666666666666,6,1.0,7.0,0,0,0.3350333498834491,true_negative,2882
https://openalex.org/T10303,https://openalex.org/T11247,2015,2016,2020,0.7213475204444817,1,5,2,0.16666666666666666,10,6.0,2.0,0,0,0.3344148042082895,true_negative,2884
https://openalex.org/T11639,https://openalex.org/T12783,2015,2016,2020,0.7213475204444817,1,5,2,0.16666666666666666,10,6.0,2.0,0,0,0.3344148042082895,true_negative,2888
https://openalex.org/T12072,https://openalex.org/T12797,2015,2016,2020,0.7213475204444817,1,5,2,0.16666666666666666,10,6.0,2.0,0,0,0.3344148042082895,true_negative,2890
https://openalex.org/T10351,https://openalex.org/T10966,2015,2016,2020,0.7213475204444817,1,5,2,0.16666666666666666,10,6.0,2.0,0,0,0.3344148042082895,true_negative,2885
https://openalex.org/T10824,https://openalex.org/T11612,2015,2016,2020,0.7213475204444817,1,5,2,0.16666666666666666,10,6.0,2.0,0,0,0.3344148042082895,true_negative,2887
https://openalex.org/T12072,https://openalex.org/T12261,2015,2016,2020,0.7213475204444817,1,5,2,0.16666666666666666,10,6.0,2.0,0,0,0.3344148042082895,true_negative,2889
https://openalex.org/T10351,https://openalex.org/T11364,2015,2016,2020,0.7213475204444817,1,5,2,0.16666666666666666,10,6.0,2.0,0,0,0.3344148042082895,true_negative,2886
https://openalex.org/T10062,https://openalex.org/T11247,2015,2016,2020,0.7213475204444817,1,5,2,0.16666666666666666,10,6.0,2.0,0,0,0.3344148042082895,true_negative,2883
https://openalex.org/T10621,https://openalex.org/T11407,2015,2016,2020,0.31066746727980593,1,6,4,0.1111111111111111,24,6.0,4.0,0,0,0.3343664187635749,true_negative,2891
https://openalex.org/T11011,https://openalex.org/T11376,2015,2016,2020,0.48089834696298783,1,5,4,0.125,20,8.0,4.0,0,0,0.33384429619370876,true_negative,2892
https://openalex.org/T11011,https://openalex.org/T12315,2015,2016,2020,0.48089834696298783,1,5,4,0.125,20,8.0,4.0,0,0,0.33384429619370876,true_negative,2893
https://openalex.org/T10018,https://openalex.org/T11272,2015,2016,2020,0.33380820069533407,1,8,2,0.1111111111111111,16,20.0,4.0,0,0,0.3336336673719607,true_negative,2894
https://openalex.org/T10018,https://openalex.org/T11682,2015,2016,2020,0.33380820069533407,1,8,2,0.1111111111111111,16,20.0,4.0,0,0,0.3336336673719607,true_negative,2895
https://openalex.org/T10621,https://openalex.org/T12140,2015,2016,2020,0.45511961331341866,1,6,2,0.14285714285714285,12,6.0,4.0,0,0,0.3331208507919548,true_negative,2896
https://openalex.org/T11229,https://openalex.org/T11577,2015,2016,2020,0.4170323914242463,1,3,6,0.125,18,4.0,6.0,0,0,0.3326038471805975,true_negative,2897
https://openalex.org/T10120,https://openalex.org/T10591,2015,2016,2020,0.36067376022224085,1,6,4,0.1111111111111111,24,10.0,4.0,0,0,0.3324519332527114,true_negative,2898
https://openalex.org/T10317,https://openalex.org/T11652,2015,2016,2020,0.5138983423697507,1,2,6,0.14285714285714285,12,2.0,6.0,0,0,0.33224716415827654,true_negative,2899
https://openalex.org/T12046,https://openalex.org/T12627,2015,2016,2020,0.33380820069533407,1,4,4,0.14285714285714285,16,8.0,12.0,0,0,0.3321139271613909,true_negative,2901
https://openalex.org/T10657,https://openalex.org/T12627,2015,2016,2020,0.33380820069533407,1,4,4,0.14285714285714285,16,8.0,12.0,0,0,0.3321139271613909,true_negative,2900
https://openalex.org/T10604,https://openalex.org/T11048,2015,2016,2020,0.2790553132756236,1,8,3,0.1,24,20.0,4.0,0,0,0.3316650119875117,true_negative,2902
https://openalex.org/T10054,https://openalex.org/T10462,2015,2016,2020,0.5581106265512472,1,4,4,0.14285714285714285,16,4.0,4.0,0,0,0.33157656876184377,true_negative,2905
https://openalex.org/T10006,https://openalex.org/T12137,2015,2016,2020,0.5581106265512472,1,4,4,0.14285714285714285,16,4.0,4.0,0,0,0.33157656876184377,true_negative,2903
https://openalex.org/T11141,https://openalex.org/T12820,2015,2016,2020,0.5581106265512472,1,4,4,0.14285714285714285,16,4.0,4.0,0,0,0.33157656876184377,true_negative,2907
https://openalex.org/T10277,https://openalex.org/T14393,2015,2016,2020,0.5581106265512472,1,4,4,0.14285714285714285,16,4.0,4.0,0,0,0.33157656876184377,true_negative,2906
https://openalex.org/T10039,https://openalex.org/T12056,2015,2016,2020,0.5581106265512472,1,4,4,0.14285714285714285,16,4.0,4.0,0,0,0.33157656876184377,true_negative,2904
https://openalex.org/T10683,https://openalex.org/T12046,2015,2016,2020,0.35295612386476116,1,5,4,0.125,20,10.0,8.0,0,0,0.3313917187471745,true_negative,2908
https://openalex.org/T10203,https://openalex.org/T12676,2015,2016,2020,0.7213475204444817,1,3,4,0.16666666666666666,12,4.0,4.0,0,0,0.33133875802972385,true_negative,2909
https://openalex.org/T10120,https://openalex.org/T11764,2015,2016,2020,0.2790553132756236,1,6,3,0.125,18,10.0,8.0,0,0,0.3309363261110948,true_negative,2910
https://openalex.org/T10382,https://openalex.org/T12646,2015,2016,2020,0.36067376022224085,1,5,4,0.125,20,6.0,6.0,0,0,0.3308221321950896,true_negative,2911
https://openalex.org/T11639,https://openalex.org/T12196,2015,2016,2020,0.36067376022224085,1,5,4,0.125,20,6.0,6.0,0,0,0.3308221321950896,true_negative,2912
https://openalex.org/T11639,https://openalex.org/T12679,2015,2016,2020,0.36067376022224085,1,5,4,0.125,20,6.0,6.0,0,0,0.3308221321950896,true_negative,2913
https://openalex.org/T10587,https://openalex.org/T10773,2015,2016,2020,0.5138983423697507,1,6,2,0.14285714285714285,12,6.0,2.0,0,0,0.3308217941823506,true_negative,2914
https://openalex.org/T11443,https://openalex.org/T13141,2015,2016,2020,0.36926937306885504,1,3,6,0.125,18,4.0,7.0,0,0,0.3305909227372096,true_negative,2915
https://openalex.org/T12761,https://openalex.org/T13650,2015,2016,2020,0.5581106265512472,1,5,3,0.14285714285714285,15,6.0,3.0,0,0,0.33048393787760666,true_negative,2916
https://openalex.org/T10141,https://openalex.org/T13984,2015,2016,2020,0.40242960438184466,1,3,6,0.125,18,4.0,6.0,0,0,0.3300919061626567,true_negative,2917
https://openalex.org/T12254,https://openalex.org/T12592,2015,2016,2020,0.318928988903801,1,4,6,0.1111111111111111,24,16.0,10.0,0,0,0.3297792440488919,true_negative,2918
https://openalex.org/T10275,https://openalex.org/T11825,2015,2016,2020,0.35295612386476116,1,8,2,0.1111111111111111,16,18.0,2.0,0,0,0.32977276707530334,true_negative,2919
https://openalex.org/T10275,https://openalex.org/T12557,2015,2016,2020,0.35295612386476116,1,8,2,0.1111111111111111,16,18.0,2.0,0,0,0.32977276707530334,true_negative,2920
https://openalex.org/T11048,https://openalex.org/T12254,2015,2016,2020,0.2790553132756236,1,3,4,0.16666666666666666,12,4.0,16.0,0,0,0.329705872659775,true_negative,2921
https://openalex.org/T10537,https://openalex.org/T12592,2015,2016,2020,0.35295612386476116,1,2,6,0.14285714285714285,12,2.0,10.0,0,0,0.32938030645296806,true_negative,2922
https://openalex.org/T10853,https://openalex.org/T12592,2015,2016,2020,0.35295612386476116,1,2,6,0.14285714285714285,12,2.0,10.0,0,0,0.32938030645296806,true_negative,2923
https://openalex.org/T11519,https://openalex.org/T12592,2015,2016,2020,0.35295612386476116,1,2,6,0.14285714285714285,12,2.0,10.0,0,0,0.32938030645296806,true_negative,2924
https://openalex.org/T10581,https://openalex.org/T10662,2015,2016,2020,0.43429448190325176,1,6,4,0.1111111111111111,24,16.0,4.0,0,0,0.3293523675325556,true_negative,2925
https://openalex.org/T11577,https://openalex.org/T13447,2015,2016,2020,0.35295612386476116,1,6,3,0.125,18,6.0,4.0,0,0,0.3293462836207348,true_negative,2927
https://openalex.org/T11577,https://openalex.org/T11928,2015,2016,2020,0.35295612386476116,1,6,3,0.125,18,6.0,4.0,0,0,0.3293462836207348,true_negative,2926
https://openalex.org/T10207,https://openalex.org/T10505,2015,2016,2020,0.45511961331341866,1,2,6,0.14285714285714285,12,4.0,8.0,0,0,0.329291403761699,true_negative,2928
https://openalex.org/T10015,https://openalex.org/T11447,2015,2016,2020,0.45511961331341866,1,36,10,0.022222222222222223,360,158.0,13.0,0,0,0.329259742505776,true_negative,2929
https://openalex.org/T10932,https://openalex.org/T11407,2015,2016,2020,0.31066746727980593,1,6,4,0.1111111111111111,24,8.0,4.0,0,0,0.32910811650433763,true_negative,2930
https://openalex.org/T10663,https://openalex.org/T12627,2015,2016,2020,0.48089834696298783,1,3,4,0.16666666666666666,12,8.0,12.0,0,0,0.3291020359085851,true_negative,2931
https://openalex.org/T10353,https://openalex.org/T13104,2015,2016,2020,0.36067376022224085,1,7,2,0.125,14,8.0,2.0,0,0,0.3290498723477421,true_negative,2932
https://openalex.org/T10657,https://openalex.org/T10923,2015,2016,2020,0.33380820069533407,1,4,6,0.1111111111111111,24,8.0,6.0,0,0,0.3285481348106325,true_negative,2933
https://openalex.org/T10657,https://openalex.org/T11277,2015,2016,2020,0.33380820069533407,1,4,6,0.1111111111111111,24,8.0,6.0,0,0,0.3285481348106325,true_negative,2934
https://openalex.org/T12496,https://openalex.org/T13141,2015,2016,2020,0.45511961331341866,1,2,6,0.14285714285714285,12,2.0,7.0,0,0,0.32834639809192134,true_negative,2935
https://openalex.org/T13117,https://openalex.org/T14153,2015,2016,2020,0.3459762562611936,1,5,4,0.125,20,6.0,6.0,0,0,0.3283008107341858,true_negative,2936
https://openalex.org/T10594,https://openalex.org/T11354,2015,2016,2020,0.4170323914242463,1,3,3,0.2,9,4.0,16.0,0,0,0.3280944636744469,true_negative,2937
https://openalex.org/T11229,https://openalex.org/T11354,2015,2016,2020,0.4170323914242463,1,3,3,0.2,9,4.0,16.0,0,0,0.3280944636744469,true_negative,2938
https://openalex.org/T10353,https://openalex.org/T11825,2015,2016,2020,0.35295612386476116,1,7,2,0.125,14,8.0,2.0,0,0,0.3277283297458252,true_negative,2940
https://openalex.org/T10502,https://openalex.org/T11206,2015,2016,2020,0.35295612386476116,1,7,2,0.125,14,8.0,2.0,0,0,0.3277283297458252,true_negative,2941
https://openalex.org/T10502,https://openalex.org/T13126,2015,2016,2020,0.35295612386476116,1,7,2,0.125,14,8.0,2.0,0,0,0.3277283297458252,true_negative,2943
https://openalex.org/T10502,https://openalex.org/T12292,2015,2016,2020,0.35295612386476116,1,7,2,0.125,14,8.0,2.0,0,0,0.3277283297458252,true_negative,2942
https://openalex.org/T10182,https://openalex.org/T11519,2015,2016,2020,0.35295612386476116,1,7,2,0.125,14,8.0,2.0,0,0,0.3277283297458252,true_negative,2939
https://openalex.org/T10207,https://openalex.org/T10587,2015,2016,2020,0.5138983423697507,1,2,6,0.14285714285714285,12,4.0,6.0,0,0,0.3270058167262502,true_negative,2944
https://openalex.org/T10400,https://openalex.org/T11652,2015,2016,2020,0.48089834696298783,1,2,6,0.14285714285714285,12,2.0,6.0,0,0,0.32658743771063764,true_negative,2946
https://openalex.org/T10394,https://openalex.org/T10560,2015,2016,2020,0.48089834696298783,1,2,6,0.14285714285714285,12,2.0,6.0,0,0,0.32658743771063764,true_negative,2945
https://openalex.org/T10024,https://openalex.org/T10660,2015,2016,2020,0.6213349345596119,1,3,4,0.16666666666666666,12,4.0,6.0,0,0,0.32656035721502885,true_negative,2947
https://openalex.org/T10275,https://openalex.org/T10478,2015,2016,2020,0.33380820069533407,1,8,2,0.1111111111111111,16,18.0,2.0,0,0,0.32649525953643777,true_negative,2949
https://openalex.org/T10275,https://openalex.org/T12220,2015,2016,2020,0.33380820069533407,1,8,2,0.1111111111111111,16,18.0,2.0,0,0,0.32649525953643777,true_negative,2951
https://openalex.org/T10275,https://openalex.org/T10338,2015,2016,2020,0.33380820069533407,1,8,2,0.1111111111111111,16,18.0,2.0,0,0,0.32649525953643777,true_negative,2948
https://openalex.org/T10275,https://openalex.org/T11992,2015,2016,2020,0.33380820069533407,1,8,2,0.1111111111111111,16,18.0,2.0,0,0,0.32649525953643777,true_negative,2950
https://openalex.org/T11090,https://openalex.org/T12056,2015,2016,2020,0.5581106265512472,1,4,4,0.14285714285714285,16,6.0,4.0,0,0,0.32634063018726733,true_negative,2953
https://openalex.org/T10100,https://openalex.org/T10462,2015,2016,2020,0.5581106265512472,1,4,4,0.14285714285714285,16,6.0,4.0,0,0,0.32634063018726733,true_negative,2952
https://openalex.org/T11093,https://openalex.org/T13748,2015,2016,2020,0.35295612386476116,1,4,5,0.125,20,4.0,6.0,0,0,0.3262940035193436,true_negative,2957
https://openalex.org/T10272,https://openalex.org/T13748,2015,2016,2020,0.35295612386476116,1,4,5,0.125,20,4.0,6.0,0,0,0.3262940035193436,true_negative,2956
https://openalex.org/T10102,https://openalex.org/T13748,2015,2016,2020,0.35295612386476116,1,4,5,0.125,20,4.0,6.0,0,0,0.3262940035193436,true_negative,2955
https://openalex.org/T10096,https://openalex.org/T11986,2015,2016,2020,0.35295612386476116,1,4,5,0.125,20,4.0,6.0,0,0,0.3262940035193436,true_negative,2954
https://openalex.org/T11273,https://openalex.org/T12072,2015,2016,2020,0.35295612386476116,1,4,5,0.125,20,4.0,6.0,0,0,0.3262940035193436,true_negative,2958
https://openalex.org/T10689,https://openalex.org/T11304,2015,2016,2020,0.5581106265512472,1,2,4,0.2,8,2.0,12.0,0,0,0.32622944979098784,true_negative,2960
https://openalex.org/T10042,https://openalex.org/T11304,2015,2016,2020,0.5581106265512472,1,2,4,0.2,8,2.0,12.0,0,0,0.32622944979098784,true_negative,2959
https://openalex.org/T10836,https://openalex.org/T11232,2015,2016,2020,0.40242960438184466,1,7,2,0.125,14,12.0,2.0,0,0,0.32574238189243165,true_negative,2961
https://openalex.org/T10836,https://openalex.org/T11270,2015,2016,2020,0.40242960438184466,1,7,2,0.125,14,12.0,2.0,0,0,0.32574238189243165,true_negative,2962
https://openalex.org/T10836,https://openalex.org/T11337,2015,2016,2020,0.40242960438184466,1,7,2,0.125,14,12.0,2.0,0,0,0.32574238189243165,true_negative,2963
https://openalex.org/T10836,https://openalex.org/T12489,2015,2016,2020,0.40242960438184466,1,7,2,0.125,14,12.0,2.0,0,0,0.32574238189243165,true_negative,2964
https://openalex.org/T10185,https://openalex.org/T10845,2015,2016,2020,0.8513268733274981,2,2,3,0.6666666666666666,6,2.0,4.0,0,0,0.32549411501800835,true_negative,2965
https://openalex.org/T10344,https://openalex.org/T12679,2015,2016,2020,0.48089834696298783,1,4,4,0.14285714285714285,16,6.0,6.0,0,0,0.3254739618726168,true_negative,2966
https://openalex.org/T10344,https://openalex.org/T14153,2015,2016,2020,0.48089834696298783,1,4,4,0.14285714285714285,16,6.0,6.0,0,0,0.3254739618726168,true_negative,2967
https://openalex.org/T12196,https://openalex.org/T14153,2015,2016,2020,0.48089834696298783,1,4,4,0.14285714285714285,16,6.0,6.0,0,0,0.3254739618726168,true_negative,2968
https://openalex.org/T10202,https://openalex.org/T14078,2015,2016,2020,0.45511961331341866,1,3,4,0.16666666666666666,12,3.0,10.0,0,0,0.3254212319631613,true_negative,2969
https://openalex.org/T10052,https://openalex.org/T10331,2015,2016,2020,0.48089834696298783,1,6,2,0.14285714285714285,12,6.0,2.0,0,0,0.3251745245173914,true_negative,2970
https://openalex.org/T10560,https://openalex.org/T12539,2015,2016,2020,0.48089834696298783,1,6,2,0.14285714285714285,12,6.0,2.0,0,0,0.3251745245173914,true_negative,2972
https://openalex.org/T10560,https://openalex.org/T11207,2015,2016,2020,0.48089834696298783,1,6,2,0.14285714285714285,12,6.0,2.0,0,0,0.3251745245173914,true_negative,2971
https://openalex.org/T10008,https://openalex.org/T13117,2015,2016,2020,0.3459762562611936,1,4,5,0.125,20,4.0,6.0,0,0,0.32510383674490345,true_negative,2973
https://openalex.org/T12267,https://openalex.org/T13984,2015,2016,2020,0.40242960438184466,1,3,6,0.125,18,6.0,6.0,0,0,0.3248680174926969,true_negative,2974
https://openalex.org/T10519,https://openalex.org/T10621,2015,2016,2020,0.31066746727980593,1,4,6,0.1111111111111111,24,8.0,6.0,0,0,0.3245968854785816,true_negative,2975
https://openalex.org/T10057,https://openalex.org/T12292,2015,2016,2020,0.35295612386476116,1,8,2,0.1111111111111111,16,20.0,2.0,0,0,0.32455148210919693,true_negative,2977
https://openalex.org/T10057,https://openalex.org/T13126,2015,2016,2020,0.35295612386476116,1,8,2,0.1111111111111111,16,20.0,2.0,0,0,0.32455148210919693,true_negative,2978
https://openalex.org/T10057,https://openalex.org/T11206,2015,2016,2020,0.35295612386476116,1,8,2,0.1111111111111111,16,20.0,2.0,0,0,0.32455148210919693,true_negative,2976
https://openalex.org/T10502,https://openalex.org/T12220,2015,2016,2020,0.33380820069533407,1,7,2,0.125,14,8.0,2.0,0,0,0.3244613046579011,true_negative,2980
https://openalex.org/T10502,https://openalex.org/T11341,2015,2016,2020,0.33380820069533407,1,7,2,0.125,14,8.0,2.0,0,0,0.3244613046579011,true_negative,2979
https://openalex.org/T11981,https://openalex.org/T12926,2015,2016,2020,0.3459762562611936,1,8,1,0.125,8,14.0,1.0,0,0,0.32440492886089145,true_negative,2981
https://openalex.org/T10179,https://openalex.org/T10811,2015,2016,2020,0.45511961331341866,1,7,2,0.125,14,16.0,2.0,0,0,0.3243096824768341,true_negative,2982
https://openalex.org/T10179,https://openalex.org/T11007,2015,2016,2020,0.45511961331341866,1,7,2,0.125,14,16.0,2.0,0,0,0.3243096824768341,true_negative,2983
https://openalex.org/T10932,https://openalex.org/T10995,2015,2016,2020,0.3898712452512801,1,6,3,0.125,18,8.0,3.0,0,0,0.32427298784499914,true_negative,2984
https://openalex.org/T10604,https://openalex.org/T12640,2015,2016,2020,0.2790553132756236,1,8,2,0.1111111111111111,16,20.0,4.0,0,0,0.32425037685567876,true_negative,2985
https://openalex.org/T12168,https://openalex.org/T14374,2015,2016,2020,0.48089834696298783,1,3,5,0.14285714285714285,15,4.0,6.0,0,0,0.3241580754198345,true_negative,2986
https://openalex.org/T11141,https://openalex.org/T12279,2015,2016,2020,0.5138983423697507,1,4,4,0.14285714285714285,16,4.0,4.0,0,0,0.32401306092286136,true_negative,2987
https://openalex.org/T10932,https://openalex.org/T11578,2015,2016,2020,0.2790553132756236,1,6,4,0.1111111111111111,24,8.0,4.0,0,0,0.32371181067050503,true_negative,2988
https://openalex.org/T11289,https://openalex.org/T11578,2015,2016,2020,0.2790553132756236,1,6,4,0.1111111111111111,24,8.0,4.0,0,0,0.32371181067050503,true_negative,2989
https://openalex.org/T10303,https://openalex.org/T10857,2015,2016,2020,0.3898712452512801,1,5,4,0.125,20,6.0,4.0,0,0,0.32348470125105033,true_negative,2990
https://openalex.org/T10609,https://openalex.org/T10677,2015,2016,2020,0.48089834696298783,1,5,3,0.14285714285714285,15,6.0,4.0,0,0,0.32345395573301733,true_negative,2991
https://openalex.org/T10123,https://openalex.org/T11289,2015,2016,2020,0.3898712452512801,1,2,6,0.14285714285714285,12,2.0,8.0,0,0,0.3233691425056251,true_negative,2992
https://openalex.org/T10769,https://openalex.org/T11289,2015,2016,2020,0.3898712452512801,1,2,6,0.14285714285714285,12,2.0,8.0,0,0,0.3233691425056251,true_negative,2993
https://openalex.org/T10247,https://openalex.org/T12046,2015,2016,2020,0.45511961331341866,1,4,4,0.14285714285714285,16,10.0,8.0,0,0,0.32296503865442727,true_negative,2994
https://openalex.org/T10416,https://openalex.org/T12679,2015,2016,2020,0.31465798044412485,1,5,4,0.125,20,6.0,6.0,0,0,0.3229612597903278,true_negative,2995
https://openalex.org/T11491,https://openalex.org/T14078,2015,2016,2020,0.45511961331341866,1,3,4,0.16666666666666666,12,4.0,10.0,0,0,0.32282313073913066,true_negative,2996
https://openalex.org/T10445,https://openalex.org/T11129,2015,2016,2020,0.6213349345596119,1,4,3,0.16666666666666666,12,4.0,4.0,0,0,0.3226689446627538,true_negative,2997
https://openalex.org/T10120,https://openalex.org/T10207,2015,2016,2020,0.45511961331341866,1,6,2,0.14285714285714285,12,10.0,4.0,0,0,0.32266680535698883,true_negative,2998
https://openalex.org/T10120,https://openalex.org/T12140,2015,2016,2020,0.45511961331341866,1,6,2,0.14285714285714285,12,10.0,4.0,0,0,0.32266680535698883,true_negative,2999
https://openalex.org/T11881,https://openalex.org/T11986,2015,2016,2020,0.36067376022224085,1,4,5,0.125,20,6.0,6.0,0,0,0.3224090453275066,true_negative,3000
https://openalex.org/T10031,https://openalex.org/T13984,2015,2016,2020,0.45511961331341866,1,2,6,0.14285714285714285,12,2.0,6.0,0,0,0.32220098051442114,true_negative,3001
https://openalex.org/T10689,https://openalex.org/T13114,2015,2016,2020,0.45511961331341866,1,2,6,0.14285714285714285,12,2.0,6.0,0,0,0.32220098051442114,true_negative,3002
https://openalex.org/T10765,https://openalex.org/T13141,2015,2016,2020,0.4170323914242463,1,2,6,0.14285714285714285,12,2.0,7.0,0,0,0.32185830114914227,true_negative,3004
https://openalex.org/T10643,https://openalex.org/T13141,2015,2016,2020,0.4170323914242463,1,2,6,0.14285714285714285,12,2.0,7.0,0,0,0.32185830114914227,true_negative,3003
https://openalex.org/T10594,https://openalex.org/T13984,2015,2016,2020,0.35295612386476116,1,3,6,0.125,18,4.0,6.0,0,0,0.32165399110672893,true_negative,3005
https://openalex.org/T11928,https://openalex.org/T13984,2015,2016,2020,0.35295612386476116,1,3,6,0.125,18,4.0,6.0,0,0,0.32165399110672893,true_negative,3006
https://openalex.org/T11048,https://openalex.org/T11289,2015,2016,2020,0.2790553132756236,1,3,6,0.125,18,4.0,8.0,0,0,0.32135429508820884,true_negative,3007
https://openalex.org/T11048,https://openalex.org/T12859,2015,2016,2020,0.2790553132756236,1,3,6,0.125,18,4.0,8.0,0,0,0.32135429508820884,true_negative,3008
https://openalex.org/T10018,https://openalex.org/T11341,2015,2016,2020,0.33380820069533407,1,8,2,0.1111111111111111,16,20.0,2.0,0,0,0.32130099037273013,true_negative,3009
https://openalex.org/T10018,https://openalex.org/T11992,2015,2016,2020,0.33380820069533407,1,8,2,0.1111111111111111,16,20.0,2.0,0,0,0.32130099037273013,true_negative,3010
https://openalex.org/T10018,https://openalex.org/T12220,2015,2016,2020,0.33380820069533407,1,8,2,0.1111111111111111,16,20.0,2.0,0,0,0.32130099037273013,true_negative,3011
https://openalex.org/T10096,https://openalex.org/T12046,2015,2016,2020,0.35295612386476116,1,4,4,0.14285714285714285,16,4.0,8.0,0,0,0.3211830785618193,true_negative,3012
https://openalex.org/T10591,https://openalex.org/T12046,2015,2016,2020,0.35295612386476116,1,4,4,0.14285714285714285,16,4.0,8.0,0,0,0.3211830785618193,true_negative,3013
https://openalex.org/T10074,https://openalex.org/T11272,2015,2016,2020,0.33380820069533407,1,7,2,0.125,14,14.0,4.0,0,0,0.32114820585864684,true_negative,3014
https://openalex.org/T10074,https://openalex.org/T11682,2015,2016,2020,0.33380820069533407,1,7,2,0.125,14,14.0,4.0,0,0,0.32114820585864684,true_negative,3015
https://openalex.org/T11011,https://openalex.org/T12664,2015,2016,2020,0.35295612386476116,1,5,3,0.14285714285714285,15,8.0,8.0,0,0,0.3210409237213984,true_negative,3016
https://openalex.org/T11313,https://openalex.org/T12576,2015,2016,2020,0.45511961331341866,1,6,2,0.14285714285714285,12,6.0,2.0,0,0,0.32079800417556054,true_negative,3022
https://openalex.org/T11020,https://openalex.org/T11629,2015,2016,2020,0.45511961331341866,1,6,2,0.14285714285714285,12,6.0,2.0,0,0,0.32079800417556054,true_negative,3019
https://openalex.org/T10621,https://openalex.org/T12786,2015,2016,2020,0.45511961331341866,1,6,2,0.14285714285714285,12,6.0,2.0,0,0,0.32079800417556054,true_negative,3018
https://openalex.org/T11020,https://openalex.org/T12576,2015,2016,2020,0.45511961331341866,1,6,2,0.14285714285714285,12,6.0,2.0,0,0,0.32079800417556054,true_negative,3020
https://openalex.org/T11020,https://openalex.org/T12626,2015,2016,2020,0.45511961331341866,1,6,2,0.14285714285714285,12,6.0,2.0,0,0,0.32079800417556054,true_negative,3021
https://openalex.org/T10621,https://openalex.org/T10981,2015,2016,2020,0.45511961331341866,1,6,2,0.14285714285714285,12,6.0,2.0,0,0,0.32079800417556054,true_negative,3017
https://openalex.org/T10086,https://openalex.org/T12783,2015,2016,2020,0.48089834696298783,1,6,2,0.14285714285714285,12,8.0,2.0,0,0,0.3199912841611898,true_negative,3023
https://openalex.org/T12679,https://openalex.org/T13117,2015,2016,2020,0.3459762562611936,1,4,5,0.125,20,6.0,6.0,0,0,0.319921188971317,true_negative,3024
https://openalex.org/T10102,https://openalex.org/T10416,2015,2016,2020,0.31465798044412485,1,4,5,0.125,20,4.0,6.0,0,0,0.31979152697258584,true_negative,3025
https://openalex.org/T10826,https://openalex.org/T13117,2015,2016,2020,0.45511961331341866,1,3,5,0.14285714285714285,15,4.0,6.0,0,0,0.31978875254826333,true_negative,3026
https://openalex.org/T10416,https://openalex.org/T12664,2015,2016,2020,0.31465798044412485,1,5,3,0.14285714285714285,15,6.0,8.0,0,0,0.3197311715639142,true_negative,3027
https://openalex.org/T11764,https://openalex.org/T12254,2015,2016,2020,0.2790553132756236,1,3,4,0.16666666666666666,12,8.0,16.0,0,0,0.31930768292114997,true_negative,3028
https://openalex.org/T12592,https://openalex.org/T13447,2015,2016,2020,0.35295612386476116,1,6,3,0.125,18,10.0,4.0,0,0,0.3189540381694283,true_negative,3029
https://openalex.org/T11071,https://openalex.org/T12664,2015,2016,2020,0.667614104308886,2,2,3,0.6666666666666666,6,2.0,8.0,0,0,0.318805750069812,true_negative,3030
https://openalex.org/T11744,https://openalex.org/T12196,2015,2016,2020,0.36067376022224085,1,6,4,0.1111111111111111,24,20.0,6.0,0,0,0.31870887311536567,true_negative,3031
https://openalex.org/T10382,https://openalex.org/T12748,2015,2016,2020,0.36067376022224085,1,5,4,0.125,20,6.0,4.0,0,0,0.3185437022048875,true_negative,3034
https://openalex.org/T10382,https://openalex.org/T12044,2015,2016,2020,0.36067376022224085,1,5,4,0.125,20,6.0,4.0,0,0,0.3185437022048875,true_negative,3033
https://openalex.org/T10303,https://openalex.org/T10591,2015,2016,2020,0.36067376022224085,1,5,4,0.125,20,6.0,4.0,0,0,0.3185437022048875,true_negative,3032
https://openalex.org/T10120,https://openalex.org/T11578,2015,2016,2020,0.2790553132756236,1,6,4,0.1111111111111111,24,10.0,4.0,0,0,0.3185408800798969,true_negative,3036
https://openalex.org/T10120,https://openalex.org/T10857,2015,2016,2020,0.2790553132756236,1,6,4,0.1111111111111111,24,10.0,4.0,0,0,0.3185408800798969,true_negative,3035
https://openalex.org/T10432,https://openalex.org/T10932,2015,2016,2020,0.36067376022224085,1,2,6,0.14285714285714285,12,2.0,8.0,0,0,0.3184290777325304,true_negative,3037
https://openalex.org/T10492,https://openalex.org/T10932,2015,2016,2020,0.36067376022224085,1,2,6,0.14285714285714285,12,2.0,8.0,0,0,0.3184290777325304,true_negative,3038
https://openalex.org/T11376,https://openalex.org/T12315,2015,2016,2020,0.48089834696298783,1,4,4,0.14285714285714285,16,4.0,4.0,0,0,0.31842671246147924,true_negative,3045
https://openalex.org/T10272,https://openalex.org/T14393,2015,2016,2020,0.48089834696298783,1,4,4,0.14285714285714285,16,4.0,4.0,0,0,0.31842671246147924,true_negative,3041
https://openalex.org/T10272,https://openalex.org/T11097,2015,2016,2020,0.48089834696298783,1,4,4,0.14285714285714285,16,4.0,4.0,0,0,0.31842671246147924,true_negative,3039
https://openalex.org/T10417,https://openalex.org/T12386,2015,2016,2020,0.48089834696298783,1,4,4,0.14285714285714285,16,4.0,4.0,0,0,0.31842671246147924,true_negative,3042
https://openalex.org/T11097,https://openalex.org/T14393,2015,2016,2020,0.48089834696298783,1,4,4,0.14285714285714285,16,4.0,4.0,0,0,0.31842671246147924,true_negative,3044
https://openalex.org/T11097,https://openalex.org/T11376,2015,2016,2020,0.48089834696298783,1,4,4,0.14285714285714285,16,4.0,4.0,0,0,0.31842671246147924,true_negative,3043
https://openalex.org/T11376,https://openalex.org/T14393,2015,2016,2020,0.48089834696298783,1,4,4,0.14285714285714285,16,4.0,4.0,0,0,0.31842671246147924,true_negative,3046
https://openalex.org/T10272,https://openalex.org/T11376,2015,2016,2020,0.48089834696298783,1,4,4,0.14285714285714285,16,4.0,4.0,0,0,0.31842671246147924,true_negative,3040
https://openalex.org/T10351,https://openalex.org/T11457,2015,2016,2020,0.6213349345596119,1,5,2,0.16666666666666666,10,6.0,2.0,0,0,0.31735905602208997,true_negative,3047
https://openalex.org/T11986,https://openalex.org/T12748,2015,2016,2020,0.35295612386476116,1,5,4,0.125,20,6.0,4.0,0,0,0.3172444037480514,true_negative,3048
https://openalex.org/T12072,https://openalex.org/T12676,2015,2016,2020,0.35295612386476116,1,5,4,0.125,20,6.0,4.0,0,0,0.3172444037480514,true_negative,3049
https://openalex.org/T10862,https://openalex.org/T10867,2015,2016,2020,0.7213475204444817,1,2,4,0.2,8,2.0,6.0,0,0,0.3172236673184739,true_negative,3050
https://openalex.org/T10157,https://openalex.org/T10416,2015,2016,2020,0.31465798044412485,1,4,5,0.125,20,5.0,6.0,0,0,0.31721723638220417,true_negative,3051
https://openalex.org/T10207,https://openalex.org/T10621,2015,2016,2020,0.45511961331341866,1,2,6,0.14285714285714285,12,4.0,6.0,0,0,0.3170428698381604,true_negative,3052
https://openalex.org/T13051,https://openalex.org/T13349,2015,2016,2020,0.8010958695746122,2,2,3,0.6666666666666666,6,2.0,4.0,0,0,0.316990741977885,true_negative,3053
https://openalex.org/T10179,https://openalex.org/T11272,2015,2016,2020,0.33380820069533407,1,7,2,0.125,14,16.0,4.0,0,0,0.31599909154101674,true_negative,3054
https://openalex.org/T10179,https://openalex.org/T11682,2015,2016,2020,0.33380820069533407,1,7,2,0.125,14,16.0,4.0,0,0,0.31599909154101674,true_negative,3055
https://openalex.org/T11491,https://openalex.org/T11668,2015,2016,2020,0.5581106265512472,1,3,4,0.16666666666666666,12,4.0,6.0,0,0,0.31585826353667523,true_negative,3056
https://openalex.org/T10505,https://openalex.org/T10981,2015,2016,2020,0.45511961331341866,1,6,2,0.14285714285714285,12,8.0,2.0,0,0,0.3156518939691903,true_negative,3057
https://openalex.org/T10505,https://openalex.org/T12786,2015,2016,2020,0.45511961331341866,1,6,2,0.14285714285714285,12,8.0,2.0,0,0,0.3156518939691903,true_negative,3058
https://openalex.org/T10857,https://openalex.org/T11881,2015,2016,2020,0.3898712452512801,1,4,4,0.14285714285714285,16,4.0,6.0,0,0,0.3152511885803092,true_negative,3059
https://openalex.org/T10144,https://openalex.org/T11011,2015,2016,2020,0.35295612386476116,1,3,5,0.14285714285714285,15,4.0,8.0,0,0,0.31473813698428604,true_negative,3060
https://openalex.org/T10640,https://openalex.org/T10765,2015,2016,2020,0.4170323914242463,1,6,2,0.14285714285714285,12,6.0,2.0,0,0,0.3143892457301673,true_negative,3062
https://openalex.org/T10640,https://openalex.org/T10643,2015,2016,2020,0.4170323914242463,1,6,2,0.14285714285714285,12,6.0,2.0,0,0,0.3143892457301673,true_negative,3061
https://openalex.org/T10024,https://openalex.org/T12529,2015,2016,2020,0.6213349345596119,1,3,4,0.16666666666666666,12,4.0,4.0,0,0,0.31436579509554474,true_negative,3063
https://openalex.org/T10382,https://openalex.org/T12529,2015,2016,2020,0.33380820069533407,1,5,4,0.125,20,6.0,4.0,0,0,0.31403307029924626,true_negative,3064
https://openalex.org/T10660,https://openalex.org/T10663,2015,2016,2020,0.45511961331341866,1,4,3,0.16666666666666666,12,6.0,8.0,0,0,0.3138249527984937,true_negative,3065
https://openalex.org/T11798,https://openalex.org/T13141,2015,2016,2020,0.36926937306885504,1,2,6,0.14285714285714285,12,2.0,7.0,0,0,0.3138182513793897,true_negative,3066
https://openalex.org/T12135,https://openalex.org/T13141,2015,2016,2020,0.36926937306885504,1,2,6,0.14285714285714285,12,2.0,7.0,0,0,0.3138182513793897,true_negative,3068
https://openalex.org/T11918,https://openalex.org/T13141,2015,2016,2020,0.36926937306885504,1,2,6,0.14285714285714285,12,2.0,7.0,0,0,0.3138182513793897,true_negative,3067
https://openalex.org/T12368,https://openalex.org/T13141,2015,2016,2020,0.36926937306885504,1,2,6,0.14285714285714285,12,2.0,7.0,0,0,0.3138182513793897,true_negative,3069
https://openalex.org/T11578,https://openalex.org/T11986,2015,2016,2020,0.2790553132756236,1,4,5,0.125,20,4.0,6.0,0,0,0.3138088324906072,true_negative,3071
https://openalex.org/T10857,https://openalex.org/T11986,2015,2016,2020,0.2790553132756236,1,4,5,0.125,20,4.0,6.0,1,0,0.3138088324906072,false_negative,3070
https://openalex.org/T11337,https://openalex.org/T13984,2015,2016,2020,0.40242960438184466,1,2,6,0.14285714285714285,12,2.0,6.0,0,0,0.3133327020214855,true_negative,3073
https://openalex.org/T11232,https://openalex.org/T13984,2015,2016,2020,0.40242960438184466,1,2,6,0.14285714285714285,12,2.0,6.0,0,0,0.3133327020214855,true_negative,3072
https://openalex.org/T12489,https://openalex.org/T13984,2015,2016,2020,0.40242960438184466,1,2,6,0.14285714285714285,12,2.0,6.0,0,0,0.3133327020214855,true_negative,3074
https://openalex.org/T10867,https://openalex.org/T11376,2015,2016,2020,0.48089834696298783,1,4,4,0.14285714285714285,16,6.0,4.0,0,0,0.31330109484902696,true_negative,3075
https://openalex.org/T10683,https://openalex.org/T10857,2015,2016,2020,0.3898712452512801,1,5,4,0.125,20,10.0,4.0,0,0,0.313191039217123,true_negative,3076
https://openalex.org/T10751,https://openalex.org/T11764,2015,2016,2020,0.4170323914242463,1,4,3,0.16666666666666666,12,4.0,8.0,0,0,0.3125662747343158,true_negative,3077
https://openalex.org/T10923,https://openalex.org/T11682,2015,2016,2020,0.33380820069533407,1,6,2,0.14285714285714285,12,6.0,4.0,0,0,0.3125357781622831,true_negative,3079
https://openalex.org/T10923,https://openalex.org/T11272,2015,2016,2020,0.33380820069533407,1,6,2,0.14285714285714285,12,6.0,4.0,0,0,0.3125357781622831,true_negative,3078
https://openalex.org/T11277,https://openalex.org/T11682,2015,2016,2020,0.33380820069533407,1,6,2,0.14285714285714285,12,6.0,4.0,0,0,0.3125357781622831,true_negative,3080
https://openalex.org/T11011,https://openalex.org/T11930,2015,2016,2020,0.35295612386476116,1,5,4,0.125,20,8.0,4.0,0,0,0.3121291019584439,true_negative,3081
https://openalex.org/T11011,https://openalex.org/T12574,2015,2016,2020,0.35295612386476116,1,5,4,0.125,20,8.0,4.0,0,0,0.3121291019584439,true_negative,3082
https://openalex.org/T10143,https://openalex.org/T10867,2015,2016,2020,0.7213475204444817,1,2,4,0.2,8,4.0,6.0,0,0,0.3121085470413716,true_negative,3086
https://openalex.org/T10051,https://openalex.org/T10218,2015,2016,2020,0.7213475204444817,1,2,4,0.2,8,4.0,6.0,0,0,0.3121085470413716,true_negative,3083
https://openalex.org/T10143,https://openalex.org/T10218,2015,2016,2020,0.7213475204444817,1,2,4,0.2,8,4.0,6.0,0,0,0.3121085470413716,true_negative,3085
https://openalex.org/T10051,https://openalex.org/T10867,2015,2016,2020,0.7213475204444817,1,2,4,0.2,8,4.0,6.0,0,0,0.3121085470413716,true_negative,3084
https://openalex.org/T10604,https://openalex.org/T10715,2015,2016,2020,0.2790553132756236,1,8,2,0.1111111111111111,16,20.0,2.0,0,0,0.31210209815658835,true_negative,3087
https://openalex.org/T10604,https://openalex.org/T12134,2015,2016,2020,0.2790553132756236,1,8,2,0.1111111111111111,16,20.0,2.0,0,0,0.31210209815658835,true_negative,3090
https://openalex.org/T10604,https://openalex.org/T11470,2015,2016,2020,0.2790553132756236,1,8,2,0.1111111111111111,16,20.0,2.0,0,0,0.31210209815658835,true_negative,3088
https://openalex.org/T10604,https://openalex.org/T11879,2015,2016,2020,0.2790553132756236,1,8,2,0.1111111111111111,16,20.0,2.0,0,0,0.31210209815658835,true_negative,3089
https://openalex.org/T10006,https://openalex.org/T10314,2015,2016,2020,0.5581106265512472,1,4,3,0.16666666666666666,12,4.0,4.0,0,0,0.31203529055269014,true_negative,3091
https://openalex.org/T10039,https://openalex.org/T10095,2015,2016,2020,0.5581106265512472,1,4,3,0.16666666666666666,12,4.0,4.0,0,0,0.31203529055269014,true_negative,3093
https://openalex.org/T10006,https://openalex.org/T11454,2015,2016,2020,0.5581106265512472,1,4,3,0.16666666666666666,12,4.0,4.0,0,0,0.31203529055269014,true_negative,3092
https://openalex.org/T10621,https://openalex.org/T10742,2015,2016,2020,0.40242960438184466,1,6,2,0.14285714285714285,12,6.0,2.0,0,0,0.3119505688202368,true_negative,3094
https://openalex.org/T10621,https://openalex.org/T11476,2015,2016,2020,0.40242960438184466,1,6,2,0.14285714285714285,12,6.0,2.0,0,0,0.3119505688202368,true_negative,3095
https://openalex.org/T10621,https://openalex.org/T13976,2015,2016,2020,0.40242960438184466,1,6,2,0.14285714285714285,12,6.0,2.0,0,0,0.3119505688202368,true_negative,3096
https://openalex.org/T10932,https://openalex.org/T11048,2015,2016,2020,0.2790553132756236,1,6,3,0.125,18,8.0,4.0,0,0,0.31168783988019944,true_negative,3097
https://openalex.org/T10062,https://openalex.org/T10207,2015,2016,2020,0.5138983423697507,1,5,2,0.16666666666666666,10,6.0,4.0,0,0,0.3114505439707334,true_negative,3098
https://openalex.org/T11396,https://openalex.org/T12072,2015,2016,2020,0.3898712452512801,1,3,5,0.14285714285714285,15,3.0,6.0,0,0,0.31140856816725787,true_negative,3099
https://openalex.org/T11396,https://openalex.org/T12761,2015,2016,2020,0.3898712452512801,1,3,5,0.14285714285714285,15,3.0,6.0,0,0,0.31140856816725787,true_negative,3100
https://openalex.org/T10848,https://openalex.org/T12761,2015,2016,2020,0.5581106265512472,1,2,5,0.16666666666666666,10,4.0,6.0,0,0,0.3112980801007668,true_negative,3101
https://openalex.org/T10030,https://openalex.org/T11907,2015,2016,2020,0.45511961331341866,1,2,5,0.16666666666666666,10,2.0,8.0,0,0,0.31124663000522584,true_negative,3102
https://openalex.org/T11764,https://openalex.org/T12859,2015,2016,2020,0.2790553132756236,1,3,6,0.125,18,8.0,8.0,0,0,0.31109725074396827,true_negative,3103
https://openalex.org/T10416,https://openalex.org/T12574,2015,2016,2020,0.31465798044412485,1,5,4,0.125,20,6.0,4.0,0,0,0.31083906227115804,true_negative,3105
https://openalex.org/T10416,https://openalex.org/T11880,2015,2016,2020,0.31465798044412485,1,5,4,0.125,20,6.0,4.0,0,0,0.31083906227115804,true_negative,3104
https://openalex.org/T10024,https://openalex.org/T12046,2015,2016,2020,0.45511961331341866,1,3,4,0.16666666666666666,12,4.0,8.0,0,0,0.3107037385298981,true_negative,3106
https://openalex.org/T11195,https://openalex.org/T11652,2015,2016,2020,0.5138983423697507,1,1,6,0.16666666666666666,6,1.0,6.0,0,0,0.3106840380093724,true_negative,3108
https://openalex.org/T11060,https://openalex.org/T11577,2015,2016,2020,0.5138983423697507,1,1,6,0.16666666666666666,6,1.0,6.0,0,0,0.3106840380093724,true_negative,3107
https://openalex.org/T10017,https://openalex.org/T10330,2015,2016,2020,0.43429448190325176,1,4,4,0.14285714285714285,16,4.0,4.0,0,0,0.31062582940986694,true_negative,3109
https://openalex.org/T10017,https://openalex.org/T10644,2015,2016,2020,0.43429448190325176,1,4,4,0.14285714285714285,16,4.0,4.0,0,0,0.31062582940986694,true_negative,3110
https://openalex.org/T10631,https://openalex.org/T11297,2015,2016,2020,0.43429448190325176,1,4,4,0.14285714285714285,16,4.0,4.0,0,0,0.31062582940986694,true_negative,3112
https://openalex.org/T10330,https://openalex.org/T10644,2015,2016,2020,0.43429448190325176,1,4,4,0.14285714285714285,16,4.0,4.0,0,0,0.31062582940986694,true_negative,3111
https://openalex.org/T10120,https://openalex.org/T10981,2015,2016,2020,0.45511961331341866,1,6,2,0.14285714285714285,12,10.0,2.0,0,0,0.3105505905132145,true_negative,3113
https://openalex.org/T10120,https://openalex.org/T12786,2015,2016,2020,0.45511961331341866,1,6,2,0.14285714285714285,12,10.0,2.0,0,0,0.3105505905132145,true_negative,3114
https://openalex.org/T10472,https://openalex.org/T12646,2015,2016,2020,0.36067376022224085,1,4,4,0.14285714285714285,16,4.0,6.0,0,0,0.31037825271370933,true_negative,3115
https://openalex.org/T10591,https://openalex.org/T11881,2015,2016,2020,0.36067376022224085,1,4,4,0.14285714285714285,16,4.0,6.0,0,0,0.31037825271370933,true_negative,3116
https://openalex.org/T12044,https://openalex.org/T12646,2015,2016,2020,0.36067376022224085,1,4,4,0.14285714285714285,16,4.0,6.0,0,0,0.31037825271370933,true_negative,3117
https://openalex.org/T11772,https://openalex.org/T11928,2015,2016,2020,0.7553857282466059,2,2,3,0.6666666666666666,6,2.0,4.0,0,0,0.30935731301666386,true_negative,3118
https://openalex.org/T10074,https://openalex.org/T10338,2015,2016,2020,0.33380820069533407,1,7,2,0.125,14,14.0,2.0,0,0,0.30906299518743985,true_negative,3119
https://openalex.org/T10074,https://openalex.org/T11341,2015,2016,2020,0.33380820069533407,1,7,2,0.125,14,14.0,2.0,0,0,0.30906299518743985,true_negative,3120
https://openalex.org/T10074,https://openalex.org/T12220,2015,2016,2020,0.33380820069533407,1,7,2,0.125,14,14.0,2.0,0,0,0.30906299518743985,true_negative,3121
https://openalex.org/T10344,https://openalex.org/T13777,2015,2016,2020,0.45511961331341866,1,4,4,0.14285714285714285,16,6.0,4.0,0,0,0.3090112024096164,true_negative,3122
https://openalex.org/T11577,https://openalex.org/T14313,2015,2016,2020,0.5138983423697507,1,6,1,0.16666666666666666,6,6.0,1.0,0,0,0.308964923320308,true_negative,3123
https://openalex.org/T11011,https://openalex.org/T11700,2015,2016,2020,0.35295612386476116,1,5,3,0.14285714285714285,15,8.0,6.0,0,0,0.30895791282548235,true_negative,3124
https://openalex.org/T12745,https://openalex.org/T13984,2015,2016,2020,0.40242960438184466,1,2,6,0.14285714285714285,12,4.0,6.0,0,0,0.3082519968581819,true_negative,3125
https://openalex.org/T10008,https://openalex.org/T14153,2015,2016,2020,0.3459762562611936,1,4,4,0.14285714285714285,16,4.0,6.0,0,0,0.3079410412126699,true_negative,3127
https://openalex.org/T10008,https://openalex.org/T12679,2015,2016,2020,0.3459762562611936,1,4,4,0.14285714285714285,16,4.0,6.0,0,0,0.3079410412126699,true_negative,3126
https://openalex.org/T10657,https://openalex.org/T12046,2015,2016,2020,0.33380820069533407,1,4,4,0.14285714285714285,16,8.0,8.0,0,0,0.3077527744070802,true_negative,3128
https://openalex.org/T10416,https://openalex.org/T11700,2015,2016,2020,0.31465798044412485,1,5,3,0.14285714285714285,15,6.0,6.0,0,0,0.3076751173528412,true_negative,3129
https://openalex.org/T10492,https://openalex.org/T10683,2015,2016,2020,0.36067376022224085,1,2,5,0.16666666666666666,10,2.0,10.0,0,0,0.30754477903489963,true_negative,3131
https://openalex.org/T10432,https://openalex.org/T10683,2015,2016,2020,0.36067376022224085,1,2,5,0.16666666666666666,10,2.0,10.0,0,0,0.30754477903489963,true_negative,3130
https://openalex.org/T10241,https://openalex.org/T10689,2015,2016,2020,0.5581106265512472,1,6,2,0.14285714285714285,12,18.0,2.0,0,0,0.30736600715241397,true_negative,3132
https://openalex.org/T10050,https://openalex.org/T11443,2015,2016,2020,0.36926937306885504,1,5,3,0.14285714285714285,15,5.0,4.0,0,0,0.3073040238512515,true_negative,3133
https://openalex.org/T10683,https://openalex.org/T12748,2015,2016,2020,0.35295612386476116,1,5,4,0.125,20,10.0,4.0,0,0,0.30705918600376086,true_negative,3134
https://openalex.org/T10371,https://openalex.org/T11491,2015,2016,2020,0.5581106265512472,1,4,3,0.16666666666666666,12,6.0,4.0,0,0,0.3069662183824488,true_negative,3135
https://openalex.org/T11071,https://openalex.org/T11700,2015,2016,2020,0.667614104308886,2,2,3,0.6666666666666666,6,2.0,6.0,0,0,0.30676885472474485,true_negative,3136
https://openalex.org/T10123,https://openalex.org/T14078,2015,2016,2020,0.5138983423697507,1,2,4,0.2,8,2.0,10.0,0,0,0.3066944350721093,true_negative,3137
https://openalex.org/T10120,https://openalex.org/T11048,2015,2016,2020,0.2790553132756236,1,6,3,0.125,18,10.0,4.0,0,0,0.3066218964344475,true_negative,3138
https://openalex.org/T10049,https://openalex.org/T10683,2015,2016,2020,0.35295612386476116,1,2,5,0.16666666666666666,10,2.0,10.0,0,0,0.3062701806841334,true_negative,3139
https://openalex.org/T10015,https://openalex.org/T10336,2015,2016,2020,0.3898712452512801,1,36,10,0.022222222222222223,360,158.0,11.0,0,0,0.3061463295967204,true_negative,3140
https://openalex.org/T10462,https://openalex.org/T13650,2015,2016,2020,0.5581106265512472,1,4,3,0.16666666666666666,12,4.0,3.0,0,0,0.3060560460011968,true_negative,3141
https://openalex.org/T10176,https://openalex.org/T11297,2015,2016,2020,0.43429448190325176,1,4,4,0.14285714285714285,16,6.0,4.0,0,0,0.30556948418462676,true_negative,3143
https://openalex.org/T10176,https://openalex.org/T10631,2015,2016,2020,0.43429448190325176,1,4,4,0.14285714285714285,16,6.0,4.0,0,0,0.30556948418462676,true_negative,3142
https://openalex.org/T11443,https://openalex.org/T13748,2015,2016,2020,0.36926937306885504,1,3,5,0.14285714285714285,15,4.0,6.0,0,0,0.3054670436750353,true_negative,3144
https://openalex.org/T11744,https://openalex.org/T11930,2015,2016,2020,0.35295612386476116,1,6,4,0.1111111111111111,24,20.0,4.0,0,0,0.3054014076675559,true_negative,3145
https://openalex.org/T10799,https://openalex.org/T11273,2015,2016,2020,0.40242960438184466,1,4,4,0.14285714285714285,16,4.0,4.0,0,0,0.30535300122502523,true_negative,3147
https://openalex.org/T10637,https://openalex.org/T11273,2015,2016,2020,0.40242960438184466,1,4,4,0.14285714285714285,16,4.0,4.0,0,0,0.30535300122502523,true_negative,3146
https://openalex.org/T11273,https://openalex.org/T11901,2015,2016,2020,0.40242960438184466,1,4,4,0.14285714285714285,16,4.0,4.0,0,0,0.30535300122502523,true_negative,3148
https://openalex.org/T10317,https://openalex.org/T10637,2015,2016,2020,0.7213475204444817,1,2,4,0.2,8,2.0,4.0,0,0,0.30521974091171594,true_negative,3155
https://openalex.org/T10128,https://openalex.org/T10446,2015,2016,2020,0.7213475204444817,1,2,4,0.2,8,2.0,4.0,0,0,0.30521974091171594,true_negative,3152
https://openalex.org/T10038,https://openalex.org/T10209,2015,2016,2020,0.7213475204444817,1,2,4,0.2,8,2.0,4.0,0,0,0.30521974091171594,true_negative,3150
https://openalex.org/T10023,https://openalex.org/T10272,2015,2016,2020,0.7213475204444817,1,2,4,0.2,8,2.0,4.0,0,0,0.30521974091171594,true_negative,3149
https://openalex.org/T11083,https://openalex.org/T11093,2015,2016,2020,0.7213475204444817,1,2,4,0.2,8,2.0,4.0,0,0,0.30521974091171594,true_negative,3159
https://openalex.org/T10317,https://openalex.org/T10799,2015,2016,2020,0.7213475204444817,1,2,4,0.2,8,2.0,4.0,0,0,0.30521974091171594,true_negative,3156
https://openalex.org/T10331,https://openalex.org/T10531,2015,2016,2020,0.7213475204444817,1,2,4,0.2,8,2.0,4.0,0,0,0.30521974091171594,true_negative,3157
https://openalex.org/T11182,https://openalex.org/T11742,2015,2016,2020,0.7213475204444817,1,2,4,0.2,8,2.0,4.0,0,0,0.30521974091171594,true_negative,3160
https://openalex.org/T11743,https://openalex.org/T12137,2015,2016,2020,0.7213475204444817,1,2,4,0.2,8,2.0,4.0,0,0,0.30521974091171594,true_negative,3163
https://openalex.org/T11364,https://openalex.org/T13430,2015,2016,2020,0.7213475204444817,1,2,4,0.2,8,2.0,4.0,0,0,0.30521974091171594,true_negative,3161
https://openalex.org/T10966,https://openalex.org/T13430,2015,2016,2020,0.7213475204444817,1,2,4,0.2,8,2.0,4.0,0,0,0.30521974091171594,true_negative,3158
https://openalex.org/T11435,https://openalex.org/T12056,2015,2016,2020,0.7213475204444817,1,2,4,0.2,8,2.0,4.0,0,0,0.30521974091171594,true_negative,3162
https://openalex.org/T10208,https://openalex.org/T12137,2015,2016,2020,0.7213475204444817,1,2,4,0.2,8,2.0,4.0,0,0,0.30521974091171594,true_negative,3154
https://openalex.org/T10208,https://openalex.org/T11742,2015,2016,2020,0.7213475204444817,1,2,4,0.2,8,2.0,4.0,0,0,0.30521974091171594,true_negative,3153
https://openalex.org/T10059,https://openalex.org/T10277,2015,2016,2020,0.7213475204444817,1,2,4,0.2,8,2.0,4.0,0,0,0.30521974091171594,true_negative,3151
https://openalex.org/T12296,https://openalex.org/T14334,2015,2016,2020,0.7213475204444817,1,2,4,0.2,8,2.0,4.0,0,0,0.30521974091171594,true_negative,3164
https://openalex.org/T11772,https://openalex.org/T13984,2015,2016,2020,0.35295612386476116,1,2,6,0.14285714285714285,12,2.0,6.0,0,0,0.305128062662531,true_negative,3166
https://openalex.org/T11519,https://openalex.org/T11577,2015,2016,2020,0.35295612386476116,1,2,6,0.14285714285714285,12,2.0,6.0,0,0,0.305128062662531,true_negative,3165
https://openalex.org/T12134,https://openalex.org/T12859,2015,2016,2020,0.2790553132756236,1,2,6,0.14285714285714285,12,2.0,8.0,0,0,0.3048368449265287,true_negative,3175
https://openalex.org/T11879,https://openalex.org/T12859,2015,2016,2020,0.2790553132756236,1,2,6,0.14285714285714285,12,2.0,8.0,0,0,0.3048368449265287,true_negative,3174
https://openalex.org/T10715,https://openalex.org/T10932,2015,2016,2020,0.2790553132756236,1,2,6,0.14285714285714285,12,2.0,8.0,0,0,0.3048368449265287,true_negative,3170
https://openalex.org/T11470,https://openalex.org/T12859,2015,2016,2020,0.2790553132756236,1,2,6,0.14285714285714285,12,2.0,8.0,0,0,0.3048368449265287,true_negative,3173
https://openalex.org/T10602,https://openalex.org/T12859,2015,2016,2020,0.2790553132756236,1,2,6,0.14285714285714285,12,2.0,8.0,0,0,0.3048368449265287,true_negative,3169
https://openalex.org/T10715,https://openalex.org/T12859,2015,2016,2020,0.2790553132756236,1,2,6,0.14285714285714285,12,2.0,8.0,0,0,0.3048368449265287,true_negative,3172
https://openalex.org/T10602,https://openalex.org/T11289,2015,2016,2020,0.2790553132756236,1,2,6,0.14285714285714285,12,2.0,8.0,0,0,0.3048368449265287,true_negative,3168
https://openalex.org/T10602,https://openalex.org/T10932,2015,2016,2020,0.2790553132756236,1,2,6,0.14285714285714285,12,2.0,8.0,0,0,0.3048368449265287,true_negative,3167
https://openalex.org/T10715,https://openalex.org/T11289,2015,2016,2020,0.2790553132756236,1,2,6,0.14285714285714285,12,2.0,8.0,0,0,0.3048368449265287,true_negative,3171
https://openalex.org/T10184,https://openalex.org/T11760,2015,2016,2020,0.7213475204444817,1,4,2,0.2,8,4.0,2.0,0,0,0.3045382215963277,true_negative,3178
https://openalex.org/T12056,https://openalex.org/T12797,2015,2016,2020,0.7213475204444817,1,4,2,0.2,8,4.0,2.0,0,0,0.3045382215963277,true_negative,3190
https://openalex.org/T10071,https://openalex.org/T11655,2015,2016,2020,0.7213475204444817,1,4,2,0.2,8,4.0,2.0,0,0,0.3045382215963277,true_negative,3176
https://openalex.org/T10446,https://openalex.org/T11743,2015,2016,2020,0.7213475204444817,1,4,2,0.2,8,4.0,2.0,0,0,0.3045382215963277,true_negative,3183
https://openalex.org/T11106,https://openalex.org/T13976,2015,2016,2020,0.7213475204444817,1,4,2,0.2,8,4.0,2.0,0,0,0.3045382215963277,true_negative,3187
https://openalex.org/T12002,https://openalex.org/T12261,2015,2016,2020,0.7213475204444817,1,4,2,0.2,8,4.0,2.0,0,0,0.3045382215963277,true_negative,3189
https://openalex.org/T12137,https://openalex.org/T13158,2015,2016,2020,0.7213475204444817,1,4,2,0.2,8,4.0,2.0,0,0,0.3045382215963277,true_negative,3191
https://openalex.org/T10446,https://openalex.org/T12851,2015,2016,2020,0.7213475204444817,1,4,2,0.2,8,4.0,2.0,0,0,0.3045382215963277,true_negative,3184
https://openalex.org/T11078,https://openalex.org/T11457,2015,2016,2020,0.7213475204444817,1,4,2,0.2,8,4.0,2.0,0,0,0.3045382215963277,true_negative,3186
https://openalex.org/T10446,https://openalex.org/T13158,2015,2016,2020,0.7213475204444817,1,4,2,0.2,8,4.0,2.0,0,0,0.3045382215963277,true_negative,3185
https://openalex.org/T10446,https://openalex.org/T11182,2015,2016,2020,0.7213475204444817,1,4,2,0.2,8,4.0,2.0,0,0,0.3045382215963277,true_negative,3182
https://openalex.org/T11597,https://openalex.org/T12023,2015,2016,2020,0.7213475204444817,1,4,2,0.2,8,4.0,2.0,0,0,0.3045382215963277,true_negative,3188
https://openalex.org/T10277,https://openalex.org/T10512,2015,2016,2020,0.7213475204444817,1,4,2,0.2,8,4.0,2.0,0,0,0.3045382215963277,true_negative,3181
https://openalex.org/T10191,https://openalex.org/T11105,2015,2016,2020,0.7213475204444817,1,4,2,0.2,8,4.0,2.0,0,0,0.3045382215963277,true_negative,3179
https://openalex.org/T10073,https://openalex.org/T10394,2015,2016,2020,0.7213475204444817,1,4,2,0.2,8,4.0,2.0,0,0,0.3045382215963277,true_negative,3177
https://openalex.org/T10209,https://openalex.org/T14093,2015,2016,2020,0.7213475204444817,1,4,2,0.2,8,4.0,2.0,0,0,0.3045382215963277,true_negative,3180
https://openalex.org/T10179,https://openalex.org/T10478,2015,2016,2020,0.33380820069533407,1,7,2,0.125,14,16.0,2.0,0,0,0.304020870503903,true_negative,3192
https://openalex.org/T10179,https://openalex.org/T11341,2015,2016,2020,0.33380820069533407,1,7,2,0.125,14,16.0,2.0,0,0,0.304020870503903,true_negative,3193
https://openalex.org/T10179,https://openalex.org/T11992,2015,2016,2020,0.33380820069533407,1,7,2,0.125,14,16.0,2.0,0,0,0.304020870503903,true_negative,3194
https://openalex.org/T10179,https://openalex.org/T12220,2015,2016,2020,0.33380820069533407,1,7,2,0.125,14,16.0,2.0,0,0,0.304020870503903,true_negative,3195
https://openalex.org/T13141,https://openalex.org/T13487,2015,2016,2020,0.36926937306885504,1,6,2,0.14285714285714285,12,7.0,2.0,0,0,0.3039365718156239,true_negative,3196
https://openalex.org/T10095,https://openalex.org/T12056,2015,2016,2020,0.5581106265512472,1,3,4,0.16666666666666666,12,4.0,4.0,0,0,0.30388300908701693,true_negative,3197
https://openalex.org/T10314,https://openalex.org/T12137,2015,2016,2020,0.5581106265512472,1,3,4,0.16666666666666666,12,4.0,4.0,0,0,0.30388300908701693,true_negative,3198
https://openalex.org/T11454,https://openalex.org/T12137,2015,2016,2020,0.5581106265512472,1,3,4,0.16666666666666666,12,4.0,4.0,0,0,0.30388300908701693,true_negative,3199
https://openalex.org/T11577,https://openalex.org/T11629,2015,2016,2020,0.35295612386476116,1,6,2,0.14285714285714285,12,6.0,2.0,0,0,0.30376611052344227,true_negative,3200
https://openalex.org/T11577,https://openalex.org/T11772,2015,2016,2020,0.35295612386476116,1,6,2,0.14285714285714285,12,6.0,2.0,0,0,0.30376611052344227,true_negative,3201
https://openalex.org/T10602,https://openalex.org/T12254,2015,2016,2020,0.2790553132756236,1,2,4,0.2,8,2.0,16.0,0,0,0.3036571193859991,true_negative,3202
https://openalex.org/T12134,https://openalex.org/T12254,2015,2016,2020,0.2790553132756236,1,2,4,0.2,8,2.0,16.0,0,0,0.3036571193859991,true_negative,3206
https://openalex.org/T10715,https://openalex.org/T12254,2015,2016,2020,0.2790553132756236,1,2,4,0.2,8,2.0,16.0,0,0,0.3036571193859991,true_negative,3203
https://openalex.org/T11879,https://openalex.org/T12254,2015,2016,2020,0.2790553132756236,1,2,4,0.2,8,2.0,16.0,0,0,0.3036571193859991,true_negative,3205
https://openalex.org/T11470,https://openalex.org/T12254,2015,2016,2020,0.2790553132756236,1,2,4,0.2,8,2.0,16.0,0,0,0.3036571193859991,true_negative,3204
https://openalex.org/T10331,https://openalex.org/T10824,2015,2016,2020,0.48089834696298783,1,2,5,0.16666666666666666,10,2.0,6.0,0,0,0.3035845592847088,true_negative,3208
https://openalex.org/T11171,https://openalex.org/T12964,2015,2016,2020,0.48089834696298783,1,2,5,0.16666666666666666,10,2.0,6.0,0,0,0.3035845592847088,true_negative,3211
https://openalex.org/T10394,https://openalex.org/T12964,2015,2016,2020,0.48089834696298783,1,2,5,0.16666666666666666,10,2.0,6.0,0,0,0.3035845592847088,true_negative,3209
https://openalex.org/T11083,https://openalex.org/T11639,2015,2016,2020,0.48089834696298783,1,2,5,0.16666666666666666,10,2.0,6.0,0,0,0.3035845592847088,true_negative,3210
https://openalex.org/T10145,https://openalex.org/T10609,2015,2016,2020,0.48089834696298783,1,2,5,0.16666666666666666,10,2.0,6.0,0,0,0.3035845592847088,true_negative,3207
https://openalex.org/T11639,https://openalex.org/T12947,2015,2016,2020,0.36067376022224085,1,5,3,0.14285714285714285,15,6.0,4.0,0,0,0.3033729580913426,true_negative,3213
https://openalex.org/T10382,https://openalex.org/T12327,2015,2016,2020,0.36067376022224085,1,5,3,0.14285714285714285,15,6.0,4.0,0,0,0.3033729580913426,true_negative,3212
https://openalex.org/T11297,https://openalex.org/T12820,2015,2016,2020,0.3898712452512801,1,4,4,0.14285714285714285,16,4.0,4.0,0,0,0.30328874699142794,true_negative,3215
https://openalex.org/T10417,https://openalex.org/T11297,2015,2016,2020,0.3898712452512801,1,4,4,0.14285714285714285,16,4.0,4.0,0,0,0.30328874699142794,true_negative,3214
https://openalex.org/T13447,https://openalex.org/T13748,2015,2016,2020,0.35295612386476116,1,3,5,0.14285714285714285,15,4.0,6.0,0,0,0.302786554982273,true_negative,3216
https://openalex.org/T11880,https://openalex.org/T12679,2015,2016,2020,0.31465798044412485,1,4,4,0.14285714285714285,16,4.0,6.0,0,0,0.30278335902795905,true_negative,3218
https://openalex.org/T12574,https://openalex.org/T12679,2015,2016,2020,0.31465798044412485,1,4,4,0.14285714285714285,16,4.0,6.0,0,0,0.30278335902795905,true_negative,3219
https://openalex.org/T10102,https://openalex.org/T12679,2015,2016,2020,0.31465798044412485,1,4,4,0.14285714285714285,16,4.0,6.0,0,0,0.30278335902795905,true_negative,3217
https://openalex.org/T10621,https://openalex.org/T12610,2015,2016,2020,0.3459762562611936,1,6,2,0.14285714285714285,12,6.0,2.0,0,0,0.30262120453038,true_negative,3220
https://openalex.org/T10303,https://openalex.org/T10995,2015,2016,2020,0.3898712452512801,1,5,3,0.14285714285714285,15,6.0,3.0,0,0,0.3022471816147578,true_negative,3221
https://openalex.org/T12072,https://openalex.org/T12814,2015,2016,2020,0.35295612386476116,1,5,3,0.14285714285714285,15,6.0,4.0,0,0,0.30210810626853624,true_negative,3223
https://openalex.org/T11986,https://openalex.org/T12327,2015,2016,2020,0.35295612386476116,1,5,3,0.14285714285714285,15,6.0,4.0,0,0,0.30210810626853624,true_negative,3222
https://openalex.org/T10338,https://openalex.org/T10923,2015,2016,2020,0.33380820069533407,1,2,6,0.14285714285714285,12,2.0,6.0,0,0,0.3019851299711671,true_negative,3224
https://openalex.org/T10338,https://openalex.org/T11277,2015,2016,2020,0.33380820069533407,1,2,6,0.14285714285714285,12,2.0,6.0,0,0,0.3019851299711671,true_negative,3225
https://openalex.org/T11930,https://openalex.org/T12664,2015,2016,2020,0.35295612386476116,1,4,3,0.16666666666666666,12,4.0,8.0,1,0,0.3019776065122032,false_negative,3226
https://openalex.org/T12592,https://openalex.org/T13976,2015,2016,2020,0.40242960438184466,1,6,2,0.14285714285714285,12,10.0,2.0,0,0,0.30186016829954593,true_negative,3227
https://openalex.org/T11011,https://openalex.org/T12023,2015,2016,2020,0.5581106265512472,1,5,2,0.16666666666666666,10,8.0,2.0,0,0,0.30179959755754554,true_negative,3228
https://openalex.org/T11354,https://openalex.org/T11577,2015,2016,2020,0.4170323914242463,1,3,6,0.125,18,16.0,6.0,0,0,0.3017980262298993,true_negative,3229
https://openalex.org/T10397,https://openalex.org/T10596,2015,2016,2020,0.7213475204444817,1,3,3,0.2,9,6.0,4.0,0,0,0.30147511636652735,true_negative,3230
https://openalex.org/T10995,https://openalex.org/T12646,2015,2016,2020,0.45511961331341866,1,3,4,0.16666666666666666,12,3.0,6.0,0,0,0.30132951197096347,true_negative,3231
https://openalex.org/T10054,https://openalex.org/T14406,2015,2016,2020,0.9102392266268373,1,4,1,0.25,4,4.0,1.0,0,0,0.3011970526782471,true_negative,3233
https://openalex.org/T10008,https://openalex.org/T12998,2015,2016,2020,0.9102392266268373,1,4,1,0.25,4,4.0,1.0,0,0,0.3011970526782471,true_negative,3232
https://openalex.org/T12639,https://openalex.org/T12836,2015,2016,2020,0.9102392266268373,1,4,1,0.25,4,4.0,1.0,0,0,0.3011970526782471,true_negative,3234
https://openalex.org/T10218,https://openalex.org/T11396,2015,2016,2020,0.5581106265512472,1,4,3,0.16666666666666666,12,6.0,3.0,0,0,0.3010416036272014,true_negative,3236
https://openalex.org/T10100,https://openalex.org/T13650,2015,2016,2020,0.5581106265512472,1,4,3,0.16666666666666666,12,6.0,3.0,0,0,0.3010416036272014,true_negative,3235
https://openalex.org/T13117,https://openalex.org/T13349,2015,2016,2020,0.3459762562611936,1,5,3,0.14285714285714285,15,6.0,4.0,0,0,0.300966748014808,true_negative,3237
https://openalex.org/T11277,https://openalex.org/T11341,2015,2016,2020,0.33380820069533407,1,6,2,0.14285714285714285,12,6.0,2.0,0,0,0.30063113707151445,true_negative,3241
https://openalex.org/T11277,https://openalex.org/T12220,2015,2016,2020,0.33380820069533407,1,6,2,0.14285714285714285,12,6.0,2.0,0,0,0.30063113707151445,true_negative,3243
https://openalex.org/T11277,https://openalex.org/T11992,2015,2016,2020,0.33380820069533407,1,6,2,0.14285714285714285,12,6.0,2.0,0,0,0.30063113707151445,true_negative,3242
https://openalex.org/T10923,https://openalex.org/T12220,2015,2016,2020,0.33380820069533407,1,6,2,0.14285714285714285,12,6.0,2.0,0,0,0.30063113707151445,true_negative,3240
https://openalex.org/T10923,https://openalex.org/T11992,2015,2016,2020,0.33380820069533407,1,6,2,0.14285714285714285,12,6.0,2.0,0,0,0.30063113707151445,true_negative,3239
https://openalex.org/T10923,https://openalex.org/T11341,2015,2016,2020,0.33380820069533407,1,6,2,0.14285714285714285,12,6.0,2.0,0,0,0.30063113707151445,true_negative,3238
https://openalex.org/T10101,https://openalex.org/T13650,2015,2016,2020,0.7213475204444817,1,3,3,0.2,9,4.0,3.0,0,0,0.300574164032657,true_negative,3244
https://openalex.org/T11181,https://openalex.org/T13650,2015,2016,2020,0.7213475204444817,1,3,3,0.2,9,4.0,3.0,0,0,0.300574164032657,true_negative,3245
https://openalex.org/T12945,https://openalex.org/T14374,2015,2016,2020,0.6213349345596119,1,1,5,0.2,5,1.0,6.0,0,0,0.3004820654788225,true_negative,3246
https://openalex.org/T10157,https://openalex.org/T12679,2015,2016,2020,0.31465798044412485,1,4,4,0.14285714285714285,16,5.0,6.0,0,0,0.3002855402923276,true_negative,3247
https://openalex.org/T10172,https://openalex.org/T11930,2015,2016,2020,0.7213475204444817,1,2,4,0.2,8,4.0,4.0,0,0,0.3002130728414493,true_negative,3248
https://openalex.org/T10372,https://openalex.org/T11930,2015,2016,2020,0.7213475204444817,1,2,4,0.2,8,4.0,4.0,0,0,0.3002130728414493,true_negative,3249
https://openalex.org/T10932,https://openalex.org/T11809,2015,2016,2020,0.36067376022224085,1,6,2,0.14285714285714285,12,8.0,2.0,0,0,0.30002992484744556,true_negative,3250
https://openalex.org/T12640,https://openalex.org/T12859,2015,2016,2020,0.2790553132756236,1,2,6,0.14285714285714285,12,4.0,8.0,0,0,0.2998337471817088,true_negative,3251
https://openalex.org/T10062,https://openalex.org/T10294,2015,2016,2020,0.5138983423697507,1,5,2,0.16666666666666666,10,6.0,2.0,0,0,0.29956922693774096,true_negative,3252
https://openalex.org/T10867,https://openalex.org/T12207,2015,2016,2020,0.7213475204444817,1,4,2,0.2,8,6.0,2.0,0,0,0.2995379131340674,true_negative,3256
https://openalex.org/T10867,https://openalex.org/T11977,2015,2016,2020,0.7213475204444817,1,4,2,0.2,8,6.0,2.0,0,0,0.2995379131340674,true_negative,3255
https://openalex.org/T10371,https://openalex.org/T12955,2015,2016,2020,0.7213475204444817,1,4,2,0.2,8,6.0,2.0,0,0,0.2995379131340674,true_negative,3253
https://openalex.org/T11668,https://openalex.org/T12955,2015,2016,2020,0.7213475204444817,1,4,2,0.2,8,6.0,2.0,0,0,0.2995379131340674,true_negative,3257
https://openalex.org/T10515,https://openalex.org/T10773,2015,2016,2020,0.7213475204444817,1,4,2,0.2,8,6.0,2.0,0,0,0.2995379131340674,true_negative,3254
https://openalex.org/T12496,https://openalex.org/T13748,2015,2016,2020,0.45511961331341866,1,2,5,0.16666666666666666,10,2.0,6.0,0,0,0.2993697097807492,true_negative,3261
https://openalex.org/T11809,https://openalex.org/T13013,2015,2016,2020,0.45511961331341866,1,2,5,0.16666666666666666,10,2.0,6.0,0,0,0.2993697097807492,true_negative,3260
https://openalex.org/T10432,https://openalex.org/T13013,2015,2016,2020,0.45511961331341866,1,2,5,0.16666666666666666,10,2.0,6.0,0,0,0.2993697097807492,true_negative,3258
https://openalex.org/T10689,https://openalex.org/T10824,2015,2016,2020,0.45511961331341866,1,2,5,0.16666666666666666,10,2.0,6.0,0,0,0.2993697097807492,true_negative,3259
https://openalex.org/T11744,https://openalex.org/T11880,2015,2016,2020,0.31465798044412485,1,6,4,0.1111111111111111,24,20.0,4.0,0,0,0.29913042054155,true_negative,3262
https://openalex.org/T11354,https://openalex.org/T12254,2015,2016,2020,0.2790553132756236,1,3,4,0.16666666666666666,12,16.0,16.0,0,0,0.29904819249755754,true_negative,3263
https://openalex.org/T11024,https://openalex.org/T12196,2015,2016,2020,0.45511961331341866,1,3,4,0.16666666666666666,12,4.0,6.0,0,0,0.2988385461503147,true_negative,3264
https://openalex.org/T11106,https://openalex.org/T11396,2015,2016,2020,0.5138983423697507,1,4,3,0.16666666666666666,12,4.0,3.0,0,0,0.2988144373342674,true_negative,3265
https://openalex.org/T10472,https://openalex.org/T12044,2015,2016,2020,0.36067376022224085,1,4,4,0.14285714285714285,16,4.0,4.0,0,0,0.298520106980944,true_negative,3266
https://openalex.org/T10472,https://openalex.org/T12748,2015,2016,2020,0.36067376022224085,1,4,4,0.14285714285714285,16,4.0,4.0,0,0,0.298520106980944,true_negative,3267
https://openalex.org/T12044,https://openalex.org/T12748,2015,2016,2020,0.36067376022224085,1,4,4,0.14285714285714285,16,4.0,4.0,0,0,0.298520106980944,true_negative,3268
https://openalex.org/T11289,https://openalex.org/T12640,2015,2016,2020,0.2790553132756236,1,6,2,0.14285714285714285,12,8.0,4.0,0,0,0.29848527547340054,true_negative,3270
https://openalex.org/T10932,https://openalex.org/T12640,2015,2016,2020,0.2790553132756236,1,6,2,0.14285714285714285,12,8.0,4.0,0,0,0.29848527547340054,true_negative,3269
https://openalex.org/T12168,https://openalex.org/T13555,2015,2016,2020,0.667614104308886,2,3,2,0.6666666666666666,6,4.0,4.0,0,0,0.29802122774036005,true_negative,3271
https://openalex.org/T10202,https://openalex.org/T11885,2015,2016,2020,0.9102392266268373,1,3,2,0.25,6,3.0,2.0,0,0,0.29795317283124695,true_negative,3272
https://openalex.org/T11083,https://openalex.org/T12816,2015,2016,2020,0.48089834696298783,1,2,5,0.16666666666666666,10,2.0,5.0,0,0,0.297697176153518,true_negative,3273
https://openalex.org/T11824,https://openalex.org/T12816,2015,2016,2020,0.48089834696298783,1,2,5,0.16666666666666666,10,2.0,5.0,0,0,0.297697176153518,true_negative,3274
https://openalex.org/T10751,https://openalex.org/T14393,2015,2016,2020,0.35295612386476116,1,4,4,0.14285714285714285,16,4.0,4.0,0,0,0.29726685425540644,true_negative,3281
https://openalex.org/T10096,https://openalex.org/T10591,2015,2016,2020,0.35295612386476116,1,4,4,0.14285714285714285,16,4.0,4.0,0,0,0.29726685425540644,true_negative,3275
https://openalex.org/T10102,https://openalex.org/T11093,2015,2016,2020,0.35295612386476116,1,4,4,0.14285714285714285,16,4.0,4.0,0,0,0.29726685425540644,true_negative,3278
https://openalex.org/T10462,https://openalex.org/T11273,2015,2016,2020,0.35295612386476116,1,4,4,0.14285714285714285,16,4.0,4.0,0,0,0.29726685425540644,true_negative,3279
https://openalex.org/T10096,https://openalex.org/T12748,2015,2016,2020,0.35295612386476116,1,4,4,0.14285714285714285,16,4.0,4.0,0,0,0.29726685425540644,true_negative,3276
https://openalex.org/T10462,https://openalex.org/T12676,2015,2016,2020,0.35295612386476116,1,4,4,0.14285714285714285,16,4.0,4.0,0,0,0.29726685425540644,true_negative,3280
https://openalex.org/T10102,https://openalex.org/T10272,2015,2016,2020,0.35295612386476116,1,4,4,0.14285714285714285,16,4.0,4.0,0,0,0.29726685425540644,true_negative,3277
https://openalex.org/T11273,https://openalex.org/T12676,2015,2016,2020,0.35295612386476116,1,4,4,0.14285714285714285,16,4.0,4.0,0,0,0.29726685425540644,true_negative,3282
https://openalex.org/T11930,https://openalex.org/T12574,2015,2016,2020,0.35295612386476116,1,4,4,0.14285714285714285,16,4.0,4.0,0,0,0.29726685425540644,true_negative,3283
https://openalex.org/T11011,https://openalex.org/T12168,2015,2016,2020,0.35295612386476116,1,5,3,0.14285714285714285,15,8.0,4.0,0,0,0.2971306513131472,true_negative,3284
https://openalex.org/T11011,https://openalex.org/T12947,2015,2016,2020,0.35295612386476116,1,5,3,0.14285714285714285,15,8.0,4.0,0,0,0.2971306513131472,true_negative,3285
https://openalex.org/T12576,https://openalex.org/T14078,2015,2016,2020,0.45511961331341866,1,2,4,0.2,8,2.0,10.0,0,0,0.2970771508672914,true_negative,3287
https://openalex.org/T12626,https://openalex.org/T14078,2015,2016,2020,0.45511961331341866,1,2,4,0.2,8,2.0,10.0,0,0,0.2970771508672914,true_negative,3288
https://openalex.org/T10030,https://openalex.org/T10247,2015,2016,2020,0.45511961331341866,1,2,4,0.2,8,2.0,10.0,0,0,0.2970771508672914,true_negative,3286
https://openalex.org/T11272,https://openalex.org/T11277,2015,2016,2020,0.33380820069533407,1,2,6,0.14285714285714285,12,4.0,6.0,0,0,0.29700883886284973,true_negative,3289
https://openalex.org/T10102,https://openalex.org/T10157,2015,2016,2020,0.31465798044412485,1,4,4,0.14285714285714285,16,4.0,5.0,0,0,0.2969048893001709,true_negative,3290
https://openalex.org/T10596,https://openalex.org/T11141,2015,2016,2020,0.5138983423697507,1,3,4,0.16666666666666666,12,4.0,4.0,0,0,0.29667083555128376,true_negative,3291
https://openalex.org/T10102,https://openalex.org/T12664,2015,2016,2020,0.31465798044412485,1,4,3,0.16666666666666666,12,4.0,8.0,0,0,0.2957469886521521,true_negative,3292
https://openalex.org/T11880,https://openalex.org/T12664,2015,2016,2020,0.31465798044412485,1,4,3,0.16666666666666666,12,4.0,8.0,0,0,0.2957469886521521,true_negative,3293
https://openalex.org/T10591,https://openalex.org/T11129,2015,2016,2020,0.45511961331341866,1,4,3,0.16666666666666666,12,4.0,4.0,0,0,0.29513270499632693,true_negative,3294
https://openalex.org/T10120,https://openalex.org/T10492,2015,2016,2020,0.36067376022224085,1,6,2,0.14285714285714285,12,10.0,2.0,0,0,0.2950722328034505,true_negative,3296
https://openalex.org/T10120,https://openalex.org/T11809,2015,2016,2020,0.36067376022224085,1,6,2,0.14285714285714285,12,10.0,2.0,0,0,0.2950722328034505,true_negative,3297
https://openalex.org/T10120,https://openalex.org/T10432,2015,2016,2020,0.36067376022224085,1,6,2,0.14285714285714285,12,10.0,2.0,0,0,0.2950722328034505,true_negative,3295
https://openalex.org/T11071,https://openalex.org/T12168,2015,2016,2020,0.667614104308886,2,2,3,0.6666666666666666,6,2.0,4.0,0,0,0.29498962075760327,true_negative,3298
https://openalex.org/T10322,https://openalex.org/T10862,2015,2016,2020,0.7213475204444817,1,4,2,0.2,8,8.0,2.0,0,0,0.29458492954885035,true_negative,3299
https://openalex.org/T10496,https://openalex.org/T11011,2015,2016,2020,0.35295612386476116,1,2,5,0.16666666666666666,10,2.0,8.0,0,0,0.29450196014463315,true_negative,3300
https://openalex.org/T10351,https://openalex.org/T11171,2015,2016,2020,0.48089834696298783,1,5,2,0.16666666666666666,10,6.0,2.0,0,0,0.29422088772426697,true_negative,3301
https://openalex.org/T12761,https://openalex.org/T13429,2015,2016,2020,0.48089834696298783,1,5,2,0.16666666666666666,10,6.0,2.0,0,0,0.29422088772426697,true_negative,3305
https://openalex.org/T10609,https://openalex.org/T14484,2015,2016,2020,0.48089834696298783,1,5,2,0.16666666666666666,10,6.0,2.0,0,0,0.29422088772426697,true_negative,3303
https://openalex.org/T10609,https://openalex.org/T13083,2015,2016,2020,0.48089834696298783,1,5,2,0.16666666666666666,10,6.0,2.0,0,0,0.29422088772426697,true_negative,3302
https://openalex.org/T11639,https://openalex.org/T11824,2015,2016,2020,0.48089834696298783,1,5,2,0.16666666666666666,10,6.0,2.0,0,0,0.29422088772426697,true_negative,3304
https://openalex.org/T12327,https://openalex.org/T12557,2015,2016,2020,0.713629884087002,2,3,2,0.6666666666666666,6,4.0,2.0,0,0,0.29379677285101885,true_negative,3306
https://openalex.org/T12646,https://openalex.org/T12748,2015,2016,2020,0.36067376022224085,1,4,4,0.14285714285714285,16,6.0,4.0,0,0,0.2935768995356064,true_negative,3307
https://openalex.org/T10120,https://openalex.org/T12640,2015,2016,2020,0.2790553132756236,1,6,2,0.14285714285714285,12,10.0,4.0,0,0,0.2935424034457124,true_negative,3308
https://openalex.org/T12386,https://openalex.org/T12422,2015,2016,2020,0.48089834696298783,1,4,3,0.16666666666666666,12,4.0,3.0,0,0,0.29347392756249946,true_negative,3310
https://openalex.org/T10417,https://openalex.org/T12422,2015,2016,2020,0.48089834696298783,1,4,3,0.16666666666666666,12,4.0,3.0,0,0,0.29347392756249946,true_negative,3309
https://openalex.org/T10157,https://openalex.org/T12664,2015,2016,2020,0.31465798044412485,1,4,3,0.16666666666666666,12,5.0,8.0,0,0,0.2932827993927528,true_negative,3311
https://openalex.org/T11700,https://openalex.org/T13555,2015,2016,2020,0.667614104308886,2,3,2,0.6666666666666666,6,6.0,4.0,0,0,0.29308282977436295,true_negative,3312
https://openalex.org/T10120,https://openalex.org/T12610,2015,2016,2020,0.3459762562611936,1,6,2,0.14285714285714285,12,10.0,2.0,0,0,0.2927041970024241,true_negative,3313
https://openalex.org/T10683,https://openalex.org/T10995,2015,2016,2020,0.3898712452512801,1,5,3,0.14285714285714285,15,10.0,3.0,0,0,0.29233729294407906,true_negative,3314
https://openalex.org/T10775,https://openalex.org/T11273,2015,2016,2020,0.35295612386476116,1,4,4,0.14285714285714285,16,6.0,4.0,0,0,0.2923357509801061,true_negative,3315
https://openalex.org/T10775,https://openalex.org/T12676,2015,2016,2020,0.35295612386476116,1,4,4,0.14285714285714285,16,6.0,4.0,0,0,0.2923357509801061,true_negative,3316
https://openalex.org/T10683,https://openalex.org/T12327,2015,2016,2020,0.35295612386476116,1,5,3,0.14285714285714285,15,10.0,4.0,0,0,0.2922008679376705,true_negative,3317
https://openalex.org/T10581,https://openalex.org/T11739,2015,2016,2020,0.43429448190325176,1,6,2,0.14285714285714285,12,16.0,2.0,0,0,0.29216863985161273,true_negative,3318
https://openalex.org/T10581,https://openalex.org/T12303,2015,2016,2020,0.43429448190325176,1,6,2,0.14285714285714285,12,16.0,2.0,0,0,0.29216863985161273,true_negative,3319
https://openalex.org/T10330,https://openalex.org/T10466,2015,2016,2020,0.43429448190325176,1,4,3,0.16666666666666666,12,4.0,4.0,0,0,0.29178029106024145,true_negative,3322
https://openalex.org/T10631,https://openalex.org/T12264,2015,2016,2020,0.43429448190325176,1,4,3,0.16666666666666666,12,4.0,4.0,0,0,0.29178029106024145,true_negative,3325
https://openalex.org/T10330,https://openalex.org/T11588,2015,2016,2020,0.43429448190325176,1,4,3,0.16666666666666666,12,4.0,4.0,0,0,0.29178029106024145,true_negative,3323
https://openalex.org/T10017,https://openalex.org/T10466,2015,2016,2020,0.43429448190325176,1,4,3,0.16666666666666666,12,4.0,4.0,0,0,0.29178029106024145,true_negative,3320
https://openalex.org/T10417,https://openalex.org/T10845,2015,2016,2020,0.43429448190325176,1,4,3,0.16666666666666666,12,4.0,4.0,0,0,0.29178029106024145,true_negative,3324
https://openalex.org/T10017,https://openalex.org/T11588,2015,2016,2020,0.43429448190325176,1,4,3,0.16666666666666666,12,4.0,4.0,0,0,0.29178029106024145,true_negative,3321
https://openalex.org/T11297,https://openalex.org/T12264,2015,2016,2020,0.43429448190325176,1,4,3,0.16666666666666666,12,4.0,4.0,0,0,0.29178029106024145,true_negative,3326
https://openalex.org/T11354,https://openalex.org/T12859,2015,2016,2020,0.2790553132756236,1,3,6,0.125,18,16.0,8.0,0,0,0.2911358896425963,true_negative,3327
https://openalex.org/T11880,https://openalex.org/T12574,2015,2016,2020,0.31465798044412485,1,4,4,0.14285714285714285,16,4.0,4.0,0,0,0.29109289898971497,true_negative,3330
https://openalex.org/T10102,https://openalex.org/T12574,2015,2016,2020,0.31465798044412485,1,4,4,0.14285714285714285,16,4.0,4.0,0,0,0.29109289898971497,true_negative,3329
https://openalex.org/T10102,https://openalex.org/T11880,2015,2016,2020,0.31465798044412485,1,4,4,0.14285714285714285,16,4.0,4.0,0,0,0.29109289898971497,true_negative,3328
https://openalex.org/T11048,https://openalex.org/T11986,2015,2016,2020,0.2790553132756236,1,3,5,0.14285714285714285,15,4.0,6.0,0,0,0.2908125928098053,true_negative,3331
https://openalex.org/T10031,https://openalex.org/T11668,2015,2016,2020,0.5581106265512472,1,2,4,0.2,8,2.0,6.0,0,0,0.2904295199467731,true_negative,3333
https://openalex.org/T10031,https://openalex.org/T10371,2015,2016,2020,0.5581106265512472,1,2,4,0.2,8,2.0,6.0,0,0,0.2904295199467731,true_negative,3332
https://openalex.org/T10986,https://openalex.org/T11704,2015,2016,2020,1.531574161186449,2,2,2,1.0,4,2.0,2.0,0,0,0.2902825801748563,true_negative,3334
https://openalex.org/T10080,https://openalex.org/T11181,2015,2016,2020,0.6213349345596119,1,3,3,0.2,9,4.0,4.0,0,0,0.2902409202786724,true_negative,3336
https://openalex.org/T10080,https://openalex.org/T10101,2015,2016,2020,0.6213349345596119,1,3,3,0.2,9,4.0,4.0,0,0,0.2902409202786724,true_negative,3335
https://openalex.org/T11129,https://openalex.org/T11884,2015,2016,2020,0.6213349345596119,1,3,3,0.2,9,4.0,4.0,0,0,0.2902409202786724,true_negative,3337
https://openalex.org/T12196,https://openalex.org/T13349,2015,2016,2020,0.45511961331341866,1,4,3,0.16666666666666666,12,6.0,4.0,0,0,0.29022238275953155,true_negative,3340
https://openalex.org/T10344,https://openalex.org/T13349,2015,2016,2020,0.45511961331341866,1,4,3,0.16666666666666666,12,6.0,4.0,0,0,0.29022238275953155,true_negative,3338
https://openalex.org/T11881,https://openalex.org/T12327,2015,2016,2020,0.45511961331341866,1,4,3,0.16666666666666666,12,6.0,4.0,0,0,0.29022238275953155,true_negative,3339
https://openalex.org/T13117,https://openalex.org/T14484,2015,2016,2020,0.45511961331341866,1,5,2,0.16666666666666666,10,6.0,2.0,0,0,0.2900818894904389,true_negative,3341
https://openalex.org/T10857,https://openalex.org/T11764,2015,2016,2020,0.2790553132756236,1,4,3,0.16666666666666666,12,4.0,8.0,0,0,0.2900223276873922,true_negative,3342
https://openalex.org/T11578,https://openalex.org/T11764,2015,2016,2020,0.2790553132756236,1,4,3,0.16666666666666666,12,4.0,8.0,0,0,0.2900223276873922,true_negative,3343
https://openalex.org/T10462,https://openalex.org/T10848,2015,2016,2020,0.5581106265512472,1,4,2,0.2,8,4.0,4.0,0,0,0.2897672520045609,true_negative,3345
https://openalex.org/T10054,https://openalex.org/T10848,2015,2016,2020,0.5581106265512472,1,4,2,0.2,8,4.0,4.0,0,0,0.2897672520045609,true_negative,3344
https://openalex.org/T11011,https://openalex.org/T12783,2015,2016,2020,0.48089834696298783,1,5,2,0.16666666666666666,10,8.0,2.0,0,0,0.28931950912278265,true_negative,3348
https://openalex.org/T10154,https://openalex.org/T12659,2015,2016,2020,0.48089834696298783,1,5,2,0.16666666666666666,10,8.0,2.0,0,0,0.28931950912278265,true_negative,3346
https://openalex.org/T10154,https://openalex.org/T14484,2015,2016,2020,0.48089834696298783,1,5,2,0.16666666666666666,10,8.0,2.0,0,0,0.28931950912278265,true_negative,3347
https://openalex.org/T12220,https://openalex.org/T12627,2015,2016,2020,0.33380820069533407,1,2,4,0.2,8,2.0,12.0,0,0,0.289165758894662,true_negative,3351
https://openalex.org/T11992,https://openalex.org/T12627,2015,2016,2020,0.33380820069533407,1,2,4,0.2,8,2.0,12.0,0,0,0.289165758894662,true_negative,3350
https://openalex.org/T11341,https://openalex.org/T12627,2015,2016,2020,0.33380820069533407,1,2,4,0.2,8,2.0,12.0,0,0,0.289165758894662,true_negative,3349
https://openalex.org/T10400,https://openalex.org/T10462,2015,2016,2020,0.6213349345596119,1,2,4,0.2,8,2.0,4.0,0,0,0.2890064480024047,true_negative,3353
https://openalex.org/T13083,https://openalex.org/T13777,2015,2016,2020,0.6213349345596119,1,2,4,0.2,8,2.0,4.0,0,0,0.2890064480024047,true_negative,3354
https://openalex.org/T10145,https://openalex.org/T13777,2015,2016,2020,0.6213349345596119,1,2,4,0.2,8,2.0,4.0,0,0,0.2890064480024047,true_negative,3352
https://openalex.org/T10157,https://openalex.org/T12574,2015,2016,2020,0.31465798044412485,1,4,4,0.14285714285714285,16,5.0,4.0,0,0,0.28865159398551166,true_negative,3356
https://openalex.org/T10157,https://openalex.org/T11880,2015,2016,2020,0.31465798044412485,1,4,4,0.14285714285714285,16,5.0,4.0,0,0,0.28865159398551166,true_negative,3355
https://openalex.org/T11376,https://openalex.org/T11590,2015,2016,2020,0.6213349345596119,1,4,2,0.2,8,4.0,2.0,0,0,0.2883461064216773,true_negative,3360
https://openalex.org/T11376,https://openalex.org/T11944,2015,2016,2020,0.6213349345596119,1,4,2,0.2,8,4.0,2.0,0,0,0.2883461064216773,true_negative,3361
https://openalex.org/T10073,https://openalex.org/T11207,2015,2016,2020,0.6213349345596119,1,4,2,0.2,8,4.0,2.0,0,0,0.2883461064216773,true_negative,3358
https://openalex.org/T10014,https://openalex.org/T10492,2015,2016,2020,0.6213349345596119,1,4,2,0.2,8,4.0,2.0,0,0,0.2883461064216773,true_negative,3357
https://openalex.org/T10528,https://openalex.org/T12539,2015,2016,2020,0.6213349345596119,1,4,2,0.2,8,4.0,2.0,0,0,0.2883461064216773,true_negative,3359
https://openalex.org/T12664,https://openalex.org/T13555,2015,2016,2020,0.667614104308886,2,3,2,0.6666666666666666,6,8.0,4.0,0,0,0.2881926684310705,true_negative,3362
https://openalex.org/T12046,https://openalex.org/T12748,2015,2016,2020,0.35295612386476116,1,4,4,0.14285714285714285,16,8.0,4.0,0,0,0.28745298612513026,true_negative,3363
https://openalex.org/T11129,https://openalex.org/T12748,2015,2016,2020,0.45511961331341866,1,3,4,0.16666666666666666,12,4.0,4.0,0,0,0.28723764730449713,true_negative,3365
https://openalex.org/T11024,https://openalex.org/T13777,2015,2016,2020,0.45511961331341866,1,3,4,0.16666666666666666,12,4.0,4.0,0,0,0.28723764730449713,true_negative,3364
https://openalex.org/T13349,https://openalex.org/T13777,2015,2016,2020,0.45511961331341866,1,3,4,0.16666666666666666,12,4.0,4.0,0,0,0.28723764730449713,true_negative,3366
https://openalex.org/T10321,https://openalex.org/T10461,2015,2016,2020,0.45511961331341866,1,5,2,0.16666666666666666,10,12.0,4.0,0,0,0.2869707141336922,true_negative,3367
https://openalex.org/T11289,https://openalex.org/T12134,2015,2016,2020,0.2790553132756236,1,6,2,0.14285714285714285,12,8.0,2.0,0,0,0.28689247927594885,true_negative,3373
https://openalex.org/T10932,https://openalex.org/T12134,2015,2016,2020,0.2790553132756236,1,6,2,0.14285714285714285,12,8.0,2.0,0,0,0.28689247927594885,true_negative,3370
https://openalex.org/T10932,https://openalex.org/T11879,2015,2016,2020,0.2790553132756236,1,6,2,0.14285714285714285,12,8.0,2.0,0,0,0.28689247927594885,true_negative,3369
https://openalex.org/T11289,https://openalex.org/T11879,2015,2016,2020,0.2790553132756236,1,6,2,0.14285714285714285,12,8.0,2.0,0,0,0.28689247927594885,true_negative,3372
https://openalex.org/T10932,https://openalex.org/T11470,2015,2016,2020,0.2790553132756236,1,6,2,0.14285714285714285,12,8.0,2.0,0,0,0.28689247927594885,true_negative,3368
https://openalex.org/T11289,https://openalex.org/T11470,2015,2016,2020,0.2790553132756236,1,6,2,0.14285714285714285,12,8.0,2.0,0,0,0.28689247927594885,true_negative,3371
https://openalex.org/T11798,https://openalex.org/T13748,2015,2016,2020,0.36926937306885504,1,2,5,0.16666666666666666,10,2.0,6.0,0,0,0.285578538674188,true_negative,3374
https://openalex.org/T12368,https://openalex.org/T13748,2015,2016,2020,0.36926937306885504,1,2,5,0.16666666666666666,10,2.0,6.0,0,0,0.285578538674188,true_negative,3377
https://openalex.org/T12135,https://openalex.org/T13748,2015,2016,2020,0.36926937306885504,1,2,5,0.16666666666666666,10,2.0,6.0,0,0,0.285578538674188,true_negative,3376
https://openalex.org/T13487,https://openalex.org/T13748,2015,2016,2020,0.36926937306885504,1,2,5,0.16666666666666666,10,2.0,6.0,0,0,0.285578538674188,true_negative,3378
https://openalex.org/T11918,https://openalex.org/T13748,2015,2016,2020,0.36926937306885504,1,2,5,0.16666666666666666,10,2.0,6.0,0,0,0.285578538674188,true_negative,3375
https://openalex.org/T10030,https://openalex.org/T12046,2015,2016,2020,0.45511961331341866,1,2,4,0.2,8,2.0,8.0,0,0,0.2855167857015122,true_negative,3380
https://openalex.org/T10030,https://openalex.org/T10281,2015,2016,2020,0.45511961331341866,1,2,4,0.2,8,2.0,8.0,0,0,0.2855167857015122,true_negative,3379
https://openalex.org/T10857,https://openalex.org/T11578,2015,2016,2020,0.2790553132756236,1,4,4,0.14285714285714285,16,4.0,4.0,0,0,0.28542181454432386,true_negative,3381
https://openalex.org/T10176,https://openalex.org/T12140,2015,2016,2020,0.5581106265512472,1,4,2,0.2,8,6.0,4.0,0,0,0.28491011569059305,true_negative,3382
https://openalex.org/T10657,https://openalex.org/T12529,2015,2016,2020,0.33380820069533407,1,4,4,0.14285714285714285,16,8.0,4.0,0,0,0.28441759449405263,true_negative,3383
https://openalex.org/T11682,https://openalex.org/T12627,2015,2016,2020,0.33380820069533407,1,2,4,0.2,8,4.0,12.0,0,0,0.28431466884361645,true_negative,3385
https://openalex.org/T11272,https://openalex.org/T12627,2015,2016,2020,0.33380820069533407,1,2,4,0.2,8,4.0,12.0,0,0,0.28431466884361645,true_negative,3384
https://openalex.org/T10492,https://openalex.org/T11986,2015,2016,2020,0.36067376022224085,1,2,5,0.16666666666666666,10,2.0,6.0,0,0,0.2842188950325829,true_negative,3387
https://openalex.org/T11809,https://openalex.org/T11986,2015,2016,2020,0.36067376022224085,1,2,5,0.16666666666666666,10,2.0,6.0,0,0,0.2842188950325829,true_negative,3388
https://openalex.org/T10432,https://openalex.org/T11986,2015,2016,2020,0.36067376022224085,1,2,5,0.16666666666666666,10,2.0,6.0,0,0,0.2842188950325829,true_negative,3386
https://openalex.org/T10102,https://openalex.org/T11700,2015,2016,2020,0.31465798044412485,1,4,3,0.16666666666666666,12,4.0,6.0,0,0,0.284217455919897,true_negative,3389
https://openalex.org/T10199,https://openalex.org/T11880,2015,2016,2020,0.6213349345596119,1,2,4,0.2,8,4.0,4.0,0,0,0.2841569621905368,true_negative,3390
https://openalex.org/T10461,https://openalex.org/T12529,2015,2016,2020,0.6213349345596119,1,2,4,0.2,8,4.0,4.0,0,0,0.2841569621905368,true_negative,3391
https://openalex.org/T10355,https://openalex.org/T12659,2015,2016,2020,0.6213349345596119,1,4,2,0.2,8,6.0,2.0,0,0,0.2835032828053749,true_negative,3392
https://openalex.org/T10338,https://openalex.org/T10660,2015,2016,2020,0.5138983423697507,1,2,4,0.2,8,2.0,6.0,0,0,0.28340664954299877,true_negative,3394
https://openalex.org/T10294,https://openalex.org/T11765,2015,2016,2020,0.5138983423697507,1,2,4,0.2,8,2.0,6.0,0,0,0.28340664954299877,true_negative,3393
https://openalex.org/T11519,https://openalex.org/T13748,2015,2016,2020,0.35295612386476116,1,2,5,0.16666666666666666,10,2.0,6.0,0,0,0.2830014598480017,true_negative,3399
https://openalex.org/T10049,https://openalex.org/T11986,2015,2016,2020,0.35295612386476116,1,2,5,0.16666666666666666,10,2.0,6.0,0,0,0.2830014598480017,true_negative,3395
https://openalex.org/T11825,https://openalex.org/T11986,2015,2016,2020,0.35295612386476116,1,2,5,0.16666666666666666,10,2.0,6.0,0,0,0.2830014598480017,true_negative,3400
https://openalex.org/T10853,https://openalex.org/T13748,2015,2016,2020,0.35295612386476116,1,2,5,0.16666666666666666,10,2.0,6.0,0,0,0.2830014598480017,true_negative,3397
https://openalex.org/T11206,https://openalex.org/T12072,2015,2016,2020,0.35295612386476116,1,2,5,0.16666666666666666,10,2.0,6.0,0,0,0.2830014598480017,true_negative,3398
https://openalex.org/T10537,https://openalex.org/T13748,2015,2016,2020,0.35295612386476116,1,2,5,0.16666666666666666,10,2.0,6.0,0,0,0.2830014598480017,true_negative,3396
https://openalex.org/T10382,https://openalex.org/T11272,2015,2016,2020,0.33380820069533407,1,5,2,0.16666666666666666,10,6.0,4.0,0,0,0.28228197609268296,true_negative,3401
https://openalex.org/T10120,https://openalex.org/T12134,2015,2016,2020,0.2790553132756236,1,6,2,0.14285714285714285,12,10.0,2.0,0,0,0.28206439311197395,true_negative,3406
https://openalex.org/T10120,https://openalex.org/T10602,2015,2016,2020,0.2790553132756236,1,6,2,0.14285714285714285,12,10.0,2.0,0,0,0.28206439311197395,true_negative,3402
https://openalex.org/T10120,https://openalex.org/T11470,2015,2016,2020,0.2790553132756236,1,6,2,0.14285714285714285,12,10.0,2.0,0,0,0.28206439311197395,true_negative,3404
https://openalex.org/T10120,https://openalex.org/T11879,2015,2016,2020,0.2790553132756236,1,6,2,0.14285714285714285,12,10.0,2.0,0,0,0.28206439311197395,true_negative,3405
https://openalex.org/T10120,https://openalex.org/T10715,2015,2016,2020,0.2790553132756236,1,6,2,0.14285714285714285,12,10.0,2.0,0,0,0.28206439311197395,true_negative,3403
https://openalex.org/T13051,https://openalex.org/T13117,2015,2016,2020,0.3459762562611936,1,2,5,0.16666666666666666,10,2.0,6.0,0,0,0.2819031282429114,true_negative,3410
https://openalex.org/T12790,https://openalex.org/T13117,2015,2016,2020,0.3459762562611936,1,2,5,0.16666666666666666,10,2.0,6.0,0,0,0.2819031282429114,true_negative,3408
https://openalex.org/T12950,https://openalex.org/T13117,2015,2016,2020,0.3459762562611936,1,2,5,0.16666666666666666,10,2.0,6.0,0,0,0.2819031282429114,true_negative,3409
https://openalex.org/T12694,https://openalex.org/T13117,2015,2016,2020,0.3459762562611936,1,2,5,0.16666666666666666,10,2.0,6.0,0,0,0.2819031282429114,true_negative,3407
https://openalex.org/T10157,https://openalex.org/T11700,2015,2016,2020,0.31465798044412485,1,4,3,0.16666666666666666,12,5.0,6.0,0,0,0.28181089073151844,true_negative,3411
https://openalex.org/T13349,https://openalex.org/T14153,2015,2016,2020,0.3459762562611936,1,3,4,0.16666666666666666,12,4.0,6.0,0,0,0.28139050855048736,true_negative,3412
https://openalex.org/T11764,https://openalex.org/T11986,2015,2016,2020,0.2790553132756236,1,3,5,0.14285714285714285,15,8.0,6.0,0,0,0.28112656187375923,true_negative,3413
https://openalex.org/T10519,https://openalex.org/T11407,2015,2016,2020,0.31066746727980593,1,4,4,0.14285714285714285,16,8.0,4.0,0,0,0.2807751451839436,true_negative,3414
https://openalex.org/T10594,https://openalex.org/T11764,2015,2016,2020,0.4170323914242463,1,3,3,0.2,9,4.0,8.0,0,0,0.28073274692337497,true_negative,3415
https://openalex.org/T10461,https://openalex.org/T12046,2015,2016,2020,0.45511961331341866,1,2,4,0.2,8,4.0,8.0,0,0,0.2807027377893934,true_negative,3416
https://openalex.org/T11011,https://openalex.org/T13555,2015,2016,2020,0.35295612386476116,1,5,2,0.16666666666666666,10,8.0,4.0,0,0,0.2804917977469813,true_negative,3417
https://openalex.org/T12044,https://openalex.org/T12327,2015,2016,2020,0.36067376022224085,1,4,3,0.16666666666666666,12,4.0,4.0,0,0,0.28011059201855376,true_negative,3419
https://openalex.org/T10472,https://openalex.org/T12327,2015,2016,2020,0.36067376022224085,1,4,3,0.16666666666666666,12,4.0,4.0,0,0,0.28011059201855376,true_negative,3418
https://openalex.org/T10338,https://openalex.org/T10382,2015,2016,2020,0.33380820069533407,1,2,5,0.16666666666666666,10,2.0,6.0,0,0,0.27999460349185534,true_negative,3420
https://openalex.org/T10416,https://openalex.org/T13555,2015,2016,2020,0.31465798044412485,1,5,2,0.16666666666666666,10,6.0,4.0,0,0,0.27927942758292656,true_negative,3421
https://openalex.org/T10429,https://openalex.org/T10662,2015,2016,2020,0.43429448190325176,1,3,4,0.16666666666666666,12,6.0,4.0,0,0,0.279140951560094,true_negative,3422
https://openalex.org/T10857,https://openalex.org/T10995,2015,2016,2020,0.3898712452512801,1,4,3,0.16666666666666666,12,4.0,3.0,0,0,0.27903656185955117,true_negative,3423
https://openalex.org/T10091,https://openalex.org/T10209,2015,2016,2020,0.5581106265512472,1,2,4,0.2,8,2.0,4.0,0,0,0.27902515406181416,true_negative,3424
https://openalex.org/T11355,https://openalex.org/T11597,2015,2016,2020,0.5581106265512472,1,2,4,0.2,8,2.0,4.0,0,0,0.27902515406181416,true_negative,3429
https://openalex.org/T10401,https://openalex.org/T11093,2015,2016,2020,0.5581106265512472,1,2,4,0.2,8,2.0,4.0,0,0,0.27902515406181416,true_negative,3427
https://openalex.org/T11532,https://openalex.org/T11597,2015,2016,2020,0.5581106265512472,1,2,4,0.2,8,2.0,4.0,0,0,0.27902515406181416,true_negative,3430
https://openalex.org/T10170,https://openalex.org/T11297,2015,2016,2020,0.5581106265512472,1,2,4,0.2,8,2.0,4.0,0,0,0.27902515406181416,true_negative,3425
https://openalex.org/T11655,https://openalex.org/T14393,2015,2016,2020,0.5581106265512472,1,2,4,0.2,8,2.0,4.0,0,0,0.27902515406181416,true_negative,3432
https://openalex.org/T10294,https://openalex.org/T11297,2015,2016,2020,0.5581106265512472,1,2,4,0.2,8,2.0,4.0,0,0,0.27902515406181416,true_negative,3426
https://openalex.org/T11600,https://openalex.org/T12820,2015,2016,2020,0.5581106265512472,1,2,4,0.2,8,2.0,4.0,0,0,0.27902515406181416,true_negative,3431
https://openalex.org/T10950,https://openalex.org/T12820,2015,2016,2020,0.5581106265512472,1,2,4,0.2,8,2.0,4.0,0,0,0.27902515406181416,true_negative,3428
https://openalex.org/T10050,https://openalex.org/T11798,2015,2016,2020,0.36926937306885504,1,5,2,0.16666666666666666,10,5.0,2.0,0,0,0.27892878438822644,true_negative,3433
https://openalex.org/T10050,https://openalex.org/T11918,2015,2016,2020,0.36926937306885504,1,5,2,0.16666666666666666,10,5.0,2.0,0,0,0.27892878438822644,true_negative,3434
https://openalex.org/T10050,https://openalex.org/T12135,2015,2016,2020,0.36926937306885504,1,5,2,0.16666666666666666,10,5.0,2.0,0,0,0.27892878438822644,true_negative,3435
https://openalex.org/T10050,https://openalex.org/T12368,2015,2016,2020,0.36926937306885504,1,5,2,0.16666666666666666,10,5.0,2.0,0,0,0.27892878438822644,true_negative,3436
https://openalex.org/T10050,https://openalex.org/T13487,2015,2016,2020,0.36926937306885504,1,5,2,0.16666666666666666,10,5.0,2.0,0,0,0.27892878438822644,true_negative,3437
https://openalex.org/T10272,https://openalex.org/T13447,2015,2016,2020,0.35295612386476116,1,4,3,0.16666666666666666,12,4.0,4.0,0,0,0.27890389758199197,true_negative,3440
https://openalex.org/T10591,https://openalex.org/T12327,2015,2016,2020,0.35295612386476116,1,4,3,0.16666666666666666,12,4.0,4.0,0,0,0.27890389758199197,true_negative,3442
https://openalex.org/T10102,https://openalex.org/T13447,2015,2016,2020,0.35295612386476116,1,4,3,0.16666666666666666,12,4.0,4.0,0,0,0.27890389758199197,true_negative,3439
https://openalex.org/T12676,https://openalex.org/T12814,2015,2016,2020,0.35295612386476116,1,4,3,0.16666666666666666,12,4.0,4.0,0,0,0.27890389758199197,true_negative,3448
https://openalex.org/T11930,https://openalex.org/T12947,2015,2016,2020,0.35295612386476116,1,4,3,0.16666666666666666,12,4.0,4.0,0,0,0.27890389758199197,true_negative,3446
https://openalex.org/T11273,https://openalex.org/T12814,2015,2016,2020,0.35295612386476116,1,4,3,0.16666666666666666,12,4.0,4.0,0,0,0.27890389758199197,true_negative,3444
https://openalex.org/T12574,https://openalex.org/T12947,2015,2016,2020,0.35295612386476116,1,4,3,0.16666666666666666,12,4.0,4.0,0,0,0.27890389758199197,true_negative,3447
https://openalex.org/T11930,https://openalex.org/T12168,2015,2016,2020,0.35295612386476116,1,4,3,0.16666666666666666,12,4.0,4.0,0,0,0.27890389758199197,true_negative,3445
https://openalex.org/T10462,https://openalex.org/T12814,2015,2016,2020,0.35295612386476116,1,4,3,0.16666666666666666,12,4.0,4.0,0,0,0.27890389758199197,true_negative,3441
https://openalex.org/T10096,https://openalex.org/T12327,2015,2016,2020,0.35295612386476116,1,4,3,0.16666666666666666,12,4.0,4.0,0,0,0.27890389758199197,true_negative,3438
https://openalex.org/T11093,https://openalex.org/T13447,2015,2016,2020,0.35295612386476116,1,4,3,0.16666666666666666,12,4.0,4.0,0,0,0.27890389758199197,true_negative,3443
https://openalex.org/T10207,https://openalex.org/T11765,2015,2016,2020,0.5138983423697507,1,2,4,0.2,8,4.0,6.0,0,0,0.2786143062966375,true_negative,3449
https://openalex.org/T10006,https://openalex.org/T11182,2015,2016,2020,0.5581106265512472,1,4,2,0.2,8,4.0,2.0,0,0,0.2783786891022431,true_negative,3450
https://openalex.org/T10857,https://openalex.org/T10859,2015,2016,2020,0.5581106265512472,1,4,2,0.2,8,4.0,2.0,0,0,0.2783786891022431,true_negative,3455
https://openalex.org/T11141,https://openalex.org/T11600,2015,2016,2020,0.5581106265512472,1,4,2,0.2,8,4.0,2.0,0,0,0.2783786891022431,true_negative,3459
https://openalex.org/T10209,https://openalex.org/T10410,2015,2016,2020,0.5581106265512472,1,4,2,0.2,8,4.0,2.0,0,0,0.2783786891022431,true_negative,3453
https://openalex.org/T11141,https://openalex.org/T12996,2015,2016,2020,0.5581106265512472,1,4,2,0.2,8,4.0,2.0,0,0,0.2783786891022431,true_negative,3460
https://openalex.org/T12137,https://openalex.org/T12892,2015,2016,2020,0.5581106265512472,1,4,2,0.2,8,4.0,2.0,0,0,0.2783786891022431,true_negative,3470
https://openalex.org/T10039,https://openalex.org/T12261,2015,2016,2020,0.5581106265512472,1,4,2,0.2,8,4.0,2.0,0,0,0.2783786891022431,true_negative,3451
https://openalex.org/T10209,https://openalex.org/T10296,2015,2016,2020,0.5581106265512472,1,4,2,0.2,8,4.0,2.0,0,0,0.2783786891022431,true_negative,3452
https://openalex.org/T10857,https://openalex.org/T10913,2015,2016,2020,0.5581106265512472,1,4,2,0.2,8,4.0,2.0,0,0,0.2783786891022431,true_negative,3456
https://openalex.org/T11266,https://openalex.org/T12626,2015,2016,2020,0.5581106265512472,1,4,2,0.2,8,4.0,2.0,0,0,0.2783786891022431,true_negative,3465
https://openalex.org/T11141,https://openalex.org/T13779,2015,2016,2020,0.5581106265512472,1,4,2,0.2,8,4.0,2.0,0,0,0.2783786891022431,true_negative,3461
https://openalex.org/T11093,https://openalex.org/T11171,2015,2016,2020,0.5581106265512472,1,4,2,0.2,8,4.0,2.0,0,0,0.2783786891022431,true_negative,3457
https://openalex.org/T11093,https://openalex.org/T11623,2015,2016,2020,0.5581106265512472,1,4,2,0.2,8,4.0,2.0,0,0,0.2783786891022431,true_negative,3458
https://openalex.org/T11266,https://openalex.org/T14144,2015,2016,2020,0.5581106265512472,1,4,2,0.2,8,4.0,2.0,0,0,0.2783786891022431,true_negative,3466
https://openalex.org/T11297,https://openalex.org/T11848,2015,2016,2020,0.5581106265512472,1,4,2,0.2,8,4.0,2.0,0,0,0.2783786891022431,true_negative,3467
https://openalex.org/T11266,https://openalex.org/T11532,2015,2016,2020,0.5581106265512472,1,4,2,0.2,8,4.0,2.0,0,0,0.2783786891022431,true_negative,3464
https://openalex.org/T11266,https://openalex.org/T11355,2015,2016,2020,0.5581106265512472,1,4,2,0.2,8,4.0,2.0,0,0,0.2783786891022431,true_negative,3463
https://openalex.org/T11266,https://openalex.org/T11305,2015,2016,2020,0.5581106265512472,1,4,2,0.2,8,4.0,2.0,0,0,0.2783786891022431,true_negative,3462
https://openalex.org/T10209,https://openalex.org/T11155,2015,2016,2020,0.5581106265512472,1,4,2,0.2,8,4.0,2.0,0,0,0.2783786891022431,true_negative,3454
https://openalex.org/T12056,https://openalex.org/T12917,2015,2016,2020,0.5581106265512472,1,4,2,0.2,8,4.0,2.0,0,0,0.2783786891022431,true_negative,3469
https://openalex.org/T11597,https://openalex.org/T12626,2015,2016,2020,0.5581106265512472,1,4,2,0.2,8,4.0,2.0,0,0,0.2783786891022431,true_negative,3468
https://openalex.org/T12820,https://openalex.org/T12996,2015,2016,2020,0.5581106265512472,1,4,2,0.2,8,4.0,2.0,0,0,0.2783786891022431,true_negative,3471
https://openalex.org/T10400,https://openalex.org/T10775,2015,2016,2020,0.48089834696298783,1,2,4,0.2,8,2.0,6.0,0,0,0.2782322440795571,true_negative,3472
https://openalex.org/T10008,https://openalex.org/T13349,2015,2016,2020,0.3459762562611936,1,4,3,0.16666666666666666,12,4.0,4.0,0,0,0.2778153068491382,true_negative,3473
https://openalex.org/T12168,https://openalex.org/T12679,2015,2016,2020,0.31465798044412485,1,3,4,0.16666666666666666,12,4.0,6.0,0,0,0.2764998501541069,true_negative,3474
https://openalex.org/T12679,https://openalex.org/T12947,2015,2016,2020,0.36067376022224085,1,4,3,0.16666666666666666,12,6.0,4.0,0,0,0.275352567844163,true_negative,3476
https://openalex.org/T12196,https://openalex.org/T12947,2015,2016,2020,0.36067376022224085,1,4,3,0.16666666666666666,12,6.0,4.0,0,0,0.275352567844163,true_negative,3475
https://openalex.org/T10303,https://openalex.org/T10432,2015,2016,2020,0.36067376022224085,1,5,2,0.16666666666666666,10,6.0,2.0,0,0,0.2752164817344937,true_negative,3477
https://openalex.org/T11639,https://openalex.org/T12648,2015,2016,2020,0.36067376022224085,1,5,2,0.16666666666666666,10,6.0,2.0,0,0,0.2752164817344937,true_negative,3482
https://openalex.org/T10382,https://openalex.org/T12557,2015,2016,2020,0.36067376022224085,1,5,2,0.16666666666666666,10,6.0,2.0,0,0,0.2752164817344937,true_negative,3480
https://openalex.org/T10303,https://openalex.org/T11809,2015,2016,2020,0.36067376022224085,1,5,2,0.16666666666666666,10,6.0,2.0,0,0,0.2752164817344937,true_negative,3478
https://openalex.org/T10382,https://openalex.org/T13104,2015,2016,2020,0.36067376022224085,1,5,2,0.16666666666666666,10,6.0,2.0,0,0,0.2752164817344937,true_negative,3481
https://openalex.org/T10382,https://openalex.org/T12202,2015,2016,2020,0.36067376022224085,1,5,2,0.16666666666666666,10,6.0,2.0,0,0,0.2752164817344937,true_negative,3479
https://openalex.org/T11825,https://openalex.org/T12646,2015,2016,2020,0.45511961331341866,1,2,4,0.2,8,2.0,6.0,0,0,0.2742307747583938,true_negative,3485
https://openalex.org/T11825,https://openalex.org/T11881,2015,2016,2020,0.45511961331341866,1,2,4,0.2,8,2.0,6.0,0,0,0.2742307747583938,true_negative,3484
https://openalex.org/T10030,https://openalex.org/T10660,2015,2016,2020,0.45511961331341866,1,2,4,0.2,8,2.0,6.0,0,0,0.2742307747583938,true_negative,3483
https://openalex.org/T11312,https://openalex.org/T11588,2015,2016,2020,0.7213475204444817,1,2,3,0.25,6,2.0,4.0,0,0,0.2740617581801472,true_negative,3491
https://openalex.org/T10060,https://openalex.org/T11884,2015,2016,2020,0.7213475204444817,1,2,3,0.25,6,2.0,4.0,0,0,0.2740617581801472,true_negative,3486
https://openalex.org/T11362,https://openalex.org/T11733,2015,2016,2020,0.7213475204444817,1,2,3,0.25,6,2.0,4.0,0,0,0.2740617581801472,true_negative,3492
https://openalex.org/T10844,https://openalex.org/T11733,2015,2016,2020,0.7213475204444817,1,2,3,0.25,6,2.0,4.0,0,0,0.2740617581801472,true_negative,3489
https://openalex.org/T11362,https://openalex.org/T12039,2015,2016,2020,0.7213475204444817,1,2,3,0.25,6,2.0,4.0,0,0,0.2740617581801472,true_negative,3493
https://openalex.org/T10433,https://openalex.org/T11884,2015,2016,2020,0.7213475204444817,1,2,3,0.25,6,2.0,4.0,0,0,0.2740617581801472,true_negative,3487
https://openalex.org/T10844,https://openalex.org/T12039,2015,2016,2020,0.7213475204444817,1,2,3,0.25,6,2.0,4.0,0,0,0.2740617581801472,true_negative,3490
https://openalex.org/T10801,https://openalex.org/T11588,2015,2016,2020,0.7213475204444817,1,2,3,0.25,6,2.0,4.0,0,0,0.2740617581801472,true_negative,3488
https://openalex.org/T11986,https://openalex.org/T12557,2015,2016,2020,0.35295612386476116,1,5,2,0.16666666666666666,10,6.0,2.0,0,0,0.274022845417798,true_negative,3494
https://openalex.org/T12072,https://openalex.org/T12292,2015,2016,2020,0.35295612386476116,1,5,2,0.16666666666666666,10,6.0,2.0,0,0,0.274022845417798,true_negative,3495
https://openalex.org/T12072,https://openalex.org/T13126,2015,2016,2020,0.35295612386476116,1,5,2,0.16666666666666666,10,6.0,2.0,0,0,0.274022845417798,true_negative,3496
https://openalex.org/T11986,https://openalex.org/T12640,2015,2016,2020,0.2790553132756236,1,5,2,0.16666666666666666,10,6.0,4.0,0,0,0.2737496193897823,true_negative,3497
https://openalex.org/T11090,https://openalex.org/T12917,2015,2016,2020,0.5581106265512472,1,4,2,0.2,8,6.0,2.0,0,0,0.2736389010962995,true_negative,3502
https://openalex.org/T11090,https://openalex.org/T12261,2015,2016,2020,0.5581106265512472,1,4,2,0.2,8,6.0,2.0,0,0,0.2736389010962995,true_negative,3501
https://openalex.org/T10218,https://openalex.org/T13429,2015,2016,2020,0.5581106265512472,1,4,2,0.2,8,6.0,2.0,0,0,0.2736389010962995,true_negative,3500
https://openalex.org/T10176,https://openalex.org/T11190,2015,2016,2020,0.5581106265512472,1,4,2,0.2,8,6.0,2.0,0,0,0.2736389010962995,true_negative,3499
https://openalex.org/T10176,https://openalex.org/T10379,2015,2016,2020,0.5581106265512472,1,4,2,0.2,8,6.0,2.0,0,0,0.2736389010962995,true_negative,3498
https://openalex.org/T12679,https://openalex.org/T13349,2015,2016,2020,0.3459762562611936,1,4,3,0.16666666666666666,12,6.0,4.0,0,0,0.27308148119720105,true_negative,3503
https://openalex.org/T10102,https://openalex.org/T12168,2015,2016,2020,0.31465798044412485,1,4,3,0.16666666666666666,12,4.0,4.0,0,0,0.27296318349123216,true_negative,3504
https://openalex.org/T11880,https://openalex.org/T12168,2015,2016,2020,0.31465798044412485,1,4,3,0.16666666666666666,12,4.0,4.0,0,0,0.27296318349123216,true_negative,3505
https://openalex.org/T13117,https://openalex.org/T14023,2015,2016,2020,0.3459762562611936,1,5,2,0.16666666666666666,10,6.0,2.0,0,0,0.27294609474099907,true_negative,3508
https://openalex.org/T13117,https://openalex.org/T13765,2015,2016,2020,0.3459762562611936,1,5,2,0.16666666666666666,10,6.0,2.0,0,0,0.27294609474099907,true_negative,3507
https://openalex.org/T13117,https://openalex.org/T13412,2015,2016,2020,0.3459762562611936,1,5,2,0.16666666666666666,10,6.0,2.0,0,0,0.27294609474099907,true_negative,3506
https://openalex.org/T10602,https://openalex.org/T11354,2015,2016,2020,0.2790553132756236,1,2,3,0.25,6,2.0,16.0,0,0,0.2725960681719573,true_negative,3509
https://openalex.org/T10715,https://openalex.org/T11354,2015,2016,2020,0.2790553132756236,1,2,3,0.25,6,2.0,16.0,0,0,0.2725960681719573,true_negative,3510
https://openalex.org/T11992,https://openalex.org/T12676,2015,2016,2020,0.5138983423697507,1,2,4,0.2,8,2.0,4.0,0,0,0.2721722748803693,true_negative,3515
https://openalex.org/T10352,https://openalex.org/T11141,2015,2016,2020,0.5138983423697507,1,2,4,0.2,8,2.0,4.0,0,0,0.2721722748803693,true_negative,3511
https://openalex.org/T10352,https://openalex.org/T12279,2015,2016,2020,0.5138983423697507,1,2,4,0.2,8,2.0,4.0,0,0,0.2721722748803693,true_negative,3512
https://openalex.org/T11434,https://openalex.org/T12676,2015,2016,2020,0.5138983423697507,1,2,4,0.2,8,2.0,4.0,0,0,0.2721722748803693,true_negative,3513
https://openalex.org/T12241,https://openalex.org/T12279,2015,2016,2020,0.5138983423697507,1,2,4,0.2,8,2.0,4.0,0,0,0.2721722748803693,true_negative,3516
https://openalex.org/T11601,https://openalex.org/T12676,2015,2016,2020,0.5138983423697507,1,2,4,0.2,8,2.0,4.0,0,0,0.2721722748803693,true_negative,3514
https://openalex.org/T11700,https://openalex.org/T12679,2015,2016,2020,0.31465798044412485,1,3,4,0.16666666666666666,12,6.0,6.0,0,0,0.2717800038614931,true_negative,3517
https://openalex.org/T10096,https://openalex.org/T13604,2015,2016,2020,0.5138983423697507,1,4,2,0.2,8,4.0,2.0,0,0,0.27153570742021355,true_negative,3520
https://openalex.org/T10096,https://openalex.org/T12202,2015,2016,2020,0.5138983423697507,1,4,2,0.2,8,4.0,2.0,0,0,0.27153570742021355,true_negative,3519
https://openalex.org/T10096,https://openalex.org/T10402,2015,2016,2020,0.5138983423697507,1,4,2,0.2,8,4.0,2.0,0,0,0.27153570742021355,true_negative,3518
https://openalex.org/T11141,https://openalex.org/T13883,2015,2016,2020,0.5138983423697507,1,4,2,0.2,8,4.0,2.0,0,0,0.27153570742021355,true_negative,3521
https://openalex.org/T10602,https://openalex.org/T11986,2015,2016,2020,0.2790553132756236,1,2,5,0.16666666666666666,10,2.0,6.0,0,0,0.2715052311953165,true_negative,3522
https://openalex.org/T11470,https://openalex.org/T11986,2015,2016,2020,0.2790553132756236,1,2,5,0.16666666666666666,10,2.0,6.0,0,0,0.2715052311953165,true_negative,3523
https://openalex.org/T11879,https://openalex.org/T11986,2015,2016,2020,0.2790553132756236,1,2,5,0.16666666666666666,10,2.0,6.0,0,0,0.2715052311953165,true_negative,3524
https://openalex.org/T10144,https://openalex.org/T12574,2015,2016,2020,0.35295612386476116,1,3,4,0.16666666666666666,12,4.0,4.0,0,0,0.2712758931461468,true_negative,3525
https://openalex.org/T10594,https://openalex.org/T14393,2015,2016,2020,0.35295612386476116,1,3,4,0.16666666666666666,12,4.0,4.0,0,0,0.2712758931461468,true_negative,3526
https://openalex.org/T11928,https://openalex.org/T14393,2015,2016,2020,0.35295612386476116,1,3,4,0.16666666666666666,12,4.0,4.0,0,0,0.2712758931461468,true_negative,3527
https://openalex.org/T10382,https://openalex.org/T11341,2015,2016,2020,0.33380820069533407,1,5,2,0.16666666666666666,10,6.0,2.0,0,0,0.2710753191704256,true_negative,3529
https://openalex.org/T10382,https://openalex.org/T10478,2015,2016,2020,0.33380820069533407,1,5,2,0.16666666666666666,10,6.0,2.0,0,0,0.2710753191704256,true_negative,3528
https://openalex.org/T10382,https://openalex.org/T11992,2015,2016,2020,0.33380820069533407,1,5,2,0.16666666666666666,10,6.0,2.0,0,0,0.2710753191704256,true_negative,3530
https://openalex.org/T11744,https://openalex.org/T11944,2015,2016,2020,0.36067376022224085,1,6,2,0.14285714285714285,12,20.0,2.0,0,0,0.2710159628363173,true_negative,3531
https://openalex.org/T10144,https://openalex.org/T12664,2015,2016,2020,0.35295612386476116,1,3,3,0.2,9,4.0,8.0,0,0,0.2707976756319971,true_negative,3532
https://openalex.org/T10157,https://openalex.org/T12168,2015,2016,2020,0.31465798044412485,1,4,3,0.16666666666666666,12,5.0,4.0,0,0,0.27061588433254213,true_negative,3533
https://openalex.org/T10049,https://openalex.org/T12046,2015,2016,2020,0.35295612386476116,1,2,4,0.2,8,2.0,8.0,0,0,0.26961448664273063,true_negative,3534
https://openalex.org/T11825,https://openalex.org/T12046,2015,2016,2020,0.35295612386476116,1,2,4,0.2,8,2.0,8.0,0,0,0.26961448664273063,true_negative,3535
https://openalex.org/T12046,https://openalex.org/T12327,2015,2016,2020,0.35295612386476116,1,4,3,0.16666666666666666,12,8.0,4.0,0,0,0.2694637989574435,true_negative,3536
https://openalex.org/T11011,https://openalex.org/T11071,2015,2016,2020,0.35295612386476116,1,5,2,0.16666666666666666,10,8.0,2.0,0,0,0.26932954152533495,true_negative,3537
https://openalex.org/T12013,https://openalex.org/T12788,2015,2016,2020,0.7213475204444817,1,2,3,0.25,6,2.0,3.0,0,0,0.2685261486201167,true_negative,3539
https://openalex.org/T10119,https://openalex.org/T12788,2015,2016,2020,0.7213475204444817,1,2,3,0.25,6,2.0,3.0,0,0,0.2685261486201167,true_negative,3538
https://openalex.org/T10162,https://openalex.org/T14023,2015,2016,2020,0.7213475204444817,1,3,2,0.25,6,3.0,2.0,0,0,0.26821044170813874,true_negative,3540
https://openalex.org/T10416,https://openalex.org/T12648,2015,2016,2020,0.31465798044412485,1,5,2,0.16666666666666666,10,6.0,2.0,0,0,0.26814743736749164,true_negative,3542
https://openalex.org/T10416,https://openalex.org/T11071,2015,2016,2020,0.31465798044412485,1,5,2,0.16666666666666666,10,6.0,2.0,0,0,0.26814743736749164,true_negative,3541
https://openalex.org/T10857,https://openalex.org/T11048,2015,2016,2020,0.2790553132756236,1,4,3,0.16666666666666666,12,4.0,4.0,0,0,0.2675120185034572,true_negative,3543
https://openalex.org/T11083,https://openalex.org/T14393,2015,2016,2020,0.48089834696298783,1,2,4,0.2,8,2.0,4.0,0,0,0.26712652368377643,true_negative,3548
https://openalex.org/T10526,https://openalex.org/T12748,2015,2016,2020,0.48089834696298783,1,2,4,0.2,8,2.0,4.0,0,0,0.26712652368377643,true_negative,3545
https://openalex.org/T10112,https://openalex.org/T12748,2015,2016,2020,0.48089834696298783,1,2,4,0.2,8,2.0,4.0,0,0,0.26712652368377643,true_negative,3544
https://openalex.org/T12539,https://openalex.org/T13430,2015,2016,2020,0.48089834696298783,1,2,4,0.2,8,2.0,4.0,0,0,0.26712652368377643,true_negative,3554
https://openalex.org/T11171,https://openalex.org/T13430,2015,2016,2020,0.48089834696298783,1,2,4,0.2,8,2.0,4.0,0,0,0.26712652368377643,true_negative,3549
https://openalex.org/T11885,https://openalex.org/T12386,2015,2016,2020,0.48089834696298783,1,2,4,0.2,8,2.0,4.0,0,0,0.26712652368377643,true_negative,3553
https://openalex.org/T11824,https://openalex.org/T14393,2015,2016,2020,0.48089834696298783,1,2,4,0.2,8,2.0,4.0,0,0,0.26712652368377643,true_negative,3552
https://openalex.org/T11083,https://openalex.org/T11097,2015,2016,2020,0.48089834696298783,1,2,4,0.2,8,2.0,4.0,0,0,0.26712652368377643,true_negative,3546
https://openalex.org/T11305,https://openalex.org/T12315,2015,2016,2020,0.48089834696298783,1,2,4,0.2,8,2.0,4.0,0,0,0.26712652368377643,true_negative,3551
https://openalex.org/T11083,https://openalex.org/T11376,2015,2016,2020,0.48089834696298783,1,2,4,0.2,8,2.0,4.0,0,0,0.26712652368377643,true_negative,3547
https://openalex.org/T11305,https://openalex.org/T11376,2015,2016,2020,0.48089834696298783,1,2,4,0.2,8,2.0,4.0,0,0,0.26712652368377643,true_negative,3550
https://openalex.org/T12664,https://openalex.org/T12679,2015,2016,2020,0.31465798044412485,1,3,4,0.16666666666666666,12,8.0,6.0,0,0,0.2671109802433225,true_negative,3555
https://openalex.org/T10478,https://openalex.org/T10657,2015,2016,2020,0.33380820069533407,1,2,4,0.2,8,2.0,8.0,0,0,0.26669695910719565,true_negative,3558
https://openalex.org/T10338,https://openalex.org/T10657,2015,2016,2020,0.33380820069533407,1,2,4,0.2,8,2.0,8.0,0,0,0.26669695910719565,true_negative,3556
https://openalex.org/T10478,https://openalex.org/T12046,2015,2016,2020,0.33380820069533407,1,2,4,0.2,8,2.0,8.0,0,0,0.26669695910719565,true_negative,3559
https://openalex.org/T11992,https://openalex.org/T12046,2015,2016,2020,0.33380820069533407,1,2,4,0.2,8,2.0,8.0,0,0,0.26669695910719565,true_negative,3560
https://openalex.org/T10338,https://openalex.org/T12046,2015,2016,2020,0.33380820069533407,1,2,4,0.2,8,2.0,8.0,0,0,0.26669695910719565,true_negative,3557
https://openalex.org/T10397,https://openalex.org/T12574,2015,2016,2020,0.35295612386476116,1,3,4,0.16666666666666666,12,6.0,4.0,0,0,0.26661235918086035,true_negative,3562
https://openalex.org/T11700,https://openalex.org/T11930,2015,2016,2020,0.35295612386476116,1,3,4,0.16666666666666666,12,6.0,4.0,0,0,0.26661235918086035,true_negative,3563
https://openalex.org/T10397,https://openalex.org/T11930,2015,2016,2020,0.35295612386476116,1,3,4,0.16666666666666666,12,6.0,4.0,0,0,0.26661235918086035,true_negative,3561
https://openalex.org/T12315,https://openalex.org/T12783,2015,2016,2020,0.48089834696298783,1,4,2,0.2,8,4.0,2.0,0,0,0.26649743636415774,true_negative,3569
https://openalex.org/T12315,https://openalex.org/T14144,2015,2016,2020,0.48089834696298783,1,4,2,0.2,8,4.0,2.0,0,0,0.26649743636415774,true_negative,3570
https://openalex.org/T11376,https://openalex.org/T14144,2015,2016,2020,0.48089834696298783,1,4,2,0.2,8,4.0,2.0,0,0,0.26649743636415774,true_negative,3568
https://openalex.org/T10417,https://openalex.org/T11885,2015,2016,2020,0.48089834696298783,1,4,2,0.2,8,4.0,2.0,0,0,0.26649743636415774,true_negative,3566
https://openalex.org/T11376,https://openalex.org/T11824,2015,2016,2020,0.48089834696298783,1,4,2,0.2,8,4.0,2.0,0,0,0.26649743636415774,true_negative,3567
https://openalex.org/T10417,https://openalex.org/T10844,2015,2016,2020,0.48089834696298783,1,4,2,0.2,8,4.0,2.0,0,0,0.26649743636415774,true_negative,3565
https://openalex.org/T10272,https://openalex.org/T11824,2015,2016,2020,0.48089834696298783,1,4,2,0.2,8,4.0,2.0,0,0,0.26649743636415774,true_negative,3564
https://openalex.org/T10397,https://openalex.org/T12664,2015,2016,2020,0.35295612386476116,1,3,3,0.2,9,6.0,8.0,0,0,0.266139360309744,true_negative,3571
https://openalex.org/T10144,https://openalex.org/T10198,2015,2016,2020,0.7213475204444817,1,3,2,0.25,6,4.0,2.0,1,0,0.2658890659684251,false_negative,3573
https://openalex.org/T10095,https://openalex.org/T10224,2015,2016,2020,0.7213475204444817,1,3,2,0.25,6,4.0,2.0,0,0,0.2658890659684251,true_negative,3572
https://openalex.org/T10203,https://openalex.org/T11612,2015,2016,2020,0.7213475204444817,1,3,2,0.25,6,4.0,2.0,0,0,0.2658890659684251,true_negative,3574
https://openalex.org/T10683,https://openalex.org/T11809,2015,2016,2020,0.36067376022224085,1,5,2,0.16666666666666666,10,10.0,2.0,0,0,0.26585517694071814,true_negative,3575
https://openalex.org/T10683,https://openalex.org/T11825,2015,2016,2020,0.35295612386476116,1,5,2,0.16666666666666666,10,10.0,2.0,0,0,0.2646873141782134,true_negative,3576
https://openalex.org/T10683,https://openalex.org/T12557,2015,2016,2020,0.35295612386476116,1,5,2,0.16666666666666666,10,10.0,2.0,0,0,0.2646873141782134,true_negative,3577
https://openalex.org/T10939,https://openalex.org/T12327,2015,2016,2020,0.45511961331341866,1,3,3,0.2,9,4.0,4.0,0,0,0.2643918283246706,true_negative,3579
https://openalex.org/T11024,https://openalex.org/T13349,2015,2016,2020,0.45511961331341866,1,3,3,0.2,9,4.0,4.0,0,0,0.2643918283246706,true_negative,3580
https://openalex.org/T10826,https://openalex.org/T13447,2015,2016,2020,0.45511961331341866,1,3,3,0.2,9,4.0,4.0,0,0,0.2643918283246706,true_negative,3578
https://openalex.org/T11809,https://openalex.org/T12748,2015,2016,2020,0.45511961331341866,1,2,4,0.2,8,2.0,4.0,0,0,0.2632265248354791,true_negative,3583
https://openalex.org/T10432,https://openalex.org/T12748,2015,2016,2020,0.45511961331341866,1,2,4,0.2,8,2.0,4.0,0,0,0.2632265248354791,true_negative,3581
https://openalex.org/T13051,https://openalex.org/T13777,2015,2016,2020,0.45511961331341866,1,2,4,0.2,8,2.0,4.0,0,0,0.2632265248354791,true_negative,3584
https://openalex.org/T11449,https://openalex.org/T12748,2015,2016,2020,0.45511961331341866,1,2,4,0.2,8,2.0,4.0,0,0,0.2632265248354791,true_negative,3582
https://openalex.org/T11986,https://openalex.org/T12134,2015,2016,2020,0.2790553132756236,1,5,2,0.16666666666666666,10,6.0,2.0,0,0,0.2627576869749375,true_negative,3585
https://openalex.org/T10531,https://openalex.org/T10689,2015,2016,2020,0.45511961331341866,1,4,2,0.2,8,4.0,2.0,0,0,0.2626033310635507,true_negative,3587
https://openalex.org/T10191,https://openalex.org/T10689,2015,2016,2020,0.45511961331341866,1,4,2,0.2,8,4.0,2.0,0,0,0.2626033310635507,true_negative,3586
https://openalex.org/T10591,https://openalex.org/T11449,2015,2016,2020,0.45511961331341866,1,4,2,0.2,8,4.0,2.0,0,0,0.2626033310635507,true_negative,3588
https://openalex.org/T11354,https://openalex.org/T11986,2015,2016,2020,0.2790553132756236,1,3,5,0.14285714285714285,15,16.0,6.0,0,0,0.26235589303283074,true_negative,3589
https://openalex.org/T10281,https://openalex.org/T10338,2015,2016,2020,0.5138983423697507,1,4,2,0.2,8,8.0,2.0,0,0,0.2622542999075104,true_negative,3590
https://openalex.org/T11682,https://openalex.org/T12046,2015,2016,2020,0.33380820069533407,1,2,4,0.2,8,4.0,8.0,0,0,0.26208383174281125,true_negative,3591
https://openalex.org/T10867,https://openalex.org/T14144,2015,2016,2020,0.48089834696298783,1,4,2,0.2,8,6.0,2.0,0,0,0.2618865276615105,true_negative,3596
https://openalex.org/T10515,https://openalex.org/T12610,2015,2016,2020,0.48089834696298783,1,4,2,0.2,8,6.0,2.0,0,0,0.2618865276615105,true_negative,3592
https://openalex.org/T10867,https://openalex.org/T11305,2015,2016,2020,0.48089834696298783,1,4,2,0.2,8,6.0,2.0,0,0,0.2618865276615105,true_negative,3594
https://openalex.org/T10867,https://openalex.org/T12783,2015,2016,2020,0.48089834696298783,1,4,2,0.2,8,6.0,2.0,0,0,0.2618865276615105,true_negative,3595
https://openalex.org/T10775,https://openalex.org/T13429,2015,2016,2020,0.48089834696298783,1,4,2,0.2,8,6.0,2.0,0,0,0.2618865276615105,true_negative,3593
https://openalex.org/T11229,https://openalex.org/T11928,2015,2016,2020,0.43429448190325176,1,3,3,0.2,9,4.0,4.0,0,0,0.261259174403057,true_negative,3597
https://openalex.org/T10285,https://openalex.org/T13004,2015,2016,2020,1.3426824550040934,2,2,2,1.0,4,2.0,2.0,0,0,0.2610208653875611,true_negative,3598
https://openalex.org/T11700,https://openalex.org/T11880,2015,2016,2020,0.31465798044412485,1,3,4,0.16666666666666666,12,6.0,4.0,0,0,0.26083875334119033,true_negative,3599
https://openalex.org/T10042,https://openalex.org/T10429,2015,2016,2020,0.5581106265512472,1,2,3,0.25,6,2.0,6.0,0,0,0.26021589814598794,true_negative,3600
https://openalex.org/T10583,https://openalex.org/T11297,2015,2016,2020,0.43429448190325176,1,2,4,0.2,8,2.0,4.0,0,0,0.2601027959981038,true_negative,3606
https://openalex.org/T10185,https://openalex.org/T10417,2015,2016,2020,0.43429448190325176,1,2,4,0.2,8,2.0,4.0,0,0,0.2601027959981038,true_negative,3601
https://openalex.org/T10549,https://openalex.org/T11297,2015,2016,2020,0.43429448190325176,1,2,4,0.2,8,2.0,4.0,0,0,0.2601027959981038,true_negative,3605
https://openalex.org/T10549,https://openalex.org/T10631,2015,2016,2020,0.43429448190325176,1,2,4,0.2,8,2.0,4.0,0,0,0.2601027959981038,true_negative,3604
https://openalex.org/T10929,https://openalex.org/T11297,2015,2016,2020,0.43429448190325176,1,2,4,0.2,8,2.0,4.0,0,0,0.2601027959981038,true_negative,3607
https://openalex.org/T10266,https://openalex.org/T10330,2015,2016,2020,0.43429448190325176,1,2,4,0.2,8,2.0,4.0,0,0,0.2601027959981038,true_negative,3602
https://openalex.org/T10266,https://openalex.org/T10644,2015,2016,2020,0.43429448190325176,1,2,4,0.2,8,2.0,4.0,0,0,0.2601027959981038,true_negative,3603
https://openalex.org/T11048,https://openalex.org/T11578,2015,2016,2020,0.2790553132756236,1,3,4,0.16666666666666666,12,4.0,4.0,0,0,0.26008320595485107,true_negative,3608
https://openalex.org/T10144,https://openalex.org/T10397,2015,2016,2020,0.35295612386476116,1,3,3,0.2,9,4.0,6.0,0,0,0.25988185842908573,true_negative,3609
https://openalex.org/T10144,https://openalex.org/T11700,2015,2016,2020,0.35295612386476116,1,3,3,0.2,9,4.0,6.0,0,0,0.25988185842908573,true_negative,3610
https://openalex.org/T11944,https://openalex.org/T12679,2015,2016,2020,0.36067376022224085,1,2,4,0.2,8,2.0,6.0,0,0,0.2598803071592593,true_negative,3617
https://openalex.org/T11944,https://openalex.org/T12196,2015,2016,2020,0.36067376022224085,1,2,4,0.2,8,2.0,6.0,0,0,0.2598803071592593,true_negative,3616
https://openalex.org/T10432,https://openalex.org/T11881,2015,2016,2020,0.36067376022224085,1,2,4,0.2,8,2.0,6.0,0,0,0.2598803071592593,true_negative,3611
https://openalex.org/T12557,https://openalex.org/T12646,2015,2016,2020,0.36067376022224085,1,2,4,0.2,8,2.0,6.0,0,0,0.2598803071592593,true_negative,3619
https://openalex.org/T10492,https://openalex.org/T11881,2015,2016,2020,0.36067376022224085,1,2,4,0.2,8,2.0,6.0,0,0,0.2598803071592593,true_negative,3612
https://openalex.org/T12202,https://openalex.org/T12646,2015,2016,2020,0.36067376022224085,1,2,4,0.2,8,2.0,6.0,0,0,0.2598803071592593,true_negative,3618
https://openalex.org/T11590,https://openalex.org/T12679,2015,2016,2020,0.36067376022224085,1,2,4,0.2,8,2.0,6.0,0,0,0.2598803071592593,true_negative,3614
https://openalex.org/T11809,https://openalex.org/T11881,2015,2016,2020,0.36067376022224085,1,2,4,0.2,8,2.0,6.0,0,0,0.2598803071592593,true_negative,3615
https://openalex.org/T11590,https://openalex.org/T12196,2015,2016,2020,0.36067376022224085,1,2,4,0.2,8,2.0,6.0,0,0,0.2598803071592593,true_negative,3613
https://openalex.org/T10247,https://openalex.org/T10461,2015,2016,2020,0.45511961331341866,1,4,2,0.2,8,10.0,4.0,0,0,0.25967906578472205,true_negative,3620
https://openalex.org/T11048,https://openalex.org/T11764,2015,2016,2020,0.2790553132756236,1,3,3,0.2,9,4.0,8.0,0,0,0.2596176899952898,true_negative,3621
https://openalex.org/T10330,https://openalex.org/T11333,2015,2016,2020,0.43429448190325176,1,4,2,0.2,8,4.0,2.0,0,0,0.25948439309520965,true_negative,3626
https://openalex.org/T10330,https://openalex.org/T11483,2015,2016,2020,0.43429448190325176,1,4,2,0.2,8,4.0,2.0,0,0,0.25948439309520965,true_negative,3627
https://openalex.org/T10330,https://openalex.org/T12091,2015,2016,2020,0.43429448190325176,1,4,2,0.2,8,4.0,2.0,0,0,0.25948439309520965,true_negative,3628
https://openalex.org/T10644,https://openalex.org/T11333,2015,2016,2020,0.43429448190325176,1,4,2,0.2,8,4.0,2.0,0,0,0.25948439309520965,true_negative,3633
https://openalex.org/T11297,https://openalex.org/T11677,2015,2016,2020,0.43429448190325176,1,4,2,0.2,8,4.0,2.0,0,0,0.25948439309520965,true_negative,3637
https://openalex.org/T10017,https://openalex.org/T11483,2015,2016,2020,0.43429448190325176,1,4,2,0.2,8,4.0,2.0,0,0,0.25948439309520965,true_negative,3624
https://openalex.org/T10644,https://openalex.org/T11483,2015,2016,2020,0.43429448190325176,1,4,2,0.2,8,4.0,2.0,0,0,0.25948439309520965,true_negative,3634
https://openalex.org/T10417,https://openalex.org/T11798,2015,2016,2020,0.43429448190325176,1,4,2,0.2,8,4.0,2.0,0,0,0.25948439309520965,true_negative,3629
https://openalex.org/T10017,https://openalex.org/T10266,2015,2016,2020,0.43429448190325176,1,4,2,0.2,8,4.0,2.0,0,0,0.25948439309520965,true_negative,3622
https://openalex.org/T10017,https://openalex.org/T12091,2015,2016,2020,0.43429448190325176,1,4,2,0.2,8,4.0,2.0,0,0,0.25948439309520965,true_negative,3625
https://openalex.org/T10662,https://openalex.org/T12303,2015,2016,2020,0.43429448190325176,1,4,2,0.2,8,4.0,2.0,0,0,0.25948439309520965,true_negative,3636
https://openalex.org/T10644,https://openalex.org/T11186,2015,2016,2020,0.43429448190325176,1,4,2,0.2,8,4.0,2.0,0,0,0.25948439309520965,true_negative,3632
https://openalex.org/T10631,https://openalex.org/T11677,2015,2016,2020,0.43429448190325176,1,4,2,0.2,8,4.0,2.0,0,0,0.25948439309520965,true_negative,3631
https://openalex.org/T10644,https://openalex.org/T12091,2015,2016,2020,0.43429448190325176,1,4,2,0.2,8,4.0,2.0,0,0,0.25948439309520965,true_negative,3635
https://openalex.org/T10631,https://openalex.org/T10929,2015,2016,2020,0.43429448190325176,1,4,2,0.2,8,4.0,2.0,0,0,0.25948439309520965,true_negative,3630
https://openalex.org/T10017,https://openalex.org/T11186,2015,2016,2020,0.43429448190325176,1,4,2,0.2,8,4.0,2.0,0,0,0.25948439309520965,true_negative,3623
https://openalex.org/T10939,https://openalex.org/T10995,2015,2016,2020,0.45511961331341866,1,3,3,0.2,9,4.0,3.0,0,0,0.25898185559724146,true_negative,3638
https://openalex.org/T10186,https://openalex.org/T13447,2015,2016,2020,0.6213349345596119,1,2,3,0.25,6,2.0,4.0,0,0,0.258886855918157,true_negative,3639
https://openalex.org/T10986,https://openalex.org/T11181,2015,2016,2020,0.6213349345596119,1,2,3,0.25,6,2.0,4.0,0,0,0.258886855918157,true_negative,3640
https://openalex.org/T11930,https://openalex.org/T13555,2015,2016,2020,0.35295612386476116,1,4,2,0.2,8,4.0,4.0,0,0,0.2581131644049249,true_negative,3641
https://openalex.org/T10580,https://openalex.org/T12626,2015,2016,2020,0.45511961331341866,1,4,2,0.2,8,6.0,2.0,0,0,0.25803609600556415,true_negative,3643
https://openalex.org/T10660,https://openalex.org/T10811,2015,2016,2020,0.45511961331341866,1,4,2,0.2,8,6.0,2.0,0,0,0.25803609600556415,true_negative,3644
https://openalex.org/T10660,https://openalex.org/T11007,2015,2016,2020,0.45511961331341866,1,4,2,0.2,8,6.0,2.0,0,0,0.25803609600556415,true_negative,3645
https://openalex.org/T10344,https://openalex.org/T13051,2015,2016,2020,0.45511961331341866,1,4,2,0.2,8,6.0,2.0,0,0,0.25803609600556415,true_negative,3642
https://openalex.org/T12196,https://openalex.org/T13051,2015,2016,2020,0.45511961331341866,1,4,2,0.2,8,6.0,2.0,0,0,0.25803609600556415,true_negative,3646
https://openalex.org/T13051,https://openalex.org/T14153,2015,2016,2020,0.3459762562611936,1,2,4,0.2,8,2.0,6.0,0,0,0.25769145377643643,true_negative,3651
https://openalex.org/T10186,https://openalex.org/T14153,2015,2016,2020,0.3459762562611936,1,2,4,0.2,8,2.0,6.0,0,0,0.25769145377643643,true_negative,3648
https://openalex.org/T12950,https://openalex.org/T14153,2015,2016,2020,0.3459762562611936,1,2,4,0.2,8,2.0,6.0,0,0,0.25769145377643643,true_negative,3650
https://openalex.org/T12790,https://openalex.org/T14153,2015,2016,2020,0.3459762562611936,1,2,4,0.2,8,2.0,6.0,0,0,0.25769145377643643,true_negative,3649
https://openalex.org/T14023,https://openalex.org/T14153,2015,2016,2020,0.3459762562611936,1,2,4,0.2,8,2.0,6.0,0,0,0.25769145377643643,true_negative,3653
https://openalex.org/T13412,https://openalex.org/T14153,2015,2016,2020,0.3459762562611936,1,2,4,0.2,8,2.0,6.0,0,0,0.25769145377643643,true_negative,3652
https://openalex.org/T10186,https://openalex.org/T12679,2015,2016,2020,0.3459762562611936,1,2,4,0.2,8,2.0,6.0,0,0,0.25769145377643643,true_negative,3647
https://openalex.org/T10164,https://openalex.org/T13117,2015,2016,2020,0.3459762562611936,1,1,5,0.2,5,1.0,6.0,0,0,0.2575399043847506,true_negative,3654
https://openalex.org/T12926,https://openalex.org/T13117,2015,2016,2020,0.3459762562611936,1,1,5,0.2,5,1.0,6.0,0,0,0.2575399043847506,true_negative,3655
https://openalex.org/T10185,https://openalex.org/T11901,2015,2016,2020,0.4170323914242463,1,2,4,0.2,8,2.0,4.0,0,0,0.25753180809463166,true_negative,3656
https://openalex.org/T10765,https://openalex.org/T11880,2015,2016,2020,0.4170323914242463,1,2,4,0.2,8,2.0,4.0,0,0,0.25753180809463166,true_negative,3658
https://openalex.org/T10643,https://openalex.org/T11880,2015,2016,2020,0.4170323914242463,1,2,4,0.2,8,2.0,4.0,0,0,0.25753180809463166,true_negative,3657
https://openalex.org/T10770,https://openalex.org/T11901,2015,2016,2020,0.4170323914242463,1,2,4,0.2,8,2.0,4.0,0,0,0.25753180809463166,true_negative,3659
https://openalex.org/T12781,https://openalex.org/T14393,2015,2016,2020,0.6213349345596119,1,1,4,0.25,4,1.0,4.0,0,0,0.2571015150967257,true_negative,3661
https://openalex.org/T12781,https://openalex.org/T14334,2015,2016,2020,0.6213349345596119,1,1,4,0.25,4,1.0,4.0,0,0,0.2571015150967257,true_negative,3660
https://openalex.org/T10751,https://openalex.org/T10769,2015,2016,2020,0.4170323914242463,1,4,2,0.2,8,4.0,2.0,0,0,0.25691739529487057,true_negative,3664
https://openalex.org/T10662,https://openalex.org/T11205,2015,2016,2020,0.4170323914242463,1,4,2,0.2,8,4.0,2.0,0,0,0.25691739529487057,true_negative,3662
https://openalex.org/T10662,https://openalex.org/T11210,2015,2016,2020,0.4170323914242463,1,4,2,0.2,8,4.0,2.0,0,0,0.25691739529487057,true_negative,3663
https://openalex.org/T10209,https://openalex.org/T12781,2015,2016,2020,0.6213349345596119,1,4,1,0.25,4,4.0,1.0,0,0,0.25618126393744856,true_negative,3665
https://openalex.org/T10378,https://openalex.org/T10429,2015,2016,2020,0.5581106265512472,1,2,3,0.25,6,4.0,6.0,0,0,0.25567578864160123,true_negative,3666
https://openalex.org/T10030,https://openalex.org/T10663,2015,2016,2020,0.45511961331341866,1,2,3,0.25,6,2.0,8.0,0,0,0.25563011933657603,true_negative,3667
https://openalex.org/T10742,https://openalex.org/T11901,2015,2016,2020,0.40242960438184466,1,2,4,0.2,8,2.0,4.0,0,0,0.2553698941022507,true_negative,3671
https://openalex.org/T10742,https://openalex.org/T11273,2015,2016,2020,0.40242960438184466,1,2,4,0.2,8,2.0,4.0,0,0,0.2553698941022507,true_negative,3670
https://openalex.org/T11476,https://openalex.org/T11901,2015,2016,2020,0.40242960438184466,1,2,4,0.2,8,2.0,4.0,0,0,0.2553698941022507,true_negative,3675
https://openalex.org/T10282,https://openalex.org/T11901,2015,2016,2020,0.40242960438184466,1,2,4,0.2,8,2.0,4.0,0,0,0.2553698941022507,true_negative,3668
https://openalex.org/T10742,https://openalex.org/T10799,2015,2016,2020,0.40242960438184466,1,2,4,0.2,8,2.0,4.0,0,0,0.2553698941022507,true_negative,3669
https://openalex.org/T11187,https://openalex.org/T11273,2015,2016,2020,0.40242960438184466,1,2,4,0.2,8,2.0,4.0,0,0,0.2553698941022507,true_negative,3672
https://openalex.org/T11270,https://openalex.org/T11901,2015,2016,2020,0.40242960438184466,1,2,4,0.2,8,2.0,4.0,0,0,0.2553698941022507,true_negative,3674
https://openalex.org/T11187,https://openalex.org/T11901,2015,2016,2020,0.40242960438184466,1,2,4,0.2,8,2.0,4.0,0,0,0.2553698941022507,true_negative,3673
https://openalex.org/T10397,https://openalex.org/T11700,2015,2016,2020,0.35295612386476116,1,3,3,0.2,9,6.0,6.0,0,0,0.2553455654161822,true_negative,3676
https://openalex.org/T10472,https://openalex.org/T11682,2015,2016,2020,0.33380820069533407,1,4,2,0.2,8,4.0,4.0,0,0,0.2552765950134398,true_negative,3677
https://openalex.org/T10176,https://openalex.org/T10583,2015,2016,2020,0.43429448190325176,1,4,2,0.2,8,6.0,2.0,0,0,0.25495264800681366,true_negative,3679
https://openalex.org/T10176,https://openalex.org/T10549,2015,2016,2020,0.43429448190325176,1,4,2,0.2,8,6.0,2.0,0,0,0.25495264800681366,true_negative,3678
https://openalex.org/T10176,https://openalex.org/T11677,2015,2016,2020,0.43429448190325176,1,4,2,0.2,8,6.0,2.0,0,0,0.25495264800681366,true_negative,3680
https://openalex.org/T11901,https://openalex.org/T13976,2015,2016,2020,0.40242960438184466,1,4,2,0.2,8,4.0,2.0,0,0,0.25475886936172226,true_negative,3687
https://openalex.org/T10637,https://openalex.org/T11187,2015,2016,2020,0.40242960438184466,1,4,2,0.2,8,4.0,2.0,0,0,0.25475886936172226,true_negative,3682
https://openalex.org/T10637,https://openalex.org/T10742,2015,2016,2020,0.40242960438184466,1,4,2,0.2,8,4.0,2.0,0,0,0.25475886936172226,true_negative,3681
https://openalex.org/T11273,https://openalex.org/T13976,2015,2016,2020,0.40242960438184466,1,4,2,0.2,8,4.0,2.0,0,0,0.25475886936172226,true_negative,3686
https://openalex.org/T10637,https://openalex.org/T11476,2015,2016,2020,0.40242960438184466,1,4,2,0.2,8,4.0,2.0,0,0,0.25475886936172226,true_negative,3683
https://openalex.org/T10799,https://openalex.org/T11187,2015,2016,2020,0.40242960438184466,1,4,2,0.2,8,4.0,2.0,0,0,0.25475886936172226,true_negative,3684
https://openalex.org/T10799,https://openalex.org/T11476,2015,2016,2020,0.40242960438184466,1,4,2,0.2,8,4.0,2.0,0,0,0.25475886936172226,true_negative,3685
https://openalex.org/T10281,https://openalex.org/T10811,2015,2016,2020,0.45511961331341866,1,4,2,0.2,8,8.0,2.0,0,0,0.2535209851140599,true_negative,3688
https://openalex.org/T10281,https://openalex.org/T11007,2015,2016,2020,0.45511961331341866,1,4,2,0.2,8,8.0,2.0,0,0,0.2535209851140599,true_negative,3689
https://openalex.org/T10769,https://openalex.org/T11297,2015,2016,2020,0.3898712452512801,1,2,4,0.2,8,2.0,4.0,0,0,0.25352021703350064,true_negative,3691
https://openalex.org/T10769,https://openalex.org/T12820,2015,2016,2020,0.3898712452512801,1,2,4,0.2,8,2.0,4.0,0,0,0.25352021703350064,true_negative,3692
https://openalex.org/T10123,https://openalex.org/T11297,2015,2016,2020,0.3898712452512801,1,2,4,0.2,8,2.0,4.0,0,0,0.25352021703350064,true_negative,3690
https://openalex.org/T11071,https://openalex.org/T12679,2015,2016,2020,0.31465798044412485,1,2,4,0.2,8,2.0,6.0,0,0,0.25306763769032875,true_negative,3694
https://openalex.org/T10084,https://openalex.org/T12679,2015,2016,2020,0.31465798044412485,1,2,4,0.2,8,2.0,6.0,0,0,0.25306763769032875,true_negative,3693
https://openalex.org/T10619,https://openalex.org/T12708,2015,2016,2020,1.072008968920998,2,2,2,1.0,4,2.0,8.0,0,0,0.2529741361517508,true_negative,3695
https://openalex.org/T12103,https://openalex.org/T12708,2015,2016,2020,1.072008968920998,2,2,2,1.0,4,2.0,8.0,0,0,0.2529741361517508,true_negative,3696
https://openalex.org/T10417,https://openalex.org/T10769,2015,2016,2020,0.3898712452512801,1,4,2,0.2,8,4.0,2.0,0,0,0.25291211483334214,true_negative,3697
https://openalex.org/T11880,https://openalex.org/T13555,2015,2016,2020,0.31465798044412485,1,4,2,0.2,8,4.0,4.0,0,0,0.2524602539206872,true_negative,3699
https://openalex.org/T10102,https://openalex.org/T13555,2015,2016,2020,0.31465798044412485,1,4,2,0.2,8,4.0,4.0,0,0,0.2524602539206872,true_negative,3698
https://openalex.org/T11918,https://openalex.org/T13487,2015,2016,2020,1.2795085996956923,2,2,2,1.0,4,2.0,2.0,0,0,0.2516713624166517,true_negative,3700
https://openalex.org/T10024,https://openalex.org/T10090,2015,2016,2020,0.6213349345596119,1,3,2,0.25,6,4.0,2.0,0,0,0.2510102175666227,true_negative,3701
https://openalex.org/T10101,https://openalex.org/T10986,2015,2016,2020,0.6213349345596119,1,3,2,0.25,6,4.0,2.0,0,0,0.2510102175666227,true_negative,3703
https://openalex.org/T10557,https://openalex.org/T12659,2015,2016,2020,0.6213349345596119,1,3,2,0.25,6,4.0,2.0,0,0,0.2510102175666227,true_negative,3705
https://openalex.org/T11181,https://openalex.org/T11704,2015,2016,2020,0.6213349345596119,1,3,2,0.25,6,4.0,2.0,0,0,0.2510102175666227,true_negative,3707
https://openalex.org/T10024,https://openalex.org/T11878,2015,2016,2020,0.6213349345596119,1,3,2,0.25,6,4.0,2.0,0,0,0.2510102175666227,true_negative,3702
https://openalex.org/T11129,https://openalex.org/T12187,2015,2016,2020,0.6213349345596119,1,3,2,0.25,6,4.0,2.0,0,0,0.2510102175666227,true_negative,3706
https://openalex.org/T10101,https://openalex.org/T11704,2015,2016,2020,0.6213349345596119,1,3,2,0.25,6,4.0,2.0,0,0,0.2510102175666227,true_negative,3704
https://openalex.org/T10157,https://openalex.org/T13555,2015,2016,2020,0.31465798044412485,1,4,2,0.2,8,5.0,4.0,0,0,0.2502285839910316,true_negative,3708
https://openalex.org/T10031,https://openalex.org/T11491,2015,2016,2020,0.5581106265512472,1,2,3,0.25,6,2.0,4.0,0,0,0.24958063768834796,true_negative,3709
https://openalex.org/T11182,https://openalex.org/T11454,2015,2016,2020,0.5581106265512472,1,2,3,0.25,6,2.0,4.0,0,0,0.24958063768834796,true_negative,3712
https://openalex.org/T10379,https://openalex.org/T12264,2015,2016,2020,0.5581106265512472,1,2,3,0.25,6,2.0,4.0,0,0,0.24958063768834796,true_negative,3710
https://openalex.org/T10537,https://openalex.org/T10826,2015,2016,2020,0.5581106265512472,1,2,3,0.25,6,2.0,4.0,0,0,0.24958063768834796,true_negative,3711
https://openalex.org/T11190,https://openalex.org/T12264,2015,2016,2020,0.5581106265512472,1,2,3,0.25,6,2.0,4.0,0,0,0.24958063768834796,true_negative,3713
https://openalex.org/T10144,https://openalex.org/T12168,2015,2016,2020,0.35295612386476116,1,3,3,0.2,9,4.0,4.0,0,0,0.2492556505357535,true_negative,3714
https://openalex.org/T12168,https://openalex.org/T12947,2015,2016,2020,0.35295612386476116,1,3,3,0.2,9,4.0,4.0,0,0,0.2492556505357535,true_negative,3716
https://openalex.org/T10144,https://openalex.org/T12947,2015,2016,2020,0.35295612386476116,1,3,3,0.2,9,4.0,4.0,0,0,0.2492556505357535,true_negative,3715
https://openalex.org/T12202,https://openalex.org/T12748,2015,2016,2020,0.36067376022224085,1,2,4,0.2,8,2.0,4.0,0,0,0.24925414133372914,true_negative,3718
https://openalex.org/T10492,https://openalex.org/T10591,2015,2016,2020,0.36067376022224085,1,2,4,0.2,8,2.0,4.0,0,0,0.24925414133372914,true_negative,3717
https://openalex.org/T10472,https://openalex.org/T12202,2015,2016,2020,0.36067376022224085,1,4,2,0.2,8,4.0,2.0,0,0,0.2486528633510878,true_negative,3719
https://openalex.org/T12044,https://openalex.org/T12202,2015,2016,2020,0.36067376022224085,1,4,2,0.2,8,4.0,2.0,0,0,0.2486528633510878,true_negative,3722
https://openalex.org/T12748,https://openalex.org/T13104,2015,2016,2020,0.36067376022224085,1,4,2,0.2,8,4.0,2.0,0,0,0.2486528633510878,true_negative,3724
https://openalex.org/T10472,https://openalex.org/T13104,2015,2016,2020,0.36067376022224085,1,4,2,0.2,8,4.0,2.0,0,0,0.2486528633510878,true_negative,3721
https://openalex.org/T10472,https://openalex.org/T12557,2015,2016,2020,0.36067376022224085,1,4,2,0.2,8,4.0,2.0,0,0,0.2486528633510878,true_negative,3720
https://openalex.org/T12044,https://openalex.org/T12557,2015,2016,2020,0.36067376022224085,1,4,2,0.2,8,4.0,2.0,0,0,0.2486528633510878,true_negative,3723
https://openalex.org/T10146,https://openalex.org/T12708,2015,2016,2020,1.072008968920998,2,2,2,1.0,4,4.0,8.0,0,0,0.24851793179636625,true_negative,3725
https://openalex.org/T11071,https://openalex.org/T11930,2015,2016,2020,0.35295612386476116,1,2,4,0.2,8,2.0,4.0,0,0,0.24813455616028116,true_negative,3731
https://openalex.org/T10049,https://openalex.org/T10096,2015,2016,2020,0.35295612386476116,1,2,4,0.2,8,2.0,4.0,0,0,0.24813455616028116,true_negative,3726
https://openalex.org/T10496,https://openalex.org/T12574,2015,2016,2020,0.35295612386476116,1,2,4,0.2,8,2.0,4.0,0,0,0.24813455616028116,true_negative,3728
https://openalex.org/T11629,https://openalex.org/T14393,2015,2016,2020,0.35295612386476116,1,2,4,0.2,8,2.0,4.0,0,0,0.24813455616028116,true_negative,3734
https://openalex.org/T10049,https://openalex.org/T12748,2015,2016,2020,0.35295612386476116,1,2,4,0.2,8,2.0,4.0,0,0,0.24813455616028116,true_negative,3727
https://openalex.org/T10853,https://openalex.org/T11093,2015,2016,2020,0.35295612386476116,1,2,4,0.2,8,2.0,4.0,0,0,0.24813455616028116,true_negative,3730
https://openalex.org/T11825,https://openalex.org/T12748,2015,2016,2020,0.35295612386476116,1,2,4,0.2,8,2.0,4.0,0,0,0.24813455616028116,true_negative,3736
https://openalex.org/T12292,https://openalex.org/T12676,2015,2016,2020,0.35295612386476116,1,2,4,0.2,8,2.0,4.0,0,0,0.24813455616028116,true_negative,3737
https://openalex.org/T10537,https://openalex.org/T11093,2015,2016,2020,0.35295612386476116,1,2,4,0.2,8,2.0,4.0,0,0,0.24813455616028116,true_negative,3729
https://openalex.org/T11772,https://openalex.org/T14393,2015,2016,2020,0.35295612386476116,1,2,4,0.2,8,2.0,4.0,0,0,0.24813455616028116,true_negative,3735
https://openalex.org/T11206,https://openalex.org/T11273,2015,2016,2020,0.35295612386476116,1,2,4,0.2,8,2.0,4.0,0,0,0.24813455616028116,true_negative,3732
https://openalex.org/T11206,https://openalex.org/T12676,2015,2016,2020,0.35295612386476116,1,2,4,0.2,8,2.0,4.0,0,0,0.24813455616028116,true_negative,3733
https://openalex.org/T12679,https://openalex.org/T13555,2015,2016,2020,0.31465798044412485,1,4,2,0.2,8,6.0,4.0,0,0,0.24801009644332392,true_negative,3738
https://openalex.org/T10084,https://openalex.org/T10157,2015,2016,2020,0.31465798044412485,1,2,4,0.2,8,2.0,5.0,0,0,0.2478113199524494,true_negative,3739
https://openalex.org/T10102,https://openalex.org/T11519,2015,2016,2020,0.35295612386476116,1,4,2,0.2,8,4.0,2.0,0,0,0.24753508846300118,true_negative,3744
https://openalex.org/T10102,https://openalex.org/T10537,2015,2016,2020,0.35295612386476116,1,4,2,0.2,8,4.0,2.0,0,0,0.24753508846300118,true_negative,3742
https://openalex.org/T10462,https://openalex.org/T11206,2015,2016,2020,0.35295612386476116,1,4,2,0.2,8,4.0,2.0,0,0,0.24753508846300118,true_negative,3748
https://openalex.org/T10591,https://openalex.org/T11825,2015,2016,2020,0.35295612386476116,1,4,2,0.2,8,4.0,2.0,0,0,0.24753508846300118,true_negative,3751
https://openalex.org/T10462,https://openalex.org/T13126,2015,2016,2020,0.35295612386476116,1,4,2,0.2,8,4.0,2.0,0,0,0.24753508846300118,true_negative,3750
https://openalex.org/T10591,https://openalex.org/T12557,2015,2016,2020,0.35295612386476116,1,4,2,0.2,8,4.0,2.0,0,0,0.24753508846300118,true_negative,3752
https://openalex.org/T10462,https://openalex.org/T12292,2015,2016,2020,0.35295612386476116,1,4,2,0.2,8,4.0,2.0,0,0,0.24753508846300118,true_negative,3749
https://openalex.org/T10096,https://openalex.org/T12557,2015,2016,2020,0.35295612386476116,1,4,2,0.2,8,4.0,2.0,0,0,0.24753508846300118,true_negative,3741
https://openalex.org/T10272,https://openalex.org/T10537,2015,2016,2020,0.35295612386476116,1,4,2,0.2,8,4.0,2.0,0,0,0.24753508846300118,true_negative,3745
https://openalex.org/T10272,https://openalex.org/T11519,2015,2016,2020,0.35295612386476116,1,4,2,0.2,8,4.0,2.0,0,0,0.24753508846300118,true_negative,3747
https://openalex.org/T10102,https://openalex.org/T10853,2015,2016,2020,0.35295612386476116,1,4,2,0.2,8,4.0,2.0,0,0,0.24753508846300118,true_negative,3743
https://openalex.org/T10751,https://openalex.org/T11629,2015,2016,2020,0.35295612386476116,1,4,2,0.2,8,4.0,2.0,0,0,0.24753508846300118,true_negative,3753
https://openalex.org/T10272,https://openalex.org/T10853,2015,2016,2020,0.35295612386476116,1,4,2,0.2,8,4.0,2.0,0,0,0.24753508846300118,true_negative,3746
https://openalex.org/T12676,https://openalex.org/T13126,2015,2016,2020,0.35295612386476116,1,4,2,0.2,8,4.0,2.0,0,0,0.24753508846300118,true_negative,3757
https://openalex.org/T10096,https://openalex.org/T11825,2015,2016,2020,0.35295612386476116,1,4,2,0.2,8,4.0,2.0,0,0,0.24753508846300118,true_negative,3740
https://openalex.org/T10751,https://openalex.org/T11772,2015,2016,2020,0.35295612386476116,1,4,2,0.2,8,4.0,2.0,0,0,0.24753508846300118,true_negative,3754
https://openalex.org/T11273,https://openalex.org/T13126,2015,2016,2020,0.35295612386476116,1,4,2,0.2,8,4.0,2.0,0,0,0.24753508846300118,true_negative,3756
https://openalex.org/T11093,https://openalex.org/T11519,2015,2016,2020,0.35295612386476116,1,4,2,0.2,8,4.0,2.0,0,0,0.24753508846300118,true_negative,3755
https://openalex.org/T10857,https://openalex.org/T12640,2015,2016,2020,0.2790553132756236,1,4,2,0.2,8,4.0,4.0,0,0,0.24727927725647872,true_negative,3758
https://openalex.org/T11578,https://openalex.org/T12640,2015,2016,2020,0.2790553132756236,1,4,2,0.2,8,4.0,4.0,0,0,0.24727927725647872,true_negative,3759
https://openalex.org/T10008,https://openalex.org/T12950,2015,2016,2020,0.3459762562611936,1,4,2,0.2,8,4.0,2.0,0,0,0.2465270753292956,true_negative,3763
https://openalex.org/T10008,https://openalex.org/T10186,2015,2016,2020,0.3459762562611936,1,4,2,0.2,8,4.0,2.0,0,0,0.2465270753292956,true_negative,3760
https://openalex.org/T10008,https://openalex.org/T13412,2015,2016,2020,0.3459762562611936,1,4,2,0.2,8,4.0,2.0,0,0,0.2465270753292956,true_negative,3765
https://openalex.org/T10008,https://openalex.org/T13051,2015,2016,2020,0.3459762562611936,1,4,2,0.2,8,4.0,2.0,0,0,0.2465270753292956,true_negative,3764
https://openalex.org/T10008,https://openalex.org/T12694,2015,2016,2020,0.3459762562611936,1,4,2,0.2,8,4.0,2.0,0,0,0.2465270753292956,true_negative,3761
https://openalex.org/T10008,https://openalex.org/T13765,2015,2016,2020,0.3459762562611936,1,4,2,0.2,8,4.0,2.0,0,0,0.2465270753292956,true_negative,3766
https://openalex.org/T10008,https://openalex.org/T12790,2015,2016,2020,0.3459762562611936,1,4,2,0.2,8,4.0,2.0,0,0,0.2465270753292956,true_negative,3762
https://openalex.org/T10657,https://openalex.org/T11272,2015,2016,2020,0.33380820069533407,1,4,2,0.2,8,8.0,4.0,0,0,0.24636298922738567,true_negative,3767
https://openalex.org/T10478,https://openalex.org/T12529,2015,2016,2020,0.33380820069533407,1,2,4,0.2,8,2.0,4.0,0,0,0.24537137870376355,true_negative,3770
https://openalex.org/T11992,https://openalex.org/T12529,2015,2016,2020,0.33380820069533407,1,2,4,0.2,8,2.0,4.0,0,0,0.24537137870376355,true_negative,3771
https://openalex.org/T10338,https://openalex.org/T10472,2015,2016,2020,0.33380820069533407,1,2,4,0.2,8,2.0,4.0,0,0,0.24537137870376355,true_negative,3768
https://openalex.org/T10338,https://openalex.org/T12529,2015,2016,2020,0.33380820069533407,1,2,4,0.2,8,2.0,4.0,0,0,0.24537137870376355,true_negative,3769
https://openalex.org/T12220,https://openalex.org/T12529,2015,2016,2020,0.33380820069533407,1,2,4,0.2,8,2.0,4.0,0,0,0.24537137870376355,true_negative,3772
https://openalex.org/T10378,https://openalex.org/T10448,2015,2016,2020,0.5581106265512472,1,2,3,0.25,6,4.0,4.0,0,0,0.24516459249832065,true_negative,3773
https://openalex.org/T12140,https://openalex.org/T12264,2015,2016,2020,0.5581106265512472,1,2,3,0.25,6,4.0,4.0,0,0,0.24516459249832065,true_negative,3774
https://openalex.org/T10397,https://openalex.org/T12947,2015,2016,2020,0.35295612386476116,1,3,3,0.2,9,6.0,4.0,0,0,0.24484347944842644,true_negative,3776
https://openalex.org/T10397,https://openalex.org/T12168,2015,2016,2020,0.35295612386476116,1,3,3,0.2,9,6.0,4.0,0,0,0.24484347944842644,true_negative,3775
https://openalex.org/T11700,https://openalex.org/T12947,2015,2016,2020,0.35295612386476116,1,3,3,0.2,9,6.0,4.0,0,0,0.24484347944842644,true_negative,3777
https://openalex.org/T10472,https://openalex.org/T12220,2015,2016,2020,0.33380820069533407,1,4,2,0.2,8,4.0,2.0,0,0,0.2447764132751145,true_negative,3780
https://openalex.org/T10472,https://openalex.org/T11992,2015,2016,2020,0.33380820069533407,1,4,2,0.2,8,4.0,2.0,0,0,0.2447764132751145,true_negative,3779
https://openalex.org/T10472,https://openalex.org/T10478,2015,2016,2020,0.33380820069533407,1,4,2,0.2,8,4.0,2.0,0,0,0.2447764132751145,true_negative,3778
https://openalex.org/T10862,https://openalex.org/T11396,2015,2016,2020,0.5581106265512472,1,2,3,0.25,6,2.0,3.0,0,0,0.24437305068908888,true_negative,3781
https://openalex.org/T12196,https://openalex.org/T12648,2015,2016,2020,0.36067376022224085,1,4,2,0.2,8,6.0,2.0,0,0,0.2442478909904213,true_negative,3782
https://openalex.org/T12646,https://openalex.org/T13104,2015,2016,2020,0.36067376022224085,1,4,2,0.2,8,6.0,2.0,0,0,0.2442478909904213,true_negative,3783
https://openalex.org/T11396,https://openalex.org/T13429,2015,2016,2020,0.5581106265512472,1,3,2,0.25,6,3.0,2.0,0,0,0.24407626524904616,true_negative,3784
https://openalex.org/T10352,https://openalex.org/T10596,2015,2016,2020,0.5138983423697507,1,2,3,0.25,6,2.0,4.0,0,0,0.24320697413492437,true_negative,3785
https://openalex.org/T10775,https://openalex.org/T11206,2015,2016,2020,0.35295612386476116,1,4,2,0.2,8,6.0,2.0,0,0,0.24314350982172947,true_negative,3786
https://openalex.org/T10775,https://openalex.org/T12292,2015,2016,2020,0.35295612386476116,1,4,2,0.2,8,6.0,2.0,0,0,0.24314350982172947,true_negative,3787
https://openalex.org/T10084,https://openalex.org/T11880,2015,2016,2020,0.31465798044412485,1,2,4,0.2,8,2.0,4.0,0,0,0.2426287140868052,true_negative,3789
https://openalex.org/T10084,https://openalex.org/T10102,2015,2016,2020,0.31465798044412485,1,2,4,0.2,8,2.0,4.0,0,0,0.2426287140868052,true_negative,3788
https://openalex.org/T11071,https://openalex.org/T11880,2015,2016,2020,0.31465798044412485,1,2,4,0.2,8,2.0,4.0,0,0,0.2426287140868052,true_negative,3791
https://openalex.org/T10084,https://openalex.org/T12574,2015,2016,2020,0.31465798044412485,1,2,4,0.2,8,2.0,4.0,0,0,0.2426287140868052,true_negative,3790
https://openalex.org/T12679,https://openalex.org/T12950,2015,2016,2020,0.3459762562611936,1,4,2,0.2,8,6.0,2.0,0,0,0.2421476251047928,true_negative,3794
https://openalex.org/T12679,https://openalex.org/T12790,2015,2016,2020,0.3459762562611936,1,4,2,0.2,8,6.0,2.0,0,0,0.2421476251047928,true_negative,3793
https://openalex.org/T12679,https://openalex.org/T13051,2015,2016,2020,0.3459762562611936,1,4,2,0.2,8,6.0,2.0,0,0,0.2421476251047928,true_negative,3795
https://openalex.org/T12679,https://openalex.org/T12694,2015,2016,2020,0.3459762562611936,1,4,2,0.2,8,6.0,2.0,0,0,0.2421476251047928,true_negative,3792
https://openalex.org/T12679,https://openalex.org/T14023,2015,2016,2020,0.3459762562611936,1,4,2,0.2,8,6.0,2.0,0,0,0.2421476251047928,true_negative,3798
https://openalex.org/T12679,https://openalex.org/T13412,2015,2016,2020,0.3459762562611936,1,4,2,0.2,8,6.0,2.0,0,0,0.2421476251047928,true_negative,3796
https://openalex.org/T12679,https://openalex.org/T13765,2015,2016,2020,0.3459762562611936,1,4,2,0.2,8,6.0,2.0,0,0,0.2421476251047928,true_negative,3797
https://openalex.org/T10323,https://openalex.org/T10429,2015,2016,2020,0.43429448190325176,1,2,3,0.25,6,2.0,6.0,0,0,0.24214070606625437,true_negative,3799
https://openalex.org/T12574,https://openalex.org/T12648,2015,2016,2020,0.31465798044412485,1,4,2,0.2,8,4.0,2.0,0,0,0.24203826594521283,true_negative,3803
https://openalex.org/T10102,https://openalex.org/T11071,2015,2016,2020,0.31465798044412485,1,4,2,0.2,8,4.0,2.0,0,0,0.24203826594521283,true_negative,3800
https://openalex.org/T10102,https://openalex.org/T12648,2015,2016,2020,0.31465798044412485,1,4,2,0.2,8,4.0,2.0,0,0,0.24203826594521283,true_negative,3801
https://openalex.org/T11880,https://openalex.org/T12648,2015,2016,2020,0.31465798044412485,1,4,2,0.2,8,4.0,2.0,0,0,0.24203826594521283,true_negative,3802
https://openalex.org/T10314,https://openalex.org/T11182,2015,2016,2020,0.5581106265512472,1,3,2,0.25,6,4.0,2.0,0,0,0.24189472547767663,true_negative,3806
https://openalex.org/T10095,https://openalex.org/T12261,2015,2016,2020,0.5581106265512472,1,3,2,0.25,6,4.0,2.0,0,0,0.24189472547767663,true_negative,3804
https://openalex.org/T11454,https://openalex.org/T12892,2015,2016,2020,0.5581106265512472,1,3,2,0.25,6,4.0,2.0,0,0,0.24189472547767663,true_negative,3808
https://openalex.org/T10095,https://openalex.org/T12917,2015,2016,2020,0.5581106265512472,1,3,2,0.25,6,4.0,2.0,0,0,0.24189472547767663,true_negative,3805
https://openalex.org/T10314,https://openalex.org/T12892,2015,2016,2020,0.5581106265512472,1,3,2,0.25,6,4.0,2.0,0,0,0.24189472547767663,true_negative,3807
https://openalex.org/T11682,https://openalex.org/T12529,2015,2016,2020,0.33380820069533407,1,2,4,0.2,8,4.0,4.0,0,0,0.24100589206954912,true_negative,3809
https://openalex.org/T10496,https://openalex.org/T12664,2015,2016,2020,0.35295612386476116,1,2,3,0.25,6,2.0,8.0,0,0,0.2408313219428787,true_negative,3810
https://openalex.org/T11106,https://openalex.org/T11195,2015,2016,2020,0.5138983423697507,1,4,1,0.25,4,4.0,1.0,0,0,0.24061204850835768,true_negative,3811
https://openalex.org/T12664,https://openalex.org/T12947,2015,2016,2020,0.35295612386476116,1,3,3,0.2,9,8.0,4.0,0,0,0.2404843918052513,true_negative,3812
https://openalex.org/T10848,https://openalex.org/T13650,2015,2016,2020,0.5581106265512472,1,2,3,0.25,6,4.0,3.0,0,0,0.2400196763397287,true_negative,3813
https://openalex.org/T10157,https://openalex.org/T12648,2015,2016,2020,0.31465798044412485,1,4,2,0.2,8,5.0,2.0,0,0,0.2398691615597242,true_negative,3815
https://openalex.org/T10157,https://openalex.org/T11071,2015,2016,2020,0.31465798044412485,1,4,2,0.2,8,5.0,2.0,0,0,0.2398691615597242,true_negative,3814
https://openalex.org/T12046,https://openalex.org/T12557,2015,2016,2020,0.35295612386476116,1,4,2,0.2,8,8.0,2.0,0,0,0.2388051167580238,true_negative,3816
https://openalex.org/T10317,https://openalex.org/T11396,2015,2016,2020,0.5138983423697507,1,2,3,0.25,6,2.0,3.0,0,0,0.23809018169813448,true_negative,3817
https://openalex.org/T11337,https://openalex.org/T12267,2015,2016,2020,0.40242960438184466,1,2,3,0.25,6,2.0,6.0,0,0,0.2376296764590576,true_negative,3819
https://openalex.org/T11232,https://openalex.org/T12267,2015,2016,2020,0.40242960438184466,1,2,3,0.25,6,2.0,6.0,0,0,0.2376296764590576,true_negative,3818
https://openalex.org/T10715,https://openalex.org/T11578,2015,2016,2020,0.2790553132756236,1,2,4,0.2,8,2.0,4.0,0,0,0.23758537505537353,true_negative,3823
https://openalex.org/T10602,https://openalex.org/T11578,2015,2016,2020,0.2790553132756236,1,2,4,0.2,8,2.0,4.0,0,0,0.23758537505537353,true_negative,3821
https://openalex.org/T10715,https://openalex.org/T10857,2015,2016,2020,0.2790553132756236,1,2,4,0.2,8,2.0,4.0,0,0,0.23758537505537353,true_negative,3822
https://openalex.org/T10602,https://openalex.org/T10857,2015,2016,2020,0.2790553132756236,1,2,4,0.2,8,2.0,4.0,0,0,0.23758537505537353,true_negative,3820
https://openalex.org/T10857,https://openalex.org/T11879,2015,2016,2020,0.2790553132756236,1,4,2,0.2,8,4.0,2.0,0,0,0.23700335947324033,true_negative,3825
https://openalex.org/T11578,https://openalex.org/T11879,2015,2016,2020,0.2790553132756236,1,4,2,0.2,8,4.0,2.0,0,0,0.23700335947324033,true_negative,3827
https://openalex.org/T11578,https://openalex.org/T12134,2015,2016,2020,0.2790553132756236,1,4,2,0.2,8,4.0,2.0,0,0,0.23700335947324033,true_negative,3828
https://openalex.org/T10857,https://openalex.org/T12134,2015,2016,2020,0.2790553132756236,1,4,2,0.2,8,4.0,2.0,0,0,0.23700335947324033,true_negative,3826
https://openalex.org/T10857,https://openalex.org/T11470,2015,2016,2020,0.2790553132756236,1,4,2,0.2,8,4.0,2.0,0,0,0.23700335947324033,true_negative,3824
https://openalex.org/T10657,https://openalex.org/T11992,2015,2016,2020,0.33380820069533407,1,4,2,0.2,8,8.0,2.0,0,0,0.236113204594102,true_negative,3830
https://openalex.org/T12046,https://openalex.org/T12220,2015,2016,2020,0.33380820069533407,1,4,2,0.2,8,8.0,2.0,0,0,0.236113204594102,true_negative,3831
https://openalex.org/T10657,https://openalex.org/T11341,2015,2016,2020,0.33380820069533407,1,4,2,0.2,8,8.0,2.0,0,0,0.236113204594102,true_negative,3829
https://openalex.org/T10596,https://openalex.org/T12241,2015,2016,2020,0.5138983423697507,1,3,2,0.25,6,4.0,2.0,0,0,0.23565570298129707,true_negative,3832
https://openalex.org/T10826,https://openalex.org/T10853,2015,2016,2020,0.5138983423697507,1,3,2,0.25,6,4.0,2.0,0,0,0.23565570298129707,true_negative,3833
https://openalex.org/T12648,https://openalex.org/T12664,2015,2016,2020,0.31465798044412485,1,2,3,0.25,6,2.0,8.0,0,0,0.23543678673106835,true_negative,3835
https://openalex.org/T10084,https://openalex.org/T12664,2015,2016,2020,0.31465798044412485,1,2,3,0.25,6,2.0,8.0,0,0,0.23543678673106835,true_negative,3834
https://openalex.org/T10015,https://openalex.org/T10064,2015,2016,2020,0.318928988903801,1,36,12,0.02127659574468085,432,158.0,16.0,0,0,0.23498553964329377,true_negative,3836
https://openalex.org/T11519,https://openalex.org/T12947,2015,2016,2020,0.45511961331341866,1,2,3,0.25,6,2.0,4.0,0,0,0.2349059873670212,true_negative,3839
https://openalex.org/T10352,https://openalex.org/T12947,2015,2016,2020,0.45511961331341866,1,2,3,0.25,6,2.0,4.0,0,0,0.2349059873670212,true_negative,3837
https://openalex.org/T10432,https://openalex.org/T11129,2015,2016,2020,0.45511961331341866,1,2,3,0.25,6,2.0,4.0,0,0,0.2349059873670212,true_negative,3838
https://openalex.org/T10198,https://openalex.org/T10372,2015,2016,2020,0.7213475204444817,1,2,2,0.3333333333333333,4,2.0,4.0,0,0,0.23454322473503258,true_negative,3840
https://openalex.org/T11354,https://openalex.org/T11578,2015,2016,2020,0.2790553132756236,1,3,4,0.16666666666666666,12,16.0,4.0,0,0,0.23364280760301936,true_negative,3841
https://openalex.org/T10844,https://openalex.org/T12422,2015,2016,2020,0.48089834696298783,1,2,3,0.25,6,2.0,3.0,0,0,0.23347358906714014,true_negative,3842
https://openalex.org/T10266,https://openalex.org/T10466,2015,2016,2020,0.43429448190325176,1,2,3,0.25,6,2.0,4.0,0,0,0.23201250710418858,true_negative,3843
https://openalex.org/T11677,https://openalex.org/T12264,2015,2016,2020,0.43429448190325176,1,2,3,0.25,6,2.0,4.0,0,0,0.23201250710418858,true_negative,3849
https://openalex.org/T10583,https://openalex.org/T12264,2015,2016,2020,0.43429448190325176,1,2,3,0.25,6,2.0,4.0,0,0,0.23201250710418858,true_negative,3846
https://openalex.org/T11333,https://openalex.org/T11588,2015,2016,2020,0.43429448190325176,1,2,3,0.25,6,2.0,4.0,0,0,0.23201250710418858,true_negative,3848
https://openalex.org/T11186,https://openalex.org/T11588,2015,2016,2020,0.43429448190325176,1,2,3,0.25,6,2.0,4.0,0,0,0.23201250710418858,true_negative,3847
https://openalex.org/T10266,https://openalex.org/T11588,2015,2016,2020,0.43429448190325176,1,2,3,0.25,6,2.0,4.0,0,0,0.23201250710418858,true_negative,3844
https://openalex.org/T10549,https://openalex.org/T12264,2015,2016,2020,0.43429448190325176,1,2,3,0.25,6,2.0,4.0,0,0,0.23201250710418858,true_negative,3845
https://openalex.org/T10677,https://openalex.org/T12659,2015,2016,2020,0.48089834696298783,1,3,2,0.25,6,4.0,2.0,0,0,0.2310719988707297,true_negative,3850
https://openalex.org/T10677,https://openalex.org/T14484,2015,2016,2020,0.48089834696298783,1,3,2,0.25,6,4.0,2.0,0,0,0.2310719988707297,true_negative,3851
https://openalex.org/T10496,https://openalex.org/T11700,2015,2016,2020,0.35295612386476116,1,2,3,0.25,6,2.0,6.0,0,0,0.23074121647580934,true_negative,3852
https://openalex.org/T10715,https://openalex.org/T11764,2015,2016,2020,0.2790553132756236,1,2,3,0.25,6,2.0,8.0,0,0,0.23049744428045826,true_negative,3854
https://openalex.org/T10602,https://openalex.org/T11764,2015,2016,2020,0.2790553132756236,1,2,3,0.25,6,2.0,8.0,0,0,0.23049744428045826,true_negative,3853
https://openalex.org/T11470,https://openalex.org/T11764,2015,2016,2020,0.2790553132756236,1,2,3,0.25,6,2.0,8.0,0,0,0.23049744428045826,true_negative,3855
https://openalex.org/T10770,https://openalex.org/T10845,2015,2016,2020,0.4170323914242463,1,2,3,0.25,6,2.0,4.0,0,0,0.22963300427663264,true_negative,3856
https://openalex.org/T10995,https://openalex.org/T11825,2015,2016,2020,0.45511961331341866,1,3,2,0.25,6,3.0,2.0,0,0,0.22962622328210786,true_negative,3858
https://openalex.org/T10202,https://openalex.org/T12626,2015,2016,2020,0.45511961331341866,1,3,2,0.25,6,3.0,2.0,0,0,0.22962622328210786,true_negative,3857
https://openalex.org/T11297,https://openalex.org/T13199,2015,2016,2020,0.43429448190325176,1,4,1,0.25,4,4.0,1.0,0,0,0.2295008012566406,true_negative,3860
https://openalex.org/T10631,https://openalex.org/T13199,2015,2016,2020,0.43429448190325176,1,4,1,0.25,4,4.0,1.0,0,0,0.2295008012566406,true_negative,3859
https://openalex.org/T10164,https://openalex.org/T14153,2015,2016,2020,0.3459762562611936,1,1,4,0.25,4,1.0,6.0,0,0,0.22813430159662584,true_negative,3862
https://openalex.org/T10164,https://openalex.org/T12679,2015,2016,2020,0.3459762562611936,1,1,4,0.25,4,1.0,6.0,0,0,0.22813430159662584,true_negative,3861
https://openalex.org/T12926,https://openalex.org/T14153,2015,2016,2020,0.3459762562611936,1,1,4,0.25,4,1.0,6.0,0,0,0.22813430159662584,true_negative,3863
https://openalex.org/T10282,https://openalex.org/T10845,2015,2016,2020,0.40242960438184466,1,2,3,0.25,6,2.0,4.0,0,0,0.22763348918255008,true_negative,3864
https://openalex.org/T11129,https://openalex.org/T11809,2015,2016,2020,0.45511961331341866,1,3,2,0.25,6,4.0,2.0,0,0,0.22753496158652917,true_negative,3869
https://openalex.org/T10024,https://openalex.org/T10030,2015,2016,2020,0.45511961331341866,1,3,2,0.25,6,4.0,2.0,0,0,0.22753496158652917,true_negative,3865
https://openalex.org/T11024,https://openalex.org/T13051,2015,2016,2020,0.45511961331341866,1,3,2,0.25,6,4.0,2.0,0,0,0.22753496158652917,true_negative,3868
https://openalex.org/T11491,https://openalex.org/T12626,2015,2016,2020,0.45511961331341866,1,3,2,0.25,6,4.0,2.0,0,0,0.22753496158652917,true_negative,3870
https://openalex.org/T13447,https://openalex.org/T14484,2015,2016,2020,0.45511961331341866,1,3,2,0.25,6,4.0,2.0,0,0,0.22753496158652917,true_negative,3871
https://openalex.org/T10826,https://openalex.org/T14484,2015,2016,2020,0.45511961331341866,1,3,2,0.25,6,4.0,2.0,0,0,0.22753496158652917,true_negative,3866
https://openalex.org/T10939,https://openalex.org/T11825,2015,2016,2020,0.45511961331341866,1,3,2,0.25,6,4.0,2.0,0,0,0.22753496158652917,true_negative,3867
https://openalex.org/T10145,https://openalex.org/T13083,2015,2016,2020,1.1022332815225997,2,2,2,1.0,4,2.0,2.0,0,0,0.226644460524554,true_negative,3872
https://openalex.org/T10084,https://openalex.org/T11700,2015,2016,2020,0.31465798044412485,1,2,3,0.25,6,2.0,6.0,0,0,0.22550555996348184,true_negative,3873
https://openalex.org/T10176,https://openalex.org/T13199,2015,2016,2020,0.43429448190325176,1,4,1,0.25,4,6.0,1.0,0,0,0.22533336068879933,true_negative,3874
https://openalex.org/T10466,https://openalex.org/T12091,2015,2016,2020,0.43429448190325176,1,3,2,0.25,6,4.0,2.0,0,0,0.22470560901213413,true_negative,3877
https://openalex.org/T11588,https://openalex.org/T12091,2015,2016,2020,0.43429448190325176,1,3,2,0.25,6,4.0,2.0,0,0,0.22470560901213413,true_negative,3879
https://openalex.org/T10466,https://openalex.org/T11186,2015,2016,2020,0.43429448190325176,1,3,2,0.25,6,4.0,2.0,0,0,0.22470560901213413,true_negative,3875
https://openalex.org/T10466,https://openalex.org/T11333,2015,2016,2020,0.43429448190325176,1,3,2,0.25,6,4.0,2.0,0,0,0.22470560901213413,true_negative,3876
https://openalex.org/T10845,https://openalex.org/T11798,2015,2016,2020,0.43429448190325176,1,3,2,0.25,6,4.0,2.0,0,0,0.22470560901213413,true_negative,3878
https://openalex.org/T10190,https://openalex.org/T11108,2015,2016,2020,0.7213475204444817,1,2,2,0.3333333333333333,4,2.0,2.0,0,0,0.22463861581793174,true_negative,3892
https://openalex.org/T11824,https://openalex.org/T13591,2015,2016,2020,0.7213475204444817,1,2,2,0.3333333333333333,4,2.0,2.0,0,0,0.22463861581793174,true_negative,3920
https://openalex.org/T11084,https://openalex.org/T12892,2015,2016,2020,0.7213475204444817,1,2,2,0.3333333333333333,4,2.0,2.0,0,0,0.22463861581793174,true_negative,3906
https://openalex.org/T11526,https://openalex.org/T13780,2015,2016,2020,0.7213475204444817,1,2,2,0.3333333333333333,4,2.0,2.0,0,0,0.22463861581793174,true_negative,3917
https://openalex.org/T11526,https://openalex.org/T12133,2015,2016,2020,0.7213475204444817,1,2,2,0.3333333333333333,4,2.0,2.0,0,0,0.22463861581793174,true_negative,3916
https://openalex.org/T10020,https://openalex.org/T11520,2015,2016,2020,0.7213475204444817,1,2,2,0.3333333333333333,4,2.0,2.0,0,0,0.22463861581793174,true_negative,3880
https://openalex.org/T12338,https://openalex.org/T14023,2015,2016,2020,0.7213475204444817,1,2,2,0.3333333333333333,4,2.0,2.0,0,0,0.22463861581793174,true_negative,3923
https://openalex.org/T11959,https://openalex.org/T12892,2015,2016,2020,0.7213475204444817,1,2,2,0.3333333333333333,4,2.0,2.0,0,0,0.22463861581793174,true_negative,3921
https://openalex.org/T10208,https://openalex.org/T12851,2015,2016,2020,0.7213475204444817,1,2,2,0.3333333333333333,4,2.0,2.0,0,0,0.22463861581793174,true_negative,3893
https://openalex.org/T10299,https://openalex.org/T10490,2015,2016,2020,0.7213475204444817,1,2,2,0.3333333333333333,4,2.0,2.0,0,0,0.22463861581793174,true_negative,3896
https://openalex.org/T13530,https://openalex.org/T13916,2015,2016,2020,0.7213475204444817,1,2,2,0.3333333333333333,4,2.0,2.0,0,0,0.22463861581793174,true_negative,3927
https://openalex.org/T10059,https://openalex.org/T12554,2015,2016,2020,0.7213475204444817,1,2,2,0.3333333333333333,4,2.0,2.0,0,0,0.22463861581793174,true_negative,3882
https://openalex.org/T10583,https://openalex.org/T12763,2015,2016,2020,0.7213475204444817,1,2,2,0.3333333333333333,4,2.0,2.0,0,0,0.22463861581793174,true_negative,3901
https://openalex.org/T10950,https://openalex.org/T12241,2015,2016,2020,0.7213475204444817,1,2,2,0.3333333333333333,4,2.0,2.0,0,0,0.22463861581793174,true_negative,3905
https://openalex.org/T10079,https://openalex.org/T10753,2015,2016,2020,0.7213475204444817,1,2,2,0.3333333333333333,4,2.0,2.0,0,0,0.22463861581793174,true_negative,3884
https://openalex.org/T10079,https://openalex.org/T11108,2015,2016,2020,0.7213475204444817,1,2,2,0.3333333333333333,4,2.0,2.0,0,0,0.22463861581793174,true_negative,3885
https://openalex.org/T11476,https://openalex.org/T12292,2015,2016,2020,0.7213475204444817,1,2,2,0.3333333333333333,4,2.0,2.0,0,0,0.22463861581793174,true_negative,3915
https://openalex.org/T11746,https://openalex.org/T13104,2015,2016,2020,0.7213475204444817,1,2,2,0.3333333333333333,4,2.0,2.0,0,0,0.22463861581793174,true_negative,3919
https://openalex.org/T10682,https://openalex.org/T11520,2015,2016,2020,0.7213475204444817,1,2,2,0.3333333333333333,4,2.0,2.0,0,0,0.22463861581793174,true_negative,3902
https://openalex.org/T11470,https://openalex.org/T12475,2015,2016,2020,0.7213475204444817,1,2,2,0.3333333333333333,4,2.0,2.0,0,0,0.22463861581793174,true_negative,3914
https://openalex.org/T10682,https://openalex.org/T13297,2015,2016,2020,0.7213475204444817,1,2,2,0.3333333333333333,4,2.0,2.0,0,0,0.22463861581793174,true_negative,3903
https://openalex.org/T10119,https://openalex.org/T13377,2015,2016,2020,0.7213475204444817,1,2,2,0.3333333333333333,4,2.0,2.0,0,0,0.22463861581793174,true_negative,3887
https://openalex.org/T10894,https://openalex.org/T11186,2015,2016,2020,0.7213475204444817,1,2,2,0.3333333333333333,4,2.0,2.0,0,0,0.22463861581793174,true_negative,3904
https://openalex.org/T11283,https://openalex.org/T13780,2015,2016,2020,0.7213475204444817,1,2,2,0.3333333333333333,4,2.0,2.0,0,0,0.22463861581793174,true_negative,3912
https://openalex.org/T11283,https://openalex.org/T12133,2015,2016,2020,0.7213475204444817,1,2,2,0.3333333333333333,4,2.0,2.0,0,0,0.22463861581793174,true_negative,3911
https://openalex.org/T10512,https://openalex.org/T12554,2015,2016,2020,0.7213475204444817,1,2,2,0.3333333333333333,4,2.0,2.0,0,0,0.22463861581793174,true_negative,3899
https://openalex.org/T11457,https://openalex.org/T12955,2015,2016,2020,0.7213475204444817,1,2,2,0.3333333333333333,4,2.0,2.0,0,0,0.22463861581793174,true_negative,3913
https://openalex.org/T10190,https://openalex.org/T10753,2015,2016,2020,0.7213475204444817,1,2,2,0.3333333333333333,4,2.0,2.0,0,0,0.22463861581793174,true_negative,3891
https://openalex.org/T12013,https://openalex.org/T13377,2015,2016,2020,0.7213475204444817,1,2,2,0.3333333333333333,4,2.0,2.0,0,0,0.22463861581793174,true_negative,3922
https://openalex.org/T11214,https://openalex.org/T11824,2015,2016,2020,0.7213475204444817,1,2,2,0.3333333333333333,4,2.0,2.0,0,0,0.22463861581793174,true_negative,3908
https://openalex.org/T12414,https://openalex.org/T13916,2015,2016,2020,0.7213475204444817,1,2,2,0.3333333333333333,4,2.0,2.0,0,0,0.22463861581793174,true_negative,3925
https://openalex.org/T10251,https://openalex.org/T12917,2015,2016,2020,0.7213475204444817,1,2,2,0.3333333333333333,4,2.0,2.0,0,0,0.22463861581793174,true_negative,3895
https://openalex.org/T10583,https://openalex.org/T11339,2015,2016,2020,0.7213475204444817,1,2,2,0.3333333333333333,4,2.0,2.0,0,0,0.22463861581793174,true_negative,3900
https://openalex.org/T10325,https://openalex.org/T12917,2015,2016,2020,0.7213475204444817,1,2,2,0.3333333333333333,4,2.0,2.0,0,0,0.22463861581793174,true_negative,3897
https://openalex.org/T11239,https://openalex.org/T12028,2015,2016,2020,0.7213475204444817,1,2,2,0.3333333333333333,4,2.0,2.0,0,0,0.22463861581793174,true_negative,3909
https://openalex.org/T11247,https://openalex.org/T11760,2015,2016,2020,0.7213475204444817,1,2,2,0.3333333333333333,4,2.0,2.0,0,0,0.22463861581793174,true_negative,3910
https://openalex.org/T13104,https://openalex.org/T14311,2015,2016,2020,0.7213475204444817,1,2,2,0.3333333333333333,4,2.0,2.0,0,0,0.22463861581793174,true_negative,3926
https://openalex.org/T10087,https://openalex.org/T11333,2015,2016,2020,0.7213475204444817,1,2,2,0.3333333333333333,4,2.0,2.0,0,0,0.22463861581793174,true_negative,3886
https://openalex.org/T10131,https://openalex.org/T10490,2015,2016,2020,0.7213475204444817,1,2,2,0.3333333333333333,4,2.0,2.0,0,0,0.22463861581793174,true_negative,3890
https://openalex.org/T10131,https://openalex.org/T10245,2015,2016,2020,0.7213475204444817,1,2,2,0.3333333333333333,4,2.0,2.0,0,0,0.22463861581793174,true_negative,3889
https://openalex.org/T10128,https://openalex.org/T10208,2015,2016,2020,0.7213475204444817,1,2,2,0.3333333333333333,4,2.0,2.0,0,0,0.22463861581793174,true_negative,3888
https://openalex.org/T10421,https://openalex.org/T11333,2015,2016,2020,0.7213475204444817,1,2,2,0.3333333333333333,4,2.0,2.0,0,0,0.22463861581793174,true_negative,3898
https://openalex.org/T12414,https://openalex.org/T13530,2015,2016,2020,0.7213475204444817,1,2,2,0.3333333333333333,4,2.0,2.0,0,0,0.22463861581793174,true_negative,3924
https://openalex.org/T10245,https://openalex.org/T10299,2015,2016,2020,0.7213475204444817,1,2,2,0.3333333333333333,4,2.0,2.0,0,0,0.22463861581793174,true_negative,3894
https://openalex.org/T11186,https://openalex.org/T11311,2015,2016,2020,0.7213475204444817,1,2,2,0.3333333333333333,4,2.0,2.0,0,0,0.22463861581793174,true_negative,3907
https://openalex.org/T11655,https://openalex.org/T12554,2015,2016,2020,0.7213475204444817,1,2,2,0.3333333333333333,4,2.0,2.0,0,0,0.22463861581793174,true_negative,3918
https://openalex.org/T10020,https://openalex.org/T13297,2015,2016,2020,0.7213475204444817,1,2,2,0.3333333333333333,4,2.0,2.0,0,0,0.22463861581793174,true_negative,3881
https://openalex.org/T10076,https://openalex.org/T11470,2015,2016,2020,0.7213475204444817,1,2,2,0.3333333333333333,4,2.0,2.0,0,0,0.22463861581793174,true_negative,3883
https://openalex.org/T10144,https://openalex.org/T13555,2015,2016,2020,0.35295612386476116,1,3,2,0.25,6,4.0,4.0,0,0,0.22346270607056085,true_negative,3928
https://openalex.org/T12947,https://openalex.org/T13555,2015,2016,2020,0.35295612386476116,1,3,2,0.25,6,4.0,4.0,0,0,0.22346270607056085,true_negative,3929
https://openalex.org/T10619,https://openalex.org/T12103,2015,2016,2020,1.072008968920998,2,2,2,1.0,4,2.0,2.0,0,0,0.22255774128819264,true_negative,3930
https://openalex.org/T12648,https://openalex.org/T12947,2015,2016,2020,0.36067376022224085,1,2,3,0.25,6,2.0,4.0,0,0,0.22198396355423394,true_negative,3934
https://openalex.org/T11590,https://openalex.org/T12947,2015,2016,2020,0.36067376022224085,1,2,3,0.25,6,2.0,4.0,0,0,0.22198396355423394,true_negative,3931
https://openalex.org/T12202,https://openalex.org/T12327,2015,2016,2020,0.36067376022224085,1,2,3,0.25,6,2.0,4.0,0,0,0.22198396355423394,true_negative,3933
https://openalex.org/T11944,https://openalex.org/T12947,2015,2016,2020,0.36067376022224085,1,2,3,0.25,6,2.0,4.0,0,0,0.22198396355423394,true_negative,3932
https://openalex.org/T12694,https://openalex.org/T13765,2015,2016,2020,1.0673237767056754,2,2,2,1.0,4,2.0,2.0,0,0,0.22192897315007235,true_negative,3935
https://openalex.org/T12254,https://openalex.org/T12640,2015,2016,2020,0.2790553132756236,1,4,2,0.2,8,16.0,4.0,0,0,0.22175043889872315,true_negative,3936
https://openalex.org/T12254,https://openalex.org/T12610,2015,2016,2020,0.3459762562611936,1,4,2,0.2,8,16.0,2.0,0,0,0.22105308791771858,true_negative,3937
https://openalex.org/T10537,https://openalex.org/T13447,2015,2016,2020,0.35295612386476116,1,2,3,0.25,6,2.0,4.0,0,0,0.22095081895985014,true_negative,3941
https://openalex.org/T12292,https://openalex.org/T12814,2015,2016,2020,0.35295612386476116,1,2,3,0.25,6,2.0,4.0,0,0,0.22095081895985014,true_negative,3948
https://openalex.org/T10853,https://openalex.org/T13447,2015,2016,2020,0.35295612386476116,1,2,3,0.25,6,2.0,4.0,0,0,0.22095081895985014,true_negative,3942
https://openalex.org/T10049,https://openalex.org/T12327,2015,2016,2020,0.35295612386476116,1,2,3,0.25,6,2.0,4.0,0,0,0.22095081895985014,true_negative,3938
https://openalex.org/T10496,https://openalex.org/T12947,2015,2016,2020,0.35295612386476116,1,2,3,0.25,6,2.0,4.0,0,0,0.22095081895985014,true_negative,3940
https://openalex.org/T11825,https://openalex.org/T12327,2015,2016,2020,0.35295612386476116,1,2,3,0.25,6,2.0,4.0,0,0,0.22095081895985014,true_negative,3947
https://openalex.org/T10496,https://openalex.org/T12168,2015,2016,2020,0.35295612386476116,1,2,3,0.25,6,2.0,4.0,0,0,0.22095081895985014,true_negative,3939
https://openalex.org/T11071,https://openalex.org/T12947,2015,2016,2020,0.35295612386476116,1,2,3,0.25,6,2.0,4.0,0,0,0.22095081895985014,true_negative,3943
https://openalex.org/T11519,https://openalex.org/T13447,2015,2016,2020,0.35295612386476116,1,2,3,0.25,6,2.0,4.0,0,0,0.22095081895985014,true_negative,3945
https://openalex.org/T11206,https://openalex.org/T12814,2015,2016,2020,0.35295612386476116,1,2,3,0.25,6,2.0,4.0,1,0,0.22095081895985014,false_negative,3944
https://openalex.org/T11629,https://openalex.org/T11928,2015,2016,2020,0.35295612386476116,1,2,3,0.25,6,2.0,4.0,0,0,0.22095081895985014,true_negative,3946
https://openalex.org/T10174,https://openalex.org/T10199,2015,2016,2020,0.6213349345596119,1,2,2,0.3333333333333333,4,2.0,4.0,0,0,0.22089065982477987,true_negative,3950
https://openalex.org/T10090,https://openalex.org/T10461,2015,2016,2020,0.6213349345596119,1,2,2,0.3333333333333333,4,2.0,4.0,0,0,0.22089065982477987,true_negative,3949
https://openalex.org/T10429,https://openalex.org/T12303,2015,2016,2020,0.43429448190325176,1,3,2,0.25,6,6.0,2.0,0,0,0.22060031282729417,true_negative,3952
https://openalex.org/T10429,https://openalex.org/T11739,2015,2016,2020,0.43429448190325176,1,3,2,0.25,6,6.0,2.0,0,0,0.22060031282729417,true_negative,3951
https://openalex.org/T10172,https://openalex.org/T10198,2015,2016,2020,0.7213475204444817,1,2,2,0.3333333333333333,4,4.0,2.0,0,0,0.22053419542296318,true_negative,3953
https://openalex.org/T10848,https://openalex.org/T12391,2015,2016,2020,0.7213475204444817,1,2,2,0.3333333333333333,4,4.0,2.0,0,0,0.22053419542296318,true_negative,3954
https://openalex.org/T10848,https://openalex.org/T13717,2015,2016,2020,0.7213475204444817,1,2,2,0.3333333333333333,4,4.0,2.0,0,0,0.22053419542296318,true_negative,3955
https://openalex.org/T10845,https://openalex.org/T11270,2015,2016,2020,0.40242960438184466,1,3,2,0.25,6,4.0,2.0,0,0,0.22042491926685986,true_negative,3958
https://openalex.org/T10141,https://openalex.org/T11232,2015,2016,2020,0.40242960438184466,1,3,2,0.25,6,4.0,2.0,0,0,0.22042491926685986,true_negative,3956
https://openalex.org/T10141,https://openalex.org/T11337,2015,2016,2020,0.40242960438184466,1,3,2,0.25,6,4.0,2.0,0,0,0.22042491926685986,true_negative,3957
https://openalex.org/T12950,https://openalex.org/T13349,2015,2016,2020,0.3459762562611936,1,2,3,0.25,6,2.0,4.0,0,0,0.22001940834717695,true_negative,3961
https://openalex.org/T12694,https://openalex.org/T13349,2015,2016,2020,0.3459762562611936,1,2,3,0.25,6,2.0,4.0,0,0,0.22001940834717695,true_negative,3960
https://openalex.org/T10186,https://openalex.org/T13349,2015,2016,2020,0.3459762562611936,1,2,3,0.25,6,2.0,4.0,0,0,0.22001940834717695,true_negative,3959
https://openalex.org/T10397,https://openalex.org/T13555,2015,2016,2020,0.35295612386476116,1,3,2,0.25,6,6.0,4.0,0,0,0.21937369212005783,true_negative,3962
https://openalex.org/T10663,https://openalex.org/T11007,2015,2016,2020,0.45511961331341866,1,3,2,0.25,6,8.0,2.0,0,0,0.2193047714523977,true_negative,3964
https://openalex.org/T10663,https://openalex.org/T10811,2015,2016,2020,0.45511961331341866,1,3,2,0.25,6,8.0,2.0,0,0,0.2193047714523977,true_negative,3963
https://openalex.org/T10015,https://openalex.org/T12535,2015,2016,2020,0.45511961331341866,1,36,13,0.020833333333333332,468,158.0,17.0,0,0,0.21921777602053272,true_negative,3965
https://openalex.org/T10146,https://openalex.org/T12103,2015,2016,2020,1.072008968920998,2,2,2,1.0,4,4.0,2.0,0,0,0.21848062772783006,true_negative,3967
https://openalex.org/T10146,https://openalex.org/T10619,2015,2016,2020,1.072008968920998,2,2,2,1.0,4,4.0,2.0,0,0,0.21848062772783006,true_negative,3966
https://openalex.org/T11305,https://openalex.org/T14144,2015,2016,2020,1.039008973514235,2,2,2,1.0,4,2.0,2.0,0,0,0.21815608924980584,true_negative,3968
https://openalex.org/T10008,https://openalex.org/T12926,2015,2016,2020,0.3459762562611936,1,4,1,0.25,4,4.0,1.0,0,0,0.2176007495492908,true_negative,3970
https://openalex.org/T10008,https://openalex.org/T10164,2015,2016,2020,0.3459762562611936,1,4,1,0.25,4,4.0,1.0,0,0,0.2176007495492908,true_negative,3969
https://openalex.org/T11682,https://openalex.org/T12220,2015,2016,2020,1.0551557211398157,2,2,2,1.0,4,4.0,2.0,0,0,0.21625463328783082,true_negative,3971
https://openalex.org/T11443,https://openalex.org/T11798,2015,2016,2020,0.36926937306885504,1,3,2,0.25,6,4.0,2.0,0,0,0.21603265583083794,true_negative,3972
https://openalex.org/T11443,https://openalex.org/T12368,2015,2016,2020,0.36926937306885504,1,3,2,0.25,6,4.0,2.0,0,0,0.21603265583083794,true_negative,3974
https://openalex.org/T11443,https://openalex.org/T12135,2015,2016,2020,0.36926937306885504,1,3,2,0.25,6,4.0,2.0,0,0,0.21603265583083794,true_negative,3973
https://openalex.org/T10084,https://openalex.org/T12168,2015,2016,2020,0.31465798044412485,1,2,3,0.25,6,2.0,4.0,0,0,0.2158749710971248,true_negative,3975
https://openalex.org/T12327,https://openalex.org/T13104,2015,2016,2020,0.36067376022224085,1,3,2,0.25,6,4.0,2.0,0,0,0.21490452055163867,true_negative,3976
https://openalex.org/T10594,https://openalex.org/T11629,2015,2016,2020,0.35295612386476116,1,3,2,0.25,6,4.0,2.0,0,0,0.21389526628661729,true_negative,3978
https://openalex.org/T10144,https://openalex.org/T11071,2015,2016,2020,0.35295612386476116,1,3,2,0.25,6,4.0,2.0,0,0,0.21389526628661729,true_negative,3977
https://openalex.org/T10594,https://openalex.org/T11772,2015,2016,2020,0.35295612386476116,1,3,2,0.25,6,4.0,2.0,0,0,0.21389526628661729,true_negative,3979
https://openalex.org/T11048,https://openalex.org/T12640,2015,2016,2020,0.2790553132756236,1,3,2,0.25,6,4.0,4.0,0,0,0.2136643481395335,true_negative,3980
https://openalex.org/T12679,https://openalex.org/T12926,2015,2016,2020,0.3459762562611936,1,4,1,0.25,4,6.0,1.0,0,0,0.21358949661683074,true_negative,3981
https://openalex.org/T13349,https://openalex.org/T13412,2015,2016,2020,0.3459762562611936,1,3,2,0.25,6,4.0,2.0,0,0,0.21298546678256589,true_negative,3982
https://openalex.org/T13349,https://openalex.org/T13765,2015,2016,2020,0.3459762562611936,1,3,2,0.25,6,4.0,2.0,0,0,0.21298546678256589,true_negative,3983
https://openalex.org/T13349,https://openalex.org/T14023,2015,2016,2020,0.3459762562611936,1,3,2,0.25,6,4.0,2.0,0,0,0.21298546678256589,true_negative,3984
https://openalex.org/T10379,https://openalex.org/T12140,2015,2016,2020,0.5581106265512472,1,2,2,0.3333333333333333,4,2.0,4.0,0,0,0.21255855312799046,true_negative,3985
https://openalex.org/T11190,https://openalex.org/T12140,2015,2016,2020,0.5581106265512472,1,2,2,0.3333333333333333,4,2.0,4.0,0,0,0.21255855312799046,true_negative,3986
https://openalex.org/T10492,https://openalex.org/T11760,2015,2016,2020,0.6213349345596119,1,2,2,0.3333333333333333,4,2.0,2.0,0,0,0.21140336173577878,true_negative,3990
https://openalex.org/T12028,https://openalex.org/T12659,2015,2016,2020,0.6213349345596119,1,2,2,0.3333333333333333,4,2.0,2.0,0,0,0.21140336173577878,true_negative,3993
https://openalex.org/T10084,https://openalex.org/T12608,2015,2016,2020,0.6213349345596119,1,2,2,0.3333333333333333,4,2.0,2.0,0,0,0.21140336173577878,true_negative,3988
https://openalex.org/T10285,https://openalex.org/T11064,2015,2016,2020,0.6213349345596119,1,2,2,0.3333333333333333,4,2.0,2.0,0,0,0.21140336173577878,true_negative,3989
https://openalex.org/T10084,https://openalex.org/T11334,2015,2016,2020,0.6213349345596119,1,2,2,0.3333333333333333,4,2.0,2.0,0,0,0.21140336173577878,true_negative,3987
https://openalex.org/T11064,https://openalex.org/T13004,2015,2016,2020,0.6213349345596119,1,2,2,0.3333333333333333,4,2.0,2.0,0,0,0.21140336173577878,true_negative,3991
https://openalex.org/T11457,https://openalex.org/T12539,2015,2016,2020,0.6213349345596119,1,2,2,0.3333333333333333,4,2.0,2.0,0,0,0.21140336173577878,true_negative,3992
https://openalex.org/T10715,https://openalex.org/T11048,2015,2016,2020,0.2790553132756236,1,2,3,0.25,6,2.0,4.0,0,0,0.2112326415002839,true_negative,3994
https://openalex.org/T11590,https://openalex.org/T11944,2015,2016,2020,0.9820086947818527,2,2,2,1.0,4,2.0,2.0,0,0,0.2107018782291459,true_negative,3995
https://openalex.org/T10397,https://openalex.org/T11071,2015,2016,2020,0.35295612386476116,1,3,2,0.25,6,6.0,2.0,0,0,0.2099339920853208,true_negative,3997
https://openalex.org/T10397,https://openalex.org/T10496,2015,2016,2020,0.35295612386476116,1,3,2,0.25,6,6.0,2.0,0,0,0.2099339920853208,true_negative,3996
https://openalex.org/T12168,https://openalex.org/T12648,2015,2016,2020,0.31465798044412485,1,3,2,0.25,6,4.0,2.0,0,0,0.20893803316827397,true_negative,3998
https://openalex.org/T11764,https://openalex.org/T12640,2015,2016,2020,0.2790553132756236,1,3,2,0.25,6,8.0,4.0,0,0,0.20580220501758065,true_negative,3999
https://openalex.org/T11700,https://openalex.org/T12648,2015,2016,2020,0.31465798044412485,1,3,2,0.25,6,6.0,2.0,0,0,0.20504461894719908,true_negative,4000
https://openalex.org/T11048,https://openalex.org/T11879,2015,2016,2020,0.2790553132756236,1,3,2,0.25,6,4.0,2.0,0,0,0.20440599296078582,true_negative,4002
https://openalex.org/T11048,https://openalex.org/T11470,2015,2016,2020,0.2790553132756236,1,3,2,0.25,6,4.0,2.0,0,0,0.20440599296078582,true_negative,4001
https://openalex.org/T11048,https://openalex.org/T12134,2015,2016,2020,0.2790553132756236,1,3,2,0.25,6,4.0,2.0,0,0,0.20440599296078582,true_negative,4003
https://openalex.org/T11182,https://openalex.org/T12892,2015,2016,2020,0.5581106265512472,1,2,2,0.3333333333333333,4,2.0,2.0,0,0,0.203335723182388,true_negative,4035
https://openalex.org/T10107,https://openalex.org/T12442,2015,2016,2020,0.5581106265512472,1,2,2,0.3333333333333333,4,2.0,2.0,0,0,0.203335723182388,true_negative,4011
https://openalex.org/T10249,https://openalex.org/T10742,2015,2016,2020,0.5581106265512472,1,2,2,0.3333333333333333,4,2.0,2.0,0,0,0.203335723182388,true_negative,4015
https://openalex.org/T10915,https://openalex.org/T11848,2015,2016,2020,0.5581106265512472,1,2,2,0.3333333333333333,4,2.0,2.0,0,0,0.203335723182388,true_negative,4029
https://openalex.org/T10107,https://openalex.org/T10440,2015,2016,2020,0.5581106265512472,1,2,2,0.3333333333333333,4,2.0,2.0,0,0,0.203335723182388,true_negative,4010
https://openalex.org/T10742,https://openalex.org/T11347,2015,2016,2020,0.5581106265512472,1,2,2,0.3333333333333333,4,2.0,2.0,0,0,0.203335723182388,true_negative,4027
https://openalex.org/T11600,https://openalex.org/T13779,2015,2016,2020,0.5581106265512472,1,2,2,0.3333333333333333,4,2.0,2.0,0,0,0.203335723182388,true_negative,4040
https://openalex.org/T11355,https://openalex.org/T12626,2015,2016,2020,0.5581106265512472,1,2,2,0.3333333333333333,4,2.0,2.0,0,0,0.203335723182388,true_negative,4037
https://openalex.org/T10950,https://openalex.org/T12996,2015,2016,2020,0.5581106265512472,1,2,2,0.3333333333333333,4,2.0,2.0,0,0,0.203335723182388,true_negative,4031
https://openalex.org/T10170,https://openalex.org/T10294,2015,2016,2020,0.5581106265512472,1,2,2,0.3333333333333333,4,2.0,2.0,0,0,0.203335723182388,true_negative,4012
https://openalex.org/T10170,https://openalex.org/T10915,2015,2016,2020,0.5581106265512472,1,2,2,0.3333333333333333,4,2.0,2.0,0,0,0.203335723182388,true_negative,4013
https://openalex.org/T10212,https://openalex.org/T12496,2015,2016,2020,0.5581106265512472,1,2,2,0.3333333333333333,4,2.0,2.0,0,0,0.203335723182388,true_negative,4014
https://openalex.org/T10294,https://openalex.org/T10915,2015,2016,2020,0.5581106265512472,1,2,2,0.3333333333333333,4,2.0,2.0,0,0,0.203335723182388,true_negative,4016
https://openalex.org/T12261,https://openalex.org/T12917,2015,2016,2020,0.5581106265512472,1,2,2,0.3333333333333333,4,2.0,2.0,0,0,0.203335723182388,true_negative,4042
https://openalex.org/T10950,https://openalex.org/T13779,2015,2016,2020,0.5581106265512472,1,2,2,0.3333333333333333,4,2.0,2.0,0,0,0.203335723182388,true_negative,4032
https://openalex.org/T10950,https://openalex.org/T11600,2015,2016,2020,0.5581106265512472,1,2,2,0.3333333333333333,4,2.0,2.0,0,0,0.203335723182388,true_negative,4030
https://openalex.org/T11472,https://openalex.org/T12496,2015,2016,2020,0.5581106265512472,1,2,2,0.3333333333333333,4,2.0,2.0,0,0,0.203335723182388,true_negative,4038
https://openalex.org/T11305,https://openalex.org/T12023,2015,2016,2020,0.5581106265512472,1,2,2,0.3333333333333333,4,2.0,2.0,0,0,0.203335723182388,true_negative,4036
https://openalex.org/T10294,https://openalex.org/T11848,2015,2016,2020,0.5581106265512472,1,2,2,0.3333333333333333,4,2.0,2.0,0,0,0.203335723182388,true_negative,4017
https://openalex.org/T10413,https://openalex.org/T12442,2015,2016,2020,0.5581106265512472,1,2,2,0.3333333333333333,4,2.0,2.0,0,0,0.203335723182388,true_negative,4024
https://openalex.org/T10410,https://openalex.org/T11155,2015,2016,2020,0.5581106265512472,1,2,2,0.3333333333333333,4,2.0,2.0,0,0,0.203335723182388,true_negative,4021
https://openalex.org/T10410,https://openalex.org/T12296,2015,2016,2020,0.5581106265512472,1,2,2,0.3333333333333333,4,2.0,2.0,0,0,0.203335723182388,true_negative,4022
https://openalex.org/T10862,https://openalex.org/T13429,2015,2016,2020,0.5581106265512472,1,2,2,0.3333333333333333,4,2.0,2.0,0,0,0.203335723182388,true_negative,4028
https://openalex.org/T11155,https://openalex.org/T12296,2015,2016,2020,0.5581106265512472,1,2,2,0.3333333333333333,4,2.0,2.0,0,0,0.203335723182388,true_negative,4033
https://openalex.org/T11171,https://openalex.org/T11623,2015,2016,2020,0.5581106265512472,1,2,2,0.3333333333333333,4,2.0,2.0,0,0,0.203335723182388,true_negative,4034
https://openalex.org/T12023,https://openalex.org/T14144,2015,2016,2020,0.5581106265512472,1,2,2,0.3333333333333333,4,2.0,2.0,0,0,0.203335723182388,true_negative,4041
https://openalex.org/T10401,https://openalex.org/T11171,2015,2016,2020,0.5581106265512472,1,2,2,0.3333333333333333,4,2.0,2.0,0,0,0.203335723182388,true_negative,4020
https://openalex.org/T10023,https://openalex.org/T11623,2015,2016,2020,0.5581106265512472,1,2,2,0.3333333333333333,4,2.0,2.0,0,0,0.203335723182388,true_negative,4006
https://openalex.org/T12996,https://openalex.org/T13779,2015,2016,2020,0.5581106265512472,1,2,2,0.3333333333333333,4,2.0,2.0,0,0,0.203335723182388,true_negative,4043
https://openalex.org/T10540,https://openalex.org/T10913,2015,2016,2020,0.5581106265512472,1,2,2,0.3333333333333333,4,2.0,2.0,0,0,0.203335723182388,true_negative,4026
https://openalex.org/T10413,https://openalex.org/T10440,2015,2016,2020,0.5581106265512472,1,2,2,0.3333333333333333,4,2.0,2.0,0,0,0.203335723182388,true_negative,4023
https://openalex.org/T10540,https://openalex.org/T10859,2015,2016,2020,0.5581106265512472,1,2,2,0.3333333333333333,4,2.0,2.0,0,0,0.203335723182388,true_negative,4025
https://openalex.org/T10091,https://openalex.org/T10296,2015,2016,2020,0.5581106265512472,1,2,2,0.3333333333333333,4,2.0,2.0,0,0,0.203335723182388,true_negative,4007
https://openalex.org/T10091,https://openalex.org/T12296,2015,2016,2020,0.5581106265512472,1,2,2,0.3333333333333333,4,2.0,2.0,0,0,0.203335723182388,true_negative,4009
https://openalex.org/T10023,https://openalex.org/T11171,2015,2016,2020,0.5581106265512472,1,2,2,0.3333333333333333,4,2.0,2.0,0,0,0.203335723182388,true_negative,4005
https://openalex.org/T10091,https://openalex.org/T11155,2015,2016,2020,0.5581106265512472,1,2,2,0.3333333333333333,4,2.0,2.0,0,0,0.203335723182388,true_negative,4008
https://openalex.org/T10023,https://openalex.org/T10401,2015,2016,2020,0.5581106265512472,1,2,2,0.3333333333333333,4,2.0,2.0,0,0,0.203335723182388,true_negative,4004
https://openalex.org/T10296,https://openalex.org/T10410,2015,2016,2020,0.5581106265512472,1,2,2,0.3333333333333333,4,2.0,2.0,0,0,0.203335723182388,true_negative,4018
https://openalex.org/T10296,https://openalex.org/T12296,2015,2016,2020,0.5581106265512472,1,2,2,0.3333333333333333,4,2.0,2.0,0,0,0.203335723182388,true_negative,4019
https://openalex.org/T11532,https://openalex.org/T12626,2015,2016,2020,0.5581106265512472,1,2,2,0.3333333333333333,4,2.0,2.0,0,0,0.203335723182388,true_negative,4039
https://openalex.org/T10030,https://openalex.org/T10461,2015,2016,2020,0.45511961331341866,1,2,2,0.3333333333333333,4,2.0,4.0,0,0,0.1994820467644196,true_negative,4044
https://openalex.org/T10981,https://openalex.org/T12140,2015,2016,2020,0.45511961331341866,1,2,2,0.3333333333333333,4,2.0,4.0,0,0,0.1994820467644196,true_negative,4045
https://openalex.org/T11195,https://openalex.org/T11396,2015,2016,2020,0.5138983423697507,1,1,3,0.3333333333333333,3,1.0,3.0,0,0,0.19944606300134046,true_negative,4046
https://openalex.org/T11601,https://openalex.org/T11992,2015,2016,2020,0.5138983423697507,1,2,2,0.3333333333333333,4,2.0,2.0,0,0,0.19783169937187364,true_negative,4052
https://openalex.org/T10352,https://openalex.org/T12241,2015,2016,2020,0.5138983423697507,1,2,2,0.3333333333333333,4,2.0,2.0,0,0,0.19783169937187364,true_negative,4048
https://openalex.org/T12241,https://openalex.org/T13883,2015,2016,2020,0.5138983423697507,1,2,2,0.3333333333333333,4,2.0,2.0,0,0,0.19783169937187364,true_negative,4054
https://openalex.org/T10402,https://openalex.org/T12202,2015,2016,2020,0.5138983423697507,1,2,2,0.3333333333333333,4,2.0,2.0,0,0,0.19783169937187364,true_negative,4050
https://openalex.org/T12202,https://openalex.org/T13604,2015,2016,2020,0.5138983423697507,1,2,2,0.3333333333333333,4,2.0,2.0,0,0,0.19783169937187364,true_negative,4053
https://openalex.org/T10352,https://openalex.org/T13883,2015,2016,2020,0.5138983423697507,1,2,2,0.3333333333333333,4,2.0,2.0,0,0,0.19783169937187364,true_negative,4049
https://openalex.org/T11434,https://openalex.org/T11992,2015,2016,2020,0.5138983423697507,1,2,2,0.3333333333333333,4,2.0,2.0,0,0,0.19783169937187364,true_negative,4051
https://openalex.org/T10294,https://openalex.org/T10773,2015,2016,2020,0.5138983423697507,1,2,2,0.3333333333333333,4,2.0,2.0,0,0,0.19783169937187364,true_negative,4047
https://openalex.org/T10826,https://openalex.org/T14313,2015,2016,2020,0.5138983423697507,1,3,1,0.3333333333333333,3,4.0,1.0,0,0,0.19704986799821042,true_negative,4056
https://openalex.org/T10826,https://openalex.org/T11060,2015,2016,2020,0.5138983423697507,1,3,1,0.3333333333333333,3,4.0,1.0,0,0,0.19704986799821042,true_negative,4055
https://openalex.org/T11764,https://openalex.org/T12134,2015,2016,2020,0.2790553132756236,1,3,2,0.25,6,8.0,2.0,0,0,0.1967992642338098,true_negative,4058
https://openalex.org/T11764,https://openalex.org/T11879,2015,2016,2020,0.2790553132756236,1,3,2,0.25,6,8.0,2.0,0,0,0.1967992642338098,true_negative,4057
https://openalex.org/T10207,https://openalex.org/T12140,2015,2016,2020,0.45511961331341866,1,2,2,0.3333333333333333,4,4.0,4.0,0,0,0.19572124216463743,true_negative,4059
https://openalex.org/T10323,https://openalex.org/T11739,2015,2016,2020,0.8513268733274981,2,2,2,1.0,4,2.0,2.0,0,0,0.19432280092392373,true_negative,4060
https://openalex.org/T11205,https://openalex.org/T11210,2015,2016,2020,0.8513268733274981,2,2,2,1.0,4,2.0,2.0,0,0,0.19432280092392373,true_negative,4061
https://openalex.org/T10207,https://openalex.org/T10773,2015,2016,2020,0.5138983423697507,1,2,2,0.3333333333333333,4,4.0,2.0,0,0,0.19409446464622224,true_negative,4063
https://openalex.org/T10207,https://openalex.org/T10294,2015,2016,2020,0.5138983423697507,1,2,2,0.3333333333333333,4,4.0,2.0,0,0,0.19409446464622224,true_negative,4062
https://openalex.org/T11171,https://openalex.org/T12539,2015,2016,2020,0.48089834696298783,1,2,2,0.3333333333333333,4,2.0,2.0,0,0,0.19379716754700385,true_negative,4073
https://openalex.org/T10145,https://openalex.org/T12659,2015,2016,2020,0.48089834696298783,1,2,2,0.3333333333333333,4,2.0,2.0,0,0,0.19379716754700385,true_negative,4064
https://openalex.org/T11207,https://openalex.org/T12539,2015,2016,2020,0.48089834696298783,1,2,2,0.3333333333333333,4,2.0,2.0,0,0,0.19379716754700385,true_negative,4074
https://openalex.org/T12659,https://openalex.org/T14484,2015,2016,2020,0.48089834696298783,1,2,2,0.3333333333333333,4,2.0,2.0,0,0,0.19379716754700385,true_negative,4077
https://openalex.org/T11305,https://openalex.org/T12783,2015,2016,2020,0.48089834696298783,1,2,2,0.3333333333333333,4,2.0,2.0,0,0,0.19379716754700385,true_negative,4075
https://openalex.org/T10145,https://openalex.org/T14484,2015,2016,2020,0.48089834696298783,1,2,2,0.3333333333333333,4,2.0,2.0,0,0,0.19379716754700385,true_negative,4065
https://openalex.org/T12783,https://openalex.org/T14144,2015,2016,2020,0.48089834696298783,1,2,2,0.3333333333333333,4,2.0,2.0,0,0,0.19379716754700385,true_negative,4078
https://openalex.org/T10400,https://openalex.org/T13429,2015,2016,2020,0.48089834696298783,1,2,2,0.3333333333333333,4,2.0,2.0,0,0,0.19379716754700385,true_negative,4069
https://openalex.org/T11083,https://openalex.org/T11824,2015,2016,2020,0.48089834696298783,1,2,2,0.3333333333333333,4,2.0,2.0,0,0,0.19379716754700385,true_negative,4071
https://openalex.org/T12659,https://openalex.org/T13083,2015,2016,2020,0.48089834696298783,1,2,2,0.3333333333333333,4,2.0,2.0,0,0,0.19379716754700385,true_negative,4076
https://openalex.org/T10844,https://openalex.org/T11885,2015,2016,2020,0.48089834696298783,1,2,2,0.3333333333333333,4,2.0,2.0,0,0,0.19379716754700385,true_negative,4070
https://openalex.org/T10394,https://openalex.org/T12539,2015,2016,2020,0.48089834696298783,1,2,2,0.3333333333333333,4,2.0,2.0,0,0,0.19379716754700385,true_negative,4068
https://openalex.org/T10394,https://openalex.org/T11171,2015,2016,2020,0.48089834696298783,1,2,2,0.3333333333333333,4,2.0,2.0,0,0,0.19379716754700385,true_negative,4066
https://openalex.org/T10394,https://openalex.org/T11207,2015,2016,2020,0.48089834696298783,1,2,2,0.3333333333333333,4,2.0,2.0,0,0,0.19379716754700385,true_negative,4067
https://openalex.org/T11171,https://openalex.org/T11207,2015,2016,2020,0.48089834696298783,1,2,2,0.3333333333333333,4,2.0,2.0,0,0,0.19379716754700385,true_negative,4072
https://openalex.org/T13083,https://openalex.org/T14484,2015,2016,2020,0.48089834696298783,1,2,2,0.3333333333333333,4,2.0,2.0,0,0,0.19379716754700382,true_negative,4079
https://openalex.org/T12489,https://openalex.org/T12745,2015,2016,2020,0.40242960438184466,1,2,2,0.3333333333333333,4,2.0,4.0,0,0,0.19302955371049224,true_negative,4084
https://openalex.org/T11232,https://openalex.org/T12745,2015,2016,2020,0.40242960438184466,1,2,2,0.3333333333333333,4,2.0,4.0,0,0,0.19302955371049224,true_negative,4082
https://openalex.org/T10257,https://openalex.org/T12640,2015,2016,2020,0.40242960438184466,1,2,2,0.3333333333333333,4,2.0,4.0,0,0,0.19302955371049224,true_negative,4080
https://openalex.org/T11337,https://openalex.org/T12745,2015,2016,2020,0.40242960438184466,1,2,2,0.3333333333333333,4,2.0,4.0,0,0,0.19302955371049224,true_negative,4083
https://openalex.org/T10593,https://openalex.org/T12640,2015,2016,2020,0.40242960438184466,1,2,2,0.3333333333333333,4,2.0,4.0,0,0,0.19302955371049224,true_negative,4081
https://openalex.org/T11354,https://openalex.org/T12640,2015,2016,2020,0.2790553132756236,1,3,2,0.25,6,16.0,4.0,0,0,0.1907265459398953,true_negative,4085
https://openalex.org/T10031,https://openalex.org/T11629,2015,2016,2020,0.45511961331341866,1,2,2,0.3333333333333333,4,2.0,2.0,0,0,0.19068920165186354,true_negative,4088
https://openalex.org/T11449,https://openalex.org/T11809,2015,2016,2020,0.45511961331341866,1,2,2,0.3333333333333333,4,2.0,2.0,0,0,0.19068920165186354,true_negative,4091
https://openalex.org/T10030,https://openalex.org/T11007,2015,2016,2020,0.45511961331341866,1,2,2,0.3333333333333333,4,2.0,2.0,0,0,0.19068920165186354,true_negative,4087
https://openalex.org/T10352,https://openalex.org/T11519,2015,2016,2020,0.45511961331341866,1,2,2,0.3333333333333333,4,2.0,2.0,0,0,0.19068920165186354,true_negative,4089
https://openalex.org/T10030,https://openalex.org/T10811,2015,2016,2020,0.45511961331341866,1,2,2,0.3333333333333333,4,2.0,2.0,0,0,0.19068920165186354,true_negative,4086
https://openalex.org/T10432,https://openalex.org/T11449,2015,2016,2020,0.45511961331341866,1,2,2,0.3333333333333333,4,2.0,2.0,0,0,0.19068920165186354,true_negative,4090
https://openalex.org/T12576,https://openalex.org/T12626,2015,2016,2020,0.45511961331341866,1,2,2,0.3333333333333333,4,2.0,2.0,0,0,0.19068920165186354,true_negative,4092
https://openalex.org/T10432,https://openalex.org/T11809,2015,2016,2020,0.8157933735356595,2,2,2,1.0,4,2.0,2.0,0,0,0.19003988844289282,true_negative,4093
https://openalex.org/T11210,https://openalex.org/T12015,2015,2016,2020,0.43429448190325176,1,2,2,0.3333333333333333,4,2.0,2.0,0,0,0.1882063885970433,true_negative,4119
https://openalex.org/T10929,https://openalex.org/T11677,2015,2016,2020,0.43429448190325176,1,2,2,0.3333333333333333,4,2.0,2.0,0,0,0.1882063885970433,true_negative,4108
https://openalex.org/T10549,https://openalex.org/T10583,2015,2016,2020,0.43429448190325176,1,2,2,0.3333333333333333,4,2.0,2.0,0,0,0.1882063885970433,true_negative,4099
https://openalex.org/T11186,https://openalex.org/T11483,2015,2016,2020,0.43429448190325176,1,2,2,0.3333333333333333,4,2.0,2.0,0,0,0.1882063885970433,true_negative,4110
https://openalex.org/T11186,https://openalex.org/T12091,2015,2016,2020,0.43429448190325176,1,2,2,0.3333333333333333,4,2.0,2.0,0,0,0.1882063885970433,true_negative,4111
https://openalex.org/T11186,https://openalex.org/T11333,2015,2016,2020,0.43429448190325176,1,2,2,0.3333333333333333,4,2.0,2.0,0,0,0.1882063885970433,true_negative,4109
https://openalex.org/T10266,https://openalex.org/T11333,2015,2016,2020,0.43429448190325176,1,2,2,0.3333333333333333,4,2.0,2.0,0,0,0.1882063885970433,true_negative,4096
https://openalex.org/T10323,https://openalex.org/T12303,2015,2016,2020,0.43429448190325176,1,2,2,0.3333333333333333,4,2.0,2.0,0,0,0.1882063885970433,true_negative,4098
https://openalex.org/T10266,https://openalex.org/T11186,2015,2016,2020,0.43429448190325176,1,2,2,0.3333333333333333,4,2.0,2.0,0,0,0.1882063885970433,true_negative,4095
https://openalex.org/T10549,https://openalex.org/T10929,2015,2016,2020,0.43429448190325176,1,2,2,0.3333333333333333,4,2.0,2.0,0,0,0.1882063885970433,true_negative,4100
https://openalex.org/T10185,https://openalex.org/T11798,2015,2016,2020,0.43429448190325176,1,2,2,0.3333333333333333,4,2.0,2.0,0,0,0.1882063885970433,true_negative,4094
https://openalex.org/T11333,https://openalex.org/T12091,2015,2016,2020,0.43429448190325176,1,2,2,0.3333333333333333,4,2.0,2.0,0,0,0.1882063885970433,true_negative,4121
https://openalex.org/T11333,https://openalex.org/T11483,2015,2016,2020,0.43429448190325176,1,2,2,0.3333333333333333,4,2.0,2.0,0,0,0.1882063885970433,true_negative,4120
https://openalex.org/T10266,https://openalex.org/T11483,2015,2016,2020,0.43429448190325176,1,2,2,0.3333333333333333,4,2.0,2.0,0,0,0.1882063885970433,true_negative,4097
https://openalex.org/T10583,https://openalex.org/T11677,2015,2016,2020,0.43429448190325176,1,2,2,0.3333333333333333,4,2.0,2.0,0,0,0.1882063885970433,true_negative,4102
https://openalex.org/T10583,https://openalex.org/T10929,2015,2016,2020,0.43429448190325176,1,2,2,0.3333333333333333,4,2.0,2.0,0,0,0.1882063885970433,true_negative,4101
https://openalex.org/T11483,https://openalex.org/T12091,2015,2016,2020,0.43429448190325176,1,2,2,0.3333333333333333,4,2.0,2.0,0,0,0.1882063885970433,true_negative,4122
https://openalex.org/T11205,https://openalex.org/T11206,2015,2016,2020,0.43429448190325176,1,2,2,0.3333333333333333,4,2.0,2.0,0,0,0.1882063885970433,true_negative,4112
https://openalex.org/T10770,https://openalex.org/T11210,2015,2016,2020,0.43429448190325176,1,2,2,0.3333333333333333,4,2.0,2.0,0,0,0.1882063885970433,true_negative,4105
https://openalex.org/T11205,https://openalex.org/T11659,2015,2016,2020,0.43429448190325176,1,2,2,0.3333333333333333,4,2.0,2.0,0,0,0.1882063885970433,true_negative,4113
https://openalex.org/T11739,https://openalex.org/T12303,2015,2016,2020,0.43429448190325176,1,2,2,0.3333333333333333,4,2.0,2.0,0,0,0.1882063885970433,true_negative,4123
https://openalex.org/T11206,https://openalex.org/T11659,2015,2016,2020,0.43429448190325176,1,2,2,0.3333333333333333,4,2.0,2.0,0,0,0.1882063885970433,true_negative,4116
https://openalex.org/T10770,https://openalex.org/T11659,2015,2016,2020,0.43429448190325176,1,2,2,0.3333333333333333,4,2.0,2.0,0,0,0.1882063885970433,true_negative,4106
https://openalex.org/T11210,https://openalex.org/T11659,2015,2016,2020,0.43429448190325176,1,2,2,0.3333333333333333,4,2.0,2.0,0,0,0.1882063885970433,true_negative,4118
https://openalex.org/T10770,https://openalex.org/T12015,2015,2016,2020,0.43429448190325176,1,2,2,0.3333333333333333,4,2.0,2.0,0,0,0.1882063885970433,true_negative,4107
https://openalex.org/T11206,https://openalex.org/T11210,2015,2016,2020,0.43429448190325176,1,2,2,0.3333333333333333,4,2.0,2.0,0,0,0.1882063885970433,true_negative,4115
https://openalex.org/T10770,https://openalex.org/T11206,2015,2016,2020,0.43429448190325176,1,2,2,0.3333333333333333,4,2.0,2.0,0,0,0.1882063885970433,true_negative,4104
https://openalex.org/T11205,https://openalex.org/T12015,2015,2016,2020,0.43429448190325176,1,2,2,0.3333333333333333,4,2.0,2.0,0,0,0.1882063885970433,true_negative,4114
https://openalex.org/T11206,https://openalex.org/T12015,2015,2016,2020,0.43429448190325176,1,2,2,0.3333333333333333,4,2.0,2.0,0,0,0.1882063885970433,true_negative,4117
https://openalex.org/T10770,https://openalex.org/T11205,2015,2016,2020,0.43429448190325176,1,2,2,0.3333333333333333,4,2.0,2.0,0,0,0.1882063885970433,true_negative,4103
https://openalex.org/T12264,https://openalex.org/T13199,2015,2016,2020,0.43429448190325176,1,3,1,0.3333333333333333,3,4.0,1.0,0,0,0.18745370732012429,true_negative,4124
https://openalex.org/T10496,https://openalex.org/T13555,2015,2016,2020,0.35295612386476116,1,2,2,0.3333333333333333,4,2.0,4.0,0,0,0.1871166468823102,true_negative,4125
https://openalex.org/T12140,https://openalex.org/T12786,2015,2016,2020,0.45511961331341866,1,2,2,0.3333333333333333,4,4.0,2.0,0,0,0.18705543203562347,true_negative,4128
https://openalex.org/T10207,https://openalex.org/T12786,2015,2016,2020,0.45511961331341866,1,2,2,0.3333333333333333,4,4.0,2.0,0,0,0.18705543203562347,true_negative,4127
https://openalex.org/T10207,https://openalex.org/T10981,2015,2016,2020,0.45511961331341866,1,2,2,0.3333333333333333,4,4.0,2.0,0,0,0.18705543203562347,true_negative,4126
https://openalex.org/T12836,https://openalex.org/T13377,2015,2016,2020,0.9102392266268373,1,1,2,0.5,2,1.0,2.0,0,0,0.1869079584761933,true_negative,4129
https://openalex.org/T12338,https://openalex.org/T12998,2015,2016,2020,0.9102392266268373,1,2,1,0.5,2,2.0,1.0,0,0,0.18666372272487752,true_negative,4130
https://openalex.org/T11272,https://openalex.org/T11341,2015,2016,2020,0.814706547658322,2,2,2,1.0,4,4.0,2.0,0,0,0.18628769781522175,true_negative,4131
https://openalex.org/T10323,https://openalex.org/T11210,2015,2016,2020,0.4170323914242463,1,2,2,0.3333333333333333,4,2.0,2.0,0,0,0.18616725028885261,true_negative,4134
https://openalex.org/T11210,https://openalex.org/T11739,2015,2016,2020,0.4170323914242463,1,2,2,0.3333333333333333,4,2.0,2.0,0,0,0.18616725028885261,true_negative,4136
https://openalex.org/T10323,https://openalex.org/T11205,2015,2016,2020,0.4170323914242463,1,2,2,0.3333333333333333,4,2.0,2.0,0,0,0.18616725028885261,true_negative,4133
https://openalex.org/T11205,https://openalex.org/T11739,2015,2016,2020,0.4170323914242463,1,2,2,0.3333333333333333,4,2.0,2.0,0,0,0.18616725028885261,true_negative,4135
https://openalex.org/T10185,https://openalex.org/T10770,2015,2016,2020,0.4170323914242463,1,2,2,0.3333333333333333,4,2.0,2.0,0,0,0.18616725028885261,true_negative,4132
https://openalex.org/T10338,https://openalex.org/T11272,2015,2016,2020,0.33380820069533407,1,2,2,0.3333333333333333,4,2.0,4.0,0,0,0.18486588396846923,true_negative,4137
https://openalex.org/T10478,https://openalex.org/T11682,2015,2016,2020,0.33380820069533407,1,2,2,0.3333333333333333,4,2.0,4.0,0,0,0.18486588396846923,true_negative,4140
https://openalex.org/T10338,https://openalex.org/T11682,2015,2016,2020,0.33380820069533407,1,2,2,0.3333333333333333,4,2.0,4.0,0,0,0.18486588396846923,true_negative,4138
https://openalex.org/T10478,https://openalex.org/T11272,2015,2016,2020,0.33380820069533407,1,2,2,0.3333333333333333,4,2.0,4.0,0,0,0.18486588396846923,true_negative,4139
https://openalex.org/T11341,https://openalex.org/T11682,2015,2016,2020,0.33380820069533407,1,2,2,0.3333333333333333,4,2.0,4.0,0,0,0.18486588396846923,true_negative,4141
https://openalex.org/T10593,https://openalex.org/T12134,2015,2016,2020,0.40242960438184466,1,2,2,0.3333333333333333,4,2.0,2.0,0,0,0.1844555889381554,true_negative,4145
https://openalex.org/T11187,https://openalex.org/T11476,2015,2016,2020,0.40242960438184466,1,2,2,0.3333333333333333,4,2.0,2.0,0,0,0.1844555889381554,true_negative,4149
https://openalex.org/T10593,https://openalex.org/T11879,2015,2016,2020,0.40242960438184466,1,2,2,0.3333333333333333,4,2.0,2.0,0,0,0.1844555889381554,true_negative,4144
https://openalex.org/T11187,https://openalex.org/T13976,2015,2016,2020,0.40242960438184466,1,2,2,0.3333333333333333,4,2.0,2.0,0,0,0.1844555889381554,true_negative,4150
https://openalex.org/T11337,https://openalex.org/T12489,2015,2016,2020,0.40242960438184466,1,2,2,0.3333333333333333,4,2.0,2.0,0,0,0.1844555889381554,true_negative,4152
https://openalex.org/T10742,https://openalex.org/T11187,2015,2016,2020,0.40242960438184466,1,2,2,0.3333333333333333,4,2.0,2.0,0,0,0.1844555889381554,true_negative,4146
https://openalex.org/T10742,https://openalex.org/T11476,2015,2016,2020,0.40242960438184466,1,2,2,0.3333333333333333,4,2.0,2.0,0,0,0.1844555889381554,true_negative,4147
https://openalex.org/T10742,https://openalex.org/T13976,2015,2016,2020,0.40242960438184466,1,2,2,0.3333333333333333,4,2.0,2.0,0,0,0.1844555889381554,true_negative,4148
https://openalex.org/T11232,https://openalex.org/T12489,2015,2016,2020,0.40242960438184466,1,2,2,0.3333333333333333,4,2.0,2.0,0,0,0.1844555889381554,true_negative,4151
https://openalex.org/T10257,https://openalex.org/T11879,2015,2016,2020,0.40242960438184466,1,2,2,0.3333333333333333,4,2.0,2.0,0,0,0.1844555889381554,true_negative,4142
https://openalex.org/T10257,https://openalex.org/T12134,2015,2016,2020,0.40242960438184466,1,2,2,0.3333333333333333,4,2.0,2.0,0,0,0.1844555889381554,true_negative,4143
https://openalex.org/T11476,https://openalex.org/T13976,2015,2016,2020,0.40242960438184466,1,2,2,0.3333333333333333,4,2.0,2.0,0,0,0.1844555889381554,true_negative,4153
https://openalex.org/T12926,https://openalex.org/T13349,2015,2016,2020,0.3459762562611936,1,1,3,0.3333333333333333,3,1.0,4.0,0,0,0.18360154254390235,true_negative,4155
https://openalex.org/T10164,https://openalex.org/T13349,2015,2016,2020,0.3459762562611936,1,1,3,0.3333333333333333,3,1.0,4.0,0,0,0.18360154254390235,true_negative,4154
https://openalex.org/T10123,https://openalex.org/T10769,2015,2016,2020,0.3898712452512801,1,2,2,0.3333333333333333,4,2.0,2.0,0,0,0.18299332560815854,true_negative,4156
https://openalex.org/T12134,https://openalex.org/T12640,2015,2016,2020,0.6814849176574682,2,2,2,1.0,4,2.0,4.0,0,0,0.18272013017206126,true_negative,4158
https://openalex.org/T11879,https://openalex.org/T12640,2015,2016,2020,0.6814849176574682,2,2,2,1.0,4,2.0,4.0,0,0,0.18272013017206126,true_negative,4157
https://openalex.org/T10084,https://openalex.org/T13555,2015,2016,2020,0.31465798044412485,1,2,2,0.3333333333333333,4,2.0,4.0,0,0,0.18263584565622074,true_negative,4159
https://openalex.org/T12648,https://openalex.org/T13555,2015,2016,2020,0.31465798044412485,1,2,2,0.3333333333333333,4,2.0,4.0,0,0,0.18263584565622074,true_negative,4160
https://openalex.org/T11354,https://openalex.org/T12134,2015,2016,2020,0.2790553132756236,1,3,2,0.25,6,16.0,2.0,0,0,0.18223177549063294,true_negative,4163
https://openalex.org/T11354,https://openalex.org/T11879,2015,2016,2020,0.2790553132756236,1,3,2,0.25,6,16.0,2.0,0,0,0.18223177549063294,true_negative,4162
https://openalex.org/T11354,https://openalex.org/T11470,2015,2016,2020,0.2790553132756236,1,3,2,0.25,6,16.0,2.0,0,0,0.18223177549063294,true_negative,4161
https://openalex.org/T11272,https://openalex.org/T11682,2015,2016,2020,0.33380820069533407,1,2,2,0.3333333333333333,4,4.0,4.0,0,0,0.1813182218455702,true_negative,4164
https://openalex.org/T11071,https://openalex.org/T13555,2015,2016,2020,0.667614104308886,2,2,2,1.0,4,2.0,4.0,0,0,0.1811173854811576,true_negative,4165
https://openalex.org/T12368,https://openalex.org/T13487,2015,2016,2020,0.36926937306885504,1,2,2,0.3333333333333333,4,2.0,2.0,0,0,0.18061400726243731,true_negative,4173
https://openalex.org/T11918,https://openalex.org/T12368,2015,2016,2020,0.36926937306885504,1,2,2,0.3333333333333333,4,2.0,2.0,0,0,0.18061400726243731,true_negative,4171
https://openalex.org/T11798,https://openalex.org/T13487,2015,2016,2020,0.36926937306885504,1,2,2,0.3333333333333333,4,2.0,2.0,0,0,0.18061400726243731,true_negative,4169
https://openalex.org/T11918,https://openalex.org/T12135,2015,2016,2020,0.36926937306885504,1,2,2,0.3333333333333333,4,2.0,2.0,0,0,0.18061400726243731,true_negative,4170
https://openalex.org/T11798,https://openalex.org/T12368,2015,2016,2020,0.36926937306885504,1,2,2,0.3333333333333333,4,2.0,2.0,0,0,0.18061400726243731,true_negative,4168
https://openalex.org/T12135,https://openalex.org/T13487,2015,2016,2020,0.36926937306885504,1,2,2,0.3333333333333333,4,2.0,2.0,0,0,0.18061400726243731,true_negative,4172
https://openalex.org/T11798,https://openalex.org/T11918,2015,2016,2020,0.36926937306885504,1,2,2,0.3333333333333333,4,2.0,2.0,0,0,0.18061400726243731,true_negative,4166
https://openalex.org/T11798,https://openalex.org/T12135,2015,2016,2020,0.36926937306885504,1,2,2,0.3333333333333333,4,2.0,2.0,0,0,0.18061400726243731,true_negative,4167
https://openalex.org/T11944,https://openalex.org/T12648,2015,2016,2020,0.36067376022224085,1,2,2,0.3333333333333333,4,2.0,2.0,0,0,0.17962845123597843,true_negative,4177
https://openalex.org/T12557,https://openalex.org/T13104,2015,2016,2020,0.36067376022224085,1,2,2,0.3333333333333333,4,2.0,2.0,0,0,0.17962845123597843,true_negative,4180
https://openalex.org/T12202,https://openalex.org/T12557,2015,2016,2020,0.36067376022224085,1,2,2,0.3333333333333333,4,2.0,2.0,0,0,0.17962845123597843,true_negative,4178
https://openalex.org/T11590,https://openalex.org/T12648,2015,2016,2020,0.36067376022224085,1,2,2,0.3333333333333333,4,2.0,2.0,0,0,0.17962845123597843,true_negative,4176
https://openalex.org/T12202,https://openalex.org/T13104,2015,2016,2020,0.36067376022224085,1,2,2,0.3333333333333333,4,2.0,2.0,0,0,0.17962845123597843,true_negative,4179
https://openalex.org/T10492,https://openalex.org/T11809,2015,2016,2020,0.36067376022224085,1,2,2,0.3333333333333333,4,2.0,2.0,0,0,0.17962845123597843,true_negative,4175
https://openalex.org/T10432,https://openalex.org/T10492,2015,2016,2020,0.36067376022224085,1,2,2,0.3333333333333333,4,2.0,2.0,0,0,0.17962845123597843,true_negative,4174
https://openalex.org/T11206,https://openalex.org/T12292,2015,2016,2020,0.35295612386476116,1,2,2,0.3333333333333333,4,2.0,2.0,0,0,0.1787471453951775,true_negative,4187
https://openalex.org/T11206,https://openalex.org/T13126,2015,2016,2020,0.35295612386476116,1,2,2,0.3333333333333333,4,2.0,2.0,0,0,0.1787471453951775,true_negative,4188
https://openalex.org/T11629,https://openalex.org/T11772,2015,2016,2020,0.35295612386476116,1,2,2,0.3333333333333333,4,2.0,2.0,0,0,0.1787471453951775,true_negative,4189
https://openalex.org/T12292,https://openalex.org/T13126,2015,2016,2020,0.35295612386476116,1,2,2,0.3333333333333333,4,2.0,2.0,0,0,0.1787471453951775,true_negative,4191
https://openalex.org/T10049,https://openalex.org/T12557,2015,2016,2020,0.35295612386476116,1,2,2,0.3333333333333333,4,2.0,2.0,0,0,0.1787471453951775,true_negative,4182
https://openalex.org/T10853,https://openalex.org/T11519,2015,2016,2020,0.35295612386476116,1,2,2,0.3333333333333333,4,2.0,2.0,0,0,0.1787471453951775,true_negative,4186
https://openalex.org/T10049,https://openalex.org/T11825,2015,2016,2020,0.35295612386476116,1,2,2,0.3333333333333333,4,2.0,2.0,0,0,0.1787471453951775,true_negative,4181
https://openalex.org/T10537,https://openalex.org/T10853,2015,2016,2020,0.35295612386476116,1,2,2,0.3333333333333333,4,2.0,2.0,0,0,0.1787471453951775,true_negative,4184
https://openalex.org/T10496,https://openalex.org/T11071,2015,2016,2020,0.35295612386476116,1,2,2,0.3333333333333333,4,2.0,2.0,0,0,0.1787471453951775,true_negative,4183
https://openalex.org/T10537,https://openalex.org/T11519,2015,2016,2020,0.35295612386476116,1,2,2,0.3333333333333333,4,2.0,2.0,0,0,0.1787471453951775,true_negative,4185
https://openalex.org/T11825,https://openalex.org/T12557,2015,2016,2020,0.35295612386476116,1,2,2,0.3333333333333333,4,2.0,2.0,0,0,0.1787471453951775,true_negative,4190
https://openalex.org/T10715,https://openalex.org/T12640,2015,2016,2020,0.2790553132756236,1,2,2,0.3333333333333333,4,2.0,4.0,0,0,0.17854555421692492,true_negative,4193
https://openalex.org/T11470,https://openalex.org/T12640,2015,2016,2020,0.2790553132756236,1,2,2,0.3333333333333333,4,2.0,4.0,0,0,0.17854555421692492,true_negative,4194
https://openalex.org/T10602,https://openalex.org/T12640,2015,2016,2020,0.2790553132756236,1,2,2,0.3333333333333333,4,2.0,4.0,0,0,0.17854555421692492,true_negative,4192
https://openalex.org/T13051,https://openalex.org/T14023,2015,2016,2020,0.3459762562611936,1,2,2,0.3333333333333333,4,2.0,2.0,0,0,0.1779530045543222,true_negative,4197
https://openalex.org/T13051,https://openalex.org/T13765,2015,2016,2020,0.3459762562611936,1,2,2,0.3333333333333333,4,2.0,2.0,0,0,0.1779530045543222,true_negative,4196
https://openalex.org/T13051,https://openalex.org/T13412,2015,2016,2020,0.3459762562611936,1,2,2,0.3333333333333333,4,2.0,2.0,0,0,0.1779530045543222,true_negative,4195
https://openalex.org/T13765,https://openalex.org/T14023,2015,2016,2020,0.3459762562611936,1,2,2,0.3333333333333333,4,2.0,2.0,0,0,0.1779530045543222,true_negative,4200
https://openalex.org/T13412,https://openalex.org/T14023,2015,2016,2020,0.3459762562611936,1,2,2,0.3333333333333333,4,2.0,2.0,0,0,0.1779530045543222,true_negative,4199
https://openalex.org/T13412,https://openalex.org/T13765,2015,2016,2020,0.3459762562611936,1,2,2,0.3333333333333333,4,2.0,2.0,0,0,0.1779530045543222,true_negative,4198
https://openalex.org/T12950,https://openalex.org/T13051,2015,2016,2020,0.3459762562611936,1,2,2,0.3333333333333333,4,2.0,2.0,0,0,0.17795300455432217,true_negative,4218
https://openalex.org/T12950,https://openalex.org/T13765,2015,2016,2020,0.3459762562611936,1,2,2,0.3333333333333333,4,2.0,2.0,0,0,0.17795300455432217,true_negative,4219
https://openalex.org/T12950,https://openalex.org/T14023,2015,2016,2020,0.3459762562611936,1,2,2,0.3333333333333333,4,2.0,2.0,0,0,0.17795300455432217,true_negative,4220
https://openalex.org/T10186,https://openalex.org/T12790,2015,2016,2020,0.3459762562611936,1,2,2,0.3333333333333333,4,2.0,2.0,0,0,0.17795300455432217,true_negative,4202
https://openalex.org/T12694,https://openalex.org/T12790,2015,2016,2020,0.3459762562611936,1,2,2,0.3333333333333333,4,2.0,2.0,0,0,0.17795300455432217,true_negative,4208
https://openalex.org/T10186,https://openalex.org/T13412,2015,2016,2020,0.3459762562611936,1,2,2,0.3333333333333333,4,2.0,2.0,0,0,0.17795300455432217,true_negative,4205
https://openalex.org/T12694,https://openalex.org/T14023,2015,2016,2020,0.3459762562611936,1,2,2,0.3333333333333333,4,2.0,2.0,0,0,0.17795300455432217,true_negative,4212
https://openalex.org/T10186,https://openalex.org/T12694,2015,2016,2020,0.3459762562611936,1,2,2,0.3333333333333333,4,2.0,2.0,0,0,0.17795300455432217,true_negative,4201
https://openalex.org/T10186,https://openalex.org/T13051,2015,2016,2020,0.3459762562611936,1,2,2,0.3333333333333333,4,2.0,2.0,0,0,0.17795300455432217,true_negative,4204
https://openalex.org/T10186,https://openalex.org/T14023,2015,2016,2020,0.3459762562611936,1,2,2,0.3333333333333333,4,2.0,2.0,0,0,0.17795300455432217,true_negative,4207
https://openalex.org/T10186,https://openalex.org/T13765,2015,2016,2020,0.3459762562611936,1,2,2,0.3333333333333333,4,2.0,2.0,0,0,0.17795300455432217,true_negative,4206
https://openalex.org/T10186,https://openalex.org/T12950,2015,2016,2020,0.3459762562611936,1,2,2,0.3333333333333333,4,2.0,2.0,0,0,0.17795300455432217,true_negative,4203
https://openalex.org/T12694,https://openalex.org/T12950,2015,2016,2020,0.3459762562611936,1,2,2,0.3333333333333333,4,2.0,2.0,0,0,0.17795300455432217,true_negative,4209
https://openalex.org/T12694,https://openalex.org/T13051,2015,2016,2020,0.3459762562611936,1,2,2,0.3333333333333333,4,2.0,2.0,0,0,0.17795300455432217,true_negative,4210
https://openalex.org/T12694,https://openalex.org/T13412,2015,2016,2020,0.3459762562611936,1,2,2,0.3333333333333333,4,2.0,2.0,0,0,0.17795300455432217,true_negative,4211
https://openalex.org/T12790,https://openalex.org/T12950,2015,2016,2020,0.3459762562611936,1,2,2,0.3333333333333333,4,2.0,2.0,0,0,0.17795300455432217,true_negative,4213
https://openalex.org/T12790,https://openalex.org/T14023,2015,2016,2020,0.3459762562611936,1,2,2,0.3333333333333333,4,2.0,2.0,0,0,0.17795300455432217,true_negative,4217
https://openalex.org/T12790,https://openalex.org/T13765,2015,2016,2020,0.3459762562611936,1,2,2,0.3333333333333333,4,2.0,2.0,0,0,0.17795300455432217,true_negative,4216
https://openalex.org/T12790,https://openalex.org/T13051,2015,2016,2020,0.3459762562611936,1,2,2,0.3333333333333333,4,2.0,2.0,0,0,0.17795300455432217,true_negative,4214
https://openalex.org/T12790,https://openalex.org/T13412,2015,2016,2020,0.3459762562611936,1,2,2,0.3333333333333333,4,2.0,2.0,0,0,0.17795300455432217,true_negative,4215
https://openalex.org/T10478,https://openalex.org/T12220,2015,2016,2020,0.33380820069533407,1,2,2,0.3333333333333333,4,2.0,2.0,0,0,0.17657518791830917,true_negative,4227
https://openalex.org/T10338,https://openalex.org/T11341,2015,2016,2020,0.33380820069533407,1,2,2,0.3333333333333333,4,2.0,2.0,0,0,0.17657518791830917,true_negative,4222
https://openalex.org/T11341,https://openalex.org/T11992,2015,2016,2020,0.33380820069533407,1,2,2,0.3333333333333333,4,2.0,2.0,0,0,0.17657518791830917,true_negative,4228
https://openalex.org/T10478,https://openalex.org/T11341,2015,2016,2020,0.33380820069533407,1,2,2,0.3333333333333333,4,2.0,2.0,0,0,0.17657518791830917,true_negative,4225
https://openalex.org/T10338,https://openalex.org/T10478,2015,2016,2020,0.33380820069533407,1,2,2,0.3333333333333333,4,2.0,2.0,0,0,0.17657518791830917,true_negative,4221
https://openalex.org/T11992,https://openalex.org/T12220,2015,2016,2020,0.33380820069533407,1,2,2,0.3333333333333333,4,2.0,2.0,0,0,0.17657518791830917,true_negative,4230
https://openalex.org/T10338,https://openalex.org/T12220,2015,2016,2020,0.33380820069533407,1,2,2,0.3333333333333333,4,2.0,2.0,0,0,0.17657518791830917,true_negative,4224
https://openalex.org/T11341,https://openalex.org/T12220,2015,2016,2020,0.33380820069533407,1,2,2,0.3333333333333333,4,2.0,2.0,0,0,0.17657518791830917,true_negative,4229
https://openalex.org/T10338,https://openalex.org/T11992,2015,2016,2020,0.33380820069533407,1,2,2,0.3333333333333333,4,2.0,2.0,0,0,0.17657518791830917,true_negative,4223
https://openalex.org/T10478,https://openalex.org/T11992,2015,2016,2020,0.33380820069533407,1,2,2,0.3333333333333333,4,2.0,2.0,0,0,0.17657518791830917,true_negative,4226
https://openalex.org/T11879,https://openalex.org/T12134,2015,2016,2020,0.6814849176574682,2,2,2,1.0,4,2.0,2.0,0,0,0.17450506369884644,true_negative,4231
https://openalex.org/T10084,https://openalex.org/T11071,2015,2016,2020,0.31465798044412485,1,2,2,0.3333333333333333,4,2.0,2.0,0,0,0.1744237598637112,true_negative,4232
https://openalex.org/T11071,https://openalex.org/T12648,2015,2016,2020,0.31465798044412485,1,2,2,0.3333333333333333,4,2.0,2.0,0,0,0.1744237598637112,true_negative,4234
https://openalex.org/T10084,https://openalex.org/T12648,2015,2016,2020,0.31465798044412485,1,2,2,0.3333333333333333,4,2.0,2.0,0,0,0.1744237598637112,true_negative,4233
https://openalex.org/T11272,https://openalex.org/T11992,2015,2016,2020,0.33380820069533407,1,2,2,0.3333333333333333,4,4.0,2.0,0,0,0.1731528311905641,true_negative,4235
https://openalex.org/T11272,https://openalex.org/T12220,2015,2016,2020,0.33380820069533407,1,2,2,0.3333333333333333,4,4.0,2.0,0,0,0.1731528311905641,true_negative,4236
https://openalex.org/T11682,https://openalex.org/T11992,2015,2016,2020,0.33380820069533407,1,2,2,0.3333333333333333,4,4.0,2.0,0,0,0.1731528311905641,true_negative,4237
https://openalex.org/T11470,https://openalex.org/T12134,2015,2016,2020,0.2790553132756236,1,2,2,0.3333333333333333,4,2.0,2.0,0,0,0.1704790254897068,true_negative,4246
https://openalex.org/T10602,https://openalex.org/T12134,2015,2016,2020,0.2790553132756236,1,2,2,0.3333333333333333,4,2.0,2.0,0,0,0.1704790254897068,true_negative,4241
https://openalex.org/T10602,https://openalex.org/T10715,2015,2016,2020,0.2790553132756236,1,2,2,0.3333333333333333,4,2.0,2.0,0,0,0.1704790254897068,true_negative,4238
https://openalex.org/T10715,https://openalex.org/T12134,2015,2016,2020,0.2790553132756236,1,2,2,0.3333333333333333,4,2.0,2.0,0,0,0.1704790254897068,true_negative,4244
https://openalex.org/T10715,https://openalex.org/T11879,2015,2016,2020,0.2790553132756236,1,2,2,0.3333333333333333,4,2.0,2.0,0,0,0.1704790254897068,true_negative,4243
https://openalex.org/T10715,https://openalex.org/T11470,2015,2016,2020,0.2790553132756236,1,2,2,0.3333333333333333,4,2.0,2.0,0,0,0.1704790254897068,true_negative,4242
https://openalex.org/T10602,https://openalex.org/T11879,2015,2016,2020,0.2790553132756236,1,2,2,0.3333333333333333,4,2.0,2.0,0,0,0.1704790254897068,true_negative,4240
https://openalex.org/T10602,https://openalex.org/T11470,2015,2016,2020,0.2790553132756236,1,2,2,0.3333333333333333,4,2.0,2.0,0,0,0.1704790254897068,true_negative,4239
https://openalex.org/T11470,https://openalex.org/T11879,2015,2016,2020,0.2790553132756236,1,2,2,0.3333333333333333,4,2.0,2.0,0,0,0.1704790254897068,true_negative,4245
https://openalex.org/T10853,https://openalex.org/T14313,2015,2016,2020,0.5138983423697507,1,2,1,0.5,2,2.0,1.0,0,0,0.1443576289795123,true_negative,4249
https://openalex.org/T10317,https://openalex.org/T11195,2015,2016,2020,0.5138983423697507,1,2,1,0.5,2,2.0,1.0,0,0,0.1443576289795123,true_negative,4247
https://openalex.org/T10853,https://openalex.org/T11060,2015,2016,2020,0.5138983423697507,1,2,1,0.5,2,2.0,1.0,0,0,0.1443576289795123,true_negative,4248
https://openalex.org/T10015,https://openalex.org/T11948,2015,2016,2020,0.6213349345596119,1,36,17,0.019230769230769232,612,158.0,24.0,0,0,0.13706726081851167,true_negative,4250
https://openalex.org/T11677,https://openalex.org/T13199,2015,2016,2020,0.43429448190325176,1,2,1,0.5,2,2.0,1.0,0,0,0.13689006233604764,true_negative,4254
https://openalex.org/T10583,https://openalex.org/T13199,2015,2016,2020,0.43429448190325176,1,2,1,0.5,2,2.0,1.0,0,0,0.13689006233604764,true_negative,4252
https://openalex.org/T10549,https://openalex.org/T13199,2015,2016,2020,0.43429448190325176,1,2,1,0.5,2,2.0,1.0,0,0,0.13689006233604764,true_negative,4251
https://openalex.org/T10929,https://openalex.org/T13199,2015,2016,2020,0.43429448190325176,1,2,1,0.5,2,2.0,1.0,0,0,0.13689006233604764,true_negative,4253
https://openalex.org/T10015,https://openalex.org/T10320,2015,2016,2020,0.31066746727980593,1,36,17,0.019230769230769232,612,158.0,31.0,0,0,0.13180895741723203,true_negative,4255
https://openalex.org/T10164,https://openalex.org/T12790,2015,2016,2020,0.3459762562611936,1,1,2,0.5,2,1.0,2.0,0,0,0.12916890636685774,true_negative,4258
https://openalex.org/T10164,https://openalex.org/T12694,2015,2016,2020,0.3459762562611936,1,1,2,0.5,2,1.0,2.0,0,0,0.12916890636685774,true_negative,4257
https://openalex.org/T10164,https://openalex.org/T13412,2015,2016,2020,0.3459762562611936,1,1,2,0.5,2,1.0,2.0,0,0,0.12916890636685774,true_negative,4261
https://openalex.org/T10164,https://openalex.org/T13765,2015,2016,2020,0.3459762562611936,1,1,2,0.5,2,1.0,2.0,0,0,0.12916890636685774,true_negative,4262
https://openalex.org/T10164,https://openalex.org/T14023,2015,2016,2020,0.3459762562611936,1,1,2,0.5,2,1.0,2.0,0,0,0.12916890636685774,true_negative,4263
https://openalex.org/T10164,https://openalex.org/T10186,2015,2016,2020,0.3459762562611936,1,1,2,0.5,2,1.0,2.0,0,0,0.12916890636685774,true_negative,4256
https://openalex.org/T12926,https://openalex.org/T14023,2015,2016,2020,0.3459762562611936,1,1,2,0.5,2,1.0,2.0,0,0,0.12916890636685774,true_negative,4268
https://openalex.org/T12926,https://openalex.org/T13765,2015,2016,2020,0.3459762562611936,1,1,2,0.5,2,1.0,2.0,0,0,0.12916890636685774,true_negative,4267
https://openalex.org/T12926,https://openalex.org/T13412,2015,2016,2020,0.3459762562611936,1,1,2,0.5,2,1.0,2.0,0,0,0.12916890636685774,true_negative,4266
https://openalex.org/T12926,https://openalex.org/T13051,2015,2016,2020,0.3459762562611936,1,1,2,0.5,2,1.0,2.0,0,0,0.12916890636685774,true_negative,4265
https://openalex.org/T12926,https://openalex.org/T12950,2015,2016,2020,0.3459762562611936,1,1,2,0.5,2,1.0,2.0,0,0,0.12916890636685774,true_negative,4264
https://openalex.org/T10164,https://openalex.org/T12950,2015,2016,2020,0.3459762562611936,1,1,2,0.5,2,1.0,2.0,0,0,0.12916890636685774,true_negative,4259
https://openalex.org/T10164,https://openalex.org/T13051,2015,2016,2020,0.3459762562611936,1,1,2,0.5,2,1.0,2.0,0,0,0.12916890636685774,true_negative,4260
https://openalex.org/T10186,https://openalex.org/T12926,2015,2016,2020,0.3459762562611936,1,2,1,0.5,2,2.0,1.0,0,0,0.12898815010760306,true_negative,4269
https://openalex.org/T12790,https://openalex.org/T12926,2015,2016,2020,0.3459762562611936,1,2,1,0.5,2,2.0,1.0,0,0,0.12898815010760306,true_negative,4271
https://openalex.org/T12694,https://openalex.org/T12926,2015,2016,2020,0.3459762562611936,1,2,1,0.5,2,2.0,1.0,0,0,0.12898815010760306,true_negative,4270
https://openalex.org/T11060,https://openalex.org/T14313,2015,2016,2020,0.5138983423697507,1,1,1,1.0,1,1.0,1.0,0,0,0.06077496605037323,true_negative,4272
https://openalex.org/T10164,https://openalex.org/T12926,2015,2016,2020,0.3459762562611936,1,1,1,1.0,1,1.0,1.0,0,0,0.05374540731990548,true_negative,4273
